,rf,mkt,smb,hml,mom,wti,gs10,bond10,bond10avg,gold,ind_Agric,ind_Food,ind_Soda,ind_Beer,ind_Smoke,ind_Toys,ind_Fun,ind_Books,ind_Hshld,ind_Clths,ind_Hlth,ind_MedEq,ind_Drugs,ind_Chems,ind_Rubbr,ind_Txtls,ind_BldMt,ind_Cnstr,ind_Steel,ind_FabPr,ind_Mach,ind_ElcEq,ind_Autos,ind_Aero,ind_Ships,ind_Guns,ind_Gold,ind_Mines,ind_Coal,ind_Oil,ind_Util,ind_Telcm,ind_PerSv,ind_BusSv,ind_Comps,ind_Chips,ind_LabEq,ind_Paper,ind_Boxes,ind_Trans,ind_Whlsl,ind_Rtail,ind_Meals,ind_Banks,ind_Insur,ind_RlEst,ind_Fin,ind_Other
1926-01,,,,,,,,,,,,,,,,,,,,,,,,,,,,,,,,,,,,,,,,,,,,,,,,,,,,,,,,,,
1926-02,,,,,,,,,,,,,,,,,,,,,,,,,,,,,,,,,,,,,,,,,,,,,,,,,,,,,,,,,,
1926-03,,,,,,,,,,,,,,,,,,,,,,,,,,,,,,,,,,,,,,,,,,,,,,,,,,,,,,,,,,
1926-04,,,,,,,,,,,,,,,,,,,,,,,,,,,,,,,,,,,,,,,,,,,,,,,,,,,,,,,,,,
1926-05,,,,,,,,,,,,,,,,,,,,,,,,,,,,,,,,,,,,,,,,,,,,,,,,,,,,,,,,,,
1926-06,,,,,,,,,,,,,,,,,,,,,,,,,,,,,,,,,,,,,,,,,,,,,,,,,,,,,,,,,,
1926-07,0.0022,0.031100000000000003,-0.0242,-0.0275,,,,,,,0.0236,0.0009,,-0.0519,0.0129,0.08650000000000001,0.024900000000000002,0.5021,-0.0049,0.0808,,0.0533,0.009000000000000001,0.0816,,0.005,0.0248,-0.0821,0.0406,,0.054400000000000004,0.0318,0.1642,-0.006500000000000001,0.0113,,,0.0564,0.0148,-0.013500000000000002,0.0704,0.0083,,0.0591,0.0363,0.013300000000000001,0.013500000000000002,,0.077,0.019299999999999998,-0.2379,0.0008,0.018799999999999997,0.0461,-0.0054,0.028999999999999998,-0.057699999999999994,0.052000000000000005
1926-08,0.0025,0.0289,-0.0144,0.041299999999999996,,,,,,,0.0223,0.0271,,0.2703,0.0652,0.1681,-0.0076,0.42979999999999996,-0.0358,-0.025,,0.0384,0.042699999999999995,0.0547,,0.0783,0.0461,0.0737,0.0218,,0.0207,0.021,0.0425,-0.0659,0.0172,,,0.0055000000000000005,0.009399999999999999,0.0364,-0.017,0.0217,,0.0151,0.0369,-0.047,0.0689,,-0.023700000000000002,0.048499999999999995,0.053899999999999997,-0.0076,-0.0013,0.10710000000000001,0.025699999999999997,0.053099999999999994,0.0032,0.0676
1926-09,0.0023,0.0060999999999999995,-0.013600000000000001,0.0005,,,,,,,-0.005699999999999999,0.0159,,0.04019999999999999,0.0126,0.0833,0.06480000000000001,-0.049100000000000005,0.0072,-0.005,,0.0404,-0.0026,0.0542,,0.023,-0.0012,-0.12050000000000001,0.0016,,0.0036,-0.005699999999999999,0.050199999999999995,-0.0709,0.0288,,,0.0176,0.003,-0.0359,0.020499999999999997,0.0242,,0.0083,0.042,-0.0605,-0.0063,,-0.0554,0.001,-0.0787,0.0025,-0.005600000000000001,-0.018000000000000002,0.0072,-0.030600000000000002,-0.0483,-0.0358
1926-10,0.0032,-0.0295,-0.0018,0.0078000000000000005,,,,,,,-0.0046,-0.036699999999999997,,-0.0331,0.010700000000000001,-0.013999999999999999,-0.0509,0.0537,-0.0466,0.0012,,0.0347,-0.0177,-0.0475,,0.009899999999999999,-0.044199999999999996,-0.0859,-0.0385,,0.0095,-0.057300000000000004,-0.08109999999999999,-0.1336,-0.0545,,,-0.032,0.022400000000000003,-0.0104,-0.0327,-0.0011,,0.0183,-0.024700000000000003,-0.0392,0.0021,,-0.0508,-0.0263,-0.15380000000000002,-0.0219,-0.041100000000000005,-0.1193,-0.042800000000000005,-0.0575,-0.0095,-0.08470000000000001
1926-11,0.0031,0.028499999999999998,-0.0017000000000000001,-0.0048,,,,,,,0.0675,0.0626,,0.0729,0.045599999999999995,0.0,0.0183,-0.0662,-0.0053,0.0187,,0.0441,0.0576,0.0518,,0.0319,0.022000000000000002,0.0225,0.0421,,0.0335,0.0508,-0.006500000000000001,0.06559999999999999,0.0789,,,0.08460000000000001,-0.0048,0.0005,0.044000000000000004,0.0163,,0.0078000000000000005,0.032799999999999996,0.0131,0.0425,,0.0385,0.0161,0.0467,0.0654,0.0433,-0.0202,0.0358,0.022099999999999998,0.0513,0.0416
1926-12,0.0028000000000000004,0.029,-0.0006,0.001,,,,,,,-0.032799999999999996,0.0018,,-0.0409,0.0255,0.0248,0.0216,-0.0329,0.0256,0.004699999999999999,,-0.0333,0.0115,0.0554,,0.0588,0.0363,0.0076,0.0339,,0.050199999999999995,-0.024900000000000002,0.105,0.0917,0.023799999999999998,,,0.018500000000000003,0.0143,0.0294,-0.0018,0.0199,,0.0516,0.0437,-0.005,0.1014,,-0.0463,0.036699999999999997,0.0965,0.005699999999999999,0.0151,-0.0245,0.0326,0.0795,-0.0159,-0.024399999999999998
1927-01,0.0025,0.002,-0.004699999999999999,0.047599999999999996,0.005699999999999999,,,,,,-0.0366,-0.0016,,0.0059,-0.0033,0.0173,0.018799999999999997,0.0121,0.0407,-0.0092,,0.0545,0.0496,0.0023,,-0.0146,-0.0183,-0.0355,-0.0038,,0.011899999999999999,-0.0102,-0.008199999999999999,-0.0229,-0.0059,,,0.0417,-0.030699999999999998,0.0167,-0.0179,0.018799999999999997,,0.058600000000000006,0.0073,0.0148,-0.0301,,-0.024900000000000002,0.0141,-0.1793,-0.0269,0.0166,-0.0537,-0.008199999999999999,-0.015600000000000001,-0.030699999999999998,-0.041299999999999996
1927-02,0.0026,0.0443,-0.0023,0.0304,-0.0151,,,,,,0.0765,0.0366,,0.1283,0.0149,-0.0622,0.024300000000000002,0.10310000000000001,0.045599999999999995,0.0278,,0.0519,0.0069,0.0969,,0.0764,0.0407,0.0801,0.036699999999999997,,0.0787,0.043,0.0962,-0.0392,0.0472,,,0.052000000000000005,0.0564,0.011200000000000002,0.0454,0.0397,,0.058600000000000006,0.0682,0.0582,0.0368,,0.0545,0.0519,0.0349,0.0349,0.0673,0.083,0.0066,0.043,0.019799999999999998,0.0027
1927-03,0.003,0.0044,-0.020099999999999996,-0.0232,0.0352,,,,,,-0.006,0.0276,,-0.1356,0.0559,-0.0889,0.0189,-0.0783,-0.0008,0.0091,,0.0124,0.009300000000000001,0.0616,,-0.053899999999999997,0.034300000000000004,0.0521,0.0148,,-0.0223,0.0040999999999999995,0.015600000000000001,0.0,-0.0179,,,0.045599999999999995,0.0538,-0.0703,0.0037,0.0562,,-0.04,0.0601,-0.12300000000000001,0.0626,,-0.0966,0.0095,-0.2047,-0.003,-0.0345,-0.0809,0.07339999999999999,-0.043,-0.0141,0.022799999999999997
1927-04,0.0025,0.0072,0.0054,0.0062,0.0435,,,,,,0.053899999999999997,0.021099999999999997,,0.0286,0.0444,-0.0040999999999999995,-0.0405,0.0377,0.0143,0.059500000000000004,,-0.0037,0.0368,0.0294,,0.004699999999999999,-0.0073,-0.0867,-0.0034000000000000002,,0.0182,0.0629,0.028999999999999998,-0.1148,-0.0060999999999999995,,,0.0292,0.011000000000000001,-0.0579,0.0171,-0.0207,,0.0076,0.0473,0.0882,0.0143,,0.049,0.0078000000000000005,-0.1075,0.0438,0.0706,-0.0599,0.030899999999999997,0.0069,0.0818,0.0471
1927-05,0.003,0.0575,0.0149,0.0504,0.0278,,,,,,0.0412,0.0662,,0.1162,0.1213,-0.050300000000000004,0.0060999999999999995,-0.0148,0.105,0.0338,,0.0591,0.036000000000000004,0.0385,,0.1411,0.07919999999999999,-0.10439999999999999,0.0322,,0.0875,0.0823,0.0556,0.3215,0.10779999999999999,,,0.0025,0.0311,0.0496,0.09230000000000001,0.0335,,0.1671,0.0558,-0.002,0.056299999999999996,,0.053899999999999997,0.0703,-0.0401,0.0225,0.046900000000000004,0.08689999999999999,0.1258,0.0434,0.1056,0.0163
1927-06,0.0026,-0.021199999999999997,0.0042,-0.015300000000000001,0.0054,,,,,,-0.0342,-0.0195,,0.1005,-0.0269,-0.0352,-0.08130000000000001,-0.06,-0.030299999999999997,0.011899999999999999,,0.036699999999999997,-0.004,-0.0174,,0.0147,-0.0441,-0.1386,-0.0352,,-0.0229,0.035,-0.0339,0.1449,-0.0417,,,-0.0196,-0.0335,-0.0313,-0.0358,-0.0216,,0.015600000000000001,-0.0196,0.020099999999999996,0.0541,,0.0542,-0.0206,-0.0418,-0.006999999999999999,0.0132,-0.1057,0.0085,0.0359,0.0004,-0.0382
1927-07,0.003,0.0756,-0.0327,-0.0113,0.0417,,,,,,0.0605,0.0483,,0.0452,0.043899999999999995,0.0264,0.009300000000000001,-0.0053,0.054900000000000004,0.0621,,0.1144,0.0934,0.1772,,0.0482,0.0691,-0.008,0.1035,,0.09609999999999999,0.1469,0.1373,-0.0278,0.12210000000000001,,,0.0874,0.0219,0.0292,0.055,0.0373,0.0177,0.023700000000000002,0.048,0.14150000000000001,0.0689,,0.1202,0.0603,0.11109999999999999,0.1013,0.046799999999999994,0.0334,0.13369999999999999,0.0391,0.0075,0.0681
1927-08,0.0028000000000000004,0.0227,-0.0077,-0.0385,0.013600000000000001,,,,,,0.0199,0.024,,-0.0398,0.0383,0.0757,0.0603,0.0066,0.005,0.011899999999999999,,-0.022799999999999997,0.0109,0.021,,0.0049,-0.0111,-0.021099999999999997,0.0436,,0.0089,0.0706,0.0737,0.30329999999999996,0.0362,,,0.011699999999999999,0.024300000000000002,-0.0026,0.0326,0.0043,0.0286,0.0799,0.073,-0.11410000000000001,0.0075,,0.037599999999999995,-0.0166,-0.0258,0.07690000000000001,0.0055000000000000005,0.0504,0.0011,0.0216,0.030699999999999998,0.0592
1927-09,0.0021,0.04979999999999999,-0.036000000000000004,-0.005699999999999999,0.0194,,,,,,0.0738,0.057800000000000004,,0.0701,0.0464,0.0033,0.0478,0.0113,0.0253,0.0467,,0.0874,0.047,0.059699999999999996,,0.0215,0.0495,-0.009899999999999999,0.0296,,0.053,0.0012,0.06269999999999999,0.1765,0.0349,,,0.0675,0.0147,0.0348,0.08289999999999999,0.0655,-0.0139,0.0719,0.049400000000000006,0.09699999999999999,0.0301,,0.0337,0.043,0.055999999999999994,0.076,0.0596,0.045899999999999996,0.0817,-0.0051,0.0646,0.0043
1927-10,0.0025,-0.0404,0.0203,-0.0447,-0.009000000000000001,,,,,,-0.057999999999999996,-0.0175,,-0.008100000000000001,-0.0012,-0.0127,0.004699999999999999,-0.0334,-0.0183,0.1093,,0.0204,0.0613,-0.0747,,-0.026699999999999998,-0.0483,-0.0012,-0.0784,,-0.0521,-0.0824,-0.0455,-0.1833,-0.0649,,,-0.0317,-0.0556,-0.0174,-0.0435,-0.0209,0.0282,0.045700000000000005,0.0042,-0.0335,-0.076,,0.0014000000000000002,-0.0463,-0.21780000000000002,-0.0504,-0.0175,0.026099999999999998,0.1075,-0.0425,-0.0053,-0.047599999999999996
1927-11,0.0021,0.0673,0.0278,-0.0008,-0.0023,,,,,,0.06509999999999999,0.0731,,0.10289999999999999,0.06480000000000001,-0.0331,0.0452,0.0827,0.0271,-0.0045000000000000005,,0.011899999999999999,0.0444,0.0904,,0.057699999999999994,0.0601,-0.013000000000000001,0.1246,,0.11539999999999999,0.113,0.0675,0.1941,0.0795,,,0.0824,0.077,0.038900000000000004,0.0633,0.028300000000000002,-0.0455,0.0974,0.06280000000000001,0.2552,0.0886,,0.1693,0.039,-0.013000000000000001,0.12140000000000001,0.03,0.11699999999999999,0.0709,0.0977,0.0746,0.12539999999999998
1927-12,0.0022,0.0231,0.0098,-0.011200000000000002,0.0311,,,,,,-0.008199999999999999,0.0444,,0.1272,0.0106,-0.0783,0.0418,0.0395,0.1035,0.0024,,-0.0022,-0.0055000000000000005,-0.0023,,0.0268,-0.0044,0.0765,0.0587,,0.029300000000000003,0.012,0.07690000000000001,0.4056,0.0207,,,0.1329,-0.0333,0.0006,0.022400000000000003,0.013300000000000001,-0.051100000000000007,-0.0339,0.1128,-0.046900000000000004,-0.0342,,0.0104,0.0008,0.11449999999999999,-0.0066,-0.0158,0.1041,0.2046,0.0097,0.0277,0.010700000000000001
1928-01,0.0025,-0.0031999999999999993,0.042,-0.0070999999999999995,-0.0045000000000000005,,,,,,-0.0189,0.0339,,0.0064,-0.0268,-0.015600000000000001,-0.0024,0.0291,0.036699999999999997,0.0664,,0.0334,0.025,-0.0108,,-0.0106,0.0138,0.08289999999999999,-0.0242,,-0.0124,-0.0101,-0.0315,0.015300000000000001,0.0426,,,-0.014499999999999999,-0.0381,-0.0171,0.0588,0.0029,0.0,0.0432,0.036000000000000004,-0.0064,-0.0011,,0.0151,-0.0123,-0.0095,-0.0085,-0.0158,-0.0229,-0.0078000000000000005,0.0172,0.0605,-0.0338
1928-02,0.0033,-0.013599999999999998,-0.0206,-0.0064,-0.010700000000000001,,,,,,0.0043,-0.0358,,-0.052199999999999996,-0.054400000000000004,-0.0691,-0.0026,-0.0046,-0.0003,-0.0245,,-0.018500000000000003,-0.0393,0.0073,,-0.0499,0.0147,0.030299999999999997,-0.0274,,-0.0274,-0.0146,0.0095,-0.09820000000000001,-0.0447,,,-0.0758,-0.013300000000000001,-0.0008,-0.0077,-0.003,-0.054900000000000004,-0.0305,0.0319,-0.0031,0.016,,0.0086,-0.013300000000000001,-0.08289999999999999,-0.0104,-0.026000000000000002,-0.028999999999999998,-0.0165,0.02,-0.0663,-0.0269
1928-03,0.0029,0.09079999999999999,-0.0038,-0.0111,0.0475,,,,,,0.0173,0.057800000000000004,,0.1447,0.0235,0.35159999999999997,0.0623,0.1,0.1003,0.0401,,0.1014,0.0987,0.1323,,0.0776,0.0683,0.0375,0.06280000000000001,,0.0638,0.2621,0.2787,0.2483,0.060899999999999996,,,0.07440000000000001,0.052199999999999996,0.0565,0.0665,0.0197,0.055999999999999994,-0.0034999999999999996,0.009300000000000001,0.1283,0.0326,,0.1108,0.0565,0.0812,0.0866,0.0349,0.22760000000000002,0.07690000000000001,0.0245,0.12140000000000001,0.0885
1928-04,0.0022,0.044700000000000004,0.0414,0.0325,-0.058499999999999996,,,,,,-0.0028000000000000004,0.032400000000000005,,0.0487,-0.058899999999999994,-0.0206,0.0636,0.0279,0.0359,0.0992,,0.0567,0.008,-0.0026,,-0.048499999999999995,0.0291,0.0268,0.0143,,0.0348,0.024399999999999998,0.0109,0.6183,0.0060999999999999995,,,-0.0058,0.0194,0.16399999999999998,0.1096,0.0313,0.0727,0.1375,0.0204,-0.0053,0.0169,,-0.0025,0.0446,-0.058499999999999996,0.0,0.004699999999999999,0.1092,0.048499999999999995,0.2438,0.1005,0.10949999999999999
1928-05,0.0032,0.0184,0.027000000000000003,-0.03,0.0264,,,,,,-0.0078000000000000005,0.0202,,0.0548,-0.0007000000000000001,0.10220000000000001,0.0088,0.1119,-0.0252,-0.009300000000000001,,0.05,0.114,0.0298,,-0.052300000000000006,-0.019299999999999998,0.19820000000000002,0.0552,,0.0478,0.0176,0.0591,0.19879999999999998,-0.0262,,,0.0116,0.0049,-0.0579,0.015,0.06570000000000001,-0.022799999999999997,0.0964,0.0048,0.0432,0.061500000000000006,,0.0613,-0.0042,0.0795,0.0345,0.1413,-0.0127,0.0075,0.033,0.032,-0.0078000000000000005
1928-06,0.0031,-0.0459,-0.037599999999999995,0.0028000000000000004,0.0169,,,,,,-0.021400000000000002,-0.042699999999999995,,-0.0421,-0.042199999999999994,-0.1105,-0.042699999999999995,-0.0955,-0.0667,-0.0718,,-0.0181,-0.0373,-0.029900000000000003,,-0.1059,-0.037599999999999995,-0.048799999999999996,-0.0584,,-0.0317,-0.0567,-0.041299999999999996,-0.11689999999999999,-0.056100000000000004,,,-0.0356,-0.0608,-0.0392,-0.0344,-0.0521,-0.0802,-0.0837,-0.025699999999999997,-0.0501,-0.030299999999999997,,-0.0574,-0.0398,-0.0741,-0.034,-0.0279,-0.0191,-0.10779999999999999,-0.066,-0.14800000000000002,-0.1195
1928-07,0.0032,0.0095,-0.013600000000000001,-0.0054,0.0254,,,,,,-0.0029,0.0128,,0.0072,0.0335,0.1016,0.0073,0.0346,0.0062,0.0053,,-0.0128,0.0363,0.0183,,-0.0371,0.021099999999999997,-0.0271,0.0274,,0.0040999999999999995,-0.0101,0.0132,0.0554,-0.0232,,,-0.0126,-0.0103,0.0118,-0.0123,-0.0128,-0.0415,-0.0277,0.0555,0.061200000000000004,0.0504,,0.0434,-0.0032,0.004,0.057300000000000004,-0.006,0.0013,-0.004699999999999999,-0.0052,0.0219,-0.008
1928-08,0.0032,0.0701,-0.0204,-0.0213,0.0368,,,,,,0.0168,0.08800000000000001,,0.124,0.0381,0.0189,0.1027,-0.001,0.0962,0.0019,,0.0842,0.1673,0.0889,,0.0137,0.045700000000000005,-0.0032,0.0964,,0.076,0.12300000000000001,0.0915,0.1422,0.049699999999999994,,,0.0819,0.0184,0.0245,0.06480000000000001,0.0455,-0.0973,0.1315,0.0581,0.0169,0.0108,,0.1273,0.04019999999999999,0.0406,0.13720000000000002,0.12380000000000001,0.049400000000000006,0.058600000000000006,0.0483,0.0471,0.1284
1928-09,0.0027,0.0314,0.024,0.0084,0.0349,,,,,,-0.009000000000000001,0.021400000000000002,,0.0026,-0.0039000000000000003,0.2069,0.1011,0.012,0.1048,-0.011399999999999999,,0.0708,-0.0358,0.038,,0.0417,0.055099999999999996,-0.0022,0.0559,,0.0382,0.0028000000000000004,0.0823,0.0599,-0.0125,,,0.030600000000000002,-0.010700000000000001,0.0575,0.0379,0.0014000000000000002,0.0294,-0.016200000000000003,0.0805,0.0358,-0.0358,,-0.016200000000000003,0.003,0.0105,0.0016,-0.0002,0.075,-0.022400000000000003,-0.013000000000000001,0.0219,-0.0406
1928-10,0.0040999999999999995,0.0172,0.022400000000000003,-0.021400000000000002,0.051699999999999996,,,,,,0.0473,-0.012,,0.0405,0.0345,-0.1054,-0.0024,0.0526,0.0815,-0.0356,,-0.006500000000000001,0.0028000000000000004,0.052300000000000006,,0.06,0.0605,0.0192,0.06509999999999999,,0.0213,0.021099999999999997,-0.0004,-0.059500000000000004,-0.0066,,,0.034,-0.017,0.0226,-0.0191,0.0297,-0.0667,0.0709,0.0123,0.0146,0.0098,,-0.0547,-0.013500000000000002,0.1856,0.061,-0.022000000000000002,0.0096,0.0364,-0.018600000000000002,0.0089,-0.0521
1928-11,0.0038,0.122,-0.0182,0.0265,0.0187,,,,,,0.016399999999999998,0.0728,,0.057,0.0681,0.0783,0.10640000000000001,0.039900000000000005,0.16579999999999998,0.0254,,0.025699999999999997,0.058600000000000006,0.12390000000000001,,0.0915,0.09630000000000001,0.0070999999999999995,0.1491,,0.158,0.235,0.0472,0.43439999999999995,0.057699999999999994,,,0.15109999999999998,0.0632,0.179,0.22010000000000002,0.0668,-0.0368,0.0902,0.1131,0.1362,0.0444,,0.051100000000000007,0.0929,0.1195,0.15539999999999998,0.0955,0.11109999999999999,0.077,0.0805,0.1319,0.037599999999999995
1928-12,0.0006,0.0046,-0.009300000000000001,-0.0052,0.0144,,,,,,-0.0129,0.0092,,-0.0384,-0.0141,-0.071,-0.0004,0.0161,-0.0358,-0.0033,,-0.0167,-0.0008,0.023399999999999997,,-0.0588,0.011000000000000001,0.0196,0.0392,,0.0334,0.07139999999999999,-0.0002,0.0053,0.0151,,,0.0199,-0.0059,-0.045599999999999995,0.0154,-0.0036,-0.0978,-0.0414,0.17620000000000002,0.0335,-0.0161,,0.0179,0.0024,-0.0385,-0.0123,-0.0308,0.011000000000000001,-0.0040999999999999995,-0.017,0.0229,-0.126
1929-01,0.0034000000000000002,0.05,-0.0335,-0.012199999999999999,0.024300000000000002,,,,,,0.11789999999999999,0.0232,,0.0958,0.0331,0.0452,0.1075,0.0415,0.0663,-0.018799999999999997,,0.046,0.0305,0.2289,,-0.0128,0.0815,0.0087,0.078,,0.12179999999999999,0.12789999999999999,0.0097,0.0172,0.0073,,,0.0848,0.0174,-0.0809,0.133,0.1338,-0.1265,0.009399999999999999,0.030899999999999997,0.12539999999999998,0.0055000000000000005,,0.0558,0.047,-0.0495,-0.0397,-0.0012,0.16920000000000002,0.0239,0.156,0.03,0.0121
1929-02,0.0036,0.00019999999999999966,-0.0033,0.0166,0.030699999999999998,,,,,,0.0642,-0.0292,,-0.0406,-0.0434,-0.0608,0.0173,-0.0559,-0.0692,-0.0407,,0.023799999999999998,-0.0070999999999999995,-0.0019,,0.0236,-0.0375,0.091,0.0883,,0.0121,-0.0184,0.0045000000000000005,0.020099999999999996,0.0073,,,0.08439999999999999,0.0074,-0.0022,-0.0199,-0.0115,0.0759,0.0408,0.016399999999999998,-0.0016,0.015600000000000001,,0.0626,-0.014199999999999999,-0.0319,-0.025,0.0016,0.042199999999999994,-0.0525,0.0567,0.0233,-0.0625
1929-03,0.0034000000000000002,-0.0051,-0.049100000000000005,0.015700000000000002,-0.0062,,,,,,-0.11019999999999999,-0.0366,,-0.028999999999999998,-0.0425,-0.07719999999999999,-0.1,-0.0593,-0.07690000000000001,-0.0565,,0.0137,-0.024700000000000003,-0.0338,,-0.073,-0.0633,-0.0024,-0.0009,,-0.04190000000000001,0.0567,-0.0134,-0.0698,0.0209,,,0.04019999999999999,-0.0653,0.1219,-0.0318,0.0432,-0.1282,-0.0464,0.067,-0.009300000000000001,-0.0318,,0.0152,-0.0286,-0.09570000000000001,-0.051399999999999994,-0.0355,0.0139,-0.045899999999999996,-0.0364,0.0019,-0.0741
1929-04,0.0036,0.0183,-0.011200000000000002,0.009300000000000001,0.0207,,,,,,-0.0644,0.051699999999999996,,0.1374,-0.023700000000000002,-0.0287,0.009300000000000001,-0.0064,0.005600000000000001,0.0414,,0.016399999999999998,0.0143,0.0377,,0.0275,0.0325,0.17629999999999998,0.0115,,0.042300000000000004,0.0106,-0.0123,0.0695,-0.0149,,,-0.057800000000000004,-0.022000000000000002,0.0089,0.050199999999999995,0.0339,-0.0294,0.0294,0.07,0.054400000000000004,0.0042,,0.0791,0.0134,0.0354,0.0356,0.10369999999999999,0.0723,0.013999999999999999,0.0334,-0.0012,-0.1073
1929-05,0.0044,-0.059399999999999994,-0.054400000000000004,-0.0152,-0.0219,,,,,,-0.0668,-0.048799999999999996,,-0.11,-0.0024,-0.1679,-0.08410000000000001,0.0681,-0.1038,-0.0661,,-0.1014,-0.0711,-0.0702,,-0.1388,-0.0694,-0.0638,-0.1242,,-0.0969,0.0083,-0.15259999999999999,-0.13019999999999998,-0.0674,,,-0.1099,-0.0499,-0.0562,0.046799999999999994,-0.0877,-0.1288,-0.050199999999999995,0.0018,-0.0147,-0.0348,,-0.08199999999999999,0.025099999999999997,-0.0654,-0.08869999999999999,-0.0292,-0.10310000000000001,-0.0229,-0.0842,-0.025099999999999997,-0.1322
1929-06,0.0052,0.10219999999999999,-0.021400000000000002,-0.0274,0.08310000000000001,,,,,,-0.0206,0.09390000000000001,,0.1252,-0.0014000000000000002,0.0583,0.0706,0.0711,0.14730000000000001,0.056100000000000004,,0.09970000000000001,0.0271,0.1997,,0.024900000000000002,0.0501,0.0347,0.10710000000000001,,0.15259999999999999,0.19269999999999998,0.06860000000000001,0.14300000000000002,0.1016,,,0.0241,0.0219,0.0108,0.2348,0.138,0.21739999999999998,0.1487,0.1321,0.078,0.0583,,0.1259,0.0602,-0.0297,0.0925,0.19140000000000001,0.0661,0.0067,0.0645,0.1251,0.0508
1929-07,0.0033,0.048100000000000004,-0.0387,0.026699999999999998,0.0296,,,,,,0.0302,0.0506,,0.0159,0.020499999999999997,-0.0683,-0.0179,-0.0069,0.0652,-0.039900000000000005,,0.0109,0.0335,0.051100000000000007,,-0.0366,0.057800000000000004,-0.025699999999999997,0.0347,,0.0554,0.10099999999999999,-0.0394,0.0629,0.0388,,,-0.023700000000000002,0.19940000000000002,-0.0086,0.0917,0.1368,0.2857,0.0168,0.0634,-0.024300000000000002,0.0682,-0.0851,0.0703,0.083,-0.030299999999999997,0.0106,0.0183,0.0053,0.1065,-0.0166,0.13949999999999999,0.0449
1929-08,0.004,0.0854,-0.0975,0.0032,0.044000000000000004,,,,,,0.013000000000000001,0.0447,,0.09789999999999999,0.0819,-0.0232,0.0691,0.0014000000000000002,0.0353,0.0096,,-0.018500000000000003,0.0556,0.1182,,0.0024,0.0292,0.0049,0.1182,,0.1032,0.1338,0.0207,-0.0111,0.043899999999999995,,,0.0892,0.0526,0.1175,0.0901,0.10980000000000001,-0.1056,0.0032,0.0698,-0.0368,0.1512,0.107,0.0946,0.0834,-0.0579,0.0819,0.0472,0.0509,0.1168,0.0582,0.0348,-0.029900000000000003
1929-09,0.0034999999999999996,-0.051000000000000004,0.0134,-0.0079,0.0296,,,,,,0.0124,-0.0262,,-0.0226,-0.0751,0.014199999999999999,-0.018500000000000003,-0.0103,0.0678,-0.0416,,-0.0637,-0.0735,-0.068,,-0.032799999999999996,-0.0304,-0.014499999999999999,-0.0897,,-0.057699999999999994,-0.1148,-0.0901,-0.2324,-0.0001,,,-0.0482,-0.0206,-0.031,0.0092,-0.0138,-0.0248,0.209,0.168,-0.0867,0.030299999999999997,-0.0756,-0.0455,-0.07719999999999999,-0.0066,-0.056299999999999996,-0.032400000000000005,-0.0199,-0.09519999999999999,-0.0553,-0.0487,-0.0018
1929-10,0.0046,-0.1961,-0.0495,0.0754,0.024399999999999998,,,,,,-0.0067,-0.1593,,-0.2642,0.0231,-0.1765,-0.19829999999999998,-0.09359999999999999,-0.3406,-0.1158,,-0.1564,-0.1913,-0.2469,,-0.2254,-0.1725,-0.0837,-0.1557,,-0.2256,-0.30219999999999997,-0.2816,-0.40340000000000004,-0.12619999999999998,,,-0.1304,-0.0805,-0.10289999999999999,-0.29719999999999996,-0.1539,-0.2866,-0.16620000000000001,-0.2735,-0.15439999999999998,-0.056600000000000004,-0.1818,-0.1512,-0.081,-0.2329,-0.2416,-0.196,-0.3329,-0.22039999999999998,-0.09759999999999999,-0.3592,-0.32630000000000003
1929-11,0.0037,-0.12499999999999999,-0.0088,0.050499999999999996,-0.0204,,,,,,-0.0736,-0.1002,,-0.1185,-0.0616,-0.231,-0.14980000000000002,0.0011,-0.1284,-0.0747,,-0.0815,-0.0771,-0.1604,,-0.145,-0.1093,-0.020099999999999996,-0.1382,,-0.1386,-0.18350000000000002,-0.17679999999999998,-0.3002,-0.0329,,,-0.15,-0.0315,-0.0658,-0.1537,-0.0947,-0.39289999999999997,-0.1209,-0.2816,-0.1506,-0.15109999999999998,-0.15560000000000002,-0.1384,-0.07769999999999999,-0.0667,-0.1247,-0.10279999999999999,-0.2257,-0.1776,0.037000000000000005,-0.1754,-0.1524
1929-12,0.0037,0.0165,-0.040999999999999995,-0.0014000000000000002,0.0542,,,,,,-0.049400000000000006,0.0038,,0.0204,0.0269,-0.0524,-0.0774,0.0239,0.010700000000000001,0.0369,,0.0055000000000000005,0.0134,0.0635,,-0.0634,-0.0175,0.09970000000000001,-0.0044,,0.0327,0.1283,0.039900000000000005,0.1447,0.0034999999999999996,,,-0.0182,-0.056299999999999996,-0.0088,0.0816,0.0106,0.0,-0.1704,0.0814,-0.0579,0.0143,-0.0395,-0.0026,0.0002,-0.0236,-0.06480000000000001,0.037599999999999995,0.0146,-0.0425,-0.0793,0.050499999999999996,-0.0866
1930-01,0.0014000000000000002,0.0575,0.0349,-0.0103,-0.0546,,,,,,-0.0086,0.0584,,-0.0876,0.0862,-0.1276,0.2663,0.0181,0.1033,0.035699999999999996,,0.0449,0.0165,0.0818,,0.1047,0.0748,0.003,0.056900000000000006,,0.08439999999999999,0.10949999999999999,0.0639,0.0098,0.027999999999999997,,,0.0608,0.0037,-0.008199999999999999,0.0851,0.012,0.2647,-0.1491,0.0943,0.113,0.0915,0.5,0.0709,0.0385,0.0472,0.0444,0.1174,0.18719999999999998,0.1574,0.0208,0.0891,0.31670000000000004
1930-02,0.003,0.028,0.0028000000000000004,0.0028000000000000004,0.011200000000000002,,,,,,-0.08470000000000001,0.0095,,0.0115,0.0556,0.2121,0.1714,0.0593,-0.08900000000000001,-0.0031,,0.0455,0.012,0.0246,,0.057300000000000004,0.0033,0.0736,0.0009,,0.0473,0.0783,0.036000000000000004,0.24609999999999999,0.012199999999999999,,,-0.0095,0.045,-0.0506,0.08650000000000001,0.0706,-0.25579999999999997,0.36219999999999997,0.040999999999999995,-0.0131,0.1265,-0.0776,0.086,0.020499999999999997,-0.0462,-0.0536,0.0016,0.09849999999999999,0.025699999999999997,-0.047400000000000005,0.10710000000000001,-0.0187
1930-03,0.0034999999999999996,0.07440000000000001,0.0339,0.003,-0.042300000000000004,,,,,,-0.0037,0.0115,,-0.08259999999999999,0.043,0.2754,0.1537,0.0218,-0.0016,0.075,,0.0699,0.060599999999999994,0.10300000000000001,,-0.026699999999999998,0.0364,0.021400000000000002,0.0554,,0.052199999999999996,0.0916,0.12689999999999999,0.281,-0.018000000000000002,,,0.0177,0.01,0.19210000000000002,0.09849999999999999,0.0888,-0.015600000000000001,-0.030600000000000002,0.0027,0.0317,0.0925,0.0767,0.0613,0.039599999999999996,-0.049100000000000005,-0.0274,0.049100000000000005,0.0463,0.1101,0.0754,0.09210000000000002,0.0626
1930-04,0.0021,-0.018399999999999996,-0.0034999999999999996,-0.0037,0.041299999999999996,,,,,,0.0392,0.032,,-0.1137,-0.028900000000000002,-0.2168,0.057999999999999996,0.0209,-0.0158,-0.0101,,-0.09230000000000001,0.0167,-0.053099999999999994,,-0.0992,-0.059699999999999996,0.0816,-0.1329,,0.0623,0.0297,-0.0864,-0.0548,-0.0702,,,-0.1364,-0.08460000000000001,0.0731,0.0331,-0.0452,0.3333,0.0175,-0.0664,-0.214,0.054000000000000006,-0.2161,-0.022400000000000003,-0.0713,0.0467,0.0258,0.024399999999999998,-0.091,-0.09539999999999998,-0.0232,-0.0151,-0.032400000000000005
1930-05,0.0026,-0.014,-0.021,-0.0074,-0.0076,,,,,,-0.030899999999999997,0.0233,,-0.0045000000000000005,0.0181,0.0034999999999999996,-0.0369,-0.010700000000000001,-0.0745,-0.0417,,-0.0528,-0.0028000000000000004,-0.023399999999999997,,-0.057699999999999994,-0.0146,0.0143,0.0016,,-0.0593,-0.049,0.051100000000000007,-0.08349999999999999,-0.0453,,,0.054000000000000006,-0.020099999999999996,-0.0382,-0.0128,0.004,-0.1548,-0.1211,-0.0108,-0.11560000000000001,-0.0281,-0.21109999999999998,0.0002,-0.0044,-0.0832,0.0007000000000000001,-0.018600000000000002,-0.0623,-0.0414,-0.0217,-0.0707,-0.0814
1930-06,0.0027,-0.15809999999999996,-0.0359,0.024,0.0584,,,,,,-0.0482,-0.12179999999999999,,-0.2919,-0.08839999999999999,-0.1698,-0.24670000000000003,-0.10369999999999999,-0.24609999999999999,-0.1253,,-0.1484,-0.11,-0.1777,,-0.1827,-0.1948,-0.042,-0.1245,,-0.1684,-0.2007,-0.22719999999999999,-0.2849,-0.1306,,,-0.08,-0.1164,-0.157,-0.193,-0.0832,-0.3239,-0.113,-0.2009,-0.3207,-0.1594,-0.6208,-0.1653,-0.09910000000000001,-0.24100000000000002,-0.161,-0.1725,-0.2072,-0.1324,-0.1907,-0.2557,-0.1805
1930-07,0.002,0.0432,-0.0027,-0.017,-0.021400000000000002,,,,,,0.011699999999999999,0.0342,,0.0158,0.029300000000000003,0.1321,0.024900000000000002,0.0158,0.0584,0.0323,,0.1263,0.049699999999999994,0.0545,0.1416,0.0538,0.08539999999999999,0.0426,0.0342,,0.030299999999999997,0.039900000000000005,0.1183,0.0736,0.0356,,,0.0366,-0.0146,0.0552,0.0408,0.0127,0.1042,0.0663,0.0351,0.2014,0.0347,0.098,0.075,0.0322,-0.013000000000000001,0.0278,0.0279,0.067,0.0425,-0.0139,0.0541,0.0567
1930-08,0.0009,0.0039,-0.0216,-0.0059,0.0387,,,,,,0.0124,0.0167,,0.0924,0.046900000000000004,0.06,0.0362,-0.031400000000000004,0.0063,-0.0288,,0.0121,0.0956,0.0435,-0.0406,-0.014499999999999999,-0.0254,-0.032400000000000005,-0.0246,,0.0098,0.0163,-0.0223,-0.0078000000000000005,0.0091,,,-0.13140000000000002,0.024,-0.034,0.011899999999999999,0.0174,-0.056600000000000004,0.0394,0.0348,-0.037000000000000005,0.0623,0.035699999999999996,-0.0147,0.0031,-0.0771,0.0545,0.0178,0.008100000000000001,-0.0083,-0.0786,0.039599999999999996,0.0087
1930-09,0.0022,-0.12589999999999998,-0.0241,-0.0509,0.1159,,,,,,-0.11699999999999999,-0.0998,,-0.12279999999999999,-0.0882,-0.1017,-0.1863,0.019799999999999998,-0.1056,-0.0352,,-0.0655,-0.0931,-0.1417,-0.28800000000000003,-0.1307,-0.1684,-0.11349999999999999,-0.1383,,-0.16620000000000001,-0.20120000000000002,-0.1649,-0.306,-0.11199999999999999,,,-0.09269999999999999,-0.058899999999999994,-0.16,-0.11939999999999999,-0.053,0.04,-0.1059,-0.1105,-0.17739999999999997,-0.1115,-0.2759,-0.1275,-0.08439999999999999,-0.09720000000000001,-0.10830000000000001,-0.1406,-0.1253,-0.11810000000000001,-0.1637,-0.21359999999999998,-0.1281
1930-10,0.0009,-0.08689999999999999,-0.002,-0.0109,0.06280000000000001,,,,,,-0.16079999999999997,-0.0391,,-0.013000000000000001,-0.04769999999999999,-0.045599999999999995,-0.09029999999999999,-0.0837,-0.0464,-0.05,,-0.022799999999999997,-0.049100000000000005,-0.1233,-0.1011,-0.0371,-0.1286,-0.21420000000000003,-0.0803,,-0.1076,-0.1864,-0.11230000000000001,-0.1703,-0.0959,,,-0.106,-0.1158,-0.0825,-0.08289999999999999,-0.0412,-0.1346,-0.0507,-0.1458,-0.1,-0.1204,-0.131,-0.0305,-0.0673,-0.06,-0.0861,-0.1038,-0.0374,-0.10439999999999999,-0.1685,-0.1856,-0.16579999999999998
1930-11,0.0013,-0.0291,0.0246,-0.0381,-0.0134,,,,,,0.027000000000000003,0.009000000000000001,,0.0354,-0.0091,-0.08130000000000001,-0.0637,-0.026099999999999998,-0.018500000000000003,0.015,,-0.045899999999999996,-0.0271,0.0009,0.10619999999999999,-0.0451,-0.019299999999999998,-0.06860000000000001,-0.0104,,-0.0062,-0.0361,0.0587,-0.0677,0.071,,,0.0453,-0.0962,-0.0342,-0.0876,-0.0327,0.07780000000000001,-0.0571,-0.04019999999999999,0.077,-0.0158,-0.1507,0.003,-0.054400000000000004,0.0275,0.0301,-0.0246,-0.0722,-0.0168,-0.102,-0.1075,-0.0158
1930-12,0.0014000000000000002,-0.0772,-0.0467,-0.056900000000000006,0.1251,,,,,,-0.2243,-0.0347,,-0.1158,-0.0313,-0.0364,-0.1578,-0.0558,-0.061500000000000006,-0.0751,,-0.029900000000000003,-0.0796,-0.0472,-0.1628,-0.0601,-0.1253,-0.1222,-0.08929999999999999,,-0.0955,-0.12050000000000001,-0.0158,-0.1592,-0.1368,,,-0.084,-0.0886,-0.12710000000000002,-0.0368,-0.0379,-0.134,-0.0064,0.0062,-0.1223,-0.1198,-0.2419,-0.0574,-0.0797,-0.04019999999999999,-0.1387,-0.0818,0.028900000000000002,-0.1024,-0.17620000000000002,-0.15,-0.1177
1931-01,0.0015,0.064,0.0347,0.0824,-0.111,,,,,,0.15810000000000002,0.049,,0.0681,0.0636,-0.0167,0.1707,0.012,0.0877,-0.0021,,0.0992,0.07780000000000001,-0.006999999999999999,0.16670000000000001,0.1338,0.0784,-0.0302,0.030899999999999997,,0.0565,0.050499999999999996,0.0706,0.22440000000000002,0.0779,,,0.0699,0.1425,0.054000000000000006,0.056100000000000004,0.0479,0.4524,0.0638,0.0677,0.0048,0.056100000000000004,0.3404,0.027999999999999997,0.1168,0.0487,0.0723,0.0702,0.0333,0.14150000000000001,0.0554,0.2581,0.1809
1931-02,0.0004,0.1092,0.0345,0.0163,-0.1358,,,,,,0.1317,0.0663,,0.1675,0.0694,0.0721,0.0848,0.0179,0.0622,0.0282,,0.0176,0.0951,0.1358,0.2324,0.15439999999999998,0.14279999999999998,0.1461,0.1456,,0.11810000000000001,0.2506,0.1734,0.2817,0.055999999999999994,,,0.1416,-0.005600000000000001,0.0634,0.1531,0.059500000000000004,0.3115,0.0202,0.147,0.1777,0.1401,0.746,0.1263,0.0227,-0.020499999999999997,0.1534,0.1112,0.15560000000000002,0.0654,0.2444,0.2052,0.1306
1931-03,0.0013,-0.0622,0.028300000000000002,-0.032,0.0971,,,,,,-0.1038,-0.019799999999999998,,-0.2668,0.0018,-0.0706,-0.056900000000000006,-0.0084,-0.0374,0.0138,,-0.0008,0.0227,-0.0727,0.0941,-0.031,-0.0755,0.0034999999999999996,-0.0788,,-0.0827,-0.08,-0.04190000000000001,-0.102,-0.0716,,,-0.0676,-0.12890000000000001,-0.1464,-0.0286,-0.0361,0.725,-0.0296,-0.0766,-0.0453,-0.0696,-0.1636,-0.0032,-0.1048,-0.0319,-0.0333,-0.0552,-0.1151,-0.0473,-0.1844,-0.07730000000000001,0.20850000000000002
1931-04,0.0008,-0.09920000000000001,-0.042199999999999994,-0.0433,0.1097,,,,,,-0.0216,-0.0892,,-0.20879999999999999,0.026699999999999998,-0.127,-0.2799,-0.0803,-0.0426,-0.0827,,-0.0643,-0.029300000000000003,-0.1285,-0.2036,-0.12140000000000001,-0.1383,-0.1332,-0.1697,,-0.15789999999999998,-0.1465,-0.0774,-0.1242,-0.18309999999999998,,,-0.1285,-0.1001,-0.1399,-0.0904,-0.0425,-0.1739,-0.07719999999999999,-0.10099999999999999,-0.22820000000000001,-0.044500000000000005,-0.25,-0.0817,-0.073,-0.043899999999999995,-0.0449,-0.127,-0.12119999999999999,-0.0882,-0.2097,-0.1797,-0.1788
1931-05,0.0009,-0.13199999999999998,0.052199999999999996,-0.06309999999999999,0.0922,,,,,,-0.0676,-0.1264,,-0.0966,-0.1121,-0.0574,-0.2477,-0.0942,-0.10949999999999999,-0.0052,,-0.18719999999999998,-0.08349999999999999,-0.1201,-0.0898,-0.0756,-0.1525,-0.18309999999999998,-0.2091,,-0.1912,-0.11470000000000001,-0.1613,-0.1247,-0.1848,,,-0.0858,-0.1865,-0.11789999999999999,-0.1117,-0.0894,-0.15789999999999998,-0.40270000000000006,-0.1787,-0.1837,-0.1656,-0.21739999999999998,-0.1509,-0.1725,-0.152,-0.0287,-0.0623,-0.0518,-0.15960000000000002,-0.2175,-0.2115,-0.0705
1931-06,0.0008,0.1401,-0.0501,0.11699999999999999,-0.1754,,,,,,0.0848,0.10769999999999999,,0.10210000000000001,0.1264,0.0638,0.23879999999999998,-0.0087,0.0767,0.1211,,0.1241,0.09140000000000001,0.19519999999999998,0.1226,0.08410000000000001,0.1512,0.1383,0.1954,,0.12390000000000001,0.1861,0.1515,0.2426,0.2018,,,0.0704,0.2228,0.1718,0.1093,0.1032,0.2917,0.09380000000000001,0.23670000000000002,0.1724,0.1585,0.11109999999999999,0.15410000000000001,0.16210000000000002,0.0292,0.08039999999999999,0.049800000000000004,0.192,0.1888,0.1838,0.2746,0.1467
1931-07,0.0006,-0.0657,0.015600000000000001,-0.023,0.0837,,,,,,0.0017000000000000001,-0.0432,,-0.09960000000000001,-0.0349,-0.1575,-0.0842,-0.0158,-0.0173,-0.0331,,-0.0639,0.0425,-0.0634,-0.11779999999999999,-0.0562,-0.0932,-0.1384,-0.1518,,-0.1217,-0.10339999999999999,-0.0239,-0.107,-0.0828,,,-0.08130000000000001,-0.1636,-0.029900000000000003,-0.0541,-0.0487,-0.0632,-0.053899999999999997,-0.1336,-0.06509999999999999,-0.08529999999999999,-0.1333,-0.12710000000000002,-0.1052,-0.08109999999999999,-0.0121,-0.08199999999999999,-0.16149999999999998,-0.0802,-0.0989,-0.0825,0.075
1931-08,0.0003,0.0043,-0.020499999999999997,-0.0176,-0.0332,,,,,,-0.0369,0.0194,,0.1382,-0.0354,-0.026000000000000002,0.0755,-0.0535,-0.0104,-0.025,,0.0552,-0.0045000000000000005,0.0147,-0.0541,0.0031,-0.0336,-0.0053,0.0055000000000000005,,-0.0175,0.038,-0.0278,0.050199999999999995,-0.0735,,,0.025699999999999997,-0.028900000000000002,0.1002,0.0,0.008199999999999999,0.006500000000000001,-0.0424,0.022799999999999997,-0.0173,0.0489,0.0192,0.0101,-0.0688,0.0137,0.0316,0.011000000000000001,0.046799999999999994,-0.006,0.0636,-0.0018,0.0146
1931-09,0.0003,-0.28709999999999997,-0.0108,-0.0713,0.09300000000000001,,,,,,-0.3608,-0.2834,,-0.25170000000000003,-0.21780000000000002,-0.2655,-0.4328,-0.2048,-0.3497,-0.0833,,-0.2673,-0.301,-0.3089,-0.3239,-0.2161,-0.3132,-0.354,-0.2717,,-0.33409999999999995,-0.3456,-0.3493,-0.4054,-0.2531,,,-0.3177,-0.31370000000000003,-0.305,-0.29600000000000004,-0.217,-0.26039999999999996,-0.2235,-0.3486,-0.4226,-0.2889,-0.3962,-0.2369,-0.20929999999999999,-0.2627,-0.3057,-0.2731,-0.3471,-0.4581,-0.366,-0.39890000000000003,-0.244
1931-10,0.001,0.0809,-0.0014000000000000002,0.0288,0.028999999999999998,,,,,,-0.068,0.1191,,0.2526,0.0608,0.078,0.1961,-0.2216,0.1636,-0.024700000000000003,,0.1681,0.10279999999999999,0.0533,0.0417,0.0277,0.045899999999999996,0.0374,0.018799999999999997,,0.0907,0.11869999999999999,0.12279999999999999,0.1307,0.1325,,,0.1704,0.028999999999999998,0.1549,0.1048,0.0434,0.0575,0.0508,0.1048,0.08779999999999999,0.0955,-0.1562,0.1174,-0.028300000000000002,0.0742,0.1436,0.11109999999999999,0.27140000000000003,0.2895,0.0876,0.0775,0.0371
1931-11,0.0017000000000000001,-0.0897,0.0441,-0.0521,0.0803,,,,,,-0.0925,-0.0276,,-0.1066,-0.0617,-0.0925,-0.3152,-0.09380000000000001,-0.0774,-0.0131,,-0.08990000000000001,-0.0166,-0.051,-0.008,-0.1014,-0.0745,-0.16870000000000002,-0.0949,,-0.0732,-0.15869999999999998,-0.039,-0.0371,-0.17489999999999997,,,-0.1369,-0.17629999999999998,-0.0843,-0.0481,-0.06860000000000001,-0.107,-0.0605,-0.0533,-0.028399999999999998,-0.1193,-0.11109999999999999,-0.0999,-0.21559999999999999,-0.1778,-0.0935,-0.1457,0.0587,-0.1058,-0.14150000000000001,-0.1303,-0.04190000000000001
1931-12,0.0012,-0.13399999999999998,-0.0075,-0.09390000000000001,0.1292,,,,,,-0.1624,-0.1045,,-0.0783,-0.0634,-0.3589,-0.2989,-0.2273,-0.09179999999999999,-0.1422,,-0.0407,-0.040999999999999995,-0.063,-0.125,-0.0661,-0.1787,-0.16899999999999998,-0.257,,-0.1761,-0.1422,-0.08259999999999999,-0.1398,-0.1832,,,-0.0753,-0.2285,-0.1884,-0.1325,-0.08,-0.0492,-0.1917,-0.1,-0.2072,-0.1245,-0.25,-0.12119999999999999,-0.1502,-0.3054,-0.1532,-0.1343,-0.2346,-0.1317,-0.2304,-0.2248,-0.1391
1932-01,0.0023,-0.013400000000000002,0.0433,0.0986,-0.09939999999999999,,,,,,-0.1246,-0.0108,,-0.059699999999999996,0.0817,-0.14429999999999998,0.18960000000000002,-0.0621,0.013500000000000002,0.048,,0.009399999999999999,-0.032799999999999996,-0.058600000000000006,0.0,0.0101,-0.0102,0.0255,0.0316,,0.016399999999999998,-0.1422,-0.0787,0.0969,0.1391,,,0.056900000000000006,0.0581,-0.0518,-0.0253,-0.0404,0.0018,0.0006,-0.0414,0.0009,-0.0334,0.2778,-0.0073,0.08070000000000001,-0.0034000000000000002,0.011399999999999999,-0.038599999999999995,0.19,-0.0115,0.0118,0.030600000000000002,0.0695
1932-02,0.0023,0.0568,-0.026000000000000002,-0.0132,0.0148,,,,,,0.2593,0.0675,,0.17800000000000002,0.0394,0.1045,0.0604,-0.0068000000000000005,0.029300000000000003,0.0111,,-0.1012,0.0417,0.0888,-0.011899999999999999,0.031200000000000002,0.11,0.054000000000000006,0.048799999999999996,,-0.0138,0.0859,0.0195,-0.0337,0.0458,,,-0.030299999999999997,-0.0355,0.09119999999999999,0.0708,0.11630000000000001,0.0374,-0.0060999999999999995,0.0358,-0.0279,-0.0173,-0.0435,0.11779999999999999,-0.042,0.0747,0.0397,0.07429999999999999,0.1531,0.07339999999999999,0.0761,0.1522,0.0481
1932-03,0.0016,-0.1114,0.022099999999999998,-0.0233,0.10039999999999999,,,,,,-0.1281,-0.0696,,-0.11289999999999999,-0.0492,-0.0732,-0.23170000000000002,-0.12689999999999999,-0.1673,-0.023700000000000002,,-0.016399999999999998,-0.0727,-0.1168,-0.11109999999999999,-0.0398,-0.1479,-0.0978,-0.1649,,-0.12619999999999998,-0.1728,-0.22149999999999997,-0.297,-0.1696,,,-0.058499999999999996,-0.1684,-0.0067,-0.10400000000000001,-0.1013,-0.08810000000000001,-0.025699999999999997,-0.08310000000000001,-0.1907,-0.051399999999999994,0.0682,-0.0837,-0.1801,-0.1972,-0.0862,-0.0731,-0.1743,-0.1257,-0.0031,-0.16699999999999998,-0.152
1932-04,0.0011,-0.17830000000000001,0.0098,0.019799999999999998,0.0765,,,,,,-0.157,-0.13140000000000002,,-0.09820000000000001,-0.09910000000000001,-0.0287,-0.2515,-0.1272,-0.0867,-0.0554,,-0.2048,-0.19649999999999998,-0.3337,-0.3056,-0.12210000000000001,-0.15460000000000002,-0.19079999999999997,-0.1946,,-0.2028,-0.2297,-0.2857,-0.135,-0.1613,,,-0.1487,-0.1797,-0.1417,-0.1565,-0.12390000000000001,-0.3172,-0.1097,-0.19820000000000002,-0.2516,-0.3322,-0.4468,-0.2925,-0.2473,-0.1121,-0.15259999999999999,-0.19760000000000003,-0.1519,-0.42219999999999996,-0.1425,-0.1457,-0.1351
1932-05,0.0006,-0.20450000000000002,0.0441,-0.044199999999999996,0.12539999999999998,,,,,,-0.36450000000000005,-0.2194,,-0.253,-0.2175,-0.4334,-0.4428,-0.2422,-0.2102,-0.0341,,-0.254,-0.3627,-0.102,-0.196,-0.23149999999999998,-0.18109999999999998,-0.20120000000000002,-0.22699999999999998,,-0.21309999999999998,-0.33740000000000003,-0.1864,-0.2865,-0.2322,,,-0.1116,-0.2147,-0.0492,-0.2729,-0.1081,-0.1525,-0.1272,-0.1267,-0.14429999999999998,-0.18460000000000001,-0.3846,-0.1565,-0.34740000000000004,-0.2597,-0.2955,-0.2611,-0.3141,-0.3414,-0.5254,-0.2921,-0.1375
1932-06,0.0002,-0.007500000000000001,0.0027,0.060700000000000004,0.0192,,,,,,0.0898,-0.0072,,0.19260000000000002,0.057999999999999996,-0.0951,0.1259,-0.2673,-0.15689999999999998,-0.050199999999999995,,0.2168,0.08800000000000001,-0.0507,-0.07690000000000001,-0.044000000000000004,0.044000000000000004,-0.0594,0.0204,,-0.0579,0.1012,-0.07440000000000001,0.08539999999999999,0.1015,,,-0.10210000000000001,-0.034300000000000004,0.061500000000000006,0.0146,-0.0971,0.08439999999999999,-0.19469999999999998,-0.0009,-0.0398,0.013999999999999999,-0.5625,-0.0352,-0.0217,-0.0696,-0.0039000000000000003,-0.0021,0.1501,0.2255,-0.081,0.0268,-0.008
1932-07,0.0002,0.3363,-0.0429,0.3552,-0.45630000000000004,,,,,,0.9134,0.2838,,0.196,0.2468,0.578,0.6659999999999999,0.43579999999999997,0.3486,-0.21,,0.1625,0.31829999999999997,0.2914,0.4167,0.3031,0.35609999999999997,0.2773,0.6213000000000001,,0.43689999999999996,0.5549000000000001,0.446,0.4117,0.47450000000000003,,,0.4612,0.5622,0.33520000000000005,0.2942,0.16699999999999998,0.1175,0.32780000000000004,0.23989999999999997,0.36700000000000005,0.131,0.4286,0.2147,0.6141,0.1636,0.2737,0.254,0.34450000000000003,0.6204,0.2647,0.5421,0.2825
1932-08,0.0003,0.3715,0.1346,0.342,-0.5261,,,,,,0.2249,0.2433,,0.40149999999999997,0.1766,0.138,0.6937000000000001,0.3311,0.2643,0.2722,,0.256,0.38020000000000004,0.3638,0.9843000000000001,0.6201,0.34590000000000004,0.6096,0.591,,0.5213,0.5001,0.4857,0.7237,0.32549999999999996,,,0.29600000000000004,1.2543,0.1729,0.4355,0.2817,0.3037,0.1661,0.377,0.6268,0.25420000000000004,3.0,0.4326,0.654,0.7108,0.331,0.245,0.30010000000000003,0.39520000000000005,0.4767,0.6725,0.2414
1932-09,0.0003,-0.029099999999999997,-0.0215,-0.0737,0.0246,,,,,,-0.1893,-0.0040999999999999995,,-0.0305,0.0011,0.055999999999999994,-0.10779999999999999,0.042699999999999995,0.0024,0.0128,,-0.019799999999999998,-0.1358,0.0575,-0.24,-0.1275,0.039599999999999996,-0.08199999999999999,-0.10039999999999999,,-0.0414,-0.0601,0.057699999999999994,0.2626,0.0101,,,-0.056799999999999996,-0.059000000000000004,-0.1059,-0.04650000000000001,0.0031,-0.1607,-0.0282,-0.0667,-0.056900000000000006,-0.0101,-0.35,-0.03,-0.0258,0.1499,0.03,0.0134,-0.0148,-0.0733,-0.0836,-0.0748,-0.0481
1932-10,0.0002,-0.1313,-0.0259,-0.1047,0.0462,,,,,,-0.1937,-0.0898,,-0.1267,-0.1398,-0.17120000000000002,-0.2633,-0.2189,-0.1094,-0.08710000000000001,,-0.1439,-0.19329999999999997,-0.16149999999999998,-0.15789999999999998,-0.12990000000000002,-0.146,-0.23739999999999997,-0.1582,,-0.2238,-0.21309999999999998,-0.2462,-0.2125,-0.21280000000000002,,,-0.0713,-0.21239999999999998,-0.03,-0.10830000000000001,-0.08130000000000001,-0.1757,-0.10869999999999999,-0.1565,-0.3053,-0.0507,0.0,-0.0393,-0.1961,-0.2016,-0.12539999999999998,-0.1421,-0.031,-0.2534,-0.1013,-0.1777,-0.0603
1932-11,0.0002,-0.0586,0.0183,-0.1319,-0.0096,,,,,,0.1361,-0.0748,,-0.0526,-0.0851,0.0702,-0.11320000000000001,-0.0173,-0.0533,-0.042199999999999994,,-0.006999999999999999,0.065,-0.0171,-0.16870000000000002,-0.09630000000000001,-0.0576,-0.0796,-0.225,,-0.0664,-0.09380000000000001,-0.030699999999999998,-0.1002,-0.0461,,,0.0232,-0.1943,-0.0403,-0.0362,-0.0113,0.0086,-0.046,-0.0664,0.0308,-0.0388,0.0,-0.028300000000000002,-0.09570000000000001,-0.1038,-0.0554,-0.066,-0.14980000000000002,0.0955,-0.1233,-0.032799999999999996,-0.08130000000000001
1932-12,0.0001,0.0443,-0.083,-0.0754,0.0464,,,,,,0.1399,0.06860000000000001,,0.06509999999999999,0.008199999999999999,-0.22,-0.12140000000000001,-0.13699999999999998,0.0158,-0.016200000000000003,,-0.0901,0.0973,0.1307,0.0192,-0.0688,0.0215,-0.08900000000000001,-0.08310000000000001,,0.0275,0.0735,0.0526,0.2043,-0.0383,,,-0.0155,-0.0725,0.0034000000000000002,0.0915,0.0368,-0.14300000000000002,-0.0179,0.0382,-0.018600000000000002,0.12269999999999999,-0.3846,0.09359999999999999,0.059000000000000004,-0.1007,0.0512,0.0366,0.0393,0.0576,-0.17300000000000001,0.1063,-0.049800000000000004
1933-01,0.0001,0.012499999999999999,0.0073,0.0646,-0.024399999999999998,,,,,,0.1892,-0.0031,,-0.1551,0.11410000000000001,-0.10890000000000001,-0.2488,-0.005699999999999999,-0.0735,0.1058,,0.021099999999999997,-0.016200000000000003,0.0416,0.0755,-0.030600000000000002,-0.0161,0.0403,0.0264,,0.0669,0.0033,0.0083,-0.0178,0.2133,,,-0.0018,0.0949,-0.0327,-0.044000000000000004,0.0031,-0.0383,0.0816,0.0222,-0.0318,0.06849999999999999,-0.0625,0.1052,0.1436,-0.063,-0.0265,0.0909,0.3057,0.0837,0.09880000000000001,-0.027200000000000002,-0.0366
1933-02,-0.0003,-0.15319999999999998,-0.0263,-0.0292,0.046,,,,,,-0.10220000000000001,-0.0965,,-0.1159,-0.0855,-0.0917,-0.2006,-0.1985,-0.2121,-0.045,,-0.1856,-0.0977,-0.1646,-0.207,-0.0646,-0.1565,-0.2655,-0.1704,,-0.23370000000000002,-0.22440000000000002,-0.2506,-0.2702,-0.11,,,-0.0818,-0.2341,-0.13019999999999998,-0.1991,-0.07769999999999999,-0.2566,-0.13,-0.1525,-0.1805,-0.1282,-0.2667,-0.1278,-0.16399999999999998,-0.078,-0.1819,-0.18239999999999998,-0.2159,-0.2286,-0.2787,-0.1935,-0.022000000000000002
1933-03,0.0004,0.031000000000000003,0.036000000000000004,0.0709,0.0424,,,,,,0.2811,0.11109999999999999,,0.2552,0.0786,0.5051,-0.19190000000000002,0.1563,0.1159,0.08869999999999999,,0.0795,-0.0482,0.0504,0.1364,0.0255,0.1384,-0.0055000000000000005,0.1462,,0.23920000000000002,0.0717,0.09609999999999999,0.09380000000000001,0.1539,,,0.0876,0.0967,0.0363,-0.1305,-0.062,-0.0361,0.0438,0.1264,0.0271,0.038900000000000004,0.8181999999999999,0.0675,0.0698,0.0007000000000000001,0.08869999999999999,0.0069,0.0643,-0.1678,0.051399999999999994,-0.0761,-0.0171
1933-04,0.001,0.3891,0.0302,0.201,-0.1705,,,,,,0.4264,0.3271,,0.2902,0.33049999999999996,0.12179999999999999,0.7946,0.5508,0.584,0.414,,0.2212,0.39520000000000005,0.46649999999999997,0.84,0.5297,0.3998,0.3721,0.8390000000000001,,0.4868,0.5958,0.8190000000000001,0.44439999999999996,0.5036,,,0.2638,0.3574,0.3947,0.2569,0.1322,0.0484,0.12619999999999998,0.424,0.5031,0.244,0.0,0.4349,0.2791,0.46259999999999996,0.43520000000000003,0.0989,0.4179,0.7511,0.49119999999999997,0.38539999999999996,0.35229999999999995
1933-05,0.0004,0.2147,0.35960000000000003,0.1866,-0.0554,,,,,,0.1331,0.1105,,0.8761,0.0924,0.7526999999999999,0.47869999999999996,0.1843,0.1795,0.26030000000000003,,0.1195,0.2529,0.2883,0.4696,0.3945,0.4241,0.6062,0.2334,,0.3053,0.1894,0.2526,0.2366,0.26539999999999997,,,0.3274,0.3169,0.1707,0.193,0.17370000000000002,0.8467,0.2026,0.2254,0.48979999999999996,0.2,2.3,0.1418,0.3259,0.5749,0.1666,0.2489,0.2532,0.3036,0.4683,0.2514,0.4533
1933-06,0.0002,0.1312,0.08650000000000001,-0.016399999999999998,0.0425,,,,,,0.198,0.1277,,0.3517,0.0481,0.30879999999999996,0.18059999999999998,0.3408,0.0635,0.024399999999999998,,0.0915,0.10550000000000001,0.1175,-0.0149,0.20440000000000003,0.2213,0.12029999999999999,0.1093,,0.1462,0.1011,0.1973,0.0733,0.2636,,,0.1263,0.2503,0.1177,0.1559,0.105,-0.063,0.0821,0.18969999999999998,0.0008,0.0672,0.0909,0.052300000000000006,0.1381,0.499,0.15689999999999998,0.1159,0.1813,0.1459,0.39130000000000004,0.1869,0.2259
1933-07,0.0002,-0.0962,-0.0106,0.033,-0.0034999999999999996,,,,,,-0.09050000000000001,-0.0809,,-0.1497,-0.021,-0.2685,-0.050499999999999996,-0.2439,-0.0919,-0.0433,,-0.1246,-0.1991,-0.09179999999999999,-0.2652,-0.1568,-0.1461,-0.1949,-0.1017,,-0.20079999999999998,-0.11359999999999999,-0.068,-0.13390000000000002,-0.1776,,,-0.08789999999999999,-0.2433,-0.1161,-0.1349,-0.0436,-0.1595,-0.07429999999999999,-0.1375,0.11199999999999999,-0.0788,-0.0417,-0.0556,-0.044800000000000006,-0.13,-0.134,-0.1616,-0.1856,-0.050499999999999996,-0.2632,-0.12300000000000001,0.0391
1933-08,0.0003,0.12069999999999999,-0.0516,0.0305,0.0754,,,,,,0.1943,0.0806,,0.332,0.10189999999999999,0.09949999999999999,0.311,0.2889,0.1127,0.0583,,-0.021400000000000002,-0.0019,0.2104,0.4557,0.1092,0.15130000000000002,0.0664,0.1158,,0.1974,0.13470000000000001,0.2006,0.23129999999999998,0.2433,,,0.17149999999999999,0.1681,0.19149999999999998,-0.0124,0.0453,0.1494,-0.022000000000000002,0.1291,0.08470000000000001,0.0987,-0.1739,0.10779999999999999,0.1566,0.1252,0.07,0.0803,0.22920000000000001,0.08410000000000001,0.1609,0.07200000000000001,0.1721
1933-09,0.0002,-0.10629999999999999,-0.0058,-0.11710000000000001,0.016399999999999998,,,,,,-0.1243,-0.08449999999999999,,-0.057999999999999996,-0.0373,-0.1036,-0.0784,-0.2571,-0.1217,-0.1207,,-0.0213,-0.0124,-0.0774,-0.0571,-0.10220000000000001,-0.1366,-0.3016,-0.0911,,-0.1574,-0.193,-0.1522,-0.2014,-0.11699999999999999,,,0.055999999999999994,-0.2024,-0.0217,-0.19760000000000003,-0.037000000000000005,-0.16570000000000001,-0.1369,-0.1472,-0.0956,-0.0756,-0.1754,-0.0416,-0.20120000000000002,-0.2177,-0.0849,-0.1201,-0.0285,-0.1521,-0.2144,-0.1963,-0.1273
1933-10,0.0001,-0.08349999999999999,-0.0007000000000000001,-0.0849,-0.0213,,,,,,-0.013600000000000001,-0.08779999999999999,,-0.0363,-0.11599999999999999,-0.3102,-0.11349999999999999,-0.048799999999999996,-0.0646,-0.0368,,-0.08220000000000001,-0.0575,-0.046900000000000004,-0.1515,-0.09849999999999999,-0.0659,-0.08220000000000001,-0.1291,,-0.0537,-0.10890000000000001,-0.1026,-0.1324,-0.1365,,,-0.045700000000000005,-0.1787,-0.0453,-0.07519999999999999,-0.0718,-0.1075,-0.09820000000000001,-0.060700000000000004,-0.12789999999999999,-0.0719,-0.3617,-0.026000000000000002,-0.1265,-0.0718,-0.07629999999999999,-0.16760000000000003,-0.1158,-0.0541,-0.0907,-0.1477,-0.056600000000000004
1933-11,0.0002,0.09990000000000002,-0.0637,0.0227,0.0646,,,,,,0.113,0.0547,,-0.0719,0.0447,0.1491,0.0416,-0.0392,0.0753,0.0966,,0.07490000000000001,0.0969,0.1561,0.0461,0.0298,0.1097,0.0058,0.1193,,0.1338,0.12210000000000001,0.2572,0.1746,0.102,,,0.0005,0.08039999999999999,0.14859999999999998,-0.024399999999999998,0.056299999999999996,-0.0116,0.0509,0.18510000000000001,0.131,0.1039,-0.0333,0.10679999999999999,0.064,0.0739,0.1476,0.06309999999999999,0.0552,0.0063,0.111,0.0784,0.0965
1933-12,0.0002,0.0184,0.0036,-0.0199,0.0401,,,,,,-0.067,-0.029300000000000003,,-0.0149,-0.049100000000000005,-0.1161,-0.037000000000000005,0.0229,-0.0433,-0.0178,,-0.2146,-0.106,0.0675,0.1638,0.061900000000000004,0.0384,-0.0265,0.0529,,0.0225,0.0038,0.096,0.0144,0.11320000000000001,,,-0.011699999999999999,-0.0347,-0.0116,0.0106,-0.038,-0.1586,0.0095,0.0128,0.2646,0.0433,0.2414,0.0315,0.06860000000000001,-0.15990000000000001,0.048600000000000004,0.0031,0.11779999999999999,0.0025,0.1074,0.0236,0.056900000000000006
1934-01,0.0005,0.1265,0.1321,0.162,-0.0348,,,,,,0.0973,0.10339999999999999,,0.1535,0.0653,0.2863,0.1586,0.26539999999999997,0.1047,0.16140000000000002,,0.3028,0.15380000000000002,0.04650000000000001,0.1852,0.2321,0.1576,0.36469999999999997,0.1293,,0.1864,0.17329999999999998,0.1309,0.5085999999999999,0.1305,,,0.022799999999999997,0.2605,0.0839,0.2054,0.059699999999999996,0.665,0.1293,0.12789999999999999,0.4079,0.10339999999999999,0.16670000000000001,0.042199999999999994,0.2079,0.3831,0.1691,0.3055,0.3035,0.3274,0.4414,0.20579999999999998,0.1184
1934-02,0.0002,-0.0249,0.050499999999999996,0.018600000000000002,0.0009,,,,,,-0.008199999999999999,-0.0712,,-0.1245,-0.032,-0.011399999999999999,0.1024,-0.0144,0.0040999999999999995,-0.0346,,-0.07519999999999999,-0.0313,-0.0271,0.019,0.013300000000000001,-0.066,-0.0668,-0.0196,,-0.041100000000000005,-0.0819,-0.025099999999999997,-0.1925,-0.030600000000000002,,,0.0286,-0.0003,-0.0346,-0.0175,0.0212,-0.0034999999999999996,0.037000000000000005,-0.044800000000000006,-0.0298,0.0126,0.023799999999999998,0.0218,-0.0315,0.0537,0.03,0.0559,0.1061,-0.022799999999999997,-0.1551,-0.042800000000000005,0.0653
1934-03,0.0002,0.0011,0.0245,-0.0259,-0.0067,,,,,,0.0613,0.0194,,0.028399999999999998,-0.0058,-0.0291,0.0507,0.1097,-0.061,-0.0195,,0.0083,-0.008100000000000001,-0.009399999999999999,-0.0248,0.008199999999999999,-0.0138,-0.0385,-0.0116,,-0.0042,0.0647,-0.0034999999999999996,0.0158,0.0006,,,0.0467,-0.0661,-0.0121,-0.0181,0.0126,0.051699999999999996,-0.034300000000000004,-0.0449,-0.0341,-0.0335,0.3023,-0.0146,0.0004,0.0232,0.022799999999999997,0.0774,0.044800000000000006,0.0209,-0.0231,-0.006999999999999999,-0.0138
1934-04,0.0001,-0.0178,0.0273,-0.0383,-0.0481,,,,,,0.0815,0.0269,,-0.0115,0.040999999999999995,0.1979,-0.048600000000000004,0.0971,-0.0012,-0.0155,,-0.0083,0.09,-0.0322,0.0191,-0.024,-0.01,-0.07629999999999999,-0.0451,,-0.0405,-0.0441,-0.06559999999999999,-0.0868,0.0083,,,-0.029300000000000003,-0.0179,-0.0199,-0.037599999999999995,-0.0125,-0.0076,0.0558,-0.0085,-0.0039000000000000003,0.07200000000000001,0.08929999999999999,0.0302,-0.0139,0.0225,-0.011699999999999999,-0.061500000000000006,0.0254,0.0305,-0.0833,-0.0273,-0.0194
1934-05,0.0001,-0.0725,-0.0031,-0.059000000000000004,-0.0239,,,,,,-0.0286,-0.043899999999999995,,-0.17579999999999998,0.014199999999999999,-0.1177,-0.021,-0.0833,-0.060700000000000004,-0.0519,,-0.042199999999999994,0.0006,-0.0705,-0.1131,-0.1209,-0.10439999999999999,-0.1501,-0.127,,-0.132,-0.0812,-0.13140000000000002,-0.0925,-0.14150000000000001,,,0.0115,-0.0906,-0.0452,-0.0779,-0.043,-0.07919999999999999,-0.0375,-0.0784,-0.1092,0.0282,-0.22949999999999998,-0.07629999999999999,-0.0898,-0.09369999999999999,-0.0783,-0.1364,-0.09369999999999999,-0.057999999999999996,-0.068,-0.08689999999999999,-0.0701
1934-06,0.0001,0.0272,-0.0218,-0.0285,-0.0079,,,,,,0.0351,0.037200000000000004,,-0.0282,0.0516,-0.142,-0.13470000000000001,-0.013500000000000002,0.0629,0.0233,,0.0152,0.0208,0.0441,-0.0286,0.0203,0.0525,0.024700000000000003,0.063,,0.025,0.0141,-0.0288,-0.0545,-0.026099999999999998,,,0.0364,0.035,0.0115,0.0432,0.0127,0.10060000000000001,0.0212,0.0857,0.0553,0.0305,-0.2553,0.0438,0.0331,-0.0304,0.0258,-0.0279,0.1056,0.0393,-0.0759,0.041299999999999996,0.08109999999999999
1934-07,0.0001,-0.1093,-0.0712,-0.1076,0.08800000000000001,,,,,,-0.0775,-0.0528,,-0.24350000000000002,-0.0087,-0.2014,-0.2515,-0.17379999999999998,-0.0886,-0.08539999999999999,,-0.0492,-0.016,-0.051399999999999994,-0.0882,-0.1783,-0.163,-0.2749,-0.16260000000000002,,-0.18289999999999998,-0.1421,-0.1434,-0.18989999999999999,-0.1646,,,-0.1058,-0.23120000000000002,-0.09449999999999999,-0.1726,-0.0435,-0.2382,-0.0928,-0.1276,-0.1352,-0.0051,-0.2,-0.0322,-0.1954,-0.1594,-0.0809,-0.1661,-0.08289999999999999,-0.1131,-0.2659,-0.1796,-0.0582
1934-08,0.0001,0.055900000000000005,0.0555,0.0017000000000000001,0.0256,,,,,,0.10679999999999999,0.0375,,0.14279999999999998,0.0363,0.0264,0.22690000000000002,0.0339,0.0755,0.0179,,-0.0305,-0.030699999999999998,0.062,0.1202,0.057999999999999996,0.10640000000000001,0.12240000000000001,0.0882,,0.1065,0.0717,0.11199999999999999,0.0818,0.0004,,,0.09910000000000001,0.08529999999999999,0.060700000000000004,0.0203,0.0256,0.08070000000000001,-0.3064,0.0731,0.1446,0.028399999999999998,0.25,0.049699999999999994,0.031,0.0975,0.046,0.0821,0.09519999999999999,0.0085,0.0858,0.0516,0.061399999999999996
1934-09,0.0001,-0.0023,-0.015,-0.0121,-0.0006,,,,,,0.021400000000000002,-0.0204,,-0.0176,0.0265,-0.08929999999999999,0.10640000000000001,-0.0077,-0.0323,0.0177,,0.046,0.0045000000000000005,0.008100000000000001,0.0036,0.0431,-0.0231,-0.0026,-0.0429,,0.026600000000000002,-0.008199999999999999,0.0058,-0.06480000000000001,-0.0016,,,-0.036000000000000004,0.04019999999999999,-0.0245,0.0161,0.0179,-0.0709,0.0040999999999999995,-0.0008,0.0298,0.0101,-0.2571,0.0158,0.0045000000000000005,0.004699999999999999,0.0269,-0.0252,0.0019,0.024300000000000002,-0.0287,-0.045700000000000005,-0.005600000000000001
1934-10,0.0001,-0.0165,0.0123,-0.05,0.0688,,,,,,-0.0582,-0.0042,,0.0321,0.0286,-0.07780000000000001,-0.0492,-0.0154,0.0621,0.0263,,0.0572,-0.013300000000000001,0.0036,0.0545,-0.043899999999999995,0.0359,-0.15,-0.0601,,0.0182,-0.0472,-0.024900000000000002,-0.0416,0.0509,,,-0.0652,-0.0045000000000000005,-0.04769999999999999,-0.076,-0.0144,0.026000000000000002,0.46630000000000005,0.0652,0.0154,0.0576,0.0,0.0147,-0.033,0.0793,0.0163,-0.0331,0.0816,0.09050000000000001,-0.1035,-0.027000000000000003,0.0288
1934-11,0.0001,0.0834,0.066,-0.021400000000000002,0.0377,,,,,,0.0254,0.07719999999999999,,0.2009,0.09050000000000001,0.27449999999999997,0.1313,0.1839,0.1216,0.065,,0.08789999999999999,0.0356,0.087,0.1655,0.1568,0.1508,0.0901,0.1309,,0.2173,0.1558,0.177,0.2957,0.1728,,,-0.009899999999999999,0.053399999999999996,0.0706,-0.0029,-0.0173,0.0042,0.0397,0.1324,0.1629,0.064,1.1538,0.0791,0.0575,0.1167,0.0968,0.1051,0.1335,0.12960000000000002,0.1711,0.0466,0.1493
1934-12,0.0001,0.0036999999999999997,0.032799999999999996,-0.0316,0.0453,,,,,,0.0557,-0.005699999999999999,,0.021,-0.028999999999999998,-0.1383,-0.0031,0.0078000000000000005,0.006500000000000001,0.034300000000000004,,0.0003,0.0068000000000000005,-0.0033,0.029900000000000003,-0.044800000000000006,0.0113,-0.1069,0.0416,,0.0837,0.0545,0.0356,0.047400000000000005,-0.006,,,0.0231,0.011699999999999999,0.0067,-0.0864,-0.006,0.20420000000000002,-0.2967,0.0031,-0.0109,0.013300000000000001,0.10710000000000001,0.044500000000000005,-0.003,0.0347,-0.0121,0.042699999999999995,0.0416,-0.019299999999999998,0.0241,0.009300000000000001,-0.013000000000000001
1935-01,0.0001,-0.034499999999999996,0.0096,-0.0177,0.031,,,,,,-0.0341,-0.0002,,-0.08289999999999999,-0.0218,0.0028000000000000004,-0.0774,-0.0542,0.0165,-0.0095,,0.0104,-0.0106,-0.013999999999999999,-0.0756,-0.0204,-0.029900000000000003,-0.0828,-0.0576,,-0.0083,0.026600000000000002,-0.0897,-0.0559,-0.013000000000000001,,,-0.054900000000000004,-0.076,-0.0431,-0.0317,-0.0046,-0.1159,-0.0634,-0.027000000000000003,-0.08259999999999999,0.0045000000000000005,-0.22579999999999997,0.0132,-0.0761,-0.10679999999999999,-0.053099999999999994,-0.0504,0.0109,-0.0559,-0.0557,-0.0848,-0.0546
1935-02,0.0002,-0.0194,0.0032,-0.0748,0.1446,,,,,,0.1115,0.0196,,0.0172,0.0079,-0.11349999999999999,-0.044800000000000006,-0.0206,0.0583,-0.0101,,-0.0006,0.0478,-0.0004,-0.0315,-0.0535,-0.0365,-0.1757,-0.0678,,0.0055000000000000005,-0.022400000000000003,-0.0365,-0.0767,-0.0897,,,-0.0116,-0.0942,-0.0326,-0.1219,0.0104,-0.09369999999999999,0.0297,0.0207,0.0564,0.07440000000000001,-0.3333,0.0588,-0.0679,-0.023399999999999997,-0.0059,-0.0291,0.0339,0.0062,-0.1388,-0.056299999999999996,-0.021400000000000002
1935-03,0.0001,-0.037,-0.034300000000000004,-0.050300000000000004,0.023700000000000002,,,,,,0.020499999999999997,-0.0513,,-0.0096,-0.0592,-0.0155,-0.046900000000000004,-0.0592,-0.0693,-0.0276,,-0.0074,-0.034,-0.0304,-0.0757,-0.0971,-0.0712,0.0406,-0.0414,,-0.0761,-0.0616,-0.0629,-0.0688,-0.0932,,,0.0387,-0.1124,-0.036699999999999997,0.12359999999999999,-0.0072,-0.1508,0.035699999999999996,-0.0232,0.09609999999999999,-0.0011,0.031200000000000002,-0.0233,-0.0926,-0.0806,-0.0431,-0.0436,-0.016399999999999998,-0.0771,-0.1392,0.0064,-0.0461
1935-04,0.0001,0.0907,-0.0158,0.0437,-0.0475,,,,,,0.0489,0.044199999999999996,,-0.0371,0.0902,0.026699999999999998,0.1013,0.0886,0.059000000000000004,0.046,,-0.049699999999999994,0.0405,0.0873,0.0819,0.061500000000000006,0.1067,0.1809,0.1429,,0.0993,0.0909,0.0542,0.1475,-0.0789,,,0.0913,0.08220000000000001,0.1562,0.1115,0.0913,0.1595,0.061,0.0882,0.1317,0.1524,0.030299999999999997,0.039900000000000005,0.09699999999999999,0.028999999999999998,0.0712,-0.037599999999999995,0.0345,0.0821,0.1362,0.0755,0.08039999999999999
1935-05,0.0001,0.0347,-0.032,0.0245,-0.0359,,,,,,-0.009899999999999999,0.0042,,-0.016200000000000003,0.0218,0.0857,0.1272,0.0246,-0.0098,0.0207,,0.04019999999999999,-0.0487,0.030699999999999998,-0.047,0.0146,0.0317,0.11699999999999999,-0.0032,,0.0286,0.037000000000000005,0.027200000000000002,-0.08070000000000001,0.0843,,,0.0391,-0.0723,0.0368,0.1377,0.08380000000000001,-0.0484,0.0653,0.0058,0.0235,0.0109,0.8234999999999999,0.0258,0.0252,-0.0171,0.0262,0.0106,0.0308,0.08310000000000001,0.221,0.065,0.057
1935-06,0.0001,0.0594,-0.0253,-0.0152,0.026600000000000002,,,,,,0.0219,0.0717,,0.1082,0.044000000000000004,-0.0943,0.0992,-0.0058,0.0305,0.0208,,0.059500000000000004,0.0388,0.062400000000000004,0.021,0.0736,0.08130000000000001,0.0278,0.0277,,0.1201,0.091,0.10039999999999999,0.0652,0.0819,,,-0.0016,0.0466,0.014499999999999999,0.0913,0.053200000000000004,0.0341,0.0691,0.0756,0.1063,0.06309999999999999,-0.0645,0.1057,0.0759,0.0096,0.0635,0.0452,0.061799999999999994,0.094,-0.1266,0.0784,0.0508
1935-07,0.0001,0.0755,0.0202,0.0658,-0.0479,,,,,,-0.15259999999999999,0.015600000000000001,,0.021,0.0759,-0.054900000000000004,0.0397,0.032400000000000005,0.079,0.042699999999999995,,-0.1184,0.0481,0.049699999999999994,0.06849999999999999,0.0969,0.1219,0.27940000000000004,0.1857,,0.15560000000000002,0.141,0.1865,0.1375,0.1661,,,0.0006,0.0673,0.0005,0.09230000000000001,0.0574,0.3784,0.7570999999999999,0.018500000000000003,0.11779999999999999,0.0068000000000000005,0.10339999999999999,0.0576,0.0895,0.0060999999999999995,0.0761,0.0287,0.042300000000000004,0.084,0.1819,0.1038,0.0392
1935-08,0.0001,0.0266,0.0601,0.0629,-0.0646,,,,,,-0.013999999999999999,-0.0365,,0.0971,-0.001,0.2577,0.1285,-0.037200000000000004,0.0158,-0.009899999999999999,,0.053,-0.0021,0.0512,0.0516,0.012,0.0097,0.1063,0.0653,,0.0229,0.0464,0.0877,0.0882,-0.0767,,,0.056100000000000004,0.0227,-0.0196,0.0723,0.0407,0.0387,-0.37329999999999997,0.0105,-0.0163,0.0017000000000000001,0.0,-0.0298,0.0103,0.1321,0.0294,0.055,0.032,-0.0051,0.1033,0.0908,-0.0019
1935-09,0.0001,0.0263,0.0155,-0.0412,0.08310000000000001,,,,,,-0.0516,0.0167,,0.0799,0.015300000000000001,0.08900000000000001,0.1027,-0.0102,0.0025,0.0015,,-0.0199,0.013999999999999999,0.0702,0.10490000000000001,0.1555,0.0308,-0.1182,0.0412,,0.058600000000000006,0.08410000000000001,0.1093,0.0526,-0.1206,,,-0.0004,-0.001,-0.0339,-0.0204,0.042699999999999995,0.0011,0.0333,0.0581,0.0944,0.0663,0.5,0.025,0.0105,0.0329,-0.0067,0.0271,-0.0192,0.0194,-0.051100000000000007,-0.0279,0.027200000000000002
1935-10,0.0001,0.0704,0.026699999999999998,-0.0233,0.0182,,,,,,0.0291,0.0629,,0.1607,0.0158,0.0202,0.0374,0.0942,0.0052,0.0322,,0.0541,0.0603,0.039900000000000005,0.10339999999999999,0.0713,0.12789999999999999,0.5009,0.057699999999999994,,0.0823,0.0806,0.1367,-0.003,0.12960000000000002,,,-0.009000000000000001,-0.0441,0.1382,0.1416,0.0311,-0.0016,0.5683,0.1355,0.18989999999999999,0.062400000000000004,-0.25,0.043899999999999995,-0.0087,0.0533,0.0111,0.0582,-0.0637,0.040999999999999995,0.2917,0.17550000000000002,0.0611
1935-11,0.0002,0.0489,0.04650000000000001,0.122,-0.07139999999999999,,,,,,-0.006,0.0229,,-0.0242,-0.0052,0.47159999999999996,0.1343,0.10869999999999999,-0.0305,0.0227,,0.011899999999999999,0.0179,0.0241,0.16440000000000002,0.014499999999999999,0.057800000000000004,-0.0558,0.0735,,0.0536,0.0843,0.035699999999999996,0.155,0.11939999999999999,,,0.099,0.1148,0.0268,0.0083,0.09720000000000001,0.20600000000000002,0.1091,0.0335,0.0802,-0.0331,-0.15380000000000002,0.0079,0.147,0.11800000000000001,0.0258,0.16519999999999999,0.0487,0.0152,0.1725,0.19390000000000002,0.08
1935-12,0.0001,0.0456,0.0009,0.0083,0.037000000000000005,,,,,,-0.0176,0.0462,,-0.013999999999999999,-0.0034000000000000002,-0.0625,0.022799999999999997,0.009899999999999999,0.0472,0.023799999999999998,,0.0085,0.024900000000000002,0.0113,0.057,0.036699999999999997,0.08650000000000001,0.266,0.045899999999999996,,0.0378,0.044800000000000006,0.0626,0.22399999999999998,0.057800000000000004,,,0.0719,-0.013300000000000001,0.14300000000000002,0.056299999999999996,-0.0014000000000000002,-0.0195,0.0088,0.0414,0.0337,-0.0183,0.2273,-0.0431,0.0304,0.0042,-0.0109,0.0169,-0.0273,0.0252,0.2676,0.0919,0.0059
1936-01,0.0001,0.069,0.055999999999999994,0.10949999999999999,-0.029500000000000002,,,,,,0.1449,0.0235,,-0.0662,0.0334,0.0001,0.1377,0.0223,0.0215,0.0405,,0.0483,0.0334,0.0546,-0.0124,0.09179999999999999,0.0697,0.17670000000000002,0.0676,,0.08289999999999999,0.0741,0.040999999999999995,0.0315,0.138,,,0.1025,0.0823,0.1418,0.12539999999999998,0.0417,-0.0014000000000000002,0.1315,0.047,0.2324,0.0104,0.4012,-0.057999999999999996,0.1559,0.0776,-0.0331,0.18530000000000002,0.0466,0.0246,0.1184,0.0806,0.0012
1936-02,0.0001,0.025,0.0084,0.0433,0.0253,,,,,,-0.0378,0.0316,,0.0913,-0.0329,0.16269999999999998,0.0184,-0.0217,-0.0115,0.0435,,0.0832,0.0302,0.029500000000000002,0.0335,0.0076,0.0605,-0.059800000000000006,0.1045,,0.0661,-0.0088,0.0397,0.04019999999999999,0.0967,,,0.0297,0.09,0.0113,-0.066,0.06570000000000001,0.0639,-0.0273,0.0521,-0.0175,0.0174,0.039599999999999996,-0.0037,0.046900000000000004,-0.0256,0.0091,0.0625,-0.0178,-0.0154,0.0128,-0.0039000000000000003,-0.0567
1936-03,0.0002,0.0098,0.0069,-0.0159,0.0163,,,,,,0.0032,-0.0141,,-0.0072,-0.0409,-0.0134,-0.0552,0.0256,0.03,-0.013600000000000001,,0.0013,0.0384,0.0285,-0.0040999999999999995,0.016,-0.011000000000000001,0.10220000000000001,0.0184,,0.0779,-0.0055000000000000005,0.1027,0.0933,-0.0726,,,-0.0409,-0.0599,0.0176,0.006500000000000001,-0.034300000000000004,-0.023,0.0033,-0.029900000000000003,0.0196,0.0579,-0.0508,0.0091,-0.031400000000000004,-0.0095,0.011200000000000002,0.0397,0.0359,-0.0489,-0.132,-0.0363,0.0172
1936-04,0.0002,-0.0812,-0.0599,-0.022799999999999997,-0.0767,,,,,,-0.0441,-0.0458,,-0.1011,-0.0255,-0.1383,-0.1182,-0.114,-0.10439999999999999,-0.0593,,-0.1444,-0.0872,-0.0652,0.0248,-0.1114,-0.1137,-0.1127,-0.10890000000000001,,-0.1074,-0.094,-0.0987,-0.1495,-0.1052,,,-0.0546,-0.14279999999999998,-0.1017,-0.08349999999999999,-0.056299999999999996,-0.0529,-0.0564,-0.0776,-0.0239,-0.0684,-0.25,-0.0181,-0.0747,-0.1185,-0.050300000000000004,-0.1137,0.0603,-0.1079,-0.2536,-0.1184,-0.09210000000000002
1936-05,0.0002,0.0521,0.0089,0.0255,0.025,,,,,,0.11689999999999999,0.056299999999999996,,-0.019799999999999998,0.0472,-0.0373,-0.0138,-0.0097,-0.0194,0.016,,0.039,0.048799999999999996,0.0642,0.11699999999999999,0.0302,0.044500000000000005,0.11019999999999999,0.0662,,0.08109999999999999,0.0678,0.041100000000000005,0.11699999999999999,0.1247,,,0.0375,0.0277,-0.0062,0.0953,0.0646,0.18100000000000002,0.0377,0.006500000000000001,0.0301,0.030299999999999997,0.1905,0.030699999999999998,0.0661,0.0843,0.067,0.0579,0.3043,0.08220000000000001,0.1149,0.060700000000000004,-0.025099999999999997
1936-06,0.0003,0.024300000000000002,-0.0322,-0.011899999999999999,0.005600000000000001,,,,,,0.0072,0.0322,,-0.045599999999999995,0.026699999999999998,-0.0206,0.039900000000000005,-0.037000000000000005,0.059000000000000004,-0.005,,-0.0246,0.016,0.037000000000000005,-0.0766,0.0049,0.0022,0.0008,-0.011200000000000002,,0.0159,0.0086,0.0681,-0.061399999999999996,0.0187,,,-0.0296,-0.0203,0.0178,0.0362,0.024300000000000002,0.07490000000000001,-0.0453,-0.0088,0.0181,0.057699999999999994,-0.07,0.0045000000000000005,0.0207,0.0302,0.053899999999999997,0.0148,-0.0506,0.057,-0.0015,0.08310000000000001,-0.037000000000000005
1936-07,0.0001,0.0669,0.010700000000000001,0.0253,0.024900000000000002,,,,,,0.083,0.018799999999999997,,0.0689,0.0305,0.1318,0.1331,0.07780000000000001,0.021400000000000002,0.012199999999999999,,-0.122,0.053899999999999997,0.0906,0.1067,0.0802,0.09939999999999999,0.0655,0.10550000000000001,,0.0147,0.145,0.0504,0.1797,0.0635,,,0.056900000000000006,0.08310000000000001,0.047,0.1159,0.024399999999999998,0.292,-0.205,0.058600000000000006,0.13119999999999998,0.0635,0.2903,-0.0169,0.12380000000000001,0.0942,0.0626,0.0968,0.0843,-0.025099999999999997,0.011000000000000001,0.0839,-0.028300000000000002
1936-08,0.0002,0.0101,0.0060999999999999995,0.0379,0.006,,,,,,-0.0297,0.0139,,0.0883,0.0,0.08779999999999999,0.08,0.0461,0.0206,-0.0189,,0.010700000000000001,-0.0158,-0.013999999999999999,-0.0467,0.0084,0.0182,-0.0337,0.063,,0.0106,0.0425,-0.004,-0.0192,0.07490000000000001,,,0.025,0.050300000000000004,-0.0075,-0.0102,0.0176,0.0658,0.0564,-0.0347,0.0467,-0.0167,-0.025,-0.027999999999999997,0.0207,0.0395,0.0248,0.023,0.0176,-0.0055000000000000005,0.0739,-0.0064,0.020499999999999997
1936-09,0.0001,0.0098,0.031200000000000002,0.009399999999999999,0.0141,,,,,,-0.0737,-0.0091,,0.0163,-0.0078000000000000005,0.2896,0.029500000000000002,0.027999999999999997,0.0287,0.0045000000000000005,,0.020499999999999997,0.0072,0.0189,0.060599999999999994,0.0611,-0.0042,-0.0212,0.0132,,0.0405,-0.0242,0.032400000000000005,0.0626,0.0613,,,-0.025699999999999997,0.0451,0.01,-0.020499999999999997,0.0031,0.22699999999999998,-0.0040999999999999995,0.0641,0.0345,-0.0356,0.021400000000000002,0.019799999999999998,0.0078000000000000005,0.0353,0.0256,0.08560000000000001,0.0906,-0.032799999999999996,-0.09369999999999999,-0.0046,0.0196
1936-10,0.0002,0.0712,-0.0235,0.025099999999999997,0.011200000000000002,,,,,,0.059000000000000004,0.0421,,0.0279,0.0126,0.047400000000000005,0.0823,0.0443,0.1235,0.0253,,0.0414,0.037599999999999995,0.055999999999999994,-0.0143,0.08289999999999999,0.0679,0.08130000000000001,0.1261,,0.0815,0.066,0.052199999999999996,-0.0346,0.0129,,,0.22719999999999999,-0.0036,0.124,0.057300000000000004,0.0509,0.1954,0.0077,0.050300000000000004,0.0739,0.013300000000000001,-0.046,0.0381,0.0663,0.0703,0.1143,0.049,-0.0207,0.0658,0.1681,0.0992,0.0308
1936-11,0.0001,0.0327,0.087,-0.0125,0.0204,,,,,,0.069,0.0436,,0.0795,0.032400000000000005,0.12210000000000001,0.12539999999999998,0.0202,0.028399999999999998,0.0405,,0.0546,0.0329,0.048,0.0757,0.11710000000000001,0.08310000000000001,0.22769999999999999,0.0466,,0.057300000000000004,0.0557,-0.0098,0.0755,0.0759,,,0.0298,0.0416,0.014499999999999999,-0.028399999999999998,0.0387,0.0552,0.0434,0.059699999999999996,0.0223,0.053899999999999997,0.114,0.0313,-0.038,0.17420000000000002,0.1094,0.0986,0.0301,0.0955,0.423,0.0649,0.0699
1936-12,0.0,0.002,0.0387,0.0414,0.0213,,,,,,0.0025,-0.0078000000000000005,,-0.0596,-0.0287,0.0334,0.0434,-0.0285,0.0393,0.016200000000000003,,-0.053,-0.019299999999999998,-0.0222,0.0274,-0.008,0.0101,0.1678,0.0451,,0.0513,0.0325,-0.0739,0.0259,0.0971,,,0.0159,0.0,0.092,-0.0163,-0.0042,-0.0547,0.030699999999999998,0.040999999999999995,-0.008,-0.0195,0.252,-0.009399999999999999,-0.021099999999999997,-0.0181,-0.0832,-0.048600000000000004,-0.0584,-0.0083,0.1517,-0.0171,0.0536
1937-01,0.0001,0.033600000000000005,0.0449,0.0278,-0.0194,,,,,,0.0006,0.027000000000000003,,0.0147,0.0265,0.015300000000000001,0.034300000000000004,0.030299999999999997,0.1252,0.0044,,0.15869999999999998,0.0301,0.0169,-0.0533,0.050199999999999995,0.0815,0.0458,0.0621,,0.0431,0.1223,0.073,0.0576,0.044500000000000005,,,0.0005,0.023,0.0241,0.026099999999999998,-0.0085,0.0762,0.006500000000000001,0.009300000000000001,0.0635,-0.04,0.0252,-0.009000000000000001,0.012199999999999999,0.049100000000000005,-0.0002,0.0086,-0.0079,0.0052,0.12269999999999999,0.0085,0.0662
1937-02,0.0002,0.011000000000000001,0.0064,0.042800000000000005,0.027200000000000002,,,,,,-0.008199999999999999,0.025099999999999997,,0.0667,-0.0189,-0.008199999999999999,0.011399999999999999,-0.0168,-0.0207,0.0172,,0.0613,-0.0414,-0.0070999999999999995,-0.024900000000000002,-0.011200000000000002,-0.0285,-0.0366,0.1079,,-0.0032,-0.0232,-0.0018,-0.0017000000000000001,0.0032,,,0.1185,0.0027,0.013600000000000001,-0.0421,-0.030600000000000002,0.087,0.039599999999999996,0.026099999999999998,-0.011699999999999999,0.008199999999999999,0.135,-0.022400000000000003,0.059699999999999996,-0.0401,0.0305,0.046799999999999994,-0.054900000000000004,0.0059,-0.0481,0.022400000000000003,0.0668
1937-03,0.0001,-0.0025,-0.0125,0.0704,0.0333,,,,,,0.0643,0.018799999999999997,,0.0412,-0.0676,0.021099999999999997,0.0095,-0.0674,-0.0038,-0.0223,,-0.051100000000000007,-0.050300000000000004,-0.0225,-0.062,-0.0455,0.004699999999999999,-0.1307,0.0581,,-0.0048,-0.0487,-0.030600000000000002,-0.0351,-0.0495,,,0.0613,0.0646,0.0349,-0.0632,-0.021,0.031,-0.0723,-0.0602,0.055099999999999996,-0.0231,-0.0919,0.035699999999999996,0.0518,0.038,-0.0275,-0.044500000000000005,-0.018799999999999997,-0.0652,-0.1375,-0.0374,-0.0196
1937-04,0.0003,-0.0733,-0.037200000000000004,-0.0346,-0.0354,,,,,,-0.0519,-0.0747,,-0.0907,-0.0414,-0.1535,-0.045899999999999996,-0.1124,-0.0158,-0.0332,,-0.019799999999999998,-0.0338,-0.0464,-0.0661,-0.08449999999999999,-0.0974,-0.10099999999999999,-0.1532,,-0.0356,-0.0767,-0.08,-0.1422,-0.0908,,,-0.1552,-0.1039,-0.0525,-0.0748,-0.0525,-0.0986,-0.0998,-0.0828,-0.0874,-0.061,-0.006,-0.0736,-0.0482,-0.1012,-0.071,-0.1247,-0.026099999999999998,-0.0658,-0.1732,-0.08789999999999999,-0.0806
1937-05,0.0006,-0.0077,-0.0069,-0.0346,0.005699999999999999,,,,,,-0.0087,-0.002,,-0.0026,0.0002,0.0425,-0.0085,-0.1288,-0.035,-0.0051,,-0.0216,0.018500000000000003,0.023700000000000002,0.1125,-0.0318,0.019299999999999998,-0.1358,0.0073,,0.011399999999999999,-0.0098,-0.0218,-0.039900000000000005,0.0006,,,-0.0138,-0.019799999999999998,-0.002,-0.053,0.015300000000000001,0.027200000000000002,-0.0277,0.009399999999999999,0.0325,0.12179999999999999,-0.020499999999999997,0.0086,-0.0385,-0.0098,-0.0475,0.0229,0.029300000000000003,-0.0046,-0.052000000000000005,-0.0697,0.0018
1937-06,0.0003,-0.042,-0.0391,-0.031200000000000002,0.0078000000000000005,,,,,,-0.0483,-0.029300000000000003,,-0.0705,-0.0179,-0.1534,-0.07690000000000001,-0.11960000000000001,-0.0432,-0.06309999999999999,,-0.085,-0.0394,-0.0304,-0.030299999999999997,-0.0621,-0.0755,-0.0904,-0.0222,,-0.034,-0.0055000000000000005,-0.1069,-0.015300000000000001,-0.0906,,,-0.0536,-0.098,-0.026099999999999998,-0.0527,0.014199999999999999,-0.1101,-0.0441,-0.0698,-0.0883,0.0104,0.0401,-0.0509,-0.1158,0.003,-0.0146,-0.0738,-0.042300000000000004,0.0070999999999999995,-0.0958,-0.0643,-0.030699999999999998
1937-07,0.0003,0.0894,0.0088,0.008100000000000001,-0.0045000000000000005,,,,,,0.004699999999999999,0.037000000000000005,,0.0794,0.0716,0.0633,0.1469,-0.0011,0.0875,0.0659,,0.058899999999999994,0.0405,0.050300000000000004,0.0547,0.1008,0.11359999999999999,0.29719999999999996,0.1281,,0.09759999999999999,0.096,0.1297,0.10890000000000001,0.039,,,0.09939999999999999,0.0265,0.0848,0.19329999999999997,0.0327,-0.016399999999999998,0.0817,0.1274,0.1659,0.0435,0.0397,0.1015,0.0438,0.0812,0.105,0.059000000000000004,0.04190000000000001,0.0704,0.1963,0.2589,0.0268
1937-08,0.0002,-0.0486,0.0045000000000000005,-0.0225,-0.018600000000000002,,,,,,-0.0748,-0.0197,,-0.0239,-0.0219,-0.0556,-0.022099999999999998,-0.0288,-0.0553,-0.0358,,-0.0634,0.0149,-0.0273,0.0815,-0.0416,-0.0452,-0.1457,-0.057300000000000004,,-0.04190000000000001,-0.0643,-0.0254,-0.0815,-0.0576,,,-0.0349,-0.0054,-0.0665,-0.102,-0.0254,-0.016200000000000003,-0.0192,-0.030299999999999997,-0.0264,0.0333,-0.023,-0.025099999999999997,-0.07,-0.0404,-0.042800000000000005,-0.0438,-0.0298,0.0046,-0.092,-0.2434,-0.0088
1937-09,0.0004,-0.13579999999999998,-0.07,-0.0455,-0.0681,,,,,,-0.0444,-0.1115,,-0.11359999999999999,-0.038599999999999995,-0.2663,-0.155,-0.2086,-0.1351,-0.09970000000000001,,-0.09939999999999999,-0.1085,-0.0949,-0.16670000000000001,-0.2051,-0.1961,-0.2677,-0.248,,-0.1562,-0.15810000000000002,-0.1274,-0.2285,-0.2498,,,-0.1787,-0.1679,-0.131,-0.1176,-0.021,-0.20379999999999998,-0.1058,-0.12140000000000001,-0.21309999999999998,-0.0487,-0.2536,-0.10279999999999999,-0.16149999999999998,-0.2026,-0.14,-0.14679999999999999,-0.10949999999999999,-0.1691,-0.252,-0.1649,-0.1801
1937-10,0.0002,-0.0957,0.0045000000000000005,-0.0152,-0.0146,,,,,,-0.09939999999999999,-0.0727,,-0.099,-0.0441,-0.0794,-0.10710000000000001,-0.1548,-0.0701,-0.1112,,-0.029900000000000003,-0.035699999999999996,-0.1193,-0.05,-0.1366,-0.1413,-0.08800000000000001,-0.1722,,-0.17079999999999998,-0.0701,-0.1322,-0.0718,-0.1421,,,0.0336,-0.13449999999999998,-0.069,-0.048,-0.0536,-0.23879999999999998,-0.059500000000000004,-0.0873,-0.20370000000000002,-0.04,-0.1406,-0.058499999999999996,-0.1419,-0.0675,-0.069,-0.06,-0.0787,-0.0438,-0.0999,-0.0949,-0.0858
1937-11,0.0002,-0.0831,-0.0356,0.0022,-0.0132,,,,,,-0.0942,-0.0504,,-0.0325,-0.04769999999999999,-0.1752,-0.1953,-0.1295,-0.0827,-0.1297,,-0.075,-0.050199999999999995,-0.09720000000000001,-0.1883,-0.1532,-0.0552,0.0935,-0.0842,,-0.1283,-0.0194,-0.1606,-0.0731,-0.048,,,-0.016,-0.1038,-0.1157,0.0296,-0.0359,-0.14550000000000002,-0.0444,-0.1195,-0.1265,-0.0864,0.0361,-0.1215,-0.0713,-0.0965,-0.1464,-0.0645,-0.0973,-0.0761,0.0,-0.0547,-0.0702
1937-12,0.0,-0.0429,-0.07919999999999999,-0.004699999999999999,0.048499999999999995,,,,,,0.06280000000000001,-0.0302,,-0.07400000000000001,-0.0073,-0.0839,-0.1242,-0.09179999999999999,-0.0542,-0.0378,,-0.20199999999999999,-0.0154,0.0088,-0.1326,-0.10300000000000001,-0.0943,0.1812,-0.018500000000000003,,-0.0431,-0.0333,-0.16329999999999997,0.2341,-0.008100000000000001,,,-0.012199999999999999,-0.1105,-0.0116,-0.1073,-0.0155,-0.17859999999999998,-0.0444,-0.0526,-0.0189,0.0629,-0.094,-0.1356,-0.08560000000000001,-0.1702,-0.06480000000000001,-0.09380000000000001,-0.1121,0.0001,-0.19079999999999997,-0.0567,-0.1336
1938-01,0.0,0.0048,0.0484,-0.015300000000000001,-0.0174,,,,,,0.08869999999999999,0.035,,-0.0144,0.0016,0.0037,0.052199999999999996,0.1121,0.044199999999999996,0.0756,,0.053899999999999997,0.0344,-0.0167,0.0414,0.0919,-0.0623,-0.1457,-0.0088,,-0.030299999999999997,-0.035699999999999996,0.12029999999999999,-0.0504,-0.046900000000000004,,,0.0819,0.0086,0.004699999999999999,-0.0572,-0.024300000000000002,0.046,0.0286,0.0417,-0.13470000000000001,-0.009300000000000001,-0.0163,0.0882,-0.0208,0.057300000000000004,0.060899999999999996,0.006500000000000001,0.0304,0.0212,-0.015,-0.030899999999999997,-0.0084
1938-02,0.0,0.058499999999999996,0.0040999999999999995,-0.0197,-0.028399999999999998,,,,,,0.0287,0.0451,,0.0931,0.016,0.030899999999999997,0.0271,-0.0089,0.0384,0.0222,,-0.0097,0.09,0.0782,0.0583,0.0596,0.1252,0.056799999999999996,0.0757,,0.1167,0.0435,0.0378,0.0484,0.1381,,,-0.0265,0.0178,0.09539999999999998,0.0363,-0.0232,0.0078000000000000005,0.0285,0.0883,0.2115,-0.014199999999999999,0.0894,0.0931,0.0729,0.0689,0.096,0.0842,0.0836,0.1106,0.042,0.0447,0.0536
1938-03,-0.0001,-0.2392,-0.043,-0.0363,0.1578,,,,,,-0.20440000000000003,-0.1624,,-0.2468,-0.12560000000000002,-0.3204,-0.315,-0.2781,-0.21539999999999998,-0.1776,,-0.20879999999999999,-0.1431,-0.22579999999999997,-0.1765,-0.26,-0.2652,-0.3577,-0.3032,,-0.2631,-0.3099,-0.2746,-0.22899999999999998,-0.3442,,,-0.2415,-0.33130000000000004,-0.2544,-0.1966,-0.17670000000000002,-0.34850000000000003,-0.0861,-0.19030000000000002,-0.23550000000000001,-0.2141,-0.2813,-0.1813,-0.3532,-0.2394,-0.2232,-0.2371,-0.23309999999999997,-0.2986,-0.2608,-0.2615,-0.2507
1938-04,0.0001,0.1449,0.064,0.0045000000000000005,-0.09849999999999999,,,,,,0.1882,0.1311,,0.1208,0.1039,0.34009999999999996,0.22760000000000002,0.214,0.1827,0.1067,,0.1766,0.11630000000000001,0.0691,0.0536,0.1223,0.2173,0.3323,0.1623,,0.1493,0.17170000000000002,0.1477,0.3406,0.1859,,,0.16219999999999998,0.1832,0.163,0.1478,0.13470000000000001,0.1316,0.0593,0.1093,0.1409,0.209,0.2316,0.1186,0.11900000000000001,0.1382,0.16399999999999998,0.1585,0.1437,0.2113,0.1574,0.1752,0.1664
1938-05,0.0,-0.038599999999999995,-0.024700000000000003,-0.0024,0.0698,,,,,,0.0004,-0.0032,,-0.032400000000000005,0.016399999999999998,-0.1124,-0.0729,-0.1092,-0.0183,-0.0572,,0.009399999999999999,0.0173,-0.0365,-0.0834,-0.0729,-0.095,-0.0706,-0.1075,,-0.09359999999999999,-0.0349,-0.0695,-0.0478,-0.0873,,,-0.0318,-0.08560000000000001,-0.058899999999999994,0.0215,0.0083,-0.0202,0.32,-0.0168,-0.0248,-0.022000000000000002,-0.10039999999999999,-0.0154,-0.047,-0.0414,-0.0392,-0.024399999999999998,-0.012199999999999999,-0.015,0.0105,-0.09230000000000001,-0.0862
1938-06,0.0,0.2389,0.042199999999999994,0.0037,-0.2487,,,,,,0.10640000000000001,0.1294,,0.1801,0.11359999999999999,0.3245,0.31079999999999997,0.3187,0.1413,0.1477,,0.1841,0.098,0.3002,0.19399999999999998,0.37479999999999997,0.4125,0.35509999999999997,0.4133,,0.34259999999999996,0.3105,0.3602,0.1351,0.3937,,,0.19269999999999998,0.2891,0.2198,0.16949999999999998,0.1257,0.4697,0.079,0.1796,0.3858,0.1869,0.4789,0.2006,0.272,0.2703,0.2415,0.16329999999999997,0.2446,0.3165,0.2125,0.2722,0.3411
1938-07,-0.0001,0.0732,0.0669,0.022799999999999997,-0.0677,,,,,,-0.0064,0.0513,,0.11699999999999999,0.07690000000000001,0.0506,0.0401,0.1216,0.0951,0.1281,,0.0806,0.0572,0.0611,0.1281,0.1663,0.08380000000000001,0.08900000000000001,0.0652,,0.051,0.04769999999999999,0.204,0.0992,0.0783,,,0.0962,0.1048,0.0733,0.0067,0.0128,0.20679999999999998,0.11539999999999999,0.1329,0.0444,0.044199999999999996,0.1285,0.034300000000000004,0.11630000000000001,0.086,0.08990000000000001,0.1321,0.16899999999999998,0.0178,0.0684,0.0409,0.1063
1938-08,0.0,-0.0268,-0.0248,-0.0478,0.0349,,,,,,-0.0907,-0.0447,,-0.049800000000000004,-0.0217,-0.0753,0.0337,-0.0546,-0.0049,-0.0461,,-0.037200000000000004,0.0051,0.0038,-0.0987,-0.0696,0.0171,-0.09369999999999999,-0.034,,-0.0528,-0.0045000000000000005,0.057699999999999994,-0.0479,-0.07690000000000001,,,-0.0159,-0.054000000000000006,-0.0888,-0.0553,0.0028000000000000004,0.0375,-0.1104,-0.0359,0.044500000000000005,-0.0325,-0.027000000000000003,-0.043899999999999995,-0.0533,-0.0545,-0.023799999999999998,-0.0337,0.0063,-0.047,-0.1002,-0.08460000000000001,0.0091
1938-09,0.0002,0.0085,-0.0268,-0.017,0.0242,,,,,,0.0437,-0.0026,,-0.0092,0.0134,0.0919,-0.0132,-0.035699999999999996,0.0070999999999999995,0.0232,,-0.0313,0.0011,0.0271,-0.009300000000000001,-0.0108,0.0138,0.0063,0.0217,,0.0083,0.022400000000000003,0.006500000000000001,-0.009300000000000001,-0.0253,,,-0.0189,-0.042699999999999995,0.0087,0.0125,0.0092,-0.0942,-0.0068000000000000005,-0.0128,-0.0451,0.025099999999999997,0.0731,-0.0027,-0.016399999999999998,-0.0001,0.0011,-0.013500000000000002,0.0103,0.0189,-0.0139,-0.016200000000000003,0.0285
1938-10,0.0001,0.0781,0.0581,0.0504,-0.0753,,,,,,0.04769999999999999,0.0524,,0.16469999999999999,0.0377,0.3398,0.1292,0.0695,0.0974,0.0315,,0.14800000000000002,0.053099999999999994,0.0687,0.0219,0.09480000000000001,0.0852,0.674,0.1405,,0.0801,0.12179999999999999,0.0708,0.2945,0.20120000000000002,,,0.0493,0.0815,-0.0149,0.2109,0.0356,0.07730000000000001,0.0984,0.0592,0.0967,0.04019999999999999,0.1315,0.084,0.1419,0.0876,0.0821,0.068,0.1038,0.050499999999999996,0.0909,0.1001,0.0421
1938-11,-0.0006,-0.018,-0.0255,-0.012,0.0332,,,,,,-0.0895,-0.0264,,0.0254,-0.0121,0.0004,-0.020099999999999996,-0.0682,-0.0333,-0.0526,,-0.0012,0.0149,-0.0031,-0.0055000000000000005,-0.0587,-0.039900000000000005,-0.1784,-0.0087,,-0.045,-0.0591,-0.015700000000000002,0.0736,0.008,,,-0.020499999999999997,-0.0297,-0.0014000000000000002,-0.0702,0.006500000000000001,-0.044000000000000004,-0.062400000000000004,0.0063,-0.0728,-0.0055000000000000005,-0.0319,-0.0537,-0.019299999999999998,0.0475,-0.0053,0.0141,0.0481,-0.002,-0.0833,-0.0883,0.056900000000000006
1938-12,0.0,0.0416,-0.0181,0.0054,0.0231,,,,,,0.1505,0.0258,,-0.045700000000000005,0.028999999999999998,0.0395,-0.0075,-0.015700000000000002,0.012199999999999999,-0.0002,,-0.017,0.0095,0.0567,-0.0031,0.022099999999999998,0.0536,0.2007,0.0466,,0.0371,0.029900000000000003,0.022000000000000002,0.13449999999999998,0.15460000000000002,,,0.0172,0.0062,0.049800000000000004,0.0395,0.0258,-0.0318,-0.019,0.024900000000000002,0.0775,0.035,0.08439999999999999,0.0483,0.1215,0.039900000000000005,0.0091,-0.0095,-0.0154,0.0264,0.0562,-0.011399999999999999,0.127
1939-01,-0.0001,-0.0598,-0.0154,-0.0392,-0.029900000000000003,,,,,,0.013000000000000001,-0.020099999999999996,,-0.08929999999999999,-0.0183,-0.14550000000000002,-0.1226,-0.005600000000000001,-0.0121,0.0351,,-0.033,-0.0088,-0.06559999999999999,-0.05,-0.055,-0.1079,-0.1348,-0.129,,-0.0959,-0.0791,-0.084,-0.1048,-0.1229,,,-0.048799999999999996,-0.10490000000000001,-0.06269999999999999,0.0121,0.0181,-0.0894,-0.128,-0.060899999999999996,-0.13369999999999999,-0.0582,-0.1447,-0.073,-0.1125,-0.09609999999999999,-0.03,-0.0666,-0.0737,-0.0323,-0.1001,-0.0528,-0.1167
1939-02,0.0001,0.0352,0.0060999999999999995,0.0292,0.031200000000000002,,,,,,0.083,0.034300000000000004,,0.0866,-0.0034999999999999996,0.1333,0.0326,-0.0274,0.022400000000000003,0.0318,,0.009300000000000001,0.0383,0.010700000000000001,0.020099999999999996,0.025,0.030699999999999998,0.047599999999999996,0.0447,,0.064,0.038599999999999995,0.0741,0.0323,0.052300000000000006,,,-0.0182,0.0508,-0.0123,0.08789999999999999,0.0353,0.0862,0.0593,0.013999999999999999,0.038599999999999995,-0.0129,0.0207,0.009399999999999999,0.0801,0.012199999999999999,0.06269999999999999,0.055999999999999994,0.0587,0.0253,-0.011200000000000002,0.0297,0.0059
1939-03,-0.0001,-0.1204,-0.0475,-0.0827,-0.018600000000000002,,,,,,-0.0313,-0.056799999999999996,,-0.1444,-0.0415,-0.14679999999999999,-0.2148,-0.1975,-0.0634,-0.0711,,-0.047599999999999996,-0.0435,-0.08109999999999999,-0.0588,-0.1487,-0.2091,-0.36229999999999996,-0.212,,-0.1726,-0.1794,-0.1782,-0.2022,-0.2894,,,-0.095,-0.18280000000000002,-0.0827,-0.1366,-0.0231,-0.0944,-0.2146,-0.1144,-0.2224,-0.030899999999999997,-0.23070000000000002,-0.1128,-0.179,-0.1094,-0.09519999999999999,-0.1447,-0.1116,-0.1003,-0.1079,-0.13949999999999999,-0.2004
1939-04,0.0,-0.0018,0.0167,-0.003,0.0273,,,,,,0.0649,0.0123,,-0.0196,-0.0074,0.048799999999999996,0.013999999999999999,0.0613,0.0127,-0.005699999999999999,,0.0219,0.0096,-0.0172,-0.0451,-0.0161,-0.0105,0.0263,-0.0292,,-0.01,-0.0053,0.0058,0.0559,0.0038,,,0.0,-0.0106,-0.0106,0.030299999999999997,0.0275,0.0060999999999999995,0.0334,-0.041299999999999996,-0.0064,-0.1091,-0.0638,0.0042,-0.0219,0.0038,-0.0015,0.01,-0.0504,-0.0058,0.0027,-0.0233,-0.0118
1939-05,0.0001,0.0682,0.027999999999999997,0.004699999999999999,0.0352,,,,,,0.061500000000000006,0.0632,,0.0632,0.0404,0.247,0.1356,0.0675,0.0634,0.0273,,0.07,0.0545,0.06280000000000001,0.0987,0.0848,0.11109999999999999,0.1655,0.0756,,0.092,0.0719,0.0816,0.0848,0.099,,,0.022799999999999997,0.0625,0.0255,0.066,0.0556,0.051399999999999994,0.09570000000000001,0.0663,0.0909,0.149,0.073,0.0493,0.09519999999999999,0.0645,0.1158,0.0381,0.1036,0.11699999999999999,-0.0208,0.0596,0.1056
1939-06,0.0001,-0.0532,-0.0109,-0.0528,0.022400000000000003,,,,,,-0.0206,-0.0318,,-0.049699999999999994,-0.0009,-0.0533,-0.11900000000000001,-0.0493,-0.0102,0.0054,,-0.0462,0.0127,-0.0269,-0.0067,-0.0449,-0.0911,-0.1637,-0.09880000000000001,,-0.0877,-0.09,-0.06570000000000001,-0.099,-0.1106,,,-0.0395,-0.1016,-0.0593,-0.0355,-0.0384,-0.10490000000000001,-0.1166,-0.068,-0.1523,-0.0377,-0.1507,-0.0321,-0.0969,0.0169,-0.027000000000000003,-0.056600000000000004,-0.0385,0.0066,-0.23850000000000002,-0.0943,-0.11359999999999999
1939-07,0.0,0.10220000000000001,0.041299999999999996,0.0031,-0.006999999999999999,,,,,,0.0809,0.0695,,0.0425,0.0379,0.2336,0.1666,0.0799,0.0888,0.07730000000000001,,0.041100000000000005,0.0305,0.1042,0.07429999999999999,0.1655,0.1346,0.235,0.18780000000000002,,0.1125,0.1625,0.17149999999999999,0.1185,0.14529999999999998,,,0.11,0.1045,0.028999999999999998,0.1272,0.06509999999999999,0.2022,0.032799999999999996,0.11320000000000001,0.13949999999999999,0.077,0.14980000000000002,0.08539999999999999,0.1333,0.0757,0.08800000000000001,0.0175,0.1084,0.0741,0.005,0.1392,0.2036
1939-08,-0.0001,-0.0669,-0.046900000000000004,-0.023399999999999997,0.059000000000000004,,,,,,-0.09369999999999999,-0.0738,,-0.092,-0.06559999999999999,0.0455,-0.1666,-0.1462,-0.0582,-0.07200000000000001,,-0.1229,-0.0524,-0.0246,-0.0189,-0.10769999999999999,-0.1191,-0.1678,-0.0863,,-0.1048,-0.08380000000000001,-0.0701,-0.1396,-0.0872,,,-0.061200000000000004,-0.0601,-0.039,-0.0604,-0.04190000000000001,-0.2323,-0.0475,-0.1188,-0.1528,-0.030699999999999998,-0.1166,-0.0317,-0.1115,-0.0977,-0.0725,-0.11689999999999999,-0.0949,-0.1051,-0.0731,-0.0849,-0.08380000000000001
1939-09,0.0001,0.16899999999999998,0.2061,0.2191,-0.3145,,,,,,0.1888,0.0501,,0.036699999999999997,-0.030299999999999997,0.0556,-0.154,0.3797,0.0484,0.2526,,0.0943,0.0699,0.1718,0.1558,0.2568,0.11720000000000001,0.2841,0.4404,,0.3506,0.185,0.2441,0.387,0.6336999999999999,,,0.1362,0.9258,0.2505,0.036000000000000004,0.0236,0.0575,0.218,0.022099999999999998,0.19820000000000002,-0.054400000000000004,0.2225,0.2552,0.4155,0.0431,0.015600000000000001,0.020099999999999996,0.0525,0.10679999999999999,0.1144,0.2498,-0.0089
1939-10,0.0,-0.0053,-0.0015,-0.0471,0.0658,,,,,,-0.0062,0.03,,0.0501,0.0581,0.2662,0.1493,-0.0441,0.0373,-0.0352,,0.07,0.0001,-0.030600000000000002,-0.0337,0.0106,0.0277,0.0279,-0.0482,,-0.0527,-0.03,-0.0191,0.1329,-0.0839,,,0.022400000000000003,-0.102,-0.038599999999999995,0.0212,0.0305,0.0070999999999999995,0.0028000000000000004,0.060700000000000004,-0.0512,0.045,0.048600000000000004,-0.0365,-0.0451,0.022799999999999997,0.0584,0.0467,0.0204,0.031200000000000002,-0.1116,-0.042800000000000005,0.0409
1939-11,0.0,-0.0365,-0.0518,-0.0626,-0.0029,,,,,,-0.042699999999999995,-0.0063,,-0.0365,0.0176,0.051100000000000007,-0.0987,-0.2002,-0.0012,-0.0073,,-0.02,0.0132,-0.0275,-0.0424,-0.058899999999999994,-0.0471,-0.1707,-0.0966,,-0.0762,-0.0323,-0.0334,-0.08289999999999999,-0.1379,,,-0.036000000000000004,-0.21359999999999998,-0.0602,-0.015,0.0097,-0.1361,-0.0762,-0.0336,-0.0971,0.0154,-0.056600000000000004,-0.0377,-0.0704,-0.0215,-0.0232,-0.024300000000000002,0.015,0.014199999999999999,-0.0039000000000000003,-0.0425,-0.0245
1939-12,0.0,0.029300000000000003,0.009300000000000001,-0.042199999999999994,0.0542,,,,,,0.0479,0.0277,,-0.006,0.0484,-0.0415,0.041100000000000005,0.0621,0.041100000000000005,-0.0264,,-0.0088,0.0392,0.045700000000000005,0.0063,0.0287,0.018600000000000002,0.0332,0.0217,,0.057800000000000004,0.046900000000000004,0.0395,0.08529999999999999,0.0322,,,-0.0051,0.0014000000000000002,-0.0009,0.029500000000000002,0.028900000000000002,-0.12560000000000002,0.0181,0.0012,0.0015,0.0207,0.08460000000000001,0.0547,0.0323,-0.0851,0.0323,-0.0123,0.0252,0.087,0.018000000000000002,-0.1417,0.0123
1940-01,0.0,-0.0241,0.004,-0.011000000000000001,0.0174,,,,,,-0.041299999999999996,0.0207,,0.0163,0.0232,0.0663,0.0073,0.0105,0.033,0.012,,0.0141,-0.018799999999999997,-0.027200000000000002,0.0,0.0006,-0.0131,-0.09380000000000001,-0.0943,,-0.0616,-0.049699999999999994,-0.042800000000000005,-0.0268,-0.1245,,,-0.0189,-0.04190000000000001,-0.0217,-0.0005,-0.0012,-0.004699999999999999,0.027999999999999997,-0.005,-0.016399999999999998,-0.0382,-0.0361,-0.0026,-0.045899999999999996,-0.0233,-0.0097,0.0147,0.0215,-0.0026,0.0975,-0.0285,0.045
1940-02,0.0,0.0144,0.0222,0.0018,0.0167,,,,,,-0.0417,0.0084,,0.028900000000000002,0.0181,0.0904,-0.011399999999999999,-0.0044,0.015,0.0106,,-0.0059,0.015600000000000001,0.0268,0.0562,0.0012,-0.0225,-0.03,0.053099999999999994,,0.0092,-0.0007000000000000001,0.0223,0.0297,0.0089,,,0.0023,0.0516,0.0092,-0.0125,0.0104,0.08130000000000001,0.0373,0.0331,-0.016200000000000003,-0.0576,0.020499999999999997,0.0318,0.0146,0.040999999999999995,0.0248,0.030600000000000002,0.0032,0.0053,-0.0138,0.0033,0.020099999999999996
1940-03,0.0,0.020499999999999997,0.0127,-0.013000000000000001,-0.0055000000000000005,,,,,,0.0179,0.024300000000000002,,0.0444,0.0063,0.10949999999999999,0.0022,0.024300000000000002,0.003,-0.0159,,0.042800000000000005,0.0184,0.024300000000000002,-0.021,0.0138,0.0121,0.0189,0.0069,,0.0329,0.0437,0.034300000000000004,0.0282,0.0034000000000000002,,,0.0174,0.021,0.0171,0.0175,0.0116,-0.0273,0.0346,-0.0192,0.031400000000000004,0.011699999999999999,-0.0109,-0.0058,0.032400000000000005,0.049800000000000004,0.0305,0.0675,0.0189,-0.014199999999999999,0.084,0.0659,0.0297
1940-04,0.0,0.0022,0.04019999999999999,-0.0026,0.0336,,,,,,0.0377,0.0159,,-0.0083,0.0215,-0.033,-0.0797,0.0219,0.0137,0.029300000000000003,,-0.0013,-0.0032,0.0072,0.052000000000000005,-0.020099999999999996,-0.0070999999999999995,-0.061200000000000004,0.006999999999999999,,0.0017000000000000001,-0.022400000000000003,-0.0078000000000000005,-0.0021,-0.0053,,,-0.0125,0.0181,0.0016,-0.0134,0.0033,-0.0167,0.0161,-0.0434,0.056900000000000006,0.0363,0.1637,0.063,-0.0007000000000000001,-0.0202,-0.0013,0.008,0.0018,0.0046,-0.2254,-0.032,-0.0146
1940-05,-0.0002,-0.2202,-0.066,-0.038,0.028900000000000002,,,,,,-0.19390000000000002,-0.2216,,-0.2817,-0.1782,-0.29760000000000003,-0.32289999999999996,-0.3481,-0.2263,-0.2057,,-0.16079999999999997,-0.2143,-0.1934,-0.2266,-0.2793,-0.2912,-0.3804,-0.2262,,-0.2396,-0.21289999999999998,-0.2625,-0.17350000000000002,-0.24050000000000002,,,-0.20420000000000002,-0.2825,-0.2463,-0.20010000000000003,-0.1413,-0.287,-0.3031,-0.2027,-0.2446,-0.18469999999999998,-0.3604,-0.2506,-0.2376,-0.3074,-0.2443,-0.23739999999999997,-0.2957,-0.237,-0.2727,-0.2236,-0.3371
1940-06,0.0,0.0669,-0.0173,0.0387,-0.0246,,,,,,-0.0301,0.0533,,0.0434,0.0596,0.0504,0.0705,0.0832,0.11289999999999999,0.10640000000000001,,-0.0163,0.051399999999999994,0.0383,-0.0344,0.0729,0.0604,0.3691,0.04,,0.0632,0.056600000000000004,0.0837,-0.1063,0.10490000000000001,,,0.0064,0.154,0.055999999999999994,0.1747,0.0876,0.0064,0.0424,-0.0125,-0.0358,-0.0455,0.0203,0.0687,0.1241,0.1226,0.0907,0.0455,0.0126,0.1259,0.0,0.0933,0.1137
1940-07,0.0001,0.0318,0.009899999999999999,-0.0075,0.0106,,,,,,0.012,0.005600000000000001,,0.1024,-0.016399999999999998,0.13269999999999998,-0.0019,0.0395,0.0471,-0.0467,,0.004699999999999999,-0.0055000000000000005,0.029300000000000003,0.1383,0.0538,0.0973,-0.038,0.042300000000000004,,0.0571,0.0608,0.0583,0.058600000000000006,0.0281,,,0.0031,0.0184,0.0321,0.0008,0.0197,-0.0461,0.0805,0.026699999999999998,0.0928,0.0104,0.0823,0.0275,0.0412,0.0078000000000000005,0.0446,0.024900000000000002,0.0437,0.073,0.053200000000000004,0.0368,0.0642
1940-08,-0.0001,0.022,-0.0018,0.0055000000000000005,-0.0178,,,,,,0.0109,0.011200000000000002,,0.0171,0.0124,0.0721,0.0263,-0.0332,-0.0405,0.0226,,-0.0144,-0.0231,0.0268,0.056100000000000004,0.0519,0.051699999999999996,-0.0029,0.0277,,0.015600000000000001,0.0259,0.0736,0.0621,0.015300000000000001,,,0.011200000000000002,0.0317,0.0141,-0.0105,-0.0036,0.1613,0.0066,0.0282,0.0809,0.0697,0.032799999999999996,0.017,0.0365,-0.0109,0.0297,-0.001,0.045,-0.013300000000000001,-0.0653,0.015600000000000001,0.0513
1940-09,0.0,0.0239,0.032,-0.011399999999999999,-0.0006,,,,,,0.0616,0.018799999999999997,,0.0434,0.0239,0.0766,0.0262,0.0149,0.050499999999999996,0.033,,0.0259,0.046799999999999994,0.0323,0.02,0.060700000000000004,0.04019999999999999,0.0196,0.0555,,0.0694,0.0384,0.029300000000000003,-0.0015,0.08529999999999999,,,0.0594,0.0678,-0.0236,-0.0219,0.0167,0.113,0.024,0.0803,0.0583,0.0304,0.011200000000000002,0.0147,0.0254,0.12480000000000001,0.0322,0.038599999999999995,-0.0101,0.0139,0.5871,-0.0104,0.073
1940-10,0.0,0.030299999999999997,0.0033,0.04650000000000001,-0.0576,,,,,,0.0351,-0.0129,,-0.0111,-0.032400000000000005,0.0435,0.10880000000000001,0.0605,-0.08929999999999999,0.0,,0.0195,-0.031400000000000004,-0.005699999999999999,0.0,0.0401,0.022799999999999997,0.1243,0.1283,,0.08689999999999999,0.0194,0.0434,0.0519,0.0633,,,0.044000000000000004,0.014499999999999999,0.0636,0.0383,0.0161,0.059000000000000004,0.0313,0.0323,0.0969,0.0338,0.011000000000000001,-0.0088,0.049,0.0012,0.0006,0.0155,0.0222,0.0815,-0.048,0.11939999999999999,-0.0060999999999999995
1940-11,0.0,-0.0165,0.019799999999999998,0.0016,0.0131,,,,,,0.021,-0.0088,,0.0733,-0.0252,0.0104,0.09269999999999999,-0.013600000000000001,0.0021,-0.0021,,0.018600000000000002,-0.0197,-0.051100000000000007,0.052000000000000005,-0.0046,-0.024,-0.1032,0.017,,0.0032,-0.0434,-0.006500000000000001,0.028900000000000002,0.0146,,,0.0698,-0.0229,0.0084,-0.1311,0.006,0.08259999999999999,-0.0229,-0.0229,-0.07690000000000001,0.0473,-0.0342,-0.0392,-0.0286,-0.0642,-0.0227,0.0673,0.0443,0.0319,-0.2899,-0.07440000000000001,-0.0096
1940-12,0.0,0.0069,-0.0212,-0.0089,0.0354,,,,,,0.0028000000000000004,0.009000000000000001,,-0.0003,0.006,-0.0429,0.0981,-0.0319,0.024900000000000002,-0.0017000000000000001,,-0.0029,-0.0023,0.019299999999999998,-0.0194,-0.026000000000000002,-0.0184,-0.0005,0.016200000000000003,,0.0089,0.0007000000000000001,-0.0313,-0.0064,0.0166,,,0.0008,0.1374,0.0223,0.0177,0.020499999999999997,-0.031400000000000004,-0.0036,0.0263,-0.0403,-0.0245,0.0027,-0.0044,0.0102,-0.08410000000000001,0.005699999999999999,-0.0329,-0.0513,-0.0204,0.1833,-0.01,-0.0304
1941-01,-0.0001,-0.0419,0.0098,0.0383,-0.0475,,,,,,-0.078,-0.0101,,-0.0288,0.0116,-0.028399999999999998,-0.0187,0.031200000000000002,-0.0239,0.0397,,0.085,-0.0252,-0.0679,0.0132,-0.0246,-0.055999999999999994,-0.09910000000000001,-0.09949999999999999,,-0.061,-0.027000000000000003,-0.09539999999999998,-0.0675,-0.0698,,,-0.0202,-0.08839999999999999,-0.0206,-0.0218,-0.021,-0.0232,-0.0070999999999999995,-0.0016,0.019799999999999998,-0.0432,-0.0452,-0.024399999999999998,-0.015,0.0134,-0.0375,0.0086,-0.0062,-0.0207,0.13,-0.0178,0.0383
1941-02,-0.0001,-0.0144,-0.015600000000000001,0.0089,0.010700000000000001,,,,,,-0.0044,-0.0281,,-0.0375,-0.0233,-0.0058,0.006500000000000001,-0.006999999999999999,-0.0464,-0.029500000000000002,,-0.0333,-0.047599999999999996,-0.0239,-0.0067,-0.009899999999999999,-0.0246,-0.038,-0.015300000000000001,,-0.025699999999999997,-0.0024,0.0152,-0.0055000000000000005,-0.0268,,,-0.0111,-0.0181,-0.0068000000000000005,-0.011899999999999999,-0.0223,-0.08839999999999999,-0.013999999999999999,-0.0053,0.0101,-0.0075,-0.0176,-0.0095,0.001,-0.045599999999999995,-0.0252,-0.022099999999999998,0.015700000000000002,-0.0254,-0.1151,-0.027200000000000002,-0.0282
1941-03,0.0001,0.008499999999999999,0.0009,0.0305,0.0246,,,,,,0.0233,0.0225,,0.008,-0.0276,0.0663,0.0102,0.0475,0.0475,0.0040999999999999995,,0.0325,0.0173,0.0171,0.0533,0.036000000000000004,-0.0191,-0.0048,-0.0055000000000000005,,0.0038,-0.0079,-0.015300000000000001,0.001,0.0342,,,0.0163,0.0139,0.0377,-0.0334,0.0177,0.0333,0.0001,0.032799999999999996,-0.0206,0.0346,-0.0358,0.0132,0.0268,-0.011200000000000002,0.0121,0.030299999999999997,-0.0209,0.0647,0.2501,-0.009000000000000001,-0.0233
1941-04,-0.0001,-0.054700000000000006,-0.0167,0.0341,0.030299999999999997,,,,,,-0.030600000000000002,-0.041299999999999996,,-0.08710000000000001,-0.0385,-0.1017,-0.0252,-0.0264,-0.0444,-0.0176,,-0.0143,-0.0536,-0.0377,-0.09179999999999999,-0.08109999999999999,-0.0501,-0.14,-0.07429999999999999,,-0.0757,-0.0932,-0.1041,-0.0478,-0.08220000000000001,,,-0.0621,-0.0341,0.014499999999999999,-0.09630000000000001,-0.0635,-0.011000000000000001,-0.051500000000000004,-0.07339999999999999,-0.0167,-0.087,-0.127,-0.0696,-0.028999999999999998,-0.013500000000000002,-0.0535,-0.0124,-0.07690000000000001,-0.0575,-0.284,-0.08070000000000001,-0.085
1941-05,0.0,0.0137,-0.0064,0.0060999999999999995,0.026099999999999998,,,,,,-0.0464,-0.0054,,0.0603,-0.0301,0.0189,-0.051100000000000007,-0.0235,-0.0154,-0.0131,,0.030299999999999997,-0.0163,0.0366,0.0771,-0.0060999999999999995,-0.0025,-0.0066,0.0603,,0.0436,-0.0096,0.0038,0.044199999999999996,0.08410000000000001,,,0.0302,-0.0067,0.055099999999999996,-0.0447,0.004,-0.0395,-0.005600000000000001,0.0368,-0.006,-0.014199999999999999,0.0276,-0.0182,-0.0144,-0.0313,0.0236,0.0058,-0.0719,0.030600000000000002,-0.0391,0.0196,-0.0049
1941-06,0.0,0.0583,0.0131,0.0060999999999999995,-0.0068000000000000005,,,,,,0.1079,0.0383,,0.0882,0.1015,0.0789,0.0949,-0.0316,0.1206,0.0313,,0.0269,0.0688,0.0674,0.039599999999999996,0.0592,0.06849999999999999,0.0412,0.056299999999999996,,0.0605,0.1183,0.0363,0.052199999999999996,0.060700000000000004,,,0.06,0.1765,0.051,0.039,0.050300000000000004,0.18539999999999998,0.0582,0.0552,0.0068000000000000005,0.1193,0.084,0.0641,0.0382,0.0805,0.050499999999999996,0.0489,0.0282,0.08220000000000001,0.1861,0.0288,0.1369
1941-07,0.0003,0.059000000000000004,0.0574,0.0724,-0.0151,,,,,,0.08259999999999999,0.0621,,0.12560000000000002,0.026699999999999998,-0.0616,0.1543,0.05,0.0434,0.08449999999999999,,0.16,0.0775,0.0592,0.0159,0.096,0.0655,0.327,0.0757,,0.08560000000000001,0.0028000000000000004,0.046799999999999994,0.0958,0.057300000000000004,,,0.076,0.2286,0.10949999999999999,0.0533,-0.0038,0.07490000000000001,0.053099999999999994,0.0629,0.0775,0.04190000000000001,0.16079999999999997,0.0882,0.0676,0.19,0.0458,0.0554,0.0355,0.1162,0.1235,0.102,0.0603
1941-08,0.0001,-0.0016,-0.0043,-0.011000000000000001,0.0018,,,,,,0.0132,0.013600000000000001,,0.11289999999999999,-0.0074,0.0125,0.1355,-0.0245,0.0074,-0.0026,,-0.014499999999999999,0.0014000000000000002,-0.006,0.0031,-0.0051,0.0036,-0.054000000000000006,-0.0154,,-0.0011,0.0138,0.0239,0.0183,-0.0287,,,0.0011,-0.0195,-0.0347,-0.020499999999999997,0.0106,-0.0187,-0.0189,-0.0195,0.012199999999999999,0.0018,-0.0027,-0.0229,-0.0067,0.022000000000000002,0.024,0.02,-0.0083,0.021,0.0083,0.0040999999999999995,0.026099999999999998
1941-09,0.0001,-0.008700000000000001,-0.0098,-0.0027,-0.0167,,,,,,0.044199999999999996,0.028399999999999998,,-0.011200000000000002,0.0046,-0.0692,-0.0009,-0.0499,-0.0147,0.005699999999999999,,-0.0048,-0.002,-0.0209,-0.0794,-0.008,-0.0163,-0.1168,-0.0509,,-0.0279,-0.0202,0.0392,-0.0301,-0.053099999999999994,,,-0.0334,-0.0587,-0.006,-0.0285,0.0025,-0.0184,-0.0023,0.011399999999999999,-0.0213,0.030600000000000002,-0.0245,0.0115,-0.0359,-0.0337,0.0051,-0.0252,0.0031,0.0165,-0.1096,0.0021,0.010700000000000001
1941-10,0.0,-0.0526,-0.0207,0.0163,0.0482,,,,,,-0.0425,-0.0466,,-0.013300000000000001,-0.1306,-0.11560000000000001,-0.0161,-0.09519999999999999,-0.0368,-0.038599999999999995,,-0.025,-0.0377,-0.0635,-0.0069,-0.0416,-0.1108,-0.1048,-0.0582,,-0.0735,-0.1242,-0.0788,-0.04,-0.0799,,,-0.07490000000000001,-0.0599,0.022799999999999997,-0.0973,-0.027200000000000002,-0.051399999999999994,-0.07519999999999999,-0.0281,-0.06269999999999999,-0.0691,-0.0762,-0.0638,-0.0263,-0.0877,-0.052000000000000005,-0.0227,-0.06,-0.0507,-0.2069,-0.0675,-0.0341
1941-11,0.0,-0.0195,-0.0108,-0.006,0.0441,,,,,,0.057300000000000004,-0.0118,,0.0067,-0.09720000000000001,0.0919,0.0218,-0.0556,-0.0391,-0.0105,,-0.005600000000000001,-0.0305,0.006,0.060599999999999994,-0.0292,-0.005,0.020099999999999996,-0.0229,,-0.031,-0.0236,-0.0349,0.0161,-0.0374,,,0.0062,-0.0179,0.0319,-0.0673,-0.0403,-0.08779999999999999,-0.0359,-0.012,-0.1015,-0.0066,-0.0676,-0.0858,-0.022400000000000003,0.0049,-0.0464,-0.0163,-0.018000000000000002,-0.0355,-0.2066,-0.0227,-0.0458
1941-12,0.0001,-0.04869999999999999,-0.0286,-0.0594,0.004,,,,,,-0.010700000000000001,-0.0553,,-0.0638,-0.0095,-0.2463,-0.019799999999999998,-0.1555,-0.0689,-0.0101,,-0.083,-0.0134,0.0079,-0.17809999999999998,-0.0712,0.0015,-0.1364,0.06849999999999999,,0.0088,0.005,-0.1293,0.0026,0.024700000000000003,,,-0.023700000000000002,-0.04019999999999999,-0.1119,-0.0751,-0.0863,-0.2492,-0.1572,-0.0636,-0.0134,0.063,-0.0092,-0.1329,-0.0588,-0.0562,-0.09910000000000001,-0.0667,-0.16899999999999998,0.005600000000000001,0.033,-0.01,-0.1016
1942-01,0.0002,0.008100000000000001,0.0745,0.10099999999999999,-0.0363,,,,,,-0.0987,0.0048,,0.056600000000000004,0.068,0.0495,0.053399999999999996,0.1655,-0.0363,0.1079,,0.0943,-0.0346,-0.08,0.0958,0.069,0.028999999999999998,0.0384,0.0027,,0.042300000000000004,0.025,0.0641,-0.06480000000000001,0.0495,,,0.0608,0.0336,-0.0168,0.0405,-0.0137,0.2263,0.1386,-0.0137,0.09970000000000001,-0.0362,0.0443,0.0662,0.1235,0.018000000000000002,0.0058,0.034,0.0987,-0.0528,0.06570000000000001,0.1067,0.109
1942-02,0.0001,-0.0245,0.0174,-0.0115,-0.0072,,,,,,-0.1773,-0.0581,,-0.0169,-0.0432,-0.046900000000000004,0.0132,0.0482,-0.046900000000000004,-0.0213,,-0.0129,-0.0558,-0.049699999999999994,0.0271,-0.0074,-0.013000000000000001,-0.0473,-0.0049,,-0.0258,-0.0282,0.0545,0.0118,-0.01,,,-0.021,-0.006500000000000001,-0.0591,-0.0248,-0.005699999999999999,0.0405,-0.0392,-0.0206,0.0429,-0.0207,-0.0204,-0.0079,-0.0265,0.0424,-0.0204,-0.0017000000000000001,0.0176,-0.0152,0.011000000000000001,-0.0027,-0.0403
1942-03,0.0001,-0.0659,0.0187,-0.0060999999999999995,-0.0026,,,,,,0.0387,-0.0809,,-0.0471,-0.132,-0.0808,-0.041100000000000005,0.0111,-0.0222,-0.026000000000000002,,0.0196,-0.058600000000000006,-0.08199999999999999,-0.0455,-0.0354,-0.038,-0.07730000000000001,-0.0453,,-0.06309999999999999,-0.0639,0.0147,-0.018799999999999997,-0.0453,,,-0.1121,-0.0317,-0.08310000000000001,-0.122,-0.0695,-0.0484,-0.0225,-0.026099999999999998,0.0178,-0.095,-0.051,-0.0464,-0.0959,-0.0118,-0.0725,-0.0169,-0.0371,-0.09720000000000001,-0.008,-0.06860000000000001,-0.038599999999999995
1942-04,0.0001,-0.0436,-0.0044,0.0209,-0.0083,,,,,,-0.0654,-0.021,,-0.068,-0.0542,-0.07690000000000001,-0.0557,-0.0688,0.0165,-0.09699999999999999,,-0.0291,-0.0451,-0.018600000000000002,0.0397,-0.0588,-0.0407,-0.045899999999999996,-0.0736,,-0.049800000000000004,-0.04,-0.0417,-0.114,-0.08839999999999999,,,-0.0449,-0.0694,-0.0354,-0.0346,-0.0732,-0.027000000000000003,0.003,-0.0028000000000000004,-0.0444,-0.0472,-0.06860000000000001,-0.032,-0.009399999999999999,-0.07400000000000001,-0.0592,-0.037599999999999995,0.015,-0.0596,-0.02,-0.0125,-0.0163
1942-05,0.0003,0.0599,-0.032,-0.026699999999999998,-0.04769999999999999,,,,,,0.046,0.0787,,0.0986,0.1318,0.1131,0.09369999999999999,0.0192,0.0063,0.0235,,0.0204,0.1536,0.046799999999999994,0.006999999999999999,0.067,0.0593,0.0644,-0.029300000000000003,,0.0394,0.0843,0.1048,-0.0447,-0.0235,,,0.051,-0.0068000000000000005,0.069,0.0839,0.07719999999999999,0.057999999999999996,0.044800000000000006,0.045599999999999995,0.0669,0.08560000000000001,0.0187,0.049699999999999994,0.0088,0.0504,0.1209,0.0059,0.1106,0.1117,0.022000000000000002,0.0222,0.046
1942-06,0.0002,0.027,-0.0128,0.0043,-0.0138,,,,,,0.0045000000000000005,0.047599999999999996,,0.0279,0.0212,0.0874,0.0304,0.0634,0.0393,0.0297,,0.0377,0.0282,0.0495,0.0078000000000000005,0.0178,0.0233,0.028900000000000002,0.0348,,0.0366,0.0286,0.016,0.009899999999999999,-0.0254,,,0.0391,0.015300000000000001,0.0446,0.0166,-0.0231,-0.0277,0.056900000000000006,0.0875,-0.0034000000000000002,0.0857,0.0392,0.0254,0.0118,0.0131,0.025699999999999997,0.011899999999999999,0.0168,0.0177,-0.0048,0.018799999999999997,0.0256
1942-07,0.0003,0.0354,-0.0015,0.0241,0.008,,,,,,0.05,0.0172,,0.0735,0.0196,0.025099999999999997,0.0926,0.0601,0.0471,0.038,,0.061399999999999996,0.0143,0.01,0.10769999999999999,0.0559,0.035699999999999996,0.0452,0.0381,,0.0326,0.013300000000000001,0.0235,0.044800000000000006,0.06480000000000001,,,0.0487,0.0682,0.0605,-0.004699999999999999,0.044800000000000006,-0.0014000000000000002,0.0371,0.0385,0.0775,0.013500000000000002,0.0559,-0.0052,0.0737,0.10769999999999999,0.047400000000000005,0.12210000000000001,0.0545,0.060599999999999994,0.0038,0.051500000000000004,0.0149
1942-08,0.0003,0.018300000000000004,-0.0008,0.013300000000000001,-0.0008,,,,,,-0.0051,0.018799999999999997,,0.07400000000000001,-0.0242,0.0392,-0.0009,0.0127,0.009300000000000001,0.013000000000000001,,0.1435,0.0196,0.009899999999999999,0.0208,0.0291,-0.0012,-0.049800000000000004,0.013999999999999999,,-0.0021,0.0181,0.0264,0.0584,0.0416,,,-0.0017000000000000001,0.0046,0.0359,0.008100000000000001,0.024900000000000002,-0.0116,0.0489,0.0158,0.0416,-0.043899999999999995,-0.0178,0.015700000000000002,0.037200000000000004,0.0281,0.0169,0.028999999999999998,0.0285,-0.0021,-0.0447,0.023799999999999998,-0.0092
1942-09,0.0003,0.026500000000000003,0.0064,0.0239,-0.0092,,,,,,-0.0128,0.0088,,0.0495,-0.0352,-0.0337,0.0417,0.0499,0.018000000000000002,0.0177,,0.0063,0.0024,0.047400000000000005,0.0764,0.0363,0.0333,0.1257,0.0144,,0.036000000000000004,0.053099999999999994,0.0286,0.0451,0.0255,,,0.011200000000000002,0.049,0.0235,0.058600000000000006,0.0207,0.08259999999999999,-0.0092,0.0087,0.0687,0.0814,0.0219,0.008,0.0426,0.0181,0.0062,0.0168,0.0216,0.024,0.0971,0.0195,0.0513
1942-10,0.0003,0.06849999999999999,0.0175,0.0647,-0.0441,,,,,,0.0371,0.045,,-0.0064,0.0545,0.0746,0.0677,0.28850000000000003,0.0706,0.0229,,0.0926,0.0391,0.0663,0.028999999999999998,0.056299999999999996,0.06280000000000001,0.1942,0.0681,,0.07519999999999999,0.071,0.060700000000000004,0.0718,0.07339999999999999,,,0.09880000000000001,0.0579,0.0966,0.1519,0.061900000000000004,0.0764,0.045599999999999995,0.061900000000000004,0.1069,0.0252,0.0745,0.049699999999999994,0.0866,0.0437,0.0044,0.04769999999999999,0.0268,0.053899999999999997,-0.10949999999999999,0.21780000000000002,0.0033
1942-11,0.0003,0.0015999999999999999,-0.0149,-0.042300000000000004,-0.010700000000000001,,,,,,0.1213,0.0432,,0.0022,-0.0128,-0.037000000000000005,-0.0169,0.0006,-0.0087,-0.0171,,0.0101,0.016,0.0066,0.0282,0.032,0.0235,0.0313,-0.0706,,-0.0121,0.0096,-0.0039000000000000003,-0.10800000000000001,-0.0768,,,-0.0215,-0.0725,0.009899999999999999,-0.0132,0.0263,0.0925,0.0039000000000000003,0.038599999999999995,0.027999999999999997,0.0473,0.0125,0.008,-0.0373,0.019,0.0682,0.042800000000000005,0.1307,-0.005600000000000001,0.044500000000000005,-0.0662,0.0707
1942-12,0.0003,0.051699999999999996,-0.0255,0.0055000000000000005,0.0318,,,,,,0.0781,0.0337,,0.049,0.06269999999999999,0.0098,0.0799,0.06,-0.0042,0.0797,,0.053099999999999994,0.08869999999999999,0.061,0.057300000000000004,0.0579,0.067,0.0579,0.037000000000000005,,0.0819,0.06709999999999999,0.08990000000000001,0.0176,0.0526,,,0.054400000000000004,0.0154,0.0758,0.0436,0.0034999999999999996,0.0281,-0.0126,0.0527,0.07200000000000001,0.0471,0.21780000000000002,0.026600000000000002,0.0355,0.09359999999999999,0.0268,-0.0277,0.0143,0.0765,-0.0934,0.0906,0.0216
1943-01,0.0003,0.0716,0.08810000000000001,0.0823,-0.003,,,,,,0.021,0.0872,,0.07490000000000001,0.12269999999999999,0.12619999999999998,0.018600000000000002,0.2148,0.0664,0.0666,,0.1514,0.0191,0.045899999999999996,0.1084,0.0894,0.06280000000000001,0.2305,0.0943,,0.0548,0.1192,0.051100000000000007,0.1033,0.12390000000000001,,,0.085,0.10550000000000001,0.0637,0.14730000000000001,0.0378,0.09570000000000001,0.1211,0.0704,0.042199999999999994,0.0435,0.0405,0.1209,0.0726,0.0406,0.0688,0.1537,0.0281,-0.0069,0.2373,0.1663,0.08789999999999999
1943-02,0.0003,0.061900000000000004,0.0484,0.0652,-0.0163,,,,,,0.0097,0.044000000000000004,,0.0557,0.0033,0.1208,0.113,0.2211,0.0874,0.0753,,-0.022000000000000002,0.0394,0.0229,0.0814,0.0733,0.0712,0.22899999999999998,0.059500000000000004,,0.0791,0.0464,0.0781,0.0823,0.1054,,,0.0479,0.114,0.079,0.0796,0.08810000000000001,0.0528,0.1474,0.051699999999999996,0.0313,-0.0321,0.0429,0.0401,0.10619999999999999,0.1149,0.0287,0.0417,0.0659,0.0462,0.5877,0.1412,0.0058
1943-03,0.0003,0.0606,0.0507,0.054900000000000004,0.0472,,,,,,-0.0139,0.0458,,0.0966,0.0298,0.1094,0.2528,0.11230000000000001,0.025699999999999997,0.050199999999999995,,0.1445,0.040999999999999995,0.0263,0.030600000000000002,0.1013,0.07150000000000001,0.08109999999999999,0.08380000000000001,,0.0706,0.0755,0.059699999999999996,0.0949,0.11019999999999999,,,0.08810000000000001,0.152,0.0694,0.047,0.0064,0.3311,0.1413,0.0596,0.1382,0.07490000000000001,0.0848,0.045599999999999995,0.09230000000000001,0.1261,0.0857,0.0934,0.1168,0.053099999999999994,-0.09570000000000001,0.10640000000000001,0.06570000000000001
1943-04,0.0003,0.008400000000000001,0.0207,0.058600000000000006,0.058600000000000006,,,,,,-0.0796,0.0124,,0.09759999999999999,0.0113,-0.042300000000000004,0.0165,0.20629999999999998,0.0108,-0.021099999999999997,,0.09539999999999998,0.0098,-0.008,0.0941,0.0106,-0.0141,0.055,-0.04019999999999999,,-0.0083,0.013600000000000001,0.009000000000000001,0.011000000000000001,-0.0288,,,-0.015300000000000001,0.1259,0.0085,0.0403,0.0416,0.015700000000000002,0.0118,-0.0042,0.079,0.0078000000000000005,-0.0383,-0.0062,0.0345,0.0776,0.0161,0.086,-0.034,0.0444,-0.0084,0.0509,0.0034999999999999996
1943-05,0.0002,0.0577,0.044000000000000004,0.032799999999999996,0.059000000000000004,,,,,,0.161,0.0639,,0.0321,0.0634,0.07730000000000001,0.1193,0.2501,0.046900000000000004,0.043899999999999995,,0.08410000000000001,0.058600000000000006,0.0688,0.0679,0.025099999999999997,0.0707,0.051100000000000007,0.0336,,0.0332,0.0613,0.06280000000000001,0.0108,0.155,,,0.0152,0.0395,0.0572,0.0455,0.045700000000000005,0.1555,0.0827,0.0915,0.0429,0.0462,0.1559,0.055999999999999994,0.0495,0.037200000000000004,0.0766,0.0453,0.1537,-0.0097,0.3345,0.06709999999999999,0.0785
1943-06,0.0003,0.018500000000000003,-0.0103,-0.0075,-0.0132,,,,,,0.0661,0.0109,,0.04190000000000001,0.0196,-0.0034999999999999996,0.0018,-0.0484,-0.0005,0.0489,,0.0106,-0.0076,0.0012,-0.0215,0.064,0.0461,-0.0058,-0.0083,,0.0495,0.0334,0.051,-0.0335,-0.0159,,,-0.0388,-0.0666,0.0128,0.042,0.022799999999999997,0.0953,0.0294,0.024700000000000003,0.0079,-0.0163,0.0152,0.0337,-0.0045000000000000005,0.1552,0.0537,0.0196,0.012199999999999999,0.0375,-0.0074,-0.0292,0.0101
1943-07,0.0003,-0.0475,-0.0231,-0.0223,-0.0451,,,,,,-0.0889,0.0040999999999999995,,-0.0666,-0.0394,-0.0208,-0.067,-0.0897,-0.0319,0.0040999999999999995,,-0.0894,-0.029900000000000003,-0.0654,,-0.08220000000000001,-0.0812,-0.1295,-0.0525,,-0.0797,-0.0866,-0.0956,-0.1222,-0.1293,,,-0.026000000000000002,-0.1017,-0.0279,-0.005,-0.0018,0.1096,-0.0521,-0.0484,-0.1134,-0.0226,-0.0593,-0.0542,-0.0588,-0.094,-0.0311,0.0417,-0.0236,-0.0397,-0.1235,-0.063,-0.0782
1943-08,0.0003,0.013300000000000001,-0.0064,-0.004699999999999999,0.009000000000000001,,,,,,0.0331,0.0039000000000000003,,0.028300000000000002,0.0105,0.0070999999999999995,0.0165,0.1107,0.0095,-0.0087,,-0.021400000000000002,0.0039000000000000003,0.0066,,0.0371,0.0036,-0.0152,0.0026,,0.0192,0.0076,0.037000000000000005,-0.0087,0.0109,,,0.0149,0.0264,0.010700000000000001,0.0184,0.0091,0.1561,-0.0208,0.023700000000000002,0.021099999999999997,-0.0278,0.0134,-0.015600000000000001,0.015,0.026000000000000002,0.0383,-0.0052,0.005600000000000001,0.044199999999999996,-0.011000000000000001,-0.0026,0.055999999999999994
1943-09,0.0003,0.024300000000000002,0.013000000000000001,0.014199999999999999,0.0173,,,,,,0.0401,0.0189,,0.0096,0.0219,0.0143,0.0322,0.0331,0.053,0.018799999999999997,,0.0707,0.038599999999999995,0.024,,0.0533,0.0537,0.0318,0.0172,,0.024300000000000002,0.0576,0.0169,0.0037,0.0151,,,0.0083,0.0431,0.0138,0.0387,0.014499999999999999,-0.0408,0.0528,0.0333,0.06,0.0416,-0.015,0.0555,0.0255,0.0556,0.021099999999999997,0.0011,0.0282,0.0103,-0.037200000000000004,0.008199999999999999,0.0282
1943-10,0.0003,-0.0112,0.006,0.0168,-0.0069,,,,,,-0.011200000000000002,-0.0022,,0.136,-0.021099999999999997,-0.0599,-0.0286,-0.005,-0.0108,-0.02,,0.018799999999999997,0.0052,-0.0219,,-0.004,-0.0207,0.034300000000000004,0.0109,,-0.012199999999999999,-0.0404,-0.0129,-0.0066,0.0381,,,-0.0347,0.0031,-0.0208,0.005699999999999999,0.0073,-0.0255,-0.0031,-0.024300000000000002,-0.0007000000000000001,-0.0192,-0.013300000000000001,0.004699999999999999,-0.003,0.0226,-0.0259,0.0125,-0.020499999999999997,-0.0105,0.0682,0.0024,-0.0036
1943-11,0.0003,-0.059,-0.015700000000000002,-0.039900000000000005,-0.0447,,,,,,-0.0353,-0.042699999999999995,,-0.018500000000000003,-0.0616,-0.09359999999999999,-0.0983,-0.1557,-0.027000000000000003,-0.018799999999999997,,-0.0359,-0.039599999999999996,-0.0501,,-0.048600000000000004,-0.056799999999999996,-0.10710000000000001,-0.0727,,-0.0726,-0.0687,-0.0571,-0.1329,-0.0794,,,-0.042800000000000005,-0.11900000000000001,-0.0692,-0.084,-0.0174,-0.031,-0.056900000000000006,-0.052199999999999996,-0.0768,-0.0525,-0.0706,-0.0696,-0.091,-0.0872,-0.0443,-0.027200000000000002,-0.0326,-0.11810000000000001,-0.0926,-0.0883,-0.0492
1943-12,0.0003,0.064,0.031,0.028999999999999998,0.0592,,,,,,0.08470000000000001,0.0527,,0.12480000000000001,0.0621,0.1429,0.1114,0.1675,0.0513,0.038,,0.13419999999999999,0.034300000000000004,0.032799999999999996,,0.08289999999999999,0.0707,0.069,0.042300000000000004,,0.1152,0.0805,0.08460000000000001,0.0926,0.1378,,,0.0362,0.1001,0.07339999999999999,0.07429999999999999,0.0315,0.1052,0.0794,0.0694,0.1426,0.07980000000000001,0.062400000000000004,0.0668,0.0726,0.11130000000000001,0.0687,0.0264,0.06480000000000001,0.12279999999999999,0.19260000000000002,0.0793,0.055099999999999996
1944-01,0.0003,0.0177,0.026099999999999998,0.0229,0.0089,,,,,,0.049,0.0325,,0.011899999999999999,0.0666,0.0882,0.0163,0.009899999999999999,0.0223,0.0253,,0.005699999999999999,0.0027,0.0038,,0.0347,0.0258,0.08349999999999999,0.031400000000000004,,0.020499999999999997,0.0084,0.0086,0.0371,0.0545,,,0.0349,0.0576,0.0042,-0.0032,0.0086,0.1388,0.0495,0.0106,-0.0062,-0.0062,0.011000000000000001,0.028300000000000002,0.06309999999999999,-0.0037,0.0076,0.0222,0.028900000000000002,-0.0492,0.030699999999999998,0.0239,0.0196
1944-02,0.0003,0.004,-0.0008,0.0085,0.0034000000000000002,,,,,,-0.009000000000000001,-0.0015,,-0.0541,-0.012,0.027000000000000003,-0.0102,-0.0235,-0.026600000000000002,0.0231,,-0.0349,-0.026000000000000002,-0.0075,,0.0086,-0.0179,-0.023700000000000002,0.0004,,-0.0027,-0.029900000000000003,0.037200000000000004,0.0331,0.0070999999999999995,,,-0.009000000000000001,0.04650000000000001,0.0006,0.0151,0.0088,0.0901,0.011899999999999999,-0.015600000000000001,0.008,0.0101,-0.0084,-0.0028000000000000004,0.0392,0.018600000000000002,0.01,0.0203,-0.0115,-0.0034999999999999996,-0.1108,0.024700000000000003,0.0054
1944-03,0.0002,0.0248,0.0165,0.0335,0.0262,,,,,,-0.0075,0.0233,,0.131,0.0239,-0.02,0.06709999999999999,0.0716,0.0123,0.0158,,0.0326,0.0241,0.025099999999999997,,0.0562,0.0382,0.0181,0.0144,,0.0146,0.0332,0.0524,-0.005699999999999999,0.0111,,,0.0005,0.0664,0.0182,0.0178,0.0074,-0.034300000000000004,0.0278,0.0576,0.0833,0.0333,0.03,0.0398,0.025,0.0484,0.021400000000000002,0.0736,0.0492,0.0349,0.11259999999999999,0.019,0.004699999999999999
1944-04,0.0003,-0.016599999999999997,-0.0131,-0.0106,0.0051,,,,,,-0.0089,-0.026099999999999998,,-0.0352,-0.0060999999999999995,-0.0374,-0.039900000000000005,-0.049100000000000005,-0.0173,-0.0177,,-0.024300000000000002,-0.0236,-0.0178,,0.0037,-0.0060999999999999995,-0.0604,-0.0222,,-0.0285,-0.012199999999999999,-0.012,-0.0455,-0.034,,,-0.0279,-0.0461,-0.013300000000000001,-0.0088,-0.005699999999999999,-0.035,-0.0078000000000000005,-0.0121,-0.0377,-0.0555,0.0602,-0.0155,-0.02,-0.049800000000000004,-0.0085,-0.0282,-0.0478,-0.011200000000000002,-0.0256,-0.020499999999999997,-0.0291
1944-05,0.0003,0.0511,0.0168,0.0103,0.019,,,,,,0.0765,0.051699999999999996,,0.045599999999999995,0.052199999999999996,0.1131,0.0626,0.1384,0.0647,0.0364,,0.0507,0.0572,0.0417,,0.0642,0.0664,0.061,0.044800000000000006,,0.07339999999999999,0.0322,0.08220000000000001,0.0252,0.0929,,,0.0235,0.0901,0.0495,0.0278,0.0281,0.0717,0.061200000000000004,0.0339,0.10980000000000001,0.046,0.09880000000000001,0.0873,0.045899999999999996,0.0873,0.0499,0.0394,0.042300000000000004,0.0197,0.0504,0.0417,0.10869999999999999
1944-06,0.0003,0.0554,0.041100000000000005,0.0189,-0.0579,,,,,,0.04769999999999999,0.0471,,-0.050300000000000004,0.083,0.1447,0.09570000000000001,0.2611,0.0525,0.0643,,0.0385,0.0385,0.0574,,0.1032,0.0943,0.2648,0.09699999999999999,,0.0718,0.0843,0.08789999999999999,0.0788,0.0711,,,0.102,0.0316,0.0051,0.0492,0.0327,0.1142,0.1065,0.0711,0.047599999999999996,0.0397,0.047,0.0475,0.0356,0.0191,0.058600000000000006,0.10980000000000001,0.0815,0.0078000000000000005,0.11900000000000001,0.1257,0.0832
1944-07,0.0003,-0.0146,0.0058,-0.0042,0.0014000000000000002,,,,,,-0.0209,0.0024,,0.0032,-0.0051,-0.0787,-0.0425,-0.0317,-0.0072,-0.0087,,0.014499999999999999,-0.0139,-0.0232,-0.04650000000000001,-0.0336,-0.026600000000000002,-0.0716,-0.0207,,-0.0178,-0.0177,-0.0478,-0.0208,0.0005,,,-0.024,0.0661,-0.013000000000000001,0.002,-0.0037,0.0751,0.0125,-0.011399999999999999,-0.0362,-0.025,-0.048799999999999996,-0.0017000000000000001,0.0031,0.012,-0.0014000000000000002,-0.0073,0.0097,0.0111,-0.0745,-0.0509,-0.0384
1944-08,0.0003,0.0159,0.023700000000000002,-0.0144,0.047400000000000005,,,,,,0.0351,0.0207,,0.004699999999999999,0.0259,0.09759999999999999,-0.0116,0.1629,0.0184,0.0226,,-0.036699999999999997,0.0101,0.0067,0.0489,0.0567,0.0363,0.08130000000000001,0.018600000000000002,,0.036699999999999997,0.0174,0.0375,0.052199999999999996,0.0489,,,-0.0113,-0.027999999999999997,-0.0194,0.0366,0.0067,0.0045000000000000005,0.0349,0.04,0.0313,0.006,0.048,0.0254,0.0033,0.0194,0.032,0.021400000000000002,0.0187,0.0097,0.1561,0.0216,0.053399999999999996
1944-09,0.0002,0.0004,0.0048,-0.012,-0.011699999999999999,,,,,,0.04,0.009899999999999999,,0.0218,-0.0461,-0.0393,0.0168,-0.019,0.0131,0.017,,0.0345,0.0027,0.001,-0.0216,-0.0024,-0.0132,-0.0039000000000000003,0.0115,,-0.0012,-0.006999999999999999,0.0046,0.09939999999999999,0.018500000000000003,,,0.002,-0.032799999999999996,-0.013600000000000001,-0.0152,0.0028000000000000004,-0.0326,-0.0042,-0.0048,-0.0023,-0.006,-0.0308,-0.009899999999999999,-0.0008,0.08,0.0159,0.030899999999999997,0.006999999999999999,0.0111,-0.048799999999999996,-0.0143,-0.009300000000000001
1944-10,0.0003,0.0019,-0.0016,-0.0036,-0.0132,,,,,,-0.0181,0.0022,,0.0078000000000000005,-0.0032,-0.0409,-0.0091,-0.0341,-0.0062,0.0003,,-0.0182,0.0126,0.0044,0.0341,0.006500000000000001,-0.013000000000000001,-0.0018,-0.0026,,-0.016399999999999998,0.0089,-0.025099999999999997,0.014199999999999999,-0.0181,,,-0.0086,0.0,0.0189,0.0134,0.0076,0.0475,-0.0005,-0.0154,0.030600000000000002,0.0274,-0.060599999999999994,-0.0042,0.015,0.0215,0.0038,-0.0074,-0.024399999999999998,0.0541,0.0197,-0.0062,-0.028900000000000002
1944-11,0.0003,0.017400000000000002,0.0034999999999999996,0.023799999999999998,0.013600000000000001,,,,,,-0.027999999999999997,0.0163,,0.0729,-0.0023,0.122,0.0735,0.051100000000000007,-0.003,-0.0098,,0.0496,0.0028000000000000004,-0.0067,0.039900000000000005,0.0409,0.0148,0.0329,0.011000000000000001,,0.0196,0.016200000000000003,0.0231,0.0315,0.0425,,,0.050199999999999995,0.016200000000000003,0.0265,-0.004,0.0069,0.045,0.014199999999999999,0.0169,0.045599999999999995,0.0074,0.0177,0.0134,0.0499,0.0197,0.0278,0.0483,-0.009899999999999999,-0.0025,-0.045599999999999995,0.032799999999999996,0.0128
1944-12,0.0002,0.0406,0.0223,0.0587,0.0335,,,,,,0.0616,0.021400000000000002,,0.03,0.0051,0.11539999999999999,0.0789,-0.0092,0.0414,0.014499999999999999,,0.0572,0.0148,0.0206,0.0654,0.037000000000000005,0.0378,0.122,0.0701,,0.045700000000000005,0.05,0.0417,0.0584,0.0649,,,0.037599999999999995,0.1334,0.0506,0.031200000000000002,0.0070999999999999995,0.014199999999999999,0.0391,0.0264,0.0165,0.0579,0.0412,0.0207,0.1131,0.0464,0.02,0.06,0.0019,-0.0232,0.3135,0.0737,0.0775
1945-01,0.0003,0.020399999999999998,0.0245,0.0068000000000000005,0.0003,,,,,,0.0252,0.0274,,0.0248,0.025099999999999997,-0.0246,-0.033,0.0889,0.018500000000000003,0.0022,,0.09119999999999999,0.0006,0.0253,0.0542,0.0339,0.049699999999999994,0.0564,0.026099999999999998,,0.0345,0.008,0.014499999999999999,0.0038,0.0069,,,0.0761,0.005,0.049699999999999994,0.056900000000000006,-0.0212,0.0894,0.0886,0.0158,0.0431,-0.0169,0.032400000000000005,0.032400000000000005,-0.0127,0.0007000000000000001,-0.0005,0.061500000000000006,0.0554,0.0269,0.1159,0.0192,0.0060999999999999995
1945-02,0.0002,0.0625,0.016200000000000003,0.0443,0.032,,,,,,0.0166,0.024900000000000002,,0.0933,0.0654,0.12119999999999999,0.06280000000000001,0.0504,0.0444,0.051100000000000007,,0.013300000000000001,0.0443,0.0557,0.0102,0.044000000000000004,0.0754,0.154,0.091,,0.0557,0.0783,0.0784,0.0932,0.0858,,,0.061799999999999994,0.0302,0.0737,0.061200000000000004,0.028399999999999998,0.0058,0.0797,0.052199999999999996,0.032799999999999996,0.025699999999999997,0.06,0.061500000000000006,0.0862,0.0525,0.0451,0.049699999999999994,0.0287,0.0825,0.0144,0.1209,0.0342
1945-03,0.0002,-0.038900000000000004,-0.0166,-0.015700000000000002,-0.030699999999999998,,,,,,0.0043,-0.0297,,-0.0154,-0.0352,-0.0273,-0.0358,-0.0981,-0.045599999999999995,-0.0301,,-0.02,-0.0182,-0.0345,-0.0137,-0.0395,-0.049,-0.1389,-0.0546,,-0.051699999999999996,-0.0404,-0.0623,-0.07429999999999999,-0.0444,,,-0.050300000000000004,-0.056900000000000006,-0.0525,-0.0311,-0.0011,-0.0317,-0.0855,-0.0435,-0.07200000000000001,-0.0141,-0.0683,-0.045,-0.0304,-0.052300000000000006,-0.0113,-0.057,0.0005,-0.0383,-0.07730000000000001,-0.076,-0.0596
1945-04,0.0003,0.0783,0.0048,0.0311,0.0471,,,,,,0.0768,0.056600000000000004,,0.1574,0.0771,0.0888,0.0369,0.2224,0.0374,0.053399999999999996,,0.0529,0.064,0.0821,0.0833,0.08560000000000001,0.0799,0.1191,0.0947,,0.1069,0.0906,0.11019999999999999,0.0528,0.0726,,,0.0617,0.0626,0.0691,0.1012,0.025099999999999997,-0.0409,0.094,0.0604,0.1157,0.042699999999999995,0.0705,0.0809,0.10769999999999999,0.0554,0.0729,0.056299999999999996,0.0555,0.0687,0.019799999999999998,0.0658,0.1116
1945-05,0.0003,0.0177,0.015300000000000001,0.0034000000000000002,0.0015,,,,,,0.0172,0.0232,,-0.0059,0.0245,-0.0472,0.0759,0.0046,0.0706,0.0447,,0.009300000000000001,0.0432,-0.0022,-0.0127,0.0438,0.0223,-0.013500000000000002,-0.0044,,0.009399999999999999,0.0169,0.0055000000000000005,0.024700000000000003,-0.009300000000000001,,,0.0227,0.0761,-0.0095,0.0189,0.037599999999999995,-0.0274,0.0964,0.057800000000000004,-0.0113,-0.0123,0.0326,0.0526,0.0346,0.054000000000000006,0.0629,0.091,-0.0049,0.015300000000000001,0.025699999999999997,0.02,0.0032
1945-06,0.0002,0.0041,0.031400000000000004,0.042699999999999995,0.0415,,,,,,0.0007000000000000001,-0.0005,,0.0644,0.0034999999999999996,-0.0273,-0.0072,0.14429999999999998,-0.0262,0.0068000000000000005,,-0.0059,-0.049,-0.0242,-0.0623,0.0478,-0.0171,0.12050000000000001,0.021400000000000002,,-0.0066,-0.022799999999999997,-0.0134,0.1356,0.0127,,,0.020499999999999997,0.0475,-0.005600000000000001,0.0516,0.0265,0.034,0.009300000000000001,-0.015,-0.0095,-0.0034000000000000002,0.0167,-0.0292,0.0583,0.07,-0.0351,-0.051699999999999996,0.0217,-0.0487,0.011399999999999999,0.094,-0.0253
1945-07,0.0003,-0.0214,-0.014499999999999999,-0.0273,-0.0268,,,,,,0.0334,-0.0144,,-0.07919999999999999,-0.0019,-0.059500000000000004,-0.042,-0.0147,-0.0208,-0.0068000000000000005,,-0.013999999999999999,-0.0165,-0.0254,0.006999999999999999,-0.04650000000000001,-0.026699999999999998,-0.0394,-0.023799999999999998,,-0.0354,-0.0125,-0.0137,-0.0761,-0.0322,,,-0.0432,-0.0155,-0.0325,-0.0034000000000000002,0.0218,0.0018,-0.021,-0.0165,-0.024900000000000002,-0.043,-0.067,-0.016200000000000003,-0.0655,-0.012,-0.0004,-0.0011,-0.04,0.015300000000000001,0.0037,-0.049,-0.0516
1945-08,0.0003,0.0625,0.016,-0.044000000000000004,-0.013000000000000001,,,,,,0.043,0.0644,,0.050199999999999995,0.1076,0.1359,0.08470000000000001,0.14800000000000002,0.0707,0.053399999999999996,,0.0187,0.1008,0.09480000000000001,0.0176,0.1371,0.1195,0.0742,0.0678,,0.08900000000000001,0.10949999999999999,0.0987,0.0329,0.10710000000000001,,,0.0233,-0.0392,0.023,0.0103,0.0174,0.0443,0.0698,0.0669,0.0793,0.0701,0.0942,0.09539999999999998,0.0001,0.07769999999999999,0.0839,0.025099999999999997,0.1788,0.026000000000000002,0.0118,0.0358,0.1531
1945-09,0.0003,0.047999999999999994,0.0174,0.0046,0.0139,,,,,,0.0101,0.0799,,0.14800000000000002,0.0126,0.0782,0.09570000000000001,0.1273,0.016,0.0371,,0.09759999999999999,0.0616,0.0672,0.0655,0.0855,0.0729,0.1431,0.0803,,0.0447,0.0219,0.0264,0.042800000000000005,0.0385,,,0.0572,0.1072,0.019,0.0659,0.019,0.1416,0.0978,0.0345,0.09910000000000001,0.0919,0.1096,0.0467,0.069,0.028999999999999998,0.0559,0.17850000000000002,-0.0268,0.0258,0.2868,0.0541,0.07490000000000001
1945-10,0.0003,0.039200000000000006,0.0236,0.021400000000000002,0.0017000000000000001,,,,,,0.0478,0.0659,,0.3922,0.0033,0.11800000000000001,0.1206,0.1521,0.0547,0.0663,,0.0424,0.0687,-0.0034999999999999996,0.0032,0.015700000000000002,0.0029,0.0464,0.048,,0.027000000000000003,-0.020099999999999996,0.006,0.0553,0.0195,,,0.0683,0.0643,0.063,0.061900000000000004,0.0236,0.038900000000000004,0.0431,0.0492,0.037000000000000005,0.10769999999999999,0.0113,0.034,0.0429,0.0397,0.061399999999999996,0.0278,-0.0199,0.053,0.0736,0.1761,-0.0058
1945-11,0.0002,0.054200000000000005,0.0418,0.0435,0.0431,,,,,,-0.0062,0.0348,,0.041299999999999996,0.03,0.0682,0.1766,-0.0313,0.0364,0.0404,,0.1335,0.08070000000000001,0.0322,0.07139999999999999,0.1267,0.0394,0.2859,0.068,,0.0649,0.023799999999999998,0.0248,0.0761,0.0425,,,0.1251,0.0541,0.0842,0.0481,0.0339,0.17600000000000002,0.12369999999999999,0.0655,0.0219,0.0025,0.08560000000000001,0.0415,0.0843,0.0895,0.0665,0.1273,0.0181,0.0040999999999999995,0.15,0.0885,-0.004699999999999999
1945-12,0.0003,0.012199999999999999,0.0216,-0.024,0.0125,,,,,,0.0013,0.0003,,0.1948,-0.0191,-0.0455,0.0634,-0.0006,0.0373,0.0083,,0.0536,0.011000000000000001,0.023,0.018500000000000003,0.0361,0.0151,-0.0593,0.0045000000000000005,,0.008,0.0276,0.0216,0.045899999999999996,0.037000000000000005,,,-0.032799999999999996,0.0311,-0.0028000000000000004,-0.0109,0.0048,0.042800000000000005,-0.012,0.009000000000000001,-0.0042,0.045599999999999995,-0.0001,0.0074,-0.0128,0.024399999999999998,0.0336,0.12789999999999999,0.0361,0.021,0.1207,0.059000000000000004,0.023700000000000002
1946-01,0.0003,0.0627,0.0398,0.022799999999999997,0.0379,1.17,,,,,0.028300000000000002,0.0559,,0.0051,0.0059,0.09949999999999999,0.14300000000000002,0.11199999999999999,0.0451,0.14550000000000002,,0.0981,0.0751,0.0545,0.09699999999999999,0.08800000000000001,0.08380000000000001,0.1506,0.13390000000000002,,0.055999999999999994,0.0629,0.0712,0.08900000000000001,0.0864,,,0.0736,0.0977,-0.0015,0.1093,0.0191,-0.0176,0.031200000000000002,0.041100000000000005,0.0384,0.1033,0.0992,0.022099999999999998,0.0616,0.15259999999999999,0.1097,0.0158,0.0371,0.08929999999999999,0.2751,0.0953,0.0354
1946-02,0.0003,-0.0581,-0.0068000000000000005,-0.0127,-0.0143,1.17,,,,,-0.030899999999999997,-0.0393,,-0.0654,-0.052199999999999996,-0.0959,-0.0007000000000000001,-0.0574,-0.0849,-0.0852,,-0.056799999999999996,-0.0415,-0.0441,-0.030299999999999997,-0.0581,-0.0271,-0.12359999999999999,-0.0762,,-0.0803,-0.0781,-0.09,-0.06849999999999999,-0.0774,,,-0.042800000000000005,-0.0096,-0.0472,-0.0574,-0.0282,-0.0078000000000000005,-0.0696,-0.026000000000000002,-0.0438,-0.1072,-0.0536,-0.061200000000000004,-0.0709,-0.0681,-0.0417,-0.0048,-0.0405,-0.07730000000000001,-0.09789999999999999,-0.0999,-0.0506
1946-03,0.0003,0.0591,0.003,-0.0037,0.027000000000000003,1.17,,,,,0.14429999999999998,0.044000000000000004,,0.0891,0.0857,0.053399999999999996,0.1277,0.0236,0.0707,0.0691,,0.0455,0.1578,0.0721,0.0661,0.0801,0.058899999999999994,0.0334,0.0355,,0.050199999999999995,-0.0060999999999999995,0.019799999999999998,0.0008,0.0273,,,-0.006,-0.0144,0.1117,0.0629,0.011699999999999999,0.015600000000000001,0.09720000000000001,0.0509,0.1235,0.1048,0.0861,0.0875,0.0388,0.0621,0.11900000000000001,0.0425,0.0654,0.0348,0.0316,0.0582,0.07690000000000001
1946-04,0.0003,0.042600000000000006,0.023700000000000002,0.0046,0.0304,1.27,,,,,0.1369,0.0174,,0.0025,0.038900000000000004,0.16510000000000002,0.08929999999999999,0.1528,0.066,0.046799999999999994,,0.1101,0.1507,0.056299999999999996,-0.008100000000000001,0.0873,0.048,0.0815,0.0391,,0.0373,-0.0103,0.0139,-0.0673,0.035,,,0.0426,0.056799999999999996,0.08800000000000001,0.0434,0.0159,0.21660000000000001,0.1475,0.0861,0.045599999999999995,0.0572,0.1288,0.066,-0.0036,0.0462,0.0717,0.1371,0.0239,-0.0404,-0.0025,0.0166,0.0361
1946-05,0.0003,0.0397,0.0148,0.011000000000000001,-0.0058,1.27,,,,,0.0325,0.016399999999999998,,0.0785,0.033,-0.0304,-0.0452,-0.0418,0.0086,0.0862,,0.0913,0.0527,0.0436,0.0409,0.09480000000000001,0.053899999999999997,-0.0278,0.0677,,0.0701,0.0588,0.044199999999999996,0.046799999999999994,0.042800000000000005,,,0.032,0.049699999999999994,0.0368,0.0304,0.0282,0.0951,0.0724,0.0742,0.04769999999999999,-0.0027,0.0556,0.0407,0.051100000000000007,0.071,0.016200000000000003,-0.0097,0.031,-0.0087,0.07690000000000001,0.059800000000000006,0.062
1946-06,0.0003,-0.0386,-0.0155,-0.0053,-0.025099999999999997,1.27,,,,,0.0666,-0.042,,0.0242,-0.047599999999999996,-0.1002,-0.042800000000000005,-0.1325,-0.042,-0.07150000000000001,,-0.0683,-0.0538,-0.03,-0.0632,-0.049800000000000004,-0.0461,-0.0757,-0.0233,,-0.0482,-0.051,-0.0594,-0.065,-0.0479,,,-0.0542,-0.0521,-0.031400000000000004,-0.027999999999999997,0.0029,-0.0518,-0.045,-0.0287,-0.0767,-0.083,-0.053,-0.031,-0.0269,-0.0159,-0.0808,-0.0625,0.005,-0.0096,-0.0692,-0.0548,-0.0727
1946-07,0.0003,-0.0266,-0.0191,0.0005,0.0022,1.27,,,,,-0.0359,-0.005,,0.034300000000000004,-0.0075,-0.0637,-0.0126,-0.0555,-0.0132,-0.019,,-0.0507,-0.0305,-0.024900000000000002,-0.0679,-0.041299999999999996,-0.0567,-0.0172,-0.0262,,-0.0552,-0.037599999999999995,-0.0431,-0.0242,-0.0596,,,-0.056299999999999996,0.0005,-0.0007000000000000001,-0.0363,-0.0008,0.0062,-0.048799999999999996,-0.0152,-0.0646,-0.028999999999999998,-0.028900000000000002,-0.02,-0.057699999999999994,-0.028900000000000002,-0.0287,-0.0127,-0.0373,0.0,-0.078,-0.06309999999999999,-0.0414
1946-08,0.0003,-0.06430000000000001,-0.018000000000000002,0.006,-0.0005,1.52,,,,,0.0006,-0.0516,,-0.0646,-0.039900000000000005,-0.0592,-0.055999999999999994,-0.1301,-0.047400000000000005,-0.0796,,-0.0525,-0.0308,-0.0653,-0.053,-0.0779,-0.0672,-0.1189,-0.0758,,-0.08990000000000001,-0.08039999999999999,-0.09960000000000001,-0.0365,-0.0661,,,-0.0681,-0.030899999999999997,-0.0567,-0.0537,-0.07,-0.0694,-0.1039,-0.0815,-0.048799999999999996,-0.004,-0.105,-0.0431,-0.0706,-0.07200000000000001,-0.04769999999999999,-0.04,-0.0774,-0.0043,-0.1201,-0.0732,-0.0409
1946-09,0.0003,-0.1015,-0.0443,-0.0197,0.006999999999999999,1.52,,,,,-0.08349999999999999,-0.08869999999999999,,-0.1707,-0.1117,-0.12369999999999999,-0.1257,-0.1393,-0.0933,-0.1183,,-0.1223,-0.0653,-0.08869999999999999,-0.11449999999999999,-0.134,-0.0892,-0.106,-0.1199,,-0.12240000000000001,-0.1079,-0.1437,-0.10279999999999999,-0.132,,,-0.0803,-0.1161,-0.0799,-0.0897,-0.0475,-0.14880000000000002,-0.10949999999999999,-0.08039999999999999,-0.12710000000000002,-0.0727,-0.0969,-0.1118,-0.1648,-0.0762,-0.0667,-0.1487,-0.1431,-0.0774,-0.1636,-0.14859999999999998,-0.1285
1946-10,0.0003,-0.0141,0.0017000000000000001,0.0345,0.0091,1.52,,,,,-0.0064,0.0034999999999999996,,-0.0383,0.046900000000000004,0.0040999999999999995,-0.0334,0.0074,-0.0192,0.0349,,-0.0259,-0.0003,-0.036699999999999997,0.0085,-0.0492,-0.017,0.0371,0.014499999999999999,,-0.035,-0.0395,-0.032799999999999996,-0.0866,-0.0017000000000000001,,,0.0118,0.0028000000000000004,-0.0067,0.014199999999999999,-0.0513,-0.0395,-0.0311,-0.008100000000000001,0.035699999999999996,-0.016399999999999998,-0.0424,-0.0024,0.0021,-0.0212,-0.0226,-0.0039000000000000003,0.020499999999999997,-0.0849,-0.0682,-0.011699999999999999,-0.0271
1946-11,0.0003,9.999999999999996e-05,-0.0037,0.015300000000000001,0.0028000000000000004,1.52,,,,,0.0058,-0.0049,,-0.08869999999999999,0.0055000000000000005,-0.0096,0.012,-0.0866,-0.002,-0.024399999999999998,,0.042,0.0144,0.036699999999999997,-0.0217,-0.0106,0.013600000000000001,0.0,0.0215,,-0.0103,-0.052000000000000005,-0.0172,-0.050499999999999996,-0.003,,,0.0143,-0.0087,0.0058,0.008,0.0179,-0.0933,0.053200000000000004,-0.009899999999999999,0.1016,0.061,0.0385,0.0571,-0.0075,-0.0278,-0.0529,0.0684,-0.0026,0.0341,-0.034300000000000004,-0.0066,0.03
1946-12,0.0003,0.049999999999999996,0.0,-0.0141,0.0009,1.62,,,,,0.1204,0.032799999999999996,,0.0152,0.0424,0.0431,-0.013999999999999999,0.0665,0.0969,-0.0181,,0.0931,0.0705,0.0689,0.055,0.0565,0.09630000000000001,-0.0171,0.051,,0.0717,0.048799999999999996,0.0596,0.041299999999999996,0.0482,,,-0.002,0.028900000000000002,0.044199999999999996,0.060899999999999996,0.0382,-0.0226,0.0158,0.0535,0.0613,0.032400000000000005,0.2076,0.061799999999999994,0.022000000000000002,0.0187,0.0431,-0.015,0.115,0.1013,-0.0007000000000000001,0.0526,0.09949999999999999
1947-01,0.0003,0.0128,0.022000000000000002,-0.0074,-0.0632,1.62,,,,,-0.0842,0.011899999999999999,,-0.08199999999999999,0.02,0.0667,-0.0322,-0.0064,-0.018000000000000002,0.054299999999999994,,-0.0388,-0.0546,-0.0045000000000000005,0.0335,0.0338,0.0096,0.044199999999999996,0.0101,,0.034,0.07339999999999999,0.10460000000000001,0.024700000000000003,0.0731,,,0.0326,0.0349,-0.0070999999999999995,-0.0014000000000000002,0.0103,0.0095,0.0294,0.043,0.0176,0.0042,-0.061,0.0001,0.0017000000000000001,-0.0036,0.0075,0.0054,0.015,0.0265,-0.0077,0.0308,0.018000000000000002
1947-02,0.0003,-0.0106,0.006999999999999999,0.0014000000000000002,-0.0049,1.62,,,,,0.0554,0.005699999999999999,,-0.0219,-0.0455,-0.0134,-0.0509,-0.030299999999999997,0.0089,-0.0024,,-0.0074,-0.0452,-0.0040999999999999995,-0.0062,0.0387,-0.0377,-0.0089,-0.009300000000000001,,-0.0037,-0.0294,0.0173,-0.012199999999999999,-0.0064,,,0.0192,-0.0013,-0.0275,-0.009000000000000001,-0.020499999999999997,-0.0040999999999999995,-0.0036,-0.0379,-0.0512,0.039900000000000005,-0.020499999999999997,0.0206,-0.0059,-0.0126,-0.0037,0.004699999999999999,-0.0412,0.0059,0.0431,-0.0339,-0.0113
1947-03,0.0003,-0.016499999999999997,-0.016,0.0060999999999999995,0.040999999999999995,1.62,,,,,0.0166,-0.0152,,-0.0616,-0.028900000000000002,-0.0116,-0.0395,-0.0154,-0.0379,0.0016,,0.079,-0.0215,-0.0023,-0.0455,-0.0672,-0.0292,-0.0335,-0.0174,,0.0005,-0.04,-0.0278,-0.0274,-0.028399999999999998,,,-0.028399999999999998,0.0473,0.0226,-0.0279,-0.0215,0.0199,-0.0326,-0.0067,-0.0437,0.022400000000000003,-0.0434,-0.0363,-0.0363,-0.027000000000000003,-0.0215,-0.0472,-0.0104,-0.0424,-0.10189999999999999,-0.0254,-0.0317
1947-04,0.0003,-0.0477,-0.0397,0.0085,0.0541,1.87,,,,,-0.032,-0.0545,,-0.11289999999999999,-0.0821,-0.1005,-0.0754,-0.1393,-0.0363,-0.0635,,-0.1197,-0.0825,-0.0394,-0.0425,-0.0851,-0.0559,-0.1383,-0.06559999999999999,,-0.0767,-0.0499,-0.0454,-0.1014,-0.06849999999999999,,,-0.0462,-0.0546,-0.0036,-0.037599999999999995,-0.0022,-0.0613,-0.0833,-0.0809,-0.0463,-0.027200000000000002,-0.1182,-0.046900000000000004,-0.0629,-0.0546,-0.08109999999999999,-0.0934,-0.0672,-0.073,-0.0754,-0.0579,-0.0814
1947-05,0.0003,-0.0093,-0.0327,0.0032,0.0337,1.87,,,,,-0.016200000000000003,-0.0055000000000000005,,-0.037599999999999995,0.0354,0.0282,0.0161,-0.050499999999999996,-0.0195,-0.044500000000000005,,-0.051100000000000007,-0.024,-0.0033,-0.0317,-0.0291,-0.0363,-0.0672,-0.0245,,-0.0155,0.0045000000000000005,-0.0264,-0.0876,-0.0191,,,-0.0146,-0.051,0.026699999999999998,-0.0248,-0.011000000000000001,-0.0158,-0.0753,0.0123,-0.09369999999999999,-0.027200000000000002,-0.0453,-0.012,-0.031400000000000004,-0.0384,-0.0007000000000000001,-0.048600000000000004,0.0123,-0.0359,-0.0174,-0.0178,-0.0553
1947-06,0.0003,0.0533,-0.0033,-0.0064,-0.0184,1.87,,,,,0.1225,0.051399999999999994,,0.084,0.0553,0.055,0.0209,0.1255,0.0167,0.09570000000000001,,0.0689,0.0393,0.08039999999999999,0.0304,0.09539999999999998,0.0623,0.056900000000000006,0.022799999999999997,,0.08960000000000001,0.04650000000000001,0.0604,0.010700000000000001,0.042800000000000005,,,0.0108,0.11199999999999999,0.07719999999999999,0.0395,-0.0319,0.0019,0.0406,0.0374,0.1292,0.0003,0.14279999999999998,0.06269999999999999,0.024300000000000002,0.0771,0.1011,0.079,0.0805,0.15560000000000002,0.0557,0.03,0.032799999999999996
1947-07,0.0003,0.0416,0.0147,0.0276,-0.0338,1.87,,,,,0.057,0.0493,,0.0209,0.0348,0.0385,0.055099999999999996,0.026699999999999998,0.0973,0.029500000000000002,,0.0239,0.0263,0.0151,0.0049,0.08689999999999999,0.031,0.0756,0.0729,,0.0368,0.0691,0.0471,0.0242,0.04190000000000001,,,0.053399999999999996,0.1714,0.0368,0.025099999999999997,0.008100000000000001,0.1066,0.052300000000000006,0.056799999999999996,0.0091,0.0605,0.0492,0.0323,0.0748,0.0538,0.0452,0.0681,0.019,-0.043899999999999995,0.08349999999999999,0.0583,0.0834
1947-08,0.0003,-0.017099999999999997,0.0033,0.0014000000000000002,0.034,1.87,,,,,-0.041100000000000005,-0.0098,,-0.037000000000000005,-0.025,0.1127,-0.1189,0.0256,-0.0008,0.008199999999999999,,-0.09960000000000001,-0.0321,-0.006,-0.037000000000000005,-0.0004,-0.0269,-0.0336,-0.0060999999999999995,,-0.0235,-0.0368,-0.0109,0.0348,-0.0096,,,-0.020499999999999997,0.0075,-0.0235,0.0024,0.0036,-0.0079,-0.0281,-0.0369,-0.006500000000000001,-0.0735,0.0165,-0.0044,-0.023399999999999997,-0.0137,-0.0365,-0.06849999999999999,0.0263,-0.0507,-0.0616,-0.0329,0.0036
1947-09,0.0006,-0.0048000000000000004,0.016200000000000003,0.013600000000000001,0.001,1.87,,,,,0.0436,-0.0103,,0.11810000000000001,-0.0069,-0.0366,-0.0075,-0.0263,0.0187,-0.0216,,-0.0802,-0.0212,-0.0095,-0.0124,0.020099999999999996,0.008,-0.0207,0.0055000000000000005,,0.0274,0.0123,0.0046,0.051100000000000007,-0.0111,,,-0.019,0.1185,-0.029500000000000002,-0.013300000000000001,0.0083,-0.0023,-0.015300000000000001,-0.0044,0.0225,0.0252,0.0064,0.026699999999999998,-0.0131,-0.0011,-0.0305,0.0087,0.01,0.0496,-0.035699999999999996,-0.0103,0.025099999999999997
1947-10,0.0006,0.025300000000000003,0.0052,0.0011,0.015600000000000001,1.87,,,,,0.044199999999999996,0.023700000000000002,,-0.0464,-0.015700000000000002,-0.046799999999999994,-0.0079,0.0416,0.0556,0.029500000000000002,,0.08929999999999999,0.0053,0.0116,0.09380000000000001,0.0347,0.037599999999999995,0.042199999999999994,0.0562,,0.043899999999999995,0.0158,0.026600000000000002,0.0002,0.0154,,,0.0078000000000000005,0.0262,0.0529,0.0015,0.0021,0.0346,0.027000000000000003,0.0481,0.013500000000000002,-0.0125,0.011699999999999999,0.030899999999999997,0.0052,0.0159,0.0318,0.0021,0.0106,0.005699999999999999,0.0538,0.0616,0.0554
1947-11,0.0006,-0.0193,-0.0169,0.010700000000000001,0.0426,2.07,,,,,-0.0184,-0.0264,,-0.019299999999999998,0.0086,-0.037599999999999995,-0.024,-0.0757,-0.029500000000000002,-0.0074,,-0.0274,-0.031,-0.0075,0.014499999999999999,-0.0074,-0.021,-0.0932,-0.0016,,-0.0075,-0.0176,-0.0275,-0.0040999999999999995,-0.0239,,,0.0183,0.0447,-0.0044,-0.07629999999999999,-0.025699999999999997,-0.0137,-0.0339,0.0044,-0.0191,0.0302,-0.01,-0.042199999999999994,-0.0288,-0.0227,-0.0245,-0.012,-0.0681,0.0755,-0.0602,-0.0014000000000000002,-0.0121
1947-12,0.0008,0.030899999999999997,-0.024700000000000003,0.0374,0.0362,2.07,,,,,-0.011200000000000002,0.0019,,-0.0111,0.0109,-0.057300000000000004,-0.0663,-0.021,0.0089,0.0362,,-0.0617,0.04019999999999999,0.0192,-0.028399999999999998,0.049400000000000006,0.026699999999999998,0.0934,0.0375,,0.032799999999999996,0.0331,0.0248,-0.006,0.0338,,,-0.0487,0.0443,0.0943,0.0118,0.0044,-0.0425,0.013000000000000001,0.0334,-0.0455,-0.0025,0.0475,0.0288,0.083,0.0013,0.004,0.0587,-0.0007000000000000001,0.0366,0.10400000000000001,0.0079,0.0092
1948-01,0.0007000000000000001,-0.0386,0.0252,0.0138,-0.04190000000000001,2.57,,,,,-0.0617,-0.0256,,-0.0318,-0.0161,-0.049800000000000004,-0.055099999999999996,-0.0594,-0.035,-0.013999999999999999,,-0.0499,-0.08529999999999999,-0.0446,-0.0385,-0.029300000000000003,-0.0596,0.0757,-0.040999999999999995,,-0.034300000000000004,-0.0404,-0.051500000000000004,0.08039999999999999,-0.0356,,,0.0165,-0.011200000000000002,-0.0755,-0.0022,0.001,-0.0096,-0.0105,-0.0717,-0.0317,-0.09369999999999999,-0.0695,-0.0557,-0.0038,-0.0262,-0.0336,-0.0526,-0.008,-0.002,-0.071,-0.0194,-0.064
1948-02,0.0007000000000000001,-0.0431,-0.017,0.0005,0.0141,2.57,,,,,-0.029900000000000003,-0.0719,,-0.0848,-0.0248,-0.0567,-0.0621,-0.0692,-0.0406,-0.0776,,-0.0968,-0.0298,-0.055999999999999994,-0.0204,-0.073,-0.0576,-0.0467,-0.0504,,-0.0596,-0.0504,-0.056600000000000004,-0.0383,-0.0636,,,-0.0192,-0.054299999999999994,-0.028999999999999998,-0.0359,-0.0106,-0.0647,-0.0385,0.0031,-0.113,-0.037599999999999995,-0.09230000000000001,-0.047599999999999996,-0.0375,-0.06570000000000001,-0.0368,-0.0148,-0.018500000000000003,-0.0855,-0.0919,-0.069,0.040999999999999995
1948-03,0.0009,0.08199999999999999,0.0012,0.0452,-0.0034000000000000002,2.57,,,,,0.1303,0.056900000000000006,,0.11289999999999999,-0.0171,0.0634,0.2727,0.09570000000000001,0.0322,0.0636,,0.1325,0.057699999999999994,0.08220000000000001,0.0475,0.0909,0.0799,0.019299999999999998,0.12890000000000001,,0.09480000000000001,0.1192,0.0729,0.2032,0.11689999999999999,,,0.0812,0.1058,0.09939999999999999,0.0676,0.0197,-0.013999999999999999,0.0264,0.0712,0.15960000000000002,0.1293,0.1119,0.0812,0.0872,0.0758,0.0681,0.0002,0.0239,0.07730000000000001,0.0955,0.1416,0.077
1948-04,0.0008,0.0373,-0.016399999999999998,0.0412,0.040999999999999995,2.57,,,,,0.016,0.0134,,-0.008100000000000001,-0.0068000000000000005,0.0426,-0.0341,0.0677,0.0412,0.024300000000000002,,0.0381,0.0199,0.0254,0.077,0.0542,-0.0034999999999999996,0.0691,0.0233,,0.035699999999999996,-0.0158,0.009300000000000001,0.0359,0.0104,,,0.047400000000000005,0.0475,0.11359999999999999,0.0151,0.0265,-0.0018,0.0654,0.0334,-0.050499999999999996,-0.0108,0.0454,0.065,0.036000000000000004,0.099,0.049400000000000006,-0.042699999999999995,0.0516,0.025099999999999997,-0.0033,0.0455,-0.0026
1948-05,0.0008,0.074,0.0087,-0.0127,0.0233,2.57,,,,,0.0027,0.0424,,0.1272,0.0268,0.1173,0.0663,0.10339999999999999,0.0608,0.043899999999999995,,0.08310000000000001,0.0666,0.078,0.0362,0.1208,0.09759999999999999,0.1109,0.08109999999999999,,0.0794,0.1702,0.1435,0.0297,0.0429,,,0.042,0.1108,0.06,0.0575,0.024900000000000002,0.0679,0.06559999999999999,0.083,0.0704,0.034300000000000004,0.1654,0.0901,0.0617,0.029900000000000003,0.0894,0.0978,0.08810000000000001,0.1547,0.1764,0.0828,0.0758
1948-06,0.0009,-0.0002000000000000001,-0.0178,0.028399999999999998,0.0398,2.57,,,,,-0.0278,-0.011000000000000001,,-0.0557,-0.0139,-0.0791,-0.10640000000000001,-0.021400000000000002,-0.0134,-0.0215,,0.0355,-0.0273,0.0045000000000000005,-0.0096,-0.037599999999999995,-0.0415,0.13390000000000002,0.0018,,-0.0151,-0.0067,0.0053,-0.0455,-0.0342,,,-0.0070999999999999995,0.0141,0.0353,0.024900000000000002,0.0043,-0.0101,0.03,-0.0182,-0.0672,-0.0327,-0.0005,-0.0382,0.0043,0.0127,-0.014499999999999999,-0.039,0.0316,-0.0669,-0.109,0.0012,0.0067
1948-07,0.0008,-0.049999999999999996,-0.0038,0.0011,-0.0161,2.57,,,,,-0.006999999999999999,-0.0351,,-0.037000000000000005,0.0437,-0.1012,-0.0735,-0.0168,-0.0172,-0.0132,,-0.0764,-0.0392,-0.0576,-0.0849,-0.0254,-0.063,-0.0906,-0.039,,-0.0726,-0.0736,-0.0458,0.017,-0.053200000000000004,,,-0.0326,-0.0298,-0.0726,-0.0414,-0.0165,-0.0535,-0.07780000000000001,-0.056600000000000004,-0.0747,-0.0434,-0.039900000000000005,-0.0437,-0.045700000000000005,-0.0507,-0.0794,-0.0407,-0.0501,-0.057800000000000004,-0.075,-0.064,-0.0258
1948-08,0.0009,0.0033,-0.0113,0.0029,0.002,2.57,,,,,0.018600000000000002,-0.0051,,0.0011,0.019,0.0481,0.056900000000000006,-0.009899999999999999,-0.003,-0.018600000000000002,,-0.0204,-0.018799999999999997,-0.0033,-0.0006,-0.013999999999999999,0.0147,0.0416,0.016399999999999998,,-0.015300000000000001,0.0124,0.011399999999999999,-0.0007000000000000001,0.011899999999999999,,,-0.0018,0.0002,-0.0207,0.001,0.0006,-0.002,0.0248,0.061399999999999996,0.0925,0.058499999999999996,0.0018,0.0038,0.0218,-0.044199999999999996,0.0302,-0.0116,-0.026600000000000002,0.014499999999999999,0.0032,0.0002,0.028999999999999998
1948-09,0.0004,-0.029500000000000002,-0.0127,-0.0177,-0.013600000000000001,2.57,,,,,-0.0414,-0.044800000000000006,,-0.0123,-0.0316,-0.0942,-0.0725,-0.0894,-0.0344,-0.0151,,0.0507,-0.038900000000000004,-0.0184,-0.059699999999999996,-0.0546,-0.0401,-0.0575,-0.0219,,-0.045599999999999995,-0.0236,-0.0351,-0.0079,-0.0317,,,-0.0259,-0.0555,-0.044500000000000005,-0.0092,-0.0023,-0.0455,-0.041100000000000005,-0.0554,-0.059699999999999996,-0.030699999999999998,-0.06709999999999999,-0.0393,-0.0398,-0.0278,-0.0078000000000000005,-0.027200000000000002,-0.006500000000000001,0.07519999999999999,0.0144,-0.0495,-0.028999999999999998
1948-10,0.0004,0.06,-0.0148,0.0058,0.0273,2.57,,,,,0.0716,0.0338,,0.053,0.0345,0.0694,0.0197,0.0034000000000000002,0.0397,0.0177,,0.12789999999999999,0.044000000000000004,0.0711,0.0089,0.028900000000000002,0.0756,0.1432,0.084,,0.0599,0.0779,0.078,0.0384,0.0073,,,0.0438,0.0736,0.0924,0.044500000000000005,0.0111,0.0418,0.0195,0.060599999999999994,0.0548,0.0424,0.0676,0.0513,0.0496,0.046900000000000004,0.0414,0.024700000000000003,0.0391,0.0562,0.0359,0.0874,0.0379
1948-11,0.0004,-0.093,-0.0060999999999999995,-0.0415,0.0058,2.57,,,,,-0.0557,-0.0625,,-0.0787,-0.028999999999999998,-0.1272,-0.0311,-0.1573,-0.060700000000000004,-0.0669,,-0.0911,-0.0537,-0.0851,-0.1096,-0.10039999999999999,-0.0793,-0.18710000000000002,-0.12689999999999999,,-0.1091,-0.11810000000000001,-0.12279999999999999,-0.1329,-0.1423,,,-0.0681,-0.0482,-0.12359999999999999,-0.0909,-0.0206,-0.0533,-0.0708,-0.0764,-0.0922,-0.0059,-0.1245,-0.1018,-0.12789999999999999,-0.0583,-0.057999999999999996,-0.061900000000000004,-0.0599,-0.0425,-0.060899999999999996,-0.1361,-0.0851
1948-12,0.0004,0.032999999999999995,-0.0285,-0.0195,0.0466,2.57,,,,,0.0046,0.0123,,0.0078000000000000005,0.0079,-0.0052,0.065,-0.0269,0.0003,0.0015,,0.0622,0.0436,0.075,-0.011200000000000002,-0.0167,0.0191,0.028300000000000002,0.02,,0.0213,0.0692,0.039599999999999996,0.0368,0.0092,,,-0.0012,-0.0206,0.048799999999999996,0.026600000000000002,0.0109,-0.0069,-0.0127,0.0393,0.053899999999999997,0.0706,0.0361,0.05,0.019799999999999998,0.008,0.015300000000000001,0.013600000000000001,0.07200000000000001,0.081,0.0064,0.0407,-0.0066
1949-01,0.001,0.0033,0.0171,0.0125,-0.0292,2.57,,,,,0.0174,0.0388,,0.0239,0.0481,0.0385,0.0149,0.0033,0.0026,0.0425,,-0.0029,0.0512,-0.0026,0.06709999999999999,0.0246,0.0073,0.001,0.008,,-0.015300000000000001,-0.03,0.0268,0.0199,0.0078000000000000005,,,0.0163,-0.0473,-0.0382,0.047599999999999996,-0.0127,0.0368,0.0661,0.0302,0.01,-0.0040999999999999995,-0.034300000000000004,0.0076,0.0028000000000000004,0.030899999999999997,0.0108,-0.0003,0.0141,-0.0489,-0.0516,-0.012,0.0187
1949-02,0.0009,-0.0284,-0.0187,-0.0089,-0.0043,2.57,,,,,-0.0052,-0.0265,,-0.017,0.0038,-0.0475,0.0209,-0.1092,-0.0855,-0.045899999999999996,,0.0049,-0.0108,-0.0218,-0.0104,-0.0191,-0.0277,-0.0409,-0.0591,,-0.0355,-0.0584,-0.0355,0.0066,-0.054299999999999994,,,0.0097,-0.0815,-0.042300000000000004,0.0067,-0.003,-0.0641,-0.045899999999999996,-0.0391,-0.0033,0.0074,-0.0509,-0.0007000000000000001,-0.0572,-0.0387,-0.0222,0.011699999999999999,-0.0168,0.0148,0.0045000000000000005,-0.0091,-0.0255
1949-03,0.001,0.0415,0.0248,0.0131,-0.008100000000000001,2.57,,,,,0.025699999999999997,0.0467,,0.0579,0.009399999999999999,0.0464,0.0379,0.1284,0.0919,0.038900000000000004,,0.0417,0.0565,0.0288,0.0641,-0.022799999999999997,0.041100000000000005,0.1013,0.0138,,0.0571,0.0571,0.0355,0.075,0.0696,,,0.042199999999999994,0.0526,0.060899999999999996,0.038,0.013600000000000001,0.0347,0.0658,0.047400000000000005,0.0623,0.0742,0.0196,0.0332,0.0421,0.026600000000000002,0.0453,0.025,0.0761,0.0236,0.1211,0.09970000000000001,0.0329
1949-04,0.0009,-0.0178,-0.0092,-0.011200000000000002,0.0313,2.57,,,,,-0.0537,-0.0144,,-0.0206,0.0023,-0.0076,-0.0002,0.0096,-0.012,-0.0242,,0.0318,-0.0007000000000000001,-0.0239,-0.051100000000000007,-0.0384,-0.0387,0.0179,-0.0495,,-0.0397,-0.041100000000000005,-0.0401,-0.061900000000000004,-0.0349,,,0.0109,-0.08199999999999999,0.014499999999999999,0.012199999999999999,-0.0165,0.025,0.0123,-0.0079,-0.0036,-0.060899999999999996,-0.0868,-0.034,-0.0286,-0.0166,-0.0168,0.004,0.0089,-0.0078000000000000005,-0.0067,-0.013300000000000001,-0.0781
1949-05,0.001,-0.0288,-0.0078000000000000005,-0.0239,0.030600000000000002,2.57,,,,,-0.0617,-0.0064,,-0.0103,0.0291,-0.038900000000000004,-0.0232,-0.044500000000000005,-0.0043,-0.0113,,-0.0694,-0.013500000000000002,-0.009899999999999999,-0.048799999999999996,-0.0134,-0.0325,-0.065,-0.0663,,-0.0308,-0.0593,-0.030600000000000002,-0.048499999999999995,-0.08470000000000001,,,-0.0125,-0.009000000000000001,-0.0575,-0.0059,-0.0217,-0.0204,-0.014499999999999999,0.0039000000000000003,-0.061200000000000004,-0.0969,-0.0478,-0.0353,-0.0338,-0.0537,0.0048,-0.0022,0.0084,-0.0231,-0.0118,-0.0519,-0.0009
1949-06,0.001,0.002,-0.0086,-0.0165,-0.0129,2.57,,,,,0.0635,-0.0036,,0.0334,0.0,-0.0664,0.013300000000000001,0.0037,-0.009899999999999999,0.034300000000000004,,-0.0317,0.027200000000000002,0.0069,-0.0191,0.049100000000000005,0.0127,0.049699999999999994,-0.0129,,0.03,0.0023,0.0103,-0.0108,0.0043,,,-0.0218,0.0013,-0.012,-0.0101,0.0113,0.0391,-0.0022,-0.0274,0.0165,0.030600000000000002,-0.0435,0.0007000000000000001,-0.021,0.021099999999999997,0.0296,0.0025,-0.0038,-0.0158,-0.0271,-0.0045000000000000005,-0.0121
1949-07,0.0009,0.056299999999999996,0.0055000000000000005,0.0039000000000000003,-0.0147,2.57,,,,,0.0341,0.0559,,0.0729,0.031,0.052199999999999996,0.0066,0.059000000000000004,0.08960000000000001,0.0388,,0.1283,0.053399999999999996,0.046,0.055099999999999996,0.059000000000000004,0.0731,0.08109999999999999,0.0786,,0.0507,0.0708,0.09140000000000001,0.0253,0.0487,,,0.033,0.06509999999999999,0.062400000000000004,0.0472,0.0241,0.1,0.024399999999999998,0.09269999999999999,0.0755,0.0313,0.11349999999999999,0.054900000000000004,0.039900000000000005,0.044000000000000004,0.0521,0.0424,0.0663,0.0417,0.020499999999999997,0.0719,0.0978
1949-08,0.0009,0.0268,0.0014000000000000002,-0.0059,0.0158,2.57,,,,,0.0301,0.047,,0.045,0.0351,0.022400000000000003,-0.0013,0.0462,0.041100000000000005,0.0276,,0.1482,-0.013500000000000002,0.0321,0.0484,0.0217,0.0245,0.0118,-0.0031,,0.026600000000000002,0.0087,0.0182,0.0024,0.0052,,,0.024399999999999998,0.029500000000000002,0.0554,0.0368,0.0097,0.027000000000000003,0.056600000000000004,-0.0045000000000000005,0.012,0.0177,0.0074,0.059500000000000004,0.0073,0.0331,0.0147,-0.0132,0.0218,0.008100000000000001,0.0652,0.0394,0.0007000000000000001
1949-09,0.0009,0.031799999999999995,0.0105,0.0023,-0.0132,2.57,,,,,0.0025,0.0264,,0.0567,0.0269,0.0348,0.013500000000000002,0.045599999999999995,0.0317,0.0431,,0.0368,0.016399999999999998,0.0493,0.0004,0.0277,0.028300000000000002,0.1085,0.0356,,0.032799999999999996,0.0352,0.023799999999999998,0.054299999999999994,0.0173,,,0.017,0.0351,0.0302,0.0406,0.0121,0.0785,0.026699999999999998,0.04190000000000001,0.061200000000000004,0.0294,0.0319,0.0473,0.027999999999999997,0.0449,0.0216,0.021,0.0414,0.068,0.050499999999999996,0.0864,0.049400000000000006
1949-10,0.0009,0.0323,0.0103,-0.0049,0.0002,2.57,,,,,0.046,0.018799999999999997,,0.028300000000000002,-0.013999999999999999,0.0273,0.037200000000000004,0.026000000000000002,0.08960000000000001,0.0418,,0.0421,0.0327,0.0416,0.0636,0.0139,0.0339,0.018799999999999997,0.0509,,0.029500000000000002,0.026600000000000002,0.07200000000000001,0.0444,0.0213,,,0.037200000000000004,-0.006500000000000001,0.0378,0.0131,0.018799999999999997,0.039599999999999996,0.018600000000000002,0.0796,0.0661,0.0165,0.0868,0.046,0.0088,0.0098,0.0062,0.0222,0.044500000000000005,0.0694,0.0661,0.0263,0.0138
1949-11,0.0008,0.0189,-0.009399999999999999,-0.009000000000000001,0.012199999999999999,2.57,,,,,0.026000000000000002,0.0182,,0.0451,0.0217,0.026099999999999998,0.0021,-0.0556,0.0391,-0.0069,,0.0473,0.0481,0.0504,-0.0026,0.0068000000000000005,0.043899999999999995,0.032799999999999996,0.0265,,-0.0038,0.0404,0.045700000000000005,-0.0003,-0.011399999999999999,,,-0.0007000000000000001,0.0401,-0.0297,0.032799999999999996,0.0167,0.0039000000000000003,-0.0007000000000000001,0.0052,0.0408,0.08109999999999999,0.011699999999999999,0.0274,0.0089,0.011000000000000001,0.0218,0.0316,0.0405,0.0078000000000000005,0.0509,0.0282,0.038599999999999995
1949-12,0.0009,0.05229999999999999,0.0208,0.0173,-0.008199999999999999,2.57,,,,,0.0547,0.0592,,0.0435,0.0246,0.1618,0.09949999999999999,0.0661,0.0584,0.049400000000000006,,0.1499,0.0793,0.0588,0.005,0.0705,0.0705,0.1607,0.0633,,0.0588,0.0934,0.0883,0.0906,0.049100000000000005,,,0.0166,-0.0248,0.0116,0.0325,0.0158,0.05,0.0764,0.1382,0.0364,0.0363,0.0786,0.08689999999999999,0.08220000000000001,0.0432,0.0481,0.0552,0.0334,0.1058,0.019,0.0748,0.028900000000000002
1950-01,0.0009,0.017900000000000003,0.0334,0.0015,-0.0227,2.57,,,,,0.036000000000000004,0.0141,,0.0365,-0.0085,0.016200000000000003,-0.0085,0.0323,0.0256,0.0008,,0.011699999999999999,0.0105,0.009300000000000001,0.1017,0.0321,-0.0033,0.0599,0.0369,,0.016399999999999998,0.054400000000000004,0.0166,0.053,0.048499999999999995,,,0.04190000000000001,0.0355,-0.0072,0.0375,0.018600000000000002,-0.0022,0.0259,0.0425,0.1127,0.0026,0.0313,0.0356,0.046900000000000004,0.0091,0.0038,0.016399999999999998,0.0229,-0.0165,-0.024,0.0285,0.023700000000000002
1950-02,0.0009,0.015700000000000002,0.0002,-0.0079,0.0138,2.57,,,,,0.030299999999999997,0.0149,,-0.010700000000000001,0.014199999999999999,0.0576,-0.0832,0.0089,0.0414,-0.0504,,0.0296,0.0178,0.0097,0.0489,-0.045700000000000005,0.0171,0.0104,0.0338,,0.0037,0.0437,0.0371,0.087,0.0151,,,-0.0051,-0.0304,-0.0049,0.024,0.0066,-0.0273,-0.0325,0.0064,0.0764,0.027999999999999997,0.0329,-0.0054,0.0169,0.0161,0.0242,0.020499999999999997,0.052300000000000006,0.0124,0.004699999999999999,0.0254,0.0508
1950-03,0.001,0.013600000000000001,-0.0143,-0.0278,0.0146,2.57,,,,,0.0063,0.001,,-0.0029,-0.0066,-0.0668,-0.0115,-0.0533,-0.0033,-0.0046,,0.0021,-0.0334,0.0358,-0.0724,-0.0479,0.0097,-0.014499999999999999,-0.0152,,-0.011200000000000002,0.0407,0.0159,-0.030899999999999997,-0.0356,,,-0.0225,0.0096,0.0492,0.005600000000000001,0.046,0.04019999999999999,-0.0155,0.0282,-0.0111,-0.0415,-0.0274,0.025099999999999997,-0.008100000000000001,-0.0051,-0.0017000000000000001,-0.0189,-0.0063,0.0137,-0.0528,0.002,0.0356
1950-04,0.0009,0.040299999999999996,0.02,0.013300000000000001,0.0027,2.57,,,,,0.0043,-0.0046,,0.027000000000000003,-0.028300000000000002,0.0053,0.0371,0.0371,0.0805,0.0151,,-0.047400000000000005,0.0695,0.0942,0.0636,0.0751,0.0441,0.0416,0.0759,,0.0275,0.06709999999999999,0.10400000000000001,0.16010000000000002,0.0208,,,0.041299999999999996,-0.0329,0.0334,0.009399999999999999,0.023700000000000002,-0.0159,0.018000000000000002,-0.0134,0.146,0.0335,0.09630000000000001,0.07490000000000001,0.0106,-0.004,-0.0034999999999999996,0.064,-0.009300000000000001,-0.0929,0.0717,0.0388,-0.011000000000000001
1950-05,0.001,0.0442,-0.0213,0.004699999999999999,0.0029,2.57,,,,,0.0688,0.0171,,-0.0019,0.0049,0.052300000000000006,-0.051500000000000004,-0.0115,0.052300000000000006,0.06509999999999999,,0.1517,0.025699999999999997,0.0746,0.009000000000000001,0.032799999999999996,0.0441,0.0092,0.0616,,0.0412,0.0034999999999999996,0.0697,-0.0381,0.0391,,,0.0269,0.0796,0.08789999999999999,0.0183,0.0197,0.1547,0.0166,0.0177,-0.0213,-0.0204,0.0364,0.07429999999999999,0.0028000000000000004,0.0526,0.030299999999999997,-0.0022,0.0271,0.1191,0.0256,0.0401,0.050499999999999996
1950-06,0.001,-0.0586,-0.0241,-0.0079,-0.0158,2.57,,,,,-0.045,-0.0701,,-0.0217,-0.0449,-0.099,-0.0582,-0.0781,-0.0849,-0.0533,,-0.0863,-0.0358,-0.067,-0.0926,-0.049,-0.08560000000000001,-0.1317,-0.0417,,-0.0587,-0.078,-0.0395,-0.0305,-0.08380000000000001,,,-0.062400000000000004,-0.0765,-0.0438,-0.07690000000000001,-0.0434,-0.0779,-0.061,-0.0969,-0.0559,-0.0694,-0.0466,-0.1106,-0.0637,-0.0735,-0.0429,-0.044500000000000005,-0.102,-0.04769999999999999,-0.1121,-0.06309999999999999,-0.08259999999999999
1950-07,0.001,0.014700000000000001,0.0054,0.1369,-0.0052,2.57,,,,,-0.06849999999999999,-0.0175,,0.0602,-0.019,-0.0414,0.058499999999999996,-0.053099999999999994,-0.0217,0.0594,,-0.006,-0.0779,-0.038,0.0245,0.16879999999999998,-0.07200000000000001,-0.0365,0.1215,,0.049400000000000006,-0.0159,-0.011000000000000001,0.1592,0.201,,,0.0335,0.2059,0.0864,-0.052300000000000006,-0.013300000000000001,0.046799999999999994,-0.0391,-0.06860000000000001,-0.045599999999999995,-0.026600000000000002,-0.0361,0.0088,0.16190000000000002,0.0381,-0.012,-0.0034999999999999996,-0.1266,-0.0895,0.006,0.0271,-0.1024
1950-08,0.001,0.049600000000000005,0.0074,-0.0137,0.032,2.57,,,,,0.1832,0.0344,,0.0318,0.0034000000000000002,0.0554,0.0258,0.1268,0.1079,0.0353,,0.0196,0.0392,0.0775,0.0313,0.027999999999999997,0.0668,0.0719,0.0475,,0.045899999999999996,0.039,0.0889,-0.0313,-0.0046,,,0.0839,0.049400000000000006,0.0433,0.0345,0.0256,0.051699999999999996,0.0548,0.0873,0.0393,0.0693,0.0541,0.11,0.0005,0.1182,0.0398,0.051399999999999994,0.061200000000000004,0.0545,0.08310000000000001,0.0213,0.0575
1950-09,0.001,0.0492,0.0059,-0.011000000000000001,-0.002,2.57,,,,,0.0252,0.0405,,0.1013,0.04769999999999999,0.0745,0.1133,0.20010000000000003,0.0346,0.0596,,0.10550000000000001,0.0556,0.0421,0.0677,0.0453,0.0867,0.0641,0.0323,,0.0709,0.046799999999999994,0.08410000000000001,-0.018500000000000003,0.0189,,,0.09369999999999999,0.0321,0.0354,0.0453,-0.0048,0.023700000000000002,0.0922,0.0475,0.0682,0.06570000000000001,0.12890000000000001,0.0605,0.0426,0.0526,0.0875,0.06509999999999999,0.1157,0.1119,0.0556,0.045599999999999995,0.0699
1950-10,0.0012,-0.0007000000000000001,-0.0066,0.013600000000000001,0.0151,2.57,,,,,-0.0033,-0.0045000000000000005,,-0.011899999999999999,0.0015,-0.0098,-0.0641,0.0089,-0.0084,-0.0026,,-0.0254,-0.0166,-0.0085,-0.0025,-0.004699999999999999,-0.0155,-0.06309999999999999,0.04,,-0.0077,-0.0139,0.004,-0.0002,0.0599,,,-0.0196,-0.026699999999999998,0.0034000000000000002,-0.0075,0.0021,-0.02,-0.0121,0.0003,-0.0475,-0.0332,-0.038900000000000004,0.0036,-0.0076,-0.0365,0.011200000000000002,-0.0178,-0.0552,0.0378,0.052199999999999996,0.0101,0.003
1950-11,0.0011,0.0285,-0.0089,0.0319,0.0352,2.57,,,,,-0.050199999999999995,0.0013,,0.0317,-0.0176,-0.022400000000000003,-0.0121,-0.0444,0.0105,0.0334,,0.12119999999999999,0.0361,0.0766,0.07339999999999999,0.0225,0.0449,0.019299999999999998,0.0526,,0.031400000000000004,0.0052,-0.021099999999999997,0.0858,0.0278,,,0.075,0.049100000000000005,0.0535,-0.011899999999999999,-0.0024,-0.0227,-0.0002,0.0166,0.0795,0.1249,0.0748,0.0694,0.0417,0.036000000000000004,0.009899999999999999,0.0155,0.0014000000000000002,0.0287,0.044800000000000006,0.051699999999999996,-0.0051
1950-12,0.0011,0.056799999999999996,0.015300000000000001,0.0727,0.0495,2.57,,,,,-0.0168,0.0194,,0.0641,-0.0138,0.022000000000000002,0.009300000000000001,0.0316,0.0161,0.064,,0.0932,0.055999999999999994,0.062,0.035699999999999996,0.1249,0.0297,0.0673,0.0765,,0.1002,0.0508,0.0232,0.1307,0.0836,,,0.0873,0.13849999999999998,0.0861,0.0361,0.019,0.0256,0.0209,0.029300000000000003,0.0335,0.0066,0.0481,0.0625,0.15960000000000002,0.0415,0.0271,0.038,-0.039,0.060599999999999994,0.048799999999999996,0.11470000000000001,0.0286
1951-01,0.0013,0.058300000000000005,0.0167,0.0379,0.0232,2.57,,,,,0.1416,0.0311,,0.0875,0.037200000000000004,0.1093,0.041299999999999996,0.06849999999999999,0.0765,0.0222,,0.0397,0.0296,0.0432,0.0677,0.037200000000000004,0.0806,0.1018,0.0848,,0.0639,0.10439999999999999,0.0901,0.0192,0.0518,,,0.0613,0.04019999999999999,0.0634,0.050499999999999996,0.0187,0.0278,0.0889,0.0721,0.047,-0.022099999999999998,0.087,0.0508,0.08199999999999999,0.0526,0.0349,0.0762,0.0484,-0.08109999999999999,0.1389,0.0444,0.1084
1951-02,0.001,0.015,0.0014000000000000002,-0.0279,-0.0195,2.57,,,,,0.026000000000000002,0.0167,,-0.034,-0.0079,0.005,0.050499999999999996,-0.016399999999999998,0.015,0.0246,,-0.0513,0.0253,0.0264,0.043899999999999995,0.0265,0.0305,0.1003,-0.023399999999999997,,0.0171,0.013000000000000001,0.029500000000000002,0.0308,-0.0062,,,0.002,0.0026,0.0097,0.0313,0.041100000000000005,0.0063,0.0074,-0.008100000000000001,0.0711,0.0014000000000000002,0.032,0.0172,-0.0229,-0.015300000000000001,0.0342,0.027000000000000003,0.0571,0.0286,-0.0313,-0.005699999999999999,0.0068000000000000005
1951-03,0.0011,-0.0205,-0.0066,-0.0426,-0.029300000000000003,2.57,,,,,0.006,-0.015700000000000002,,-0.0475,-0.0158,-0.027200000000000002,-0.059500000000000004,-0.033,-0.0319,-0.049400000000000006,,-0.027999999999999997,0.023799999999999998,-0.0176,-0.024900000000000002,-0.0932,0.008199999999999999,-0.0747,-0.0516,,-0.0453,-0.003,0.0091,-0.0857,-0.0677,,,-0.0417,-0.0603,-0.0231,-0.013999999999999999,-0.0109,-0.0102,-0.0322,-0.0172,-0.0097,-0.025699999999999997,-0.0339,-0.018500000000000003,-0.036699999999999997,0.0049,-0.022400000000000003,-0.0378,0.0172,0.0259,-0.0175,-0.013600000000000001,0.0027
1951-04,0.0013,0.04990000000000001,-0.0148,0.0326,0.059800000000000006,2.57,,,,,0.011200000000000002,0.0031,,0.050300000000000004,-0.0059,0.0347,0.0126,0.022099999999999998,0.0138,0.0111,,0.0596,0.1105,0.083,0.0492,0.0225,0.038599999999999995,0.0276,0.06570000000000001,,0.046799999999999994,0.028999999999999998,0.0433,0.0536,0.057300000000000004,,,0.061399999999999996,-0.0252,0.1104,0.0022,0.0084,-0.0027,0.026000000000000002,0.0294,0.0824,0.0346,0.0608,0.08990000000000001,0.036000000000000004,0.0012,0.0040999999999999995,-0.015700000000000002,0.0105,0.0048,-0.0137,0.0799,0.0292
1951-05,0.0012,-0.0224,-0.0008,-0.014199999999999999,-0.0096,2.57,,,,,0.0016,-0.0137,,-0.0014000000000000002,-0.0213,-0.0148,-0.0475,-0.0701,-0.0208,-0.0225,,-0.0016,0.018000000000000002,-0.0032,-0.011899999999999999,-0.0063,-0.0432,-0.0026,-0.0377,,-0.0258,-0.0339,-0.050300000000000004,-0.033,-0.0171,,,-0.030899999999999997,-0.0066,-0.0308,-0.0004,-0.004,0.0116,-0.0403,-0.0004,-0.0375,-0.0365,-0.0098,-0.0296,-0.0392,0.0754,-0.0179,-0.054000000000000006,-0.0011,-0.011399999999999999,0.0064,-0.029500000000000002,-0.0088
1951-06,0.0012,-0.0251,-0.0196,-0.0398,-0.0245,2.57,,,,,-0.0398,-0.0336,,-0.0256,-0.0368,-0.050499999999999996,0.0054,-0.0789,-0.08439999999999999,-0.026000000000000002,,0.0102,0.008100000000000001,-0.0069,-0.0013,-0.053200000000000004,-0.021099999999999997,-0.07490000000000001,-0.0823,,-0.0493,-0.0168,-0.0667,-0.0894,-0.085,,,-0.047,-0.002,0.0111,-0.0042,-0.0019,-0.0281,0.0015,-0.0227,0.051100000000000007,-0.0226,0.0282,-0.0216,-0.0789,-0.0729,-0.024300000000000002,-0.0504,-0.0037,0.0229,-0.0060999999999999995,-0.009899999999999999,-0.0215
1951-07,0.0013,0.0708,-0.020499999999999997,0.02,0.0718,2.57,,,,,0.024700000000000003,0.0326,,0.0526,0.030699999999999998,0.0404,0.0761,0.026699999999999998,0.07339999999999999,0.0106,,0.08439999999999999,0.1527,0.0814,0.0802,0.0236,0.0746,0.0365,0.09699999999999999,,0.0659,0.050199999999999995,0.0436,0.1069,0.0855,,,0.0679,0.052300000000000006,0.11460000000000001,0.053099999999999994,0.027999999999999997,0.0001,0.0108,0.0725,0.0508,0.0647,0.0123,0.0697,0.085,0.1144,0.023700000000000002,0.0381,0.0718,0.0215,-0.005600000000000001,0.066,0.0387
1951-08,0.0013,0.0442,0.0095,-0.0017000000000000001,0.0064,2.57,,,,,0.06709999999999999,0.0301,,0.0273,0.0345,0.0436,0.0637,0.0481,0.0254,0.0308,,0.0471,-0.0218,0.023399999999999997,0.0576,0.0424,0.0495,0.012,0.09849999999999999,,0.0473,0.0729,0.0718,0.0499,0.0208,,,0.0983,0.0803,0.0574,0.0213,0.0264,0.0086,0.0315,0.0424,0.0103,0.0358,0.0579,0.035699999999999996,0.0146,0.0338,0.026000000000000002,0.052300000000000006,0.0316,0.0176,0.0349,0.0599,0.016200000000000003
1951-09,0.0012,0.008199999999999999,0.018600000000000002,0.0062,0.006,2.57,,,,,-0.0632,0.0006,,0.0406,0.0027,0.059699999999999996,0.1017,-0.0227,0.0037,-0.023799999999999998,,-0.027999999999999997,-0.017,-0.0129,0.0144,-0.0225,0.0096,0.0967,0.013000000000000001,,0.018500000000000003,0.0354,0.0252,0.0464,0.0239,,,0.0599,0.051500000000000004,-0.0085,0.013300000000000001,-0.0006,0.0108,0.0017000000000000001,-0.0060999999999999995,-0.0118,0.0969,0.0791,-0.016399999999999998,0.0362,0.1697,0.026000000000000002,-0.0033,0.0085,0.038900000000000004,-0.018500000000000003,0.0060999999999999995,-0.0033
1951-10,0.0016,-0.0237,-0.0023,0.0018,-0.0021,2.57,,,,,-0.0753,-0.028999999999999998,,-0.035699999999999996,-0.0236,-0.0258,-0.0369,-0.0067,-0.0276,-0.0070999999999999995,,-0.0987,-0.0547,-0.0757,-0.0276,-0.0331,-0.0196,-0.0106,-0.015,,-0.023700000000000002,-0.0644,-0.0203,-0.0171,-0.013300000000000001,,,-0.0512,-0.015600000000000001,0.0121,0.006999999999999999,-0.0108,0.009300000000000001,0.0022,-0.0406,-0.0621,-0.0933,-0.031400000000000004,-0.0346,-0.041100000000000005,-0.0947,-0.0271,0.0051,0.0106,-0.059800000000000006,0.037200000000000004,-0.031200000000000002,-0.0839
1951-11,0.0011,0.0069,-0.0033,-0.0008,0.0051,2.57,,,,,-0.0039000000000000003,-0.0003,,-0.0167,0.0033,0.0151,-0.004,0.0115,-0.0060999999999999995,-0.0077,,-0.0537,0.0013,0.0012,0.036000000000000004,0.011000000000000001,-0.0052,-0.004,0.0121,,0.0171,0.0192,0.0152,-0.026000000000000002,-0.0022,,,0.0207,0.0412,-0.0084,0.0166,0.005,0.0038,0.0258,0.0037,0.015700000000000002,0.0889,0.023700000000000002,0.016,0.022099999999999998,0.0097,0.0158,0.0175,0.050499999999999996,-0.0483,0.0513,0.0479,0.023
1951-12,0.0012,0.0345,-0.022400000000000003,-0.0155,0.0175,2.57,,,,,0.0557,0.0187,,0.027200000000000002,0.008199999999999999,-0.0021,-0.0233,-0.0178,0.024,0.0125,,0.014199999999999999,0.0559,0.0837,0.0167,0.013600000000000001,0.032,0.0371,0.0044,,0.0379,0.0481,0.0354,0.0195,0.0026,,,-0.0173,-0.0077,0.048,0.032799999999999996,0.0087,0.009300000000000001,-0.0172,0.061,0.09029999999999999,0.028300000000000002,0.0542,0.032,0.0167,-0.0066,-0.0026,0.006,0.0345,0.09480000000000001,-0.018799999999999997,0.07719999999999999,0.0392
1952-01,0.0015,0.016,-0.006500000000000001,0.0148,0.0137,2.57,,,,,-0.009899999999999999,0.0105,,-0.0404,0.0521,0.046900000000000004,-0.0078000000000000005,0.0113,0.0049,0.013300000000000001,,0.0132,0.005699999999999999,-0.0333,0.008,-0.0512,0.0008,0.0297,0.0304,,0.006999999999999999,-0.0109,-0.0131,0.0447,0.0148,,,0.0478,0.049699999999999994,0.0662,0.0308,0.0018,0.0682,-0.0173,-0.0287,-0.0622,-0.0129,-0.0374,0.009300000000000001,0.037200000000000004,0.0048,-0.0060999999999999995,0.0361,-0.0012,0.0269,0.0245,0.0529,0.0212
1952-02,0.0012,-0.0252,0.0085,-0.0062,-0.0068000000000000005,2.57,,,,,-0.0552,-0.0062,,-0.0336,-0.0265,0.0002,0.0008,0.0101,-0.0033,-0.037200000000000004,,-0.10369999999999999,-0.0355,-0.034,-0.0535,-0.0366,-0.0208,0.0319,-0.061799999999999994,,-0.0253,-0.038599999999999995,-0.0027,-0.0449,-0.022799999999999997,,,-0.0508,0.013000000000000001,-0.0349,0.0069,-0.0062,-0.04190000000000001,-0.0345,-0.0374,-0.0128,-0.0075,-0.0464,-0.0216,-0.0168,-0.0327,-0.0382,0.0007000000000000001,0.026099999999999998,-0.045899999999999996,-0.0062,-0.0102,-0.055999999999999994
1952-03,0.0011,0.0455,-0.0297,0.0223,0.0165,2.57,,,,,0.0556,0.0091,,-0.0019,0.0187,-0.0106,0.0103,0.0322,0.022000000000000002,0.0297,,0.026000000000000002,0.0021,0.0333,0.0345,0.04,0.0341,0.0344,0.018600000000000002,,0.0316,0.0775,0.0885,0.0106,0.019299999999999998,,,0.02,0.0038,0.08839999999999999,0.0223,0.0127,-0.0063,0.0373,0.0165,0.0426,-0.0069,0.0149,0.0252,0.08349999999999999,-0.0096,0.0279,0.0504,0.0447,0.0355,0.0738,0.035,0.0342
1952-04,0.0012,-0.048499999999999995,0.0049,-0.0003,-0.020099999999999996,2.57,,,,,-0.0264,-0.0192,,-0.0932,-0.0383,-0.0504,-0.06,0.0,-0.054000000000000006,-0.0325,,-0.0861,-0.0516,-0.0728,-0.0487,-0.0509,-0.0401,-0.0111,-0.0782,,-0.0446,-0.0378,-0.0387,-0.0652,-0.0038,,,-0.0579,-0.0803,-0.0765,-0.018000000000000002,-0.0075,-0.026600000000000002,-0.0417,-0.0203,-0.048799999999999996,-0.028900000000000002,-0.0928,-0.0552,-0.0339,-0.0588,-0.016,-0.0155,0.0223,-0.0063,-0.0395,-0.050499999999999996,-0.0337
1952-05,0.0013,0.0333,-0.01,0.0002,0.005600000000000001,2.57,,,,,0.048,0.021099999999999997,,0.0174,-0.004699999999999999,0.0527,-0.095,0.0408,-0.0048,0.0182,,0.0674,0.0207,0.0666,-0.009399999999999999,0.0504,0.0373,0.038,0.0253,,0.0291,0.030699999999999998,0.0416,0.0735,0.021400000000000002,,,0.024300000000000002,0.0487,0.035,0.029900000000000003,0.0103,-0.0034000000000000002,0.0174,0.037000000000000005,0.044500000000000005,0.008199999999999999,0.009300000000000001,0.0288,0.044000000000000004,0.0364,0.0256,0.013300000000000001,0.0173,0.04769999999999999,0.037000000000000005,0.0271,0.013300000000000001
1952-06,0.0015,0.0399,-0.0163,0.0124,0.0149,2.57,,,,,0.0159,0.023700000000000002,,0.0265,0.037200000000000004,0.0398,0.0060999999999999995,-0.0128,0.0232,0.0269,,0.0166,-0.0125,0.0397,0.0007000000000000001,0.056900000000000006,0.0182,0.0683,0.0576,,0.018600000000000002,0.0667,0.0621,0.073,0.0278,,,0.0425,0.021099999999999997,0.055,0.011000000000000001,0.0207,-0.0028000000000000004,0.024300000000000002,0.0637,0.07440000000000001,0.011699999999999999,0.038,0.0453,0.0508,0.025,0.031,0.011200000000000002,0.0315,0.0462,0.042,0.0149,-0.0118
1952-07,0.0015,0.0106,-0.0040999999999999995,-0.0032,-0.0055000000000000005,2.57,,,,,-0.0315,0.0101,,0.056600000000000004,-0.008100000000000001,0.0011,-0.0151,0.0358,0.0206,0.030899999999999997,,-0.0362,-0.0449,0.0127,0.031400000000000004,-0.018799999999999997,0.0121,0.0075,0.033,,0.038900000000000004,0.0144,0.0241,0.0044,0.011699999999999999,,,0.0155,0.0051,-0.0104,0.0203,0.0025,-0.0342,0.0101,0.004,-0.0227,0.0382,0.0466,0.0365,0.0069,-0.0077,0.0218,-0.0054,0.051500000000000004,0.0002,0.0196,0.0111,0.0462
1952-08,0.0015,-0.006200000000000001,0.0115,0.0009,0.0034000000000000002,2.57,,,,,0.0385,0.0104,,0.0007000000000000001,0.015300000000000001,0.067,0.0501,-0.0241,0.0008,-0.016399999999999998,,0.0315,-0.009899999999999999,-0.016,0.0277,-0.0021,-0.0106,0.0219,-0.0236,,-0.020499999999999997,-0.0007000000000000001,0.015300000000000001,0.0121,-0.0134,,,0.003,-0.0088,-0.027000000000000003,0.0182,0.0089,-0.0274,0.0053,-0.0066,0.0129,-0.0073,0.0036,-0.0143,-0.0034000000000000002,-0.018500000000000003,-0.0026,0.0382,-0.01,0.0044,0.11539999999999999,-0.0229,0.0116
1952-09,0.0016,-0.0188,0.0109,-0.014199999999999999,0.0173,2.57,,,,,-0.0637,-0.0108,,-0.1261,-0.0060999999999999995,-0.0288,-0.0115,-0.0085,-0.009000000000000001,-0.0104,,-0.0159,-0.044199999999999996,-0.017,-0.0424,-0.0559,-0.016200000000000003,-0.063,-0.038599999999999995,,-0.017,0.0227,-0.0095,-0.0178,-0.013000000000000001,,,-0.024900000000000002,0.0053,-0.0437,0.0033,-0.0034999999999999996,-0.0021,-0.0101,-0.0126,-0.040999999999999995,-0.0026,-0.0617,-0.0025,-0.019,-0.043,-0.005699999999999999,0.0121,0.011000000000000001,0.015700000000000002,0.039,-0.0113,0.0089
1952-10,0.0014000000000000002,-0.0052,-0.0103,-0.0055000000000000005,0.0273,2.57,,,,,-0.048799999999999996,-0.0127,,-0.0236,0.0719,-0.009300000000000001,-0.0718,0.0011,0.009899999999999999,-0.0318,,-0.0525,-0.009000000000000001,-0.0208,-0.024399999999999998,-0.0716,-0.021099999999999997,0.0031,-0.015600000000000001,,-0.02,-0.0059,0.0131,0.0174,-0.0118,,,-0.049800000000000004,-0.0213,0.0040999999999999995,0.0034000000000000002,0.0092,0.0288,0.0040999999999999995,-0.005,0.0404,-0.054900000000000004,0.0037,-0.018000000000000002,0.0054,0.013600000000000001,-0.0127,-0.0058,-0.023799999999999998,-0.030299999999999997,-0.0265,-0.0429,-0.0576
1952-11,0.001,0.0606,-0.0072,0.0102,0.004,2.57,,,,,0.0275,0.0504,,0.0968,0.083,0.053899999999999997,0.0947,0.0652,0.0526,0.0732,,0.047,0.0756,0.1014,0.0746,0.0583,0.07339999999999999,0.0313,0.0785,,0.0729,0.10550000000000001,0.0756,0.051399999999999994,0.0674,,,0.0617,0.0974,0.019799999999999998,0.0509,0.0407,-0.029300000000000003,0.016399999999999998,0.0565,0.1371,0.059800000000000006,0.0558,0.0857,0.0747,0.0431,0.04650000000000001,0.0011,0.0886,0.0895,0.0495,0.064,0.0836
1952-12,0.0016,0.030900000000000004,-0.0151,0.0019,0.0149,2.57,,,,,0.018600000000000002,0.0152,,-0.0046,0.0042,0.048600000000000004,0.0696,0.0213,0.011699999999999999,0.005699999999999999,,0.0103,-0.0232,0.0168,-0.006500000000000001,0.0425,0.0276,0.019,0.042300000000000004,,0.0236,0.0253,0.0706,0.032400000000000005,0.0069,,,0.0212,-0.0181,0.0464,0.020099999999999996,0.0088,-0.0194,0.0255,0.056799999999999996,0.047,0.0166,-0.0054,0.032400000000000005,0.037599999999999995,0.0209,0.0124,0.0513,0.0175,-0.0040999999999999995,0.0784,0.0816,0.0034000000000000002
1953-01,0.0016,-0.0018000000000000002,0.0354,0.0128,0.0074,2.57,,,,,-0.0105,0.030899999999999997,,0.003,0.047400000000000005,0.0194,0.0012,0.028999999999999998,0.0063,0.0048,,-0.0601,-0.0501,0.002,0.0218,-0.0277,0.0101,-0.0048,0.014199999999999999,,-0.0016,-0.0334,-0.0044,0.0782,0.0408,,,-0.0026,0.0203,-0.030600000000000002,0.0092,0.01,0.0175,0.029300000000000003,-0.0024,-0.0176,0.0005,-0.0064,-0.014199999999999999,0.0175,-0.0019,0.0086,0.0338,0.01,0.019799999999999998,0.0348,-0.0177,0.0229
1953-02,0.0014000000000000002,-0.0013,0.0222,-0.0005,0.008,2.57,,,,,-0.0554,0.0132,,0.0021,0.0526,0.021,0.0443,0.0738,-0.0067,0.0371,,0.034300000000000004,0.019,-0.0263,-0.0016,0.016399999999999998,0.0004,0.0032,-0.0039000000000000003,,-0.006999999999999999,0.0034000000000000002,-0.0118,0.0147,0.019299999999999998,,,0.0331,-0.0059,0.0034999999999999996,0.0051,-0.004,0.0012,0.0126,0.011899999999999999,-0.0479,0.020499999999999997,-0.0404,0.0163,-0.0115,-0.0155,-0.0009,0.0296,0.002,-0.0248,0.0024,0.0023,-0.0206
1953-03,0.0018,-0.0126,-0.0021,-0.0084,0.0014000000000000002,2.57,,,,,0.0404,-0.0096,,-0.015700000000000002,-0.0447,0.0707,0.0452,-0.0068000000000000005,-0.0058,-0.0199,,0.0108,-0.0032,0.0006,-0.0096,-0.0492,-0.0026,-0.016399999999999998,-0.047400000000000005,,-0.0072,-0.0165,-0.0455,-0.0572,-0.0158,,,-0.039599999999999996,-0.0662,-0.004699999999999999,0.0015,-0.0044,0.0441,0.0028000000000000004,0.004,0.0528,0.0039000000000000003,-0.0575,-0.0077,-0.024,-0.0172,-0.004699999999999999,0.013000000000000001,-0.0121,-0.0104,0.0264,0.0334,0.027999999999999997
1953-04,0.0016,-0.0267,0.0026,0.0155,0.0184,2.57,2.83,,,,-0.0354,-0.0028000000000000004,,-0.0373,0.045,-0.0264,-0.0252,0.0073,-0.033,-0.0126,,-0.0492,-0.054000000000000006,-0.0334,-0.009899999999999999,-0.0278,-0.0207,-0.0281,-0.0204,,-0.0177,0.008100000000000001,-0.0206,-0.042300000000000004,-0.038599999999999995,,,-0.0206,-0.0681,-0.0516,-0.0296,-0.0104,0.0045000000000000005,-0.041299999999999996,-0.0466,-0.0311,0.0096,-0.0345,-0.02,-0.0291,-0.0329,-0.0067,-0.009000000000000001,-0.0334,-0.0326,-0.014199999999999999,-0.06269999999999999,-0.0149
1953-05,0.0017000000000000001,0.0068000000000000005,-0.0005,0.0025,0.009000000000000001,2.57,3.05,,-0.016686366673787492,,-0.0042,0.0040999999999999995,,0.008,-0.0017000000000000001,0.0366,-0.0084,-0.0104,0.0008,0.005600000000000001,,0.006500000000000001,-0.0014000000000000002,0.0,0.0182,-0.0039000000000000003,0.0005,0.0144,0.0002,,-0.004,0.009899999999999999,-0.0027,0.0269,0.037200000000000004,,,-0.0181,-0.0034999999999999996,0.018500000000000003,-0.0014000000000000002,0.0037,0.0962,0.0159,0.0322,0.046900000000000004,-0.0208,-0.009399999999999999,0.0144,0.0276,0.0024,0.015700000000000002,-0.0011,0.0144,-0.0555,0.029900000000000003,0.02,0.023
1953-06,0.0018,-0.0171,-0.0189,-0.005,0.0,2.82,3.11,,-0.0025962539147838842,,0.0246,-0.019299999999999998,,-0.009300000000000001,0.013600000000000001,-0.053899999999999997,-0.010700000000000001,-0.0464,-0.0472,-0.015300000000000001,,-0.0123,-0.0359,-0.0126,0.0124,-0.0037,-0.0447,-0.0461,-0.027999999999999997,,-0.0416,-0.0187,-0.029900000000000003,-0.0301,-0.039900000000000005,,,-0.0398,-0.0345,-0.0003,-0.0282,0.0051,0.0285,-0.0208,-0.028999999999999998,-0.044800000000000006,-0.0058,-0.0403,-0.0059,-0.0126,-0.0616,-0.0195,-0.0339,-0.0366,-0.0097,-0.030600000000000002,-0.029300000000000003,-0.0219
1953-07,0.0015,0.025500000000000002,-0.0104,-0.0025,-0.0037,2.82,2.93,,0.01795998904625003,,0.013999999999999999,0.0256,,0.0366,0.046799999999999994,0.031400000000000004,0.0317,-0.0151,0.056100000000000004,0.0016,,0.06570000000000001,0.0326,0.0275,0.019799999999999998,0.013600000000000001,0.0241,0.0182,0.0335,,0.0062,0.0242,0.006,-0.0032,0.006500000000000001,,,0.0116,0.0040999999999999995,0.0398,0.0341,0.009399999999999999,-0.009000000000000001,0.0037,0.0227,0.0245,0.0174,0.0079,0.0353,0.0147,0.0019,0.0209,0.0132,0.0042,0.0075,0.0197,0.0239,0.0025
1953-08,0.0017000000000000001,-0.043899999999999995,0.0037,-0.0352,0.021400000000000002,2.82,2.95,,0.0007188645542514731,,-0.0304,-0.0262,,-0.025,-0.056900000000000006,-0.0622,-0.0641,-0.08199999999999999,-0.0374,-0.0121,,0.0231,-0.0028000000000000004,-0.0279,-0.0104,-0.0525,-0.043,-0.0408,-0.081,,-0.0644,-0.0603,-0.0664,-0.022400000000000003,-0.0513,,,-0.0677,-0.0716,-0.0643,-0.0036,-0.0084,-0.0059,-0.0212,-0.013300000000000001,-0.0384,-0.0069,-0.0709,-0.052199999999999996,-0.0873,0.0022,-0.024300000000000002,-0.0862,-0.0028000000000000004,-0.0118,-0.0241,-0.0633,-0.0108
1953-09,0.0016,0.0037,-0.0085,-0.024399999999999998,0.028999999999999998,2.82,2.87,,0.009342743255952725,,-0.0392,0.0046,,-0.0269,0.036699999999999997,-0.0113,-0.0318,0.0273,-0.015700000000000002,-0.0166,,-0.011000000000000001,0.006500000000000001,0.018000000000000002,-0.0128,-0.023,0.0083,0.018799999999999997,-0.004699999999999999,,0.0043,0.050300000000000004,-0.0039000000000000003,0.039599999999999996,-0.0401,,,-0.0072,-0.0346,-0.019,0.016399999999999998,0.0178,0.001,-0.0048,-0.0174,0.0431,0.0236,0.0055000000000000005,0.0398,-0.0169,-0.0204,0.0024,-0.005600000000000001,0.0203,0.0326,-0.0519,-0.0195,-0.0095
1953-10,0.0013,0.0473,-0.013600000000000001,-0.0019,0.0023,2.82,2.66,,0.020534778668802583,,-0.0579,0.018799999999999997,,0.0308,-0.0195,0.0463,0.0212,0.1131,0.0653,0.0192,,0.0441,0.024,0.0451,0.1199,0.0037,0.0608,0.0433,0.0827,,0.0433,0.0861,0.0802,0.0604,0.053399999999999996,,,0.0337,0.0154,0.056900000000000006,0.0447,0.0139,0.0541,0.011200000000000002,0.012,0.08960000000000001,0.0832,0.0681,0.0701,0.0362,0.0131,0.0085,0.0022,0.0537,-0.0042,0.1124,0.0536,0.01
1953-11,0.0008,0.029199999999999997,-0.013000000000000001,-0.0015,0.0196,2.82,2.68,,0.0004706828931712232,,-0.0052,0.0323,,0.0462,-0.0795,0.0418,0.121,0.0254,0.0441,0.0063,,0.0765,0.0808,0.04769999999999999,0.010700000000000001,-0.008199999999999999,0.0438,0.036000000000000004,0.020499999999999997,,0.0308,0.069,0.0085,0.056100000000000004,0.0394,,,-0.005699999999999999,0.0322,0.019799999999999998,0.03,0.0227,0.0317,0.0096,0.018000000000000002,0.031,0.0055000000000000005,0.0059,0.07139999999999999,0.02,0.016200000000000003,0.0353,0.0222,0.04650000000000001,0.0816,-0.0215,0.0218,0.0537
1953-12,0.0013,0.0015,-0.0085,-0.028300000000000002,0.0521,2.82,2.59,,0.010082464580635877,,-0.0002,0.013600000000000001,,-0.014499999999999999,-0.045700000000000005,-0.0222,0.0359,-0.0040999999999999995,-0.0019,-0.012,,-0.0338,-0.0105,0.0083,0.0747,-0.032,0.0155,-0.0393,-0.0087,,-0.0024,-0.0069,-0.0076,0.031400000000000004,-0.0089,,,-0.0354,-0.046900000000000004,0.005,0.0069,0.0053,0.052000000000000005,0.0471,0.057999999999999996,0.0051,0.013600000000000001,-0.0329,0.013300000000000001,-0.037599999999999995,-0.0051,0.013300000000000001,-0.0089,0.0184,-0.0062,0.0169,-0.0124,0.0369
1954-01,0.0011,0.052399999999999995,0.005,0.0345,-0.0584,2.82,2.48,,0.011794699020623195,,0.0809,0.037000000000000005,,0.0654,0.0207,0.0353,0.0321,0.0851,0.0415,0.027999999999999997,,0.04,0.0588,0.0104,0.0858,0.07730000000000001,0.0639,0.0639,0.0756,,0.0809,0.07150000000000001,0.0565,0.08259999999999999,0.0737,,,0.0819,0.0949,0.0863,0.0332,0.0189,-0.0083,0.010700000000000001,0.06269999999999999,0.0378,0.0695,0.1545,0.0379,0.0793,0.0766,0.030899999999999997,0.0613,0.0545,-0.0151,0.0562,0.049400000000000006,0.0348
1954-02,0.0007000000000000001,0.0174,-0.0018,-0.0027,0.0104,2.82,2.47,,0.002947509791952325,,0.0067,-0.0004,,-0.0025,-0.0344,-0.0106,0.0331,0.0596,-0.004,0.019299999999999998,,0.0026,-0.0025,0.0009,-0.0143,0.0176,0.0229,-0.0034000000000000002,0.0031,,0.025,0.055,0.015300000000000001,0.0718,0.031200000000000002,,,0.0432,-0.0681,0.0292,0.0159,0.0258,-0.0012,0.0199,0.0437,0.026600000000000002,0.04019999999999999,-0.0078000000000000005,0.0154,0.0096,0.029900000000000003,0.0029,0.0131,0.0098,0.0489,0.0191,0.0095,0.0433
1954-03,0.0008,0.0374,-0.005,-0.014499999999999999,0.0213,2.82,2.37,,0.010871155852689685,,0.0176,0.0296,,-0.0351,0.0028000000000000004,0.0287,0.0513,0.0174,0.051399999999999994,0.0177,,-0.0163,0.0055000000000000005,0.0454,0.010700000000000001,-0.0275,0.0169,0.0327,0.0608,,0.0175,0.0713,0.0374,0.1625,0.035699999999999996,,,0.0342,0.008,0.0431,0.0296,0.0172,0.0404,0.027999999999999997,0.17579999999999998,0.1038,0.0565,0.0174,0.0641,-0.0027,-0.0076,0.0046,-0.0222,0.0493,0.0347,-0.0063,0.0567,0.018000000000000002
1954-04,0.0009,0.04359999999999999,-0.0347,-0.0037,0.0508,2.82,2.29,,0.009060525741921155,,0.0391,0.008199999999999999,,-0.0049,0.0403,0.048799999999999996,0.0004,0.0732,0.038599999999999995,-0.0046,,-0.0362,0.018600000000000002,0.0665,0.1247,-0.053399999999999996,0.0369,0.0458,0.0659,,0.0537,0.1245,0.035699999999999996,0.0,0.0131,,,0.0308,-0.0199,0.0622,0.0125,0.0196,0.0014000000000000002,0.0275,0.016,0.0449,0.0375,0.0347,0.08070000000000001,0.0176,0.0141,0.0159,0.0199,0.0371,0.0693,-0.006500000000000001,0.0683,0.0073
1954-05,0.0005,0.0315,0.0039000000000000003,0.0245,-0.0203,2.82,2.37,,-0.0052055876773990295,,-0.0693,0.022000000000000002,,0.0581,-0.0048,0.0036,0.043,0.0397,0.061799999999999994,0.0403,,0.08410000000000001,0.0072,0.036000000000000004,-0.0059,0.12960000000000002,0.0315,0.0337,0.0699,,0.0467,-0.0345,0.043,0.07400000000000001,0.060899999999999996,,,0.0756,0.0821,0.029500000000000002,0.0264,0.0123,0.054299999999999994,0.0096,0.0602,0.0471,0.0617,0.06709999999999999,0.0265,0.0536,0.0095,0.0296,0.0725,-0.0004,0.0040999999999999995,-0.0084,0.0362,0.0096
1954-06,0.0006,0.0114,0.0038,0.0002,0.0355,2.82,2.38,,0.0010893092822598944,,0.115,0.0241,,-0.0223,-0.0929,0.0036,0.0132,0.0301,0.053200000000000004,0.0223,,0.0346,-0.032799999999999996,0.0379,-0.0222,0.0262,0.0571,0.027999999999999997,0.0141,,0.022099999999999998,0.1308,0.0163,0.0408,0.027000000000000003,,,-0.0078000000000000005,0.0349,-0.059500000000000004,0.0129,0.0055000000000000005,0.035,0.019299999999999998,0.038599999999999995,0.09630000000000001,0.006500000000000001,0.08349999999999999,0.055099999999999996,0.012199999999999999,0.0509,0.024,0.0886,0.0337,0.0432,0.0429,0.0128,0.0104
1954-07,0.0005,0.0505,0.0105,0.0414,0.0043,2.82,2.3,,0.009065321013239553,,-0.0096,0.059800000000000006,,0.0908,0.08070000000000001,0.09029999999999999,0.0729,0.0526,0.0197,0.0688,,-0.0248,0.0978,0.022799999999999997,-0.004699999999999999,0.08470000000000001,0.0562,0.0584,0.0796,,0.0507,-0.013300000000000001,0.102,0.1597,0.0704,,,0.054299999999999994,0.0095,0.0421,0.0542,0.0436,0.0161,0.04190000000000001,0.024,0.017,-0.006999999999999999,0.0926,0.056299999999999996,0.0664,0.059500000000000004,0.0412,0.0974,0.10460000000000001,0.0788,0.132,0.037200000000000004,0.044199999999999996
1954-08,0.0005,-0.023,0.0268,-0.014199999999999999,-0.0067,2.82,2.36,,-0.00341610540119651,,-0.0298,-0.0305,,0.0018,-0.0138,-0.0555,0.0883,-0.0003,0.0229,-0.0398,,-0.0168,-0.0269,-0.0341,-0.021,-0.0424,-0.0341,-0.0703,-0.0636,,-0.029900000000000003,-0.0524,-0.0371,0.028300000000000002,-0.0218,,,-0.043,0.0368,0.0053,-0.0173,-0.014199999999999999,0.008,-0.0024,-0.0384,-0.054900000000000004,-0.0236,-0.0169,-0.046,-0.0414,-0.0141,-0.002,0.1192,0.0069,-0.0313,-0.029900000000000003,-0.0034000000000000002,0.0066
1954-09,0.0009,0.0649,-0.0256,0.0068000000000000005,0.0166,2.82,2.38,,0.00019440008655605416,,0.0479,0.0342,,0.022400000000000003,0.0565,0.0404,0.0613,0.0449,0.0553,0.0265,,0.057,0.024399999999999998,0.0726,0.009399999999999999,0.0507,0.0625,-0.011899999999999999,0.0767,,0.0571,0.0735,0.1382,0.028900000000000002,0.0304,,,0.08710000000000001,0.0762,0.10039999999999999,0.020099999999999996,0.025,0.0975,0.0068000000000000005,0.061200000000000004,-0.0015,0.0362,0.0875,0.0537,0.0375,0.0178,0.049699999999999994,0.09230000000000001,0.0437,0.0013,0.063,0.0273,0.0718
1954-10,0.0007000000000000001,-0.016,0.0060999999999999995,0.0064,0.0092,2.82,2.43,,-0.0024429089666080975,,-0.005,-0.0256,,-0.0121,-0.026600000000000002,-0.0593,-0.0584,-0.0362,-0.011699999999999999,-0.0024,,0.0070999999999999995,-0.0194,-0.043899999999999995,-0.0124,-0.0175,0.027000000000000003,-0.0105,0.0026,,0.017,-0.0277,-0.0040999999999999995,0.0072,-0.0085,,,-0.011399999999999999,-0.0528,-0.0196,-0.0381,-0.0085,0.0184,0.0004,0.0304,-0.0218,-0.0535,0.0393,-0.0053,0.026600000000000002,-0.029900000000000003,-0.0252,-0.0132,0.0078000000000000005,-0.0746,0.0297,-0.0176,0.0242
1954-11,0.0006,0.0947,-0.0265,0.044500000000000005,0.0187,2.82,2.48,,-0.0023902094020695577,,0.0796,0.0622,,0.0687,0.029900000000000003,0.0519,0.0911,0.058899999999999994,0.0767,0.039599999999999996,,0.11779999999999999,0.1272,0.1485,0.08470000000000001,0.10279999999999999,0.151,0.0537,0.1549,,0.098,0.09849999999999999,0.0572,0.0926,0.1097,,,0.11349999999999999,0.2043,0.0799,0.056799999999999996,0.034300000000000004,0.049699999999999994,0.0345,0.1843,0.20879999999999999,0.22390000000000002,0.1404,0.1185,0.11720000000000001,0.0819,0.08449999999999999,0.0424,0.0975,0.1052,0.019799999999999998,0.12119999999999999,0.055
1954-12,0.0008,0.055700000000000006,0.0218,0.056799999999999996,-0.013999999999999999,2.82,2.51,,-0.0005758627091904003,,0.053,0.0222,,0.08289999999999999,0.0751,0.06480000000000001,0.1101,0.0355,0.0291,0.049100000000000005,,0.0196,0.0673,0.0374,0.0538,0.0741,0.0226,0.1091,0.12269999999999999,,0.062,0.0424,0.0767,0.1757,0.0833,,,0.037599999999999995,0.102,0.0644,0.0354,0.0158,0.08130000000000001,0.068,-0.0084,0.010700000000000001,0.0407,0.0333,0.0559,0.12119999999999999,0.0528,0.020099999999999996,0.1414,0.0262,0.0902,0.12,0.0895,0.0271
1955-01,0.0008,0.0068000000000000005,0.0024,0.021,0.0147,2.82,2.61,,-0.006703609475959459,,-0.056900000000000006,0.0086,,-0.0398,0.013300000000000001,0.0297,-0.0233,-0.0116,-0.011200000000000002,0.0166,,-0.0432,-0.027000000000000003,-0.0276,0.0634,0.0146,0.0016,-0.0067,0.034,,0.0001,0.044000000000000004,0.0077,0.0907,0.0795,,,0.0329,-0.0345,0.0044,0.0146,0.008,0.022400000000000003,0.011000000000000001,0.032400000000000005,-0.028999999999999998,0.0079,0.004,-0.040999999999999995,0.0085,-0.014199999999999999,0.018500000000000003,0.038599999999999995,0.0021,-0.0124,0.0701,0.0043,-0.030299999999999997
1955-02,0.0009,0.031100000000000003,0.0155,0.0060999999999999995,0.0104,2.82,2.65,,-0.0013256509797128623,,0.0375,0.0161,,0.016399999999999998,-0.0091,0.1159,0.0019,0.0553,0.0447,0.0278,,-0.027999999999999997,0.0359,0.0451,0.1284,0.0141,0.031200000000000002,0.0424,0.0443,,0.042199999999999994,0.0452,-0.009899999999999999,0.027200000000000002,0.0634,,,-0.0005,0.07400000000000001,0.023799999999999998,0.0364,0.039900000000000005,0.09759999999999999,0.032,0.0447,0.0547,0.0349,0.08289999999999999,0.0452,0.057800000000000004,0.0066,0.0129,0.0191,-0.0017000000000000001,0.0016,-0.0866,0.0546,0.0406
1955-03,0.001,-0.0005,-0.006500000000000001,0.019299999999999998,0.009899999999999999,2.82,2.68,,-0.0004119429968383083,,-0.0076,-0.002,,-0.021400000000000002,-0.0015,-0.015,-0.0347,-0.038900000000000004,-0.0195,0.011000000000000001,,0.0113,0.06709999999999999,-0.011000000000000001,-0.02,-0.0526,0.0072,-0.026000000000000002,0.0297,,0.0052,-0.032,0.0011,-0.0737,0.09939999999999999,,,0.08789999999999999,0.0023,-0.0024,-0.0074,-0.0019,-0.0444,-0.0296,0.048499999999999995,-0.0089,0.009899999999999999,0.064,0.0067,0.0,-0.023799999999999998,-0.013600000000000001,-0.0079,-0.0012,0.0418,0.0124,0.0138,-0.022000000000000002
1955-04,0.001,0.0321,-0.0175,0.0075,0.0001,2.82,2.75,,-0.0038715465256797398,,0.0426,0.042,,-0.0141,0.08789999999999999,0.0336,0.0661,0.0059,0.022000000000000002,0.0003,,0.0373,-0.0042,0.0805,-0.026600000000000002,0.0264,0.0504,-0.0001,0.026699999999999998,,0.0167,0.0425,0.0538,-0.0688,-0.0877,,,-0.0009,-0.021400000000000002,0.0058,0.0256,0.0197,-0.0379,0.004,0.060700000000000004,0.0661,0.1005,-0.011200000000000002,0.051,0.061900000000000004,0.022799999999999997,0.0179,0.0819,-0.006,-0.0058,-0.0255,-0.0256,0.1134
1955-05,0.0014000000000000002,0.010799999999999999,-0.0025,-0.0096,0.0060999999999999995,2.82,2.76,,0.0014225630064848976,,0.0347,-0.0052,,0.0296,-0.0216,-0.053,0.0212,-0.038,0.0012,0.0070999999999999995,,0.066,0.027999999999999997,0.0537,-0.0069,0.0019,0.0232,-0.0046,0.0209,,-0.0095,-0.0039000000000000003,-0.006500000000000001,-0.0038,-0.011200000000000002,,,0.06,0.0866,-0.0069,-0.0015,0.0129,-0.0501,0.0256,-0.0169,0.10289999999999999,0.0265,0.0528,0.0364,0.006,0.0033,0.0325,0.0046,0.0591,-0.023700000000000002,-0.0319,0.0034000000000000002,-0.0424
1955-06,0.001,0.0665,-0.0461,0.018500000000000003,0.0472,2.82,2.78,,0.0005626536764647043,,0.0192,0.0282,,0.034,-0.0129,0.0177,0.0404,0.08449999999999999,0.0236,0.0325,,0.06480000000000001,-0.0052,0.12279999999999999,0.0195,0.0582,0.04,0.0001,0.1246,,0.0482,0.032,0.0947,-0.016200000000000003,0.0262,,,0.0055000000000000005,0.096,0.11220000000000001,0.0167,0.0069,0.0043,0.0359,0.039,-0.0265,-0.0007000000000000001,0.1789,0.1128,0.0171,0.0054,0.047,0.0034000000000000002,-0.009899999999999999,0.053200000000000004,0.042,0.08789999999999999,-0.020099999999999996
1955-07,0.001,0.0199,-0.012,0.0043,-0.0121,2.82,2.9,,-0.008097090268403087,,-0.0329,0.0127,,0.0053,0.073,0.0002,-0.0013,-0.0031,0.019,0.0329,,-0.0024,0.0017000000000000001,-0.020499999999999997,0.0642,0.0288,0.0011,0.0043,0.004699999999999999,,-0.0039000000000000003,-0.0321,0.1746,-0.0144,-0.029300000000000003,,,-0.0437,-0.026699999999999998,0.0282,0.0368,0.026099999999999998,0.0255,0.0102,-0.0021,-0.0933,-0.0276,-0.0981,-0.032,-0.0143,0.029500000000000002,0.0197,0.051399999999999994,-0.0042,-0.030699999999999998,0.0028000000000000004,-0.0044,-0.0345
1955-08,0.0016,0.0038000000000000004,-0.004699999999999999,0.0075,0.0175,2.82,2.97,,-0.003622079553358334,,0.0,-0.0127,,-0.0027,0.0167,0.008100000000000001,-0.015,-0.043,0.0141,-0.0060999999999999995,,-0.05,0.0076,0.024700000000000003,0.1616,-0.0146,0.011399999999999999,0.027999999999999997,0.062400000000000004,,0.0027,0.021,-0.0334,0.0953,0.0158,,,0.0642,0.0579,-0.0115,0.0005,-0.024399999999999998,0.0187,-0.0059,-0.0406,0.0378,0.025,0.009899999999999999,-0.0088,-0.005699999999999999,-0.016,0.018500000000000003,-0.0183,0.02,-0.0165,-0.0352,0.0043,-0.0002
1955-09,0.0016,-0.0021000000000000003,0.003,-0.01,0.018000000000000002,2.82,2.97,,0.002475,,-0.0441,-0.028399999999999998,,-0.008100000000000001,0.0323,-0.0741,-0.0481,-0.0225,-0.030899999999999997,0.0021,,-0.0836,-0.026099999999999998,-0.0264,0.005699999999999999,-0.0138,0.0058,-0.0183,0.0067,,-0.0015,-0.0581,0.0922,-0.024399999999999998,-0.029900000000000003,,,-0.038,-0.0378,-0.0034999999999999996,-0.0268,0.0109,0.0192,0.0163,-0.0262,-0.0291,0.008,-0.0167,-0.0011,-0.0178,-0.0441,0.0387,-0.036699999999999997,-0.0361,-0.0435,0.0013,-0.0421,-0.0154
1955-10,0.0018,-0.0249,0.0147,-0.0007000000000000001,-0.0051,2.82,2.88,,0.010212323605655582,,-0.0194,-0.0001,,-0.0603,-0.0037,-0.0525,-0.028399999999999998,0.0087,-0.022000000000000002,-0.0131,,-0.0354,0.0127,-0.0241,-0.0311,-0.0138,-0.0294,0.045700000000000005,-0.0547,,-0.019299999999999998,-0.061900000000000004,-0.049100000000000005,0.0483,-0.015300000000000001,,,-0.0492,0.0084,-0.01,-0.009399999999999999,-0.0115,-0.015300000000000001,0.012199999999999999,-0.044199999999999996,-0.027000000000000003,-0.0245,-0.0048,-0.027999999999999997,-0.0297,0.0175,-0.027000000000000003,-0.041100000000000005,0.0019,-0.036000000000000004,-0.07400000000000001,-0.0173,0.0008
1955-11,0.0017000000000000001,0.0721,-0.022000000000000002,0.0033,0.025699999999999997,2.82,2.89,,0.0015364691478771428,,0.0222,0.0375,,0.0326,0.0382,0.057699999999999994,0.02,0.0962,0.032,0.0034999999999999996,,0.0862,0.060599999999999994,0.0757,0.0716,0.0326,0.057,0.0369,0.0889,,0.0911,0.1225,0.0942,0.1182,0.1085,,,0.10550000000000001,0.1101,0.086,0.034,0.0163,0.0138,0.0275,0.0706,0.0761,0.060599999999999994,0.0409,0.0796,0.10859999999999999,0.0146,0.06309999999999999,0.013000000000000001,0.002,0.1518,0.0693,0.0452,-0.0006
1955-12,0.0018,0.0167,0.019799999999999998,-0.0213,-0.0121,2.82,2.96,,-0.0036333967052201563,,0.002,0.01,,0.021,0.0171,0.027000000000000003,-0.0256,0.0506,-0.0009,0.013300000000000001,,0.0623,0.0623,0.0232,0.0225,0.006,0.0258,0.0282,0.0208,,0.0404,0.0641,-0.029500000000000002,0.0821,0.06309999999999999,,,-0.0218,0.0796,0.0365,-0.0012,0.0087,0.034,-0.0208,0.042300000000000004,0.07629999999999999,-0.0226,0.0816,0.0329,-0.0184,0.026600000000000002,-0.009899999999999999,0.044500000000000005,0.0194,0.0069,0.0288,0.026600000000000002,0.0213
1956-01,0.0022,-0.028099999999999997,0.005,0.008,-0.015,2.82,2.9,,0.007627427358151124,,-0.0276,-0.021099999999999997,,0.0037,0.0021,-0.0525,-0.054400000000000004,-0.0058,-0.0354,-0.0177,,-0.12560000000000002,-0.0588,-0.0462,-0.0701,-0.0131,-0.045599999999999995,0.0015,-0.038900000000000004,,-0.0415,-0.0571,-0.0695,-0.0684,-0.0555,,,-0.026699999999999998,0.058600000000000006,0.0049,-0.0034000000000000002,0.0187,0.044800000000000006,-0.0239,-0.0364,-0.0789,-0.0441,-0.0002,-0.047599999999999996,-0.022799999999999997,-0.0049,-0.046900000000000004,-0.038599999999999995,-0.0426,-0.0373,-0.0074,-0.0291,-0.0004
1956-02,0.0019,0.0397,-0.0097,-0.0040999999999999995,0.020099999999999996,2.82,2.84,,0.007592734855259502,,0.0365,0.022400000000000003,,0.0007000000000000001,-0.032400000000000005,0.036699999999999997,0.0917,0.0679,0.0676,0.013000000000000001,,0.1148,0.07980000000000001,0.0403,0.0152,0.0034000000000000002,0.0536,-0.051699999999999996,0.048499999999999995,,0.055999999999999994,0.0611,0.0542,0.0463,0.019,,,0.06860000000000001,0.121,0.042,0.0194,0.0016,0.012199999999999999,0.0253,0.0545,0.1106,0.0713,0.0481,0.0776,0.023700000000000002,0.058499999999999996,0.026600000000000002,-0.0027,0.0271,0.0373,0.06309999999999999,0.043,0.048499999999999995
1956-03,0.0015,0.0679,-0.0212,-0.0048,0.0352,2.82,2.96,,-0.008016214676041047,,0.0040999999999999995,0.018799999999999997,,0.0471,0.0163,0.076,-0.013600000000000001,0.0395,0.042699999999999995,0.0026,,0.0526,0.0746,0.056600000000000004,0.0632,-0.0049,0.1197,0.011000000000000001,0.09939999999999999,,0.0438,0.08650000000000001,0.0461,-0.0068000000000000005,0.0327,,,0.0167,0.0941,0.11460000000000001,0.0377,0.0143,0.0926,0.0147,0.1745,0.1534,0.0642,0.11939999999999999,0.1085,0.07,0.0239,0.0028000000000000004,0.0277,0.030600000000000002,0.08259999999999999,0.24760000000000001,0.0688,0.0984
1956-04,0.0019,0.0047,-0.0003,-0.0014000000000000002,0.026699999999999998,2.82,3.18,,-0.016456122535442912,,-0.0291,-0.0005,,0.0218,0.0705,0.0527,0.0229,0.0393,-0.006999999999999999,-0.0163,,-0.06480000000000001,0.0366,-0.0078000000000000005,-0.0212,-0.034,0.0001,-0.0021,0.0363,,0.0288,-0.0256,-0.0501,0.0345,-0.004,,,-0.0179,-0.0625,0.0373,-0.0218,-0.0088,-0.068,0.0038,0.051,-0.0405,0.0588,-0.0304,0.0223,0.0166,0.0039000000000000003,-0.0195,-0.0072,-0.0113,-0.0825,-0.0806,0.0395,-0.04769999999999999
1956-05,0.0023,-0.0499,0.0149,-0.0134,-0.0161,2.82,3.07,,0.012009503895350625,,-0.0255,-0.0273,,-0.038599999999999995,-0.0408,-0.029500000000000002,-0.0378,0.0385,-0.06,-0.0383,,0.018600000000000002,-0.0151,-0.059000000000000004,-0.026000000000000002,-0.0579,-0.035699999999999996,-0.0227,-0.09449999999999999,,-0.0277,-0.0756,-0.0481,-0.0565,-0.0358,,,-0.0722,-0.0319,-0.0644,-0.0073,-0.0106,-0.0546,-0.022000000000000002,0.0032,-0.0313,-0.0552,-0.0507,-0.0412,-0.0558,-0.0275,-0.0471,0.0271,-0.028300000000000002,-0.0322,-0.069,-0.0805,-0.024900000000000002
1956-06,0.002,0.0367,-0.015300000000000001,-0.010700000000000001,0.026699999999999998,2.82,3.0,,0.0085466754233414,,0.006,0.0046,,0.018799999999999997,0.0066,0.0149,0.0105,0.059000000000000004,0.0085,0.0144,,0.06,0.0339,0.0414,0.060700000000000004,-0.0058,0.0452,0.0441,0.0499,,0.0633,0.0519,0.0741,0.0415,0.0318,,,-0.0013,0.10400000000000001,0.0265,0.0236,0.0128,0.054000000000000006,0.0059,0.121,0.1184,0.048799999999999996,-0.0068000000000000005,0.0443,0.0159,0.005600000000000001,0.0231,0.0192,0.0444,-0.026600000000000002,0.013000000000000001,-0.0003,0.0271
1956-07,0.0022,0.0506,-0.0168,-0.0006,0.0254,2.82,3.11,,-0.006942751331795012,,0.01,0.026000000000000002,,0.0044,0.0182,-0.0022,0.0149,0.07139999999999999,0.031200000000000002,0.0034000000000000002,,-0.0033,0.0341,0.0274,0.0054,0.0053,0.0562,0.0735,0.10869999999999999,,0.0874,0.0533,0.045899999999999996,0.0451,0.08990000000000001,,,0.0097,0.0225,0.060899999999999996,0.0524,0.0265,-0.0152,0.0055000000000000005,0.046799999999999994,0.0679,0.0576,0.12050000000000001,0.0454,0.0216,0.0354,0.0471,0.0461,0.0235,0.0262,0.0719,0.0263,-0.0177
1956-08,0.0017000000000000001,-0.030199999999999998,0.0189,-0.0073,-0.0070999999999999995,2.82,3.33,,-0.0161918384639353,,0.0079,-0.0192,,0.0189,-0.021400000000000002,0.057999999999999996,0.0017000000000000001,0.0426,0.02,-0.009899999999999999,,-0.0482,-0.029300000000000003,-0.0368,-0.024700000000000003,-0.0262,-0.038900000000000004,-0.0384,-0.0189,,-0.035699999999999996,-0.0304,0.004699999999999999,0.085,-0.0148,,,0.0368,-0.0587,-0.0529,-0.024900000000000002,-0.0139,0.1103,0.023,-0.050300000000000004,-0.0613,-0.024,-0.0742,-0.0747,-0.0527,-0.0034999999999999996,-0.028300000000000002,-0.027200000000000002,-0.0039000000000000003,-0.0599,-0.054000000000000006,-0.0373,-0.0425
1956-09,0.0018,-0.04959999999999999,0.0158,0.0176,-0.0077,2.82,3.38,,-0.001448150830983211,,-0.043899999999999995,-0.0322,,-0.0173,-0.0417,0.0264,-0.043,-0.0932,-0.042300000000000004,-0.035699999999999996,,-0.0417,-0.0366,-0.0675,0.0661,-0.0196,-0.0629,-0.0412,-0.04650000000000001,,-0.031400000000000004,-0.0688,-0.023700000000000002,-0.0496,-0.0426,,,-0.048799999999999996,-0.0209,-0.058600000000000006,-0.0387,-0.0282,-0.0608,-0.0127,-0.0684,-0.0645,-0.0702,-0.1322,-0.09380000000000001,-0.0408,-0.0169,-0.0458,-0.045,-0.051,-0.0346,-0.0087,-0.045599999999999995,0.0111
1956-10,0.0025,0.0077,-0.001,-0.0006,0.024900000000000002,2.82,3.34,,0.006186933773853117,,-0.0095,-0.0027,,-0.02,0.027200000000000002,0.0709,-0.0089,0.0353,-0.0208,0.0017000000000000001,,-0.0302,0.0089,0.0083,0.0202,0.016200000000000003,-0.0148,0.0208,0.0068000000000000005,,0.034300000000000004,0.0333,-0.0014000000000000002,0.0446,0.0196,,,-0.0086,0.0803,0.0042,0.0113,-0.013999999999999999,0.011200000000000002,0.0161,0.0322,0.028999999999999998,0.0305,-0.047400000000000005,0.0165,0.019799999999999998,0.0232,0.0128,0.0154,-0.0169,0.0446,0.016399999999999998,0.0148,-0.060599999999999994
1956-11,0.002,0.0055,-0.0021,0.0176,0.0342,2.82,3.49,,-0.00987992029904003,,-0.013000000000000001,-0.0006,,-0.0167,-0.0108,0.08869999999999999,-0.0274,-0.0103,-0.016,-0.01,,0.0391,-0.0179,-0.0331,-0.0258,-0.0158,-0.0359,0.058600000000000006,0.0239,,0.0194,-0.0138,-0.034300000000000004,0.0291,0.08310000000000001,,,0.0113,0.0528,0.0529,0.0040999999999999995,0.015300000000000001,0.0032,0.005,0.0379,0.08410000000000001,0.026600000000000002,-0.0489,-0.0264,-0.0049,0.03,-0.024900000000000002,0.005699999999999999,0.0138,-0.0317,0.005,0.0317,-0.015600000000000001
1956-12,0.0024,0.034,-0.0004,-0.0215,0.0379,2.82,3.59,,-0.005472193783763301,,0.0116,0.009000000000000001,,0.0567,0.0241,-0.0022,0.0467,-0.0463,0.0552,0.0125,,0.030299999999999997,0.0634,0.0527,0.0731,-0.0097,0.0542,0.061399999999999996,0.0403,,0.0664,0.0381,0.0227,0.0371,0.0426,,,0.023700000000000002,-0.0101,0.04190000000000001,0.0182,0.0258,0.0219,0.0104,0.0848,0.0060999999999999995,0.0083,0.053099999999999994,0.0169,0.0199,0.0365,-0.006999999999999999,0.0008,0.011699999999999999,0.0347,0.0447,0.0085,0.0454
1957-01,0.0027,-0.032999999999999995,0.0338,0.028300000000000002,-0.030699999999999998,2.82,3.46,,0.013833394900620702,,0.0444,0.010700000000000001,,-0.0013,0.045899999999999996,-0.0447,0.0378,0.0302,-0.0404,0.0134,,-0.0203,-0.0229,-0.0564,-0.012199999999999999,0.0232,-0.0458,0.0075,-0.0956,,-0.02,-0.07769999999999999,-0.0646,-0.0337,0.0179,,,0.0076,-0.049400000000000006,-0.041100000000000005,0.0263,0.028999999999999998,0.028900000000000002,0.0147,-0.0349,-0.08839999999999999,0.015700000000000002,-0.060700000000000004,-0.0275,-0.0219,0.0492,-0.017,0.0084,0.0076,0.0455,0.0658,0.0116,-0.049100000000000005
1957-02,0.0024,-0.0183,-0.0076,-0.0066,0.0036,3.07,3.34,,0.012954697777859727,,-0.0206,-0.0121,,0.0137,-0.0113,-0.005600000000000001,-0.028900000000000002,0.0172,-0.024399999999999998,0.004699999999999999,,0.0434,-0.0075,-0.0191,0.0189,-0.073,-0.0149,-0.017,-0.0414,,-0.0216,0.0049,-0.021,-0.09119999999999999,-0.009000000000000001,,,0.011899999999999999,-0.0692,-0.022000000000000002,-0.003,0.0033,-0.0003,-0.0159,-0.0181,0.05,-0.0533,-0.0137,-0.011200000000000002,-0.0425,0.0109,-0.0108,-0.0506,0.011399999999999999,0.0724,-0.0319,-0.0393,-0.003
1957-03,0.0023,0.0236,0.0032,-0.0054,-0.0024,3.07,3.41,,-0.0031261850284408908,,0.057800000000000004,0.011399999999999999,,0.0182,0.0111,0.0433,0.0213,0.019799999999999998,0.0512,0.0175,,0.044800000000000006,0.0857,0.0254,0.0555,0.022000000000000002,0.017,0.0478,0.0222,,0.0189,0.0538,0.0066,-0.0078000000000000005,0.0098,,,0.0508,0.013300000000000001,0.0319,0.0169,0.0152,0.0342,0.0096,0.0394,0.0928,0.0209,-0.0269,0.0109,0.009899999999999999,0.0043,0.021,0.025699999999999997,0.0478,-0.0255,-0.0078000000000000005,0.0446,0.0447
1957-04,0.0025,0.0451,-0.016,-0.0148,0.01,3.07,3.48,,-0.003047658826757209,,0.0137,0.0173,,0.0169,0.0049,0.0323,0.0246,0.12210000000000001,-0.0048,-0.0176,,0.016399999999999998,0.0576,0.0548,-0.0292,0.0002,0.009000000000000001,0.0791,0.0441,,0.0292,0.0784,0.0799,-0.0011,0.0605,,,-0.006999999999999999,-0.0177,0.0706,0.0316,0.0044,0.0011,0.0077,0.0872,0.0793,0.1063,-0.0365,0.0098,0.0253,0.0072,0.0009,0.0331,0.0341,0.057800000000000004,0.040999999999999995,0.0728,0.005
1957-05,0.0026,0.0372,-0.0109,-0.020099999999999996,0.005600000000000001,3.07,3.6,,-0.007161539734773443,,-0.0053,0.010700000000000001,,0.0424,-0.0089,0.0689,0.0329,0.08310000000000001,-0.0087,0.0077,,0.0055000000000000005,0.0516,0.0354,0.0206,0.0481,0.0546,0.021,0.0218,,0.0255,0.0446,0.0169,0.0006,-0.0124,,,-0.0062,0.054299999999999994,0.0767,0.0225,0.0104,-0.0046,-0.0044,0.0806,0.0479,0.0784,0.06309999999999999,0.0495,0.0070999999999999995,0.037000000000000005,0.025099999999999997,0.0074,0.0282,-0.0165,0.051699999999999996,0.0403,-0.018500000000000003
1957-06,0.0024,-0.0051,0.005699999999999999,-0.0002,0.0072,3.07,3.8,,-0.013671465983804717,,0.024300000000000002,-0.0084,,0.0088,-0.015700000000000002,0.0175,0.0001,0.0371,0.0004,-0.016399999999999998,,0.0048,0.0696,-0.0011,0.0034000000000000002,-0.018500000000000003,0.0024,-0.04190000000000001,0.013600000000000001,,-0.0233,0.0282,0.0027,-0.060599999999999994,-0.04769999999999999,,,0.0002,-0.024700000000000003,-0.0174,-0.0512,-0.021099999999999997,0.0149,-0.0039000000000000003,0.0916,0.0707,0.0781,-0.0073,0.0455,0.0040999999999999995,-0.0003,-0.0207,-0.008100000000000001,-0.0335,-0.0262,-0.039900000000000005,-0.053200000000000004,0.0055000000000000005
1957-07,0.003,0.009600000000000001,-0.008,0.0048,-0.0007000000000000001,3.07,3.93,,-0.007565049962167078,,-0.0412,0.023700000000000002,,-0.0166,-0.0048,0.0588,0.0005,0.0089,0.048600000000000004,-0.013000000000000001,,0.0993,0.0206,0.0161,-0.0059,-0.0059,0.0166,0.015700000000000002,-0.0032,,-0.018600000000000002,0.011399999999999999,0.0373,-0.0527,-0.0003,,,0.009000000000000001,-0.0109,0.0103,0.0001,-0.0024,0.0019,-0.0025,0.0097,0.0507,-0.0048,0.0191,-0.006999999999999999,0.022000000000000002,0.0011,0.0313,0.011699999999999999,0.0017000000000000001,-0.050300000000000004,0.0028000000000000004,-0.001,-0.0059
1957-08,0.0025,-0.0487,0.0006,-0.0045000000000000005,0.0044,3.07,3.93,,0.003275,,0.027200000000000002,-0.0236,,-0.04,0.0291,-0.0775,-0.0382,-0.0588,-0.0208,-0.0316,,-0.0694,-0.026600000000000002,-0.0668,-0.059800000000000006,-0.0702,-0.0706,-0.060599999999999994,-0.0702,,-0.056900000000000006,-0.0652,-0.034300000000000004,-0.008,-0.025699999999999997,,,-0.059699999999999996,-0.0697,-0.0574,-0.0258,-0.0012,0.0365,-0.006999999999999999,-0.069,-0.1164,-0.0803,-0.1505,-0.0557,-0.0682,-0.0917,-0.0227,-0.0365,-0.0033,-0.0637,-0.0342,-0.048600000000000004,-0.0398
1957-09,0.0026,-0.057300000000000004,0.0006,0.0095,0.006,3.07,3.92,,0.004095339832788447,,-0.056900000000000006,-0.0134,,-0.052300000000000006,0.0536,-0.0647,-0.0513,0.001,-0.0176,-0.0226,,-0.0147,-0.0316,-0.06509999999999999,-0.0383,-0.0542,-0.0512,-0.061799999999999994,-0.0876,,-0.0729,-0.0669,-0.0739,-0.0981,-0.095,,,-0.1003,-0.094,-0.0796,-0.0174,-0.0225,0.0325,-0.0049,-0.046900000000000004,-0.0877,-0.0794,0.0025,-0.0434,-0.078,-0.040999999999999995,0.0073,-0.0256,-0.0067,-0.040999999999999995,-0.049800000000000004,-0.0692,-0.0321
1957-10,0.0029,-0.0403,-0.0246,-0.018799999999999997,0.0203,3.07,3.97,,-0.0008370152711208527,,-0.049100000000000005,-0.0166,,-0.021,0.009899999999999999,-0.050300000000000004,-0.1151,-0.1035,-0.0287,-0.0358,,-0.0242,-0.0055000000000000005,-0.0349,-0.037200000000000004,-0.0776,-0.0385,-0.071,-0.0762,,-0.0643,-0.023,-0.0341,-0.0466,-0.0258,,,-0.06709999999999999,-0.0472,-0.057800000000000004,-0.006999999999999999,-0.021,-0.015600000000000001,-0.0144,-0.026099999999999998,-0.0711,0.048499999999999995,-0.084,-0.0365,-0.0728,-0.085,-0.0363,-0.083,-0.0134,-0.029900000000000003,-0.1109,-0.1007,-0.0418
1957-11,0.0028000000000000004,0.0259,0.004,-0.0291,0.0127,3.07,3.72,,0.023777242642424215,,0.0144,0.0362,,0.0526,0.038900000000000004,0.051500000000000004,0.0381,0.0167,0.0379,-0.0165,,0.0562,0.0886,0.049400000000000006,0.0202,0.0258,0.045899999999999996,0.1165,-0.01,,-0.0163,0.0819,-0.0394,0.1613,0.051,,,-0.0318,-0.0146,0.0248,0.044000000000000004,0.0149,0.052300000000000006,0.0040999999999999995,0.0397,0.1177,0.0258,0.0892,0.0655,-0.018600000000000002,0.0218,0.0171,-0.0277,0.0608,0.0436,0.0051,0.027000000000000003,-0.0184
1957-12,0.0024,-0.0366,-0.0091,-0.0176,0.0781,3.0,3.21,,0.045365016676719216,,-0.0759,0.02,,-0.029500000000000002,0.0318,-0.0316,-0.0487,-0.0277,0.028999999999999998,-0.025,,0.012199999999999999,-0.0060999999999999995,-0.0326,-0.0506,-0.07429999999999999,-0.0262,-0.08810000000000001,-0.0886,,-0.07440000000000001,-0.0472,-0.0652,-0.063,-0.0481,,,-0.0728,-0.0785,-0.0697,0.0256,0.0126,-0.013500000000000002,0.0315,-0.009300000000000001,-0.0913,0.0086,-0.051100000000000007,-0.0288,-0.0662,-0.0353,-0.016200000000000003,-0.0174,0.0038,0.105,-0.0575,-0.04769999999999999,0.0052
1958-01,0.0028000000000000004,0.04930000000000001,0.0429,0.0434,-0.0757,3.07,3.09,,0.012870343544729735,,0.09720000000000001,0.0668,,0.0731,0.059800000000000006,0.1023,0.0986,0.0753,0.023700000000000002,0.08529999999999999,,0.0861,-0.011000000000000001,0.0339,0.0897,0.1624,0.06309999999999999,0.1932,0.08560000000000001,,0.1066,0.0351,0.0364,0.0425,0.0733,,,0.0873,0.0906,0.0149,0.060599999999999994,0.0426,0.0395,0.0258,0.0553,0.0024,0.0426,0.1033,0.0466,0.1301,0.0463,0.0767,0.11810000000000001,0.0784,0.0236,0.049400000000000006,0.1148,0.0433
1958-02,0.0012,-0.014100000000000001,0.0075,0.0023,0.037200000000000004,3.07,3.05,,0.005993543889492267,,0.10189999999999999,0.026600000000000002,,0.028900000000000002,0.0034000000000000002,-0.0125,-0.0032,-0.060599999999999994,0.0236,0.0181,,-0.0141,0.0548,-0.0378,-0.0029,-0.0168,-0.006999999999999999,-0.0392,0.0040999999999999995,,-0.034,-0.0374,-0.0223,-0.0263,-0.0086,,,-0.0333,-0.0271,-0.0466,0.0129,0.0066,0.0378,0.0036,0.020099999999999996,-0.0222,-0.004,-0.0537,-0.0183,-0.035699999999999996,0.0043,0.0146,-0.0004,0.0391,0.0525,-0.0085,-0.0268,0.0359
1958-03,0.0009,0.0336,0.0069,-0.0103,-0.0179,3.07,2.98,,0.008535907345025637,,0.0466,0.0383,,0.0296,0.0633,0.056100000000000004,0.0053,0.054000000000000006,0.0433,0.0333,,0.0978,0.0805,-0.0031,0.0202,0.0236,0.029900000000000003,0.0784,0.020499999999999997,,0.0393,0.0091,0.0252,0.0067,-0.0018,,,0.086,0.0108,0.0802,0.0207,0.011699999999999999,0.053,0.005699999999999999,0.0519,0.0638,0.0273,0.0394,0.0333,0.004699999999999999,0.0382,0.0408,0.07629999999999999,0.024300000000000002,0.0068000000000000005,0.09849999999999999,0.049400000000000006,0.09960000000000001
1958-04,0.0008,0.0317,-0.0069,0.016399999999999998,0.019,3.07,2.88,,0.011076120962197119,,0.0739,0.0288,,0.0368,0.0454,-0.019299999999999998,0.0379,0.0525,0.021400000000000002,0.028999999999999998,,0.0181,0.0694,0.0085,-0.0382,0.0512,0.013600000000000001,-0.0179,0.0137,,0.0277,-0.0151,0.0436,0.0557,0.0028000000000000004,,,0.0097,0.047599999999999996,0.051500000000000004,0.0495,0.027000000000000003,0.0014000000000000002,0.026099999999999998,0.014199999999999999,-0.0054,0.0226,0.0058,0.0174,0.0719,0.0084,0.0316,0.0172,0.0146,0.0277,0.0802,0.025,-0.0087
1958-05,0.0011,0.0243,0.0216,-0.002,-0.0174,3.07,2.92,,-0.0010541234084913385,,0.0078000000000000005,0.0325,,0.0344,0.005699999999999999,0.012,0.0726,0.0253,-0.005,0.030899999999999997,,-0.0248,0.0174,0.0166,-0.0044,0.051399999999999994,0.0203,0.0011,0.06860000000000001,,0.030699999999999998,0.0227,0.042,0.0641,0.0301,,,0.0453,0.0632,0.0025,0.014499999999999999,0.021099999999999997,0.0392,0.0371,0.0097,0.056900000000000006,-0.0172,-0.0003,0.049699999999999994,0.0404,0.0271,0.0369,0.0848,0.0331,-0.0225,0.18030000000000002,0.0174,0.024399999999999998
1958-06,0.0003,0.029600000000000005,-0.0014000000000000002,0.0031,-0.0089,3.07,2.97,,-0.0018757987375513504,,0.0552,0.0262,,0.030699999999999998,0.0398,0.0784,0.04190000000000001,0.0075,0.0388,-0.042699999999999995,,-0.0199,0.039599999999999996,0.0305,0.031200000000000002,0.0017000000000000001,0.027000000000000003,0.018600000000000002,0.009300000000000001,,0.031200000000000002,0.0166,0.030600000000000002,0.0206,0.009000000000000001,,,0.0362,0.024399999999999998,0.049699999999999994,0.0219,0.0167,0.0339,0.0013,0.0626,0.011899999999999999,0.0639,0.10869999999999999,0.013500000000000002,0.0258,0.0179,0.0217,0.0194,0.0060999999999999995,0.0431,0.0058,0.053399999999999996,0.0754
1958-07,0.0007000000000000001,0.044599999999999994,0.0051,0.030699999999999998,-0.0358,3.07,3.2,,-0.017298160325564232,,0.006500000000000001,0.0149,,0.033,-0.0003,0.0292,0.0222,-0.0453,0.1001,0.027200000000000002,,0.0736,0.059000000000000004,0.0786,0.027999999999999997,0.075,0.0679,0.0154,0.1158,,0.08439999999999999,0.0484,0.1023,0.0574,0.06509999999999999,,,0.0383,0.1245,0.005,0.011200000000000002,0.009000000000000001,-0.0152,0.0883,0.0063,0.0689,0.055099999999999996,0.1076,0.0546,0.084,0.042699999999999995,0.017,0.0316,0.0287,0.0174,0.09390000000000001,0.0092,0.0106
1958-08,0.0004,0.0194,0.0115,0.0033,0.0014000000000000002,3.07,3.54,,-0.026234319720570193,,0.0682,0.0195,,0.0507,0.0229,0.08650000000000001,0.063,0.12269999999999999,-0.015700000000000002,0.0279,,0.013500000000000002,0.0202,0.0256,0.0325,0.0434,0.024700000000000003,-0.0031,0.0305,,0.0369,0.021400000000000002,-0.0019,0.0013,0.0116,,,-0.0045000000000000005,0.026099999999999998,0.0191,-0.01,0.0241,0.0194,0.0174,0.0178,0.0239,0.023799999999999998,0.0242,0.0291,0.0218,0.0353,0.0587,0.0644,0.0593,-0.0088,0.0394,0.0467,0.11779999999999999
1958-09,0.0019,0.0485,0.0011,0.027999999999999997,-0.011200000000000002,3.07,3.76,,-0.015442271444967124,,-0.0226,0.023,,0.062,0.0801,0.1416,0.0559,0.0978,0.0453,0.0404,,0.0554,0.1211,0.0287,0.0407,0.1011,0.0369,0.0567,0.0836,,0.042,0.0567,0.0949,-0.015600000000000001,0.0167,,,-0.0087,-0.0037,0.0335,0.0346,0.0508,0.0508,0.047,0.0819,-0.024,0.0674,0.0751,0.0416,0.08,0.023399999999999997,0.041100000000000005,0.1092,-0.029500000000000002,-0.0345,0.0039000000000000003,0.029900000000000003,-0.0375
1958-10,0.0018,0.0271,0.0108,-0.0113,0.0313,3.07,3.8,,-0.00017514266793518035,,0.0548,0.0147,,0.0601,0.017,0.1563,0.038599999999999995,0.055999999999999994,0.0922,-0.0023,,0.0756,0.0068000000000000005,0.008,0.0415,0.0344,0.0103,0.09179999999999999,0.049100000000000005,,0.032400000000000005,0.04019999999999999,0.0278,0.0712,0.0401,,,0.0308,0.0256,0.0131,0.042800000000000005,0.0146,0.054900000000000004,0.0381,0.065,0.0141,0.0281,-0.0843,0.026000000000000002,0.037599999999999995,0.0121,0.0118,0.037599999999999995,0.0437,0.0842,0.0208,0.0203,0.030600000000000002
1958-11,0.0011,0.0312,0.02,-0.011699999999999999,0.015300000000000001,3.0,3.74,,0.008119766649205277,,0.0098,0.051500000000000004,,0.0556,0.0175,0.0236,0.062,0.0999,0.046900000000000004,0.022400000000000003,,0.07400000000000001,0.0808,0.034,0.021400000000000002,0.0268,0.038900000000000004,0.0809,0.006,,0.042,0.0391,0.029300000000000003,-0.0104,0.0287,,,0.0169,-0.0098,0.019799999999999998,0.0296,0.0215,0.0729,0.0471,0.0222,0.145,0.0785,0.085,0.0344,0.0576,0.040999999999999995,0.0601,0.1444,-0.0014000000000000002,0.0196,0.038900000000000004,0.0479,0.0432
1958-12,0.0022,0.0538,-0.0207,0.0006,-0.0070999999999999995,3.0,3.86,,-0.0068183955067340814,,-0.0083,0.0321,,0.0072,0.0377,-0.0436,0.0294,-0.0393,0.0199,0.0417,,0.0633,0.045,0.0581,0.0382,0.0346,0.054400000000000004,-0.0297,0.0674,,0.0286,0.11470000000000001,0.0365,0.001,0.0431,,,0.0416,0.0401,0.0121,0.0594,0.134,0.09140000000000001,0.0256,0.2022,0.08689999999999999,0.0552,0.0611,0.0313,0.0233,0.0525,0.0583,-0.0169,0.0414,0.1442,-0.051699999999999996,0.024399999999999998,0.0974
1959-01,0.0021,0.0092,0.030299999999999997,0.0292,-0.0029,3.0,4.02,,-0.009953277765261967,,-0.0067,0.0259,,0.025099999999999997,0.0876,0.0599,0.037000000000000005,0.0273,0.020499999999999997,0.0814,,0.0171,-0.0076,-0.0027,0.015300000000000001,0.0326,0.015600000000000001,0.08,0.0138,,0.0127,-0.0068000000000000005,-0.0042,0.0148,-0.0231,,,0.0473,0.0187,0.0049,0.0125,0.0391,0.054400000000000004,0.0746,-0.053,-0.0259,-0.005699999999999999,-0.011399999999999999,0.008100000000000001,0.0373,0.0009,0.0364,0.0258,-0.0559,-0.0207,-0.0040999999999999995,0.0002,-0.022099999999999998
1959-02,0.0019,0.0114,0.0148,0.0115,0.0344,3.0,3.96,,0.008250699419993431,,0.06509999999999999,0.026600000000000002,,0.0301,0.0076,0.12300000000000001,0.0277,-0.0202,0.0352,0.0525,,-0.0227,0.042699999999999995,0.053,0.0513,0.0571,0.0335,0.0296,0.0131,,0.029900000000000003,0.0454,-0.006,0.0649,0.0333,,,-0.0143,-0.0106,-0.0754,0.0126,0.048600000000000004,-0.0068000000000000005,-0.0068000000000000005,0.053,0.0455,0.0737,0.1315,0.0329,0.0126,0.0134,0.0269,0.0322,0.0271,0.030699999999999998,0.0296,0.0183,0.0446
1959-03,0.0022,0.005000000000000001,0.0147,-0.0034000000000000002,0.0022,2.97,3.99,,0.0008425445276110514,,0.0077,-0.0070999999999999995,,-0.024399999999999998,0.0235,0.1063,0.015,0.0308,0.0851,-0.0075,,0.0693,0.040999999999999995,0.0116,0.0183,0.0126,0.0007000000000000001,-0.0204,-0.0368,,-0.0022,0.0315,-0.0115,0.047,0.013500000000000002,,,0.034,0.0059,0.0217,0.016399999999999998,-0.0052,0.155,-0.006999999999999999,0.0169,0.0176,0.0084,-0.013500000000000002,-0.0070999999999999995,-0.0051,0.0005,-0.018000000000000002,0.059800000000000006,-0.0362,-0.06,0.0644,-0.02,0.0058
1959-04,0.002,0.0386,-0.0060999999999999995,-0.0124,0.0317,2.97,4.12,,-0.0073085618238429365,,0.1344,0.011899999999999999,,0.015,0.0395,0.2389,0.0313,-0.0255,-0.0125,0.021400000000000002,,-0.0894,0.1319,0.0718,0.0034000000000000002,0.04190000000000001,0.0447,-0.039599999999999996,0.021099999999999997,,0.0401,0.0706,0.0908,0.031200000000000002,-0.022799999999999997,,,-0.0688,-0.0043,0.0176,-0.0113,0.0461,0.0278,0.0121,0.0735,0.1127,0.1527,0.0576,0.0166,0.0368,0.0705,0.012,-0.0097,0.0346,-0.0076,-0.0467,0.0064,0.0323
1959-05,0.0022,0.0195,-0.0216,0.018000000000000002,0.015,2.97,4.31,,-0.012010958977415082,,-0.0403,0.0471,,0.0085,-0.059000000000000004,-0.0338,-0.0015,-0.0285,0.026099999999999998,0.0003,,0.0239,-0.0124,0.0581,0.0633,0.024300000000000002,0.0388,-0.0029,0.0509,,0.0455,0.0121,0.046,0.029900000000000003,-0.0062,,,-0.0134,-0.0115,-0.0095,-0.011000000000000001,-0.0101,-0.0779,-0.0034000000000000002,0.1606,-0.0406,-0.0379,0.0215,-0.0101,0.011000000000000001,-0.009899999999999999,0.029500000000000002,-0.0042,0.0291,-0.0176,-0.018500000000000003,-0.0053,0.061
1959-06,0.0024,0.0,0.0069,0.0132,0.031400000000000004,2.97,4.34,,0.00117524688055931,,0.1052,-0.0092,,0.0034999999999999996,0.045899999999999996,0.0894,0.0063,0.0091,-0.0088,0.0137,,0.24100000000000002,0.0571,-0.015600000000000001,-0.0207,0.0663,0.014499999999999999,0.0007000000000000001,0.049100000000000005,,0.0434,-0.0092,0.0031,-0.0542,-0.015,,,-0.04019999999999999,0.0216,-0.0281,-0.0223,-0.011000000000000001,0.054900000000000004,-0.006999999999999999,-0.0375,0.0711,0.0354,-0.005600000000000001,0.024700000000000003,0.016,0.0168,0.023,0.058600000000000006,0.0168,0.058499999999999996,-0.0046,0.0144,0.008100000000000001
1959-07,0.0025,0.034300000000000004,-0.0034999999999999996,0.0027,-0.0034999999999999996,2.97,4.4,,-0.001209230528794888,,0.0169,0.0384,,0.10279999999999999,0.0075,0.0161,0.06509999999999999,0.1213,0.0232,-0.0102,,-0.0215,0.051,0.0635,0.0383,0.0707,0.0202,0.0072,0.0341,,0.0212,0.005699999999999999,0.0721,-0.0037,0.0196,,,0.0108,0.1096,0.048600000000000004,0.0382,0.006,-0.005,0.0176,-0.034,0.051399999999999994,0.0786,0.0128,0.031,-0.006999999999999999,0.0262,0.0206,0.0197,-0.0159,0.0323,0.1067,0.047599999999999996,-0.0124
1959-08,0.0019,-0.011899999999999999,-0.0078000000000000005,0.0044,-0.01,2.97,4.43,,0.0012606388463693133,,-0.0911,-0.001,,-0.024300000000000002,0.0316,-0.0086,-0.031400000000000004,0.0451,0.032799999999999996,-0.011899999999999999,,0.0572,-0.0403,-0.0337,0.0055000000000000005,-0.030899999999999997,-0.0255,-0.0268,0.0206,,-0.0207,-0.0233,0.0078000000000000005,-0.14029999999999998,-0.0304,,,-0.018000000000000002,-0.0004,-0.0321,0.0134,0.0060999999999999995,-0.0242,0.0203,-0.0171,-0.07519999999999999,-0.0322,-0.0605,-0.0036,-0.0281,-0.011200000000000002,0.009300000000000001,0.0297,-0.010700000000000001,-0.0661,-0.0084,-0.006999999999999999,0.0034000000000000002
1959-09,0.0031,-0.045,-0.0015,0.0053,0.0078000000000000005,2.97,4.68,,-0.016329818296786862,,-0.050199999999999995,-0.0298,,-0.042699999999999995,-0.030299999999999997,-0.0487,-0.053,-0.0888,-0.0639,-0.0095,,-0.0481,-0.0496,-0.0513,-0.065,-0.0278,-0.0416,-0.084,-0.0518,,-0.0716,-0.0462,-0.0437,-0.054900000000000004,-0.053,,,-0.044000000000000004,-0.0592,-0.0692,-0.0435,-0.0096,-0.0382,-0.0125,-0.0279,-0.0836,-0.0453,-0.0728,-0.0279,-0.0345,-0.048499999999999995,-0.0195,-0.049400000000000006,-0.0282,-0.0536,-0.0455,-0.06480000000000001,-0.0385
1959-10,0.003,0.0158,0.0152,-0.021,0.034300000000000004,2.97,4.53,,0.015770538980455107,,0.1324,0.026099999999999998,,0.0103,0.06,0.1448,0.017,0.0683,0.045,0.0554,,0.0695,0.0208,0.0151,-0.0013,-0.018000000000000002,0.0366,0.0143,-0.013000000000000001,,0.0172,0.0579,-0.0008,0.0655,-0.022799999999999997,,,-0.013500000000000002,0.0527,0.0108,0.0089,0.013000000000000001,0.011699999999999999,0.025099999999999997,0.0116,0.0625,0.10529999999999999,0.0182,0.0154,-0.0079,0.0605,0.005699999999999999,0.0731,-0.0195,-0.04769999999999999,0.0384,0.042699999999999995,0.0453
1959-11,0.0026,0.0186,0.0126,-0.0322,0.023,2.97,4.53,,0.003775,,0.094,0.0009,,0.0183,0.0209,0.055,0.0227,-0.019299999999999998,0.0326,0.0044,,-0.019,0.0605,0.023,-0.0258,0.0052,0.011399999999999999,0.0048,-0.0036,,0.0004,0.10369999999999999,-0.0019,0.1388,0.0538,,,0.008199999999999999,0.0072,-0.0043,0.004,-0.0123,0.0756,0.0304,0.0644,0.0501,0.1247,0.0207,0.06269999999999999,-0.0181,0.0698,0.0206,-0.009399999999999999,0.0242,0.0719,-0.0012,-0.0067,0.0973
1959-12,0.0034000000000000002,0.028,-0.0063,-0.0001,0.0103,2.97,4.69,,-0.008977698684184278,,-0.043899999999999995,0.0301,,0.0069,-0.0268,-0.0036,0.0446,0.0875,0.0101,0.0222,,-0.0706,-0.0139,0.0342,0.0158,0.0108,0.0089,0.0526,0.0252,,0.0345,0.0591,0.0493,-0.06480000000000001,0.0049,,,0.047599999999999996,0.0241,0.042699999999999995,0.021400000000000002,0.0434,-0.0195,0.0298,0.0037,0.0432,0.013600000000000001,0.0632,0.017,0.023700000000000002,-0.0012,0.027999999999999997,0.0301,-0.0281,0.1167,0.0332,0.0169,-0.0868
1960-01,0.0033,-0.0665,0.0212,0.0265,-0.0351,2.97,4.72,,0.001535354165771784,,-0.0414,-0.0416,,-0.0541,-0.0172,0.1175,-0.0895,-0.0623,-0.0753,-0.08220000000000001,,-0.0388,-0.065,-0.09699999999999999,-0.036000000000000004,-0.0451,-0.065,-0.0242,-0.09050000000000001,,-0.040999999999999995,-0.1199,-0.11220000000000001,-0.0581,-0.0197,,,-0.036000000000000004,-0.0758,-0.07490000000000001,-0.0208,0.0095,-0.056900000000000006,-0.037599999999999995,-0.0552,-0.10550000000000001,-0.1072,-0.0756,-0.0913,-0.0415,-0.0501,-0.0572,-0.09699999999999999,-0.0101,-0.102,-0.0639,-0.0632,-0.036699999999999997
1960-02,0.0029,0.014499999999999999,0.006,-0.0197,0.04,2.97,4.49,,0.022100250923303488,,0.056100000000000004,0.0348,,-0.018600000000000002,0.026000000000000002,0.0739,0.0087,0.033,0.0959,0.0174,,0.037000000000000005,0.0014000000000000002,-0.0045000000000000005,0.004,0.0078000000000000005,0.0345,0.0108,-0.0176,,-0.0184,0.0538,-0.0196,0.020499999999999997,0.0296,,,0.019799999999999998,-0.0268,-0.0348,0.0277,0.0837,0.1366,0.0032,0.0209,0.1033,0.107,-0.0758,0.035699999999999996,-0.0073,0.0179,0.044500000000000005,0.020099999999999996,0.0017000000000000001,0.021099999999999997,-0.0059,-0.0216,0.0889
1960-03,0.0034999999999999996,-0.012799999999999999,-0.0055000000000000005,-0.0275,0.0141,2.97,4.25,,0.022907269751633035,,0.0277,-0.0168,,-0.0259,0.0017000000000000001,-0.0163,0.015,0.0538,-0.0021,-0.0225,,-0.042,0.019299999999999998,-0.0239,0.009000000000000001,-0.0638,-0.0040999999999999995,-0.0084,-0.052300000000000006,,-0.0323,-0.005,-0.056799999999999996,-0.0951,-0.040999999999999995,,,-0.0264,-0.0513,-0.0072,0.0175,0.0017000000000000001,0.0277,-0.0424,0.0379,0.001,0.0452,-0.0195,-0.0209,-0.0461,-0.0103,0.0015,-0.0347,0.0166,-0.0073,-0.0086,-0.006999999999999999,-0.0308
1960-04,0.0019,-0.0152,0.0022,-0.021400000000000002,0.028399999999999998,2.97,4.28,,0.0011182828150487958,,0.043899999999999995,0.0104,,-0.02,0.0154,0.1295,-0.0173,-0.004699999999999999,-0.011000000000000001,0.004,,0.0029,0.0171,-0.053399999999999996,0.0048,-0.009000000000000001,-0.009300000000000001,-0.0941,-0.053399999999999996,,-0.0392,-0.0106,-0.0167,-0.005600000000000001,-0.026000000000000002,,,-0.0062,-0.0278,-0.0429,0.0138,-0.0105,0.098,-0.0191,0.0229,0.0529,0.0055000000000000005,-0.0729,0.0076,-0.019299999999999998,0.0069,-0.0037,0.0902,0.0192,-0.04019999999999999,-0.0701,-0.0199,0.0083
1960-05,0.0027,0.0339,0.0129,-0.0373,0.0479,2.97,4.35,,-0.0020797624622114117,,0.17079999999999998,0.07629999999999999,,-0.0025,0.0273,0.11019999999999999,0.0226,0.17300000000000001,0.08,0.0203,,0.16329999999999997,0.1361,0.0366,-0.011699999999999999,0.0229,0.038599999999999995,-0.07490000000000001,0.0262,,0.011899999999999999,0.0666,0.0053,0.10529999999999999,0.0738,,,-0.0111,0.0269,-0.0362,0.015,0.0332,0.0036,-0.039599999999999996,0.12480000000000001,0.1157,0.1173,-0.0401,0.0326,0.010700000000000001,0.0182,0.0322,0.0109,-0.0046,0.0206,0.0655,-0.0072,0.0215
1960-06,0.0024,0.0232,-0.0028000000000000004,-0.0027,0.0089,2.97,4.15,,0.019703620913942593,,-0.051699999999999996,0.0681,,0.0070999999999999995,0.049800000000000004,-0.0131,0.0885,0.0075,0.0661,-0.013500000000000002,,0.0017000000000000001,-0.0018,0.0069,-0.025699999999999997,0.0435,0.0281,0.016399999999999998,0.015600000000000001,,0.0187,0.0006,-0.0006,0.0016,0.0171,,,-0.0216,-0.0109,0.0362,0.057699999999999994,-0.0034999999999999996,-0.09849999999999999,0.0008,0.031400000000000004,-0.0333,0.0325,-0.045,0.038900000000000004,0.023799999999999998,0.056799999999999996,0.0373,0.0134,0.0542,0.0819,-0.0576,0.02,0.09699999999999999
1960-07,0.0013,-0.022400000000000003,-0.0052,0.0208,-0.0070999999999999995,2.97,3.9,,0.02375046023392222,,-0.0437,-0.0172,,-0.0066,0.0472,-0.062400000000000004,-0.022000000000000002,0.0141,-0.0048,-0.009300000000000001,,0.0152,-0.04190000000000001,-0.0666,-0.0259,-0.0302,-0.0513,-0.0282,-0.0225,,-0.0375,-0.0683,-0.013600000000000001,0.0371,-0.0235,,,0.0333,0.0217,0.0067,-0.010700000000000001,0.001,0.0346,-0.0073,-0.0102,-0.0482,-0.027999999999999997,-0.0105,-0.04019999999999999,-0.0292,-0.0613,-0.0287,-0.011200000000000002,0.0091,0.014499999999999999,-0.0438,-0.006999999999999999,-0.0731
1960-08,0.0017000000000000001,0.0317,0.006999999999999999,-0.0022,0.0151,2.97,3.8,,0.011465303262946548,,-0.0425,0.0572,,0.0337,0.053899999999999997,0.057,0.09570000000000001,0.037000000000000005,0.0525,0.0313,,0.0259,0.0246,0.0134,0.0127,-0.0068000000000000005,0.0076,0.0034000000000000002,0.008,,0.0095,-0.0088,0.033,0.10619999999999999,-0.015300000000000001,,,0.0712,0.0364,0.041100000000000005,0.0432,0.0711,0.06709999999999999,0.046900000000000004,0.0258,0.025,0.0353,0.038,0.0132,0.0217,0.046,0.0301,0.0223,0.0495,0.023700000000000002,0.0403,0.0281,0.0483
1960-09,0.0016,-0.0584,-0.0113,0.0166,0.0034999999999999996,2.97,3.8,,0.0031666666666666666,,-0.1383,-0.0275,,-0.0481,-0.0195,-0.0044,-0.0444,-0.064,-0.09029999999999999,-0.046799999999999994,,-0.106,-0.086,-0.06559999999999999,-0.0713,-0.049800000000000004,-0.048799999999999996,-0.0487,-0.0809,,-0.0555,-0.1032,-0.061399999999999996,-0.0816,-0.0968,,,-0.0206,-0.0504,-0.0092,-0.0449,-0.059500000000000004,-0.032,-0.059699999999999996,-0.050499999999999996,-0.1567,-0.1017,-0.0888,-0.0718,-0.0673,-0.0837,-0.0839,-0.0176,-0.0451,-0.1148,-0.0414,-0.0526,-0.0263
1960-10,0.0022,-0.0049,-0.0403,0.0275,0.0126,2.97,3.89,,-0.004262983307141336,,-0.0987,0.022099999999999998,,0.0079,0.0409,0.047,-0.057800000000000004,0.03,0.0669,-0.029500000000000002,,0.0455,-0.039900000000000005,-0.013600000000000001,-0.0207,-0.0296,-0.0104,-0.0483,-0.021400000000000002,,-0.012199999999999999,-0.0335,-0.0134,0.0129,0.0087,,,0.0341,-0.0141,0.025,-0.0034000000000000002,0.0014000000000000002,0.066,0.0066,-0.0131,0.0014000000000000002,-0.0771,-0.0033,-0.0165,-0.0078000000000000005,-0.0409,0.0055000000000000005,-0.0432,0.009300000000000001,-0.0005,-0.0409,-0.013500000000000002,0.0178
1960-11,0.0013,0.04820000000000001,0.0036,-0.023700000000000002,0.0363,2.97,3.93,,-4.604417622024355e-05,,0.0526,0.0992,,0.0664,0.0559,0.1655,0.1016,0.1305,0.0925,0.0263,,0.0873,0.0373,0.0438,0.0327,0.0217,0.0654,0.1193,0.0138,,0.08410000000000001,0.0533,-0.0023,0.0832,0.061200000000000004,,,0.0757,0.0678,0.0333,0.0374,0.04190000000000001,0.07339999999999999,0.0431,0.0931,-0.0024,0.0823,0.0541,0.054400000000000004,0.053899999999999997,0.0973,0.0664,0.0453,0.08800000000000001,0.09519999999999999,0.0874,0.0567,0.0455
1960-12,0.0016,0.0489,-0.0159,-0.0076,0.013600000000000001,2.97,3.84,,0.010658058495095848,,0.0344,0.047599999999999996,,-0.0013,0.037000000000000005,0.0989,0.047,0.0782,0.019299999999999998,0.0362,,0.0436,0.0636,0.030299999999999997,0.0524,0.0063,0.0461,0.0481,0.0495,,0.049400000000000006,0.011699999999999999,-0.0037,0.0298,0.0141,,,0.0611,0.0173,0.0538,0.0636,0.12560000000000002,0.08839999999999999,0.08039999999999999,0.0661,0.0701,-0.0092,0.053099999999999994,0.0575,0.0255,0.0229,0.0222,0.022400000000000003,0.0409,0.09720000000000001,0.037000000000000005,0.06509999999999999,0.034300000000000004
1961-01,0.0019,0.0639,0.0063,0.0362,-0.04,2.97,3.84,,0.0031999999999999997,,0.0694,0.047400000000000005,,0.053399999999999996,0.08960000000000001,-0.034,0.0786,0.0978,0.045599999999999995,0.0558,,0.1611,0.053200000000000004,0.0665,0.06269999999999999,0.11359999999999999,0.0526,0.1533,0.0849,,0.0611,-0.0040999999999999995,0.0852,0.0559,0.0962,,,0.061399999999999996,0.1105,0.0973,0.0496,0.0789,0.034300000000000004,0.066,0.0669,0.063,0.0167,0.0895,0.0467,0.08470000000000001,0.08130000000000001,0.0252,0.042699999999999995,0.0855,0.028999999999999998,0.054299999999999994,0.0735,0.0958
1961-02,0.0014000000000000002,0.037099999999999994,0.0388,-0.0059,0.01,2.97,3.78,,0.008143512755849545,,0.011200000000000002,0.0458,,0.08310000000000001,0.0557,0.2865,0.1298,0.0159,0.0604,0.07,,0.1517,0.0443,0.0227,0.1012,0.0693,0.0484,0.0718,0.0591,,0.0917,-0.0015,0.04,0.0808,0.0084,,,-0.0161,0.09390000000000001,0.005699999999999999,0.0363,0.0075,0.0175,0.0137,0.06559999999999999,0.0329,0.0037,0.09480000000000001,0.0695,0.0449,0.0349,0.049800000000000004,0.084,0.09179999999999999,0.026699999999999998,0.1264,0.0509,0.0425
1961-03,0.002,0.030900000000000004,0.0323,-0.0083,0.0432,2.97,3.74,,0.006455269091712637,,0.0449,0.0487,,0.027200000000000002,0.057999999999999996,0.0335,0.1449,0.0495,0.0654,0.0371,,0.0204,0.0395,0.011399999999999999,0.11699999999999999,0.0616,0.024399999999999998,0.07980000000000001,0.020499999999999997,,0.017,0.0318,0.0285,0.0232,-0.0023,,,0.0263,-0.0055000000000000005,0.0144,0.0202,0.0748,-0.013500000000000002,0.0537,0.0327,-0.013600000000000001,0.0147,-0.024700000000000003,-0.0046,0.011000000000000001,0.0478,0.0603,0.0425,0.0593,0.0074,0.1065,0.0387,0.0533
1961-04,0.0017000000000000001,0.0046,0.0009,0.0209,0.036699999999999997,2.97,3.78,,-0.0001950207244669159,,-0.018600000000000002,-0.0118,,0.016200000000000003,-0.0006,-0.0431,0.015700000000000002,-0.08310000000000001,0.0281,0.0305,,-0.087,0.0039000000000000003,-0.0131,0.0053,-0.051500000000000004,-0.0362,0.0226,-0.0144,,-0.0215,-0.0236,-0.0236,0.0325,-0.014199999999999999,,,0.011399999999999999,0.0068000000000000005,0.0483,0.018600000000000002,0.008,-0.0177,0.0363,0.0288,-0.0336,0.023700000000000002,0.0055000000000000005,-0.0022,-0.0134,0.033,0.0037,0.044000000000000004,0.028399999999999998,0.025099999999999997,0.0803,-0.0102,-0.054000000000000006
1961-05,0.0018,0.0258,0.0196,0.0044,-0.015700000000000002,2.97,3.71,,0.008934220910497143,,-0.0018,0.0471,,0.0546,0.0356,-0.0492,-0.0195,0.0268,0.0017000000000000001,0.0729,,0.0040999999999999995,0.024300000000000002,0.057,0.0529,0.0565,0.020499999999999997,0.0669,0.0608,,0.0481,0.04650000000000001,0.0349,0.0269,0.0115,,,0.0868,0.0782,-0.0001,0.0239,-0.0104,-0.0127,0.027000000000000003,0.027200000000000002,0.0745,-0.0226,0.011200000000000002,0.015700000000000002,0.0507,0.002,0.044800000000000006,-0.0174,0.0383,-0.0134,0.056100000000000004,0.0599,0.0262
1961-06,0.002,-0.0288,-0.025,-0.0012,0.003,2.97,3.88,,-0.011003513127823562,,-0.0966,-0.014499999999999999,,-0.028900000000000002,0.0417,-0.06709999999999999,-0.0414,-0.0464,0.0362,-0.0492,,-0.0192,-0.0355,-0.011399999999999999,-0.04650000000000001,-0.0317,-0.0248,-0.0762,-0.0747,,-0.0296,-0.0371,-0.0068000000000000005,-0.0387,-0.0089,,,-0.0576,-0.042199999999999994,-0.04019999999999999,-0.0187,-0.04019999999999999,0.0168,-0.0154,-0.0239,-0.06,-0.0449,-0.0252,-0.043,-0.0415,-0.0475,0.0106,-0.0542,-0.0255,-0.016200000000000003,-0.0381,-0.0285,0.0323
1961-07,0.0018,0.030100000000000002,-0.019299999999999998,-0.0008,0.0022,2.97,3.92,,-5.596815531004997e-05,,-0.0013,0.0308,,0.0105,0.0613,-0.0208,0.0049,-0.0216,0.022000000000000002,0.016399999999999998,,-0.0259,0.0397,0.0313,-0.012199999999999999,0.0171,-0.0003,0.0075,0.0434,,0.0129,0.0336,0.0592,0.0464,0.0182,,,0.0276,0.0341,0.0226,0.0287,0.0643,-0.09210000000000002,-0.0327,0.0197,-0.017,-0.021,0.0339,-0.0037,-0.0018,0.0016,0.0263,0.0301,0.0291,0.004699999999999999,-0.025099999999999997,0.0576,0.0886
1961-08,0.0014000000000000002,0.0271,-0.0171,-0.0029,0.016399999999999998,2.97,4.04,,-0.006582169984023367,,-0.0886,0.059000000000000004,,0.0335,0.079,0.0038,0.019299999999999998,0.0089,0.10619999999999999,0.050300000000000004,,0.0565,0.0374,0.0248,0.0346,0.059500000000000004,0.0087,0.0274,0.0032,,0.017,0.0338,0.015,-0.006999999999999999,-0.0075,,,0.047,0.0177,0.0013,0.0381,0.0021,0.1107,0.0213,0.0652,0.0323,0.020099999999999996,0.0737,0.0547,0.0353,0.028399999999999998,0.0319,0.0049,0.09949999999999999,0.1724,-0.058499999999999996,0.049699999999999994,0.0104
1961-09,0.0017000000000000001,-0.019799999999999998,-0.010700000000000001,-0.0060999999999999995,0.0079,2.97,3.98,,0.008262642080257683,,-0.1437,0.0027,,-0.013300000000000001,0.0011,0.0779,-0.0786,0.014499999999999999,-0.0287,-0.0063,,-0.0562,-0.0091,-0.042800000000000005,-0.0195,-0.0409,-0.0195,-0.0604,-0.0776,,-0.0436,-0.012199999999999999,0.038599999999999995,-0.069,-0.0395,,,-0.0611,0.0132,-0.066,0.0141,-0.0273,-0.0593,-0.0318,0.0322,-0.043,-0.0365,-0.048799999999999996,-0.0253,-0.0104,-0.041100000000000005,0.0073,-0.0587,0.0361,-0.061200000000000004,-0.061399999999999996,-0.0354,0.057
1961-10,0.0019,0.0277,-0.0165,0.0014000000000000002,0.030699999999999998,2.97,3.92,,0.008226833841329068,,-0.076,0.0443,,-0.006500000000000001,0.0724,-0.1193,0.0629,0.0127,-0.005600000000000001,0.08439999999999999,,0.0455,0.036000000000000004,0.0024,0.0175,0.0335,0.0075,0.0454,-0.016399999999999998,,0.0075,-0.0176,0.0040999999999999995,-0.0545,-0.0388,,,-0.0204,0.048,0.0672,0.053099999999999994,0.002,0.0184,0.0248,0.0803,-0.0786,0.0652,-0.0235,0.020099999999999996,0.0246,0.0463,0.096,0.0092,0.0253,-0.019299999999999998,0.1625,0.024700000000000003,0.0007000000000000001
1961-11,0.0015,0.046000000000000006,0.0126,-0.012,0.013500000000000002,2.97,3.94,,0.0016251938915516702,,0.0262,0.0554,,0.0461,0.08199999999999999,-0.024399999999999998,0.0447,0.0288,0.045700000000000005,0.054299999999999994,,0.06709999999999999,0.0288,0.026099999999999998,0.0418,0.0753,0.0626,0.052000000000000005,0.0184,,0.028900000000000002,0.058899999999999994,0.08460000000000001,0.029500000000000002,0.0449,,,0.037000000000000005,0.06280000000000001,0.0542,0.0342,0.085,0.0776,0.1042,0.0063,0.056900000000000006,0.0171,0.0187,0.022099999999999998,0.0034999999999999996,0.058600000000000006,0.051100000000000007,0.0124,0.064,0.124,0.0572,0.07429999999999999,0.0083
1961-12,0.0019,0.00019999999999999987,-0.0086,0.018000000000000002,-0.0218,2.97,4.06,,-0.006555989316027069,,0.09380000000000001,-0.039900000000000005,,0.0161,-0.0593,0.028999999999999998,0.0126,-0.035,-0.035699999999999996,0.0019,,-0.0564,-0.0172,0.0003,-0.0096,-0.0092,0.0045000000000000005,-0.0147,0.032799999999999996,,0.0032,-0.0118,0.0258,0.005600000000000001,-0.001,,,-0.028900000000000002,0.003,0.0394,-0.042,0.0332,-0.005600000000000001,-0.0288,-0.005699999999999999,-0.026600000000000002,0.0095,-0.0083,-0.024900000000000002,0.0003,0.0062,-0.0044,-0.020099999999999996,-0.0621,-0.0069,-0.0062,-0.026699999999999998,-0.0044
1962-01,0.0024,-0.0363,0.0177,0.051100000000000007,-0.0204,2.97,4.08,,0.0017529140089073308,,-0.034,-0.06559999999999999,,-0.0321,-0.0404,-0.2,-0.0323,-0.0356,-0.071,-0.0583,,-0.0317,-0.049,-0.0452,-0.056600000000000004,0.0074,-0.0548,-0.0108,-0.0375,,-0.0038,-0.0223,-0.0033,0.0702,0.0576,,,-0.0134,0.0492,0.0002,-0.0259,-0.060700000000000004,-0.050300000000000004,-0.0121,-0.0662,-0.0429,-0.0739,0.043899999999999995,-0.051500000000000004,0.026699999999999998,-0.0044,-0.0929,-0.0394,-0.058499999999999996,-0.0665,-0.008,-0.0254,-0.023700000000000002
1962-02,0.002,0.0201,-0.011699999999999999,0.0086,-0.01,2.97,4.04,0.011553071245740114,0.006657698058786771,,-0.04,0.0013,,0.004699999999999999,0.0087,-0.0216,-0.014499999999999999,-0.0074,-0.0083,0.022000000000000002,,0.0393,0.0373,0.0348,0.047,0.0225,0.011899999999999999,0.0311,-0.0085,,0.0182,-0.0025,-0.0127,-0.0335,-0.025099999999999997,,,-0.0311,0.0066,0.054299999999999994,0.0263,0.041100000000000005,-0.0091,-0.0048,-0.0077,0.028399999999999998,0.025,0.075,0.0401,0.0055000000000000005,0.0012,0.018000000000000002,-0.004,0.0464,0.0823,-0.0252,0.0146,0.0429
1962-03,0.002,-0.0048000000000000004,0.0066,-0.0159,0.0189,2.97,3.93,0.014779336674551367,0.01234262159158356,,-0.1281,0.0178,,-0.0015,-0.06480000000000001,-0.06559999999999999,-0.035699999999999996,0.0032,0.0454,-0.0102,,-0.0007000000000000001,0.0044,-0.0253,-0.0429,-0.0055000000000000005,-0.0022,-0.0264,0.009399999999999999,,-0.0163,0.0144,0.005699999999999999,-0.0353,-0.0275,,,-0.0128,-0.044800000000000006,-0.0161,0.0196,-0.0294,-0.0378,0.0391,-0.0098,-0.019299999999999998,0.011699999999999999,0.0287,0.013300000000000001,-0.0139,-0.021400000000000002,0.0115,-0.0382,-0.020499999999999997,0.0384,0.050499999999999996,-0.0344,-0.0049
1962-04,0.0022,-0.0637,-0.008,0.0016,0.028900000000000002,2.97,3.84,0.0032166666666666663,0.010658058495095848,,-0.0176,-0.0447,,-0.0338,-0.1277,-0.1039,-0.1127,-0.09380000000000001,-0.06849999999999999,-0.0796,,-0.10060000000000001,-0.1143,-0.0601,-0.07400000000000001,-0.078,-0.0712,-0.1048,-0.10439999999999999,,-0.0771,-0.0999,-0.061799999999999994,-0.10369999999999999,-0.0886,,,-0.0751,-0.0989,-0.0342,-0.0279,-0.046799999999999994,-0.0103,-0.0601,-0.1465,-0.12,-0.0254,-0.0346,-0.0781,-0.0601,-0.056600000000000004,-0.0434,-0.08800000000000001,-0.0602,-0.1109,-0.1382,-0.0795,0.0034999999999999996
1962-05,0.0024,-0.0842,-0.0313,0.0276,0.0040999999999999995,2.97,3.87,-7.581944131553487e-05,0.0007282436220751986,,-0.11230000000000001,-0.11019999999999999,,-0.0882,-0.1398,-0.079,-0.1481,-0.1597,-0.0983,-0.1008,,-0.08539999999999999,-0.1097,-0.0803,-0.1282,-0.0782,-0.0848,-0.1444,-0.0723,,-0.0791,-0.08529999999999999,-0.047400000000000005,-0.039900000000000005,-0.0933,,,-0.044199999999999996,-0.0916,-0.048600000000000004,-0.1047,-0.0706,-0.114,-0.0761,-0.129,-0.107,-0.1365,-0.1506,-0.1075,-0.0473,-0.1104,-0.0892,-0.0718,-0.1234,-0.07200000000000001,-0.1058,-0.067,-0.1118
1962-06,0.002,-0.083,-0.0044,0.0242,0.064,2.97,3.91,-0.004965303262946549,-6.589324336816246e-05,,-0.1048,-0.0849,,-0.0596,-0.08130000000000001,-0.1675,-0.1417,-0.1855,-0.1215,-0.08779999999999999,,-0.0279,-0.1365,-0.0873,-0.0669,-0.0461,-0.11349999999999999,-0.0756,-0.1001,,-0.0819,-0.10400000000000001,-0.0666,-0.0683,-0.0858,,,-0.0409,-0.0697,-0.048,-0.051100000000000007,-0.0852,-0.1493,-0.051100000000000007,-0.1307,-0.1368,-0.102,-0.0441,-0.09519999999999999,-0.07519999999999999,-0.1091,-0.102,-0.1283,-0.11470000000000001,-0.0803,-0.1356,-0.1084,-0.1681
1962-07,0.0027,0.06539999999999999,0.0152,-0.0337,0.005,2.97,4.01,6.304666441392815e-05,-0.004952998853164376,,0.0825,0.0718,,0.028999999999999998,0.0096,-0.0785,0.046,0.0767,0.1017,0.08039999999999999,,-0.025099999999999997,0.086,0.0658,0.0781,0.0572,0.0538,0.1052,0.0323,,0.0431,0.0973,0.0677,0.1149,0.0429,,,0.0326,0.10529999999999999,0.0479,0.0739,0.0723,0.11539999999999999,0.0313,0.1377,0.035699999999999996,0.1074,0.0378,0.0362,0.0351,0.054299999999999994,0.04190000000000001,0.052000000000000005,0.08289999999999999,0.0732,0.0702,0.08900000000000001,0.09519999999999999
1962-08,0.0023,0.0236,0.012199999999999999,-0.011200000000000002,-0.005600000000000001,2.97,3.98,0.00989463388478808,0.005793198611107473,,0.0008,0.0005,,0.0446,0.0166,0.024900000000000002,0.0987,0.052199999999999996,0.0137,0.0313,,-0.0384,-0.08220000000000001,0.0443,0.028900000000000002,-0.0076,0.025699999999999997,0.0242,-0.0039000000000000003,,0.022099999999999998,0.0392,0.030299999999999997,0.061799999999999994,-0.009399999999999999,,,0.0353,0.0148,0.018500000000000003,0.0315,0.0158,-0.0175,0.037599999999999995,0.022000000000000002,0.022000000000000002,0.0533,0.0277,0.028999999999999998,0.034,0.0444,0.044199999999999996,0.005600000000000001,0.0447,0.0208,-0.008,0.0333,0.0707
1962-09,0.0021,-0.0501,-0.024,0.013300000000000001,0.039599999999999996,2.97,3.98,0.004938303648259241,0.003316666666666667,,-0.0594,-0.0463,,-0.059500000000000004,-0.0757,-0.1267,-0.0788,-0.053399999999999996,-0.0898,-0.0636,,-0.0379,-0.0407,-0.020099999999999996,-0.041100000000000005,-0.043899999999999995,-0.07,-0.0562,-0.0842,,-0.061900000000000004,-0.0784,-0.0304,-0.0663,-0.0333,,,-0.059500000000000004,-0.0387,-0.0173,-0.0287,-0.060599999999999994,-0.09630000000000001,-0.008,-0.1097,-0.087,-0.0622,-0.031,-0.063,-0.0541,-0.07429999999999999,-0.06559999999999999,-0.0855,-0.0565,-0.11810000000000001,0.023399999999999997,-0.0415,-0.0501
1962-10,0.0026,0.0021,-0.0395,0.013000000000000001,0.0079,2.97,3.93,0.0049232204415600575,0.007408472645551983,,-0.13720000000000002,-0.0233,,-0.023,-0.0664,-0.1107,-0.0638,0.0149,0.0121,-0.01,,-0.0053,0.0269,0.047599999999999996,-0.0304,0.011899999999999999,-0.015300000000000001,-0.0639,0.0084,,-0.0003,0.024300000000000002,0.024300000000000002,0.0101,0.0253,,,0.0039000000000000003,-0.0203,-0.0026,-0.0109,0.0277,0.0101,-0.0698,-0.0223,-0.039900000000000005,-0.0088,-0.006,-0.0101,0.0317,-0.0077,-0.0134,-0.0516,-0.0113,0.0434,-0.09910000000000001,-0.0127,-0.0334
1962-11,0.002,0.11090000000000001,0.025,0.0085,-0.0723,2.97,3.92,0.0032666666666666664,0.004095339832788447,,0.1535,0.1219,,0.1134,0.1149,0.1928,0.1247,0.12390000000000001,0.1423,0.0947,,0.1056,0.1814,0.1186,0.1524,0.1084,0.13720000000000002,0.1092,0.1514,,0.133,0.1418,0.0731,0.096,0.1727,,,0.0897,0.10640000000000001,0.1075,0.0765,0.0717,0.1491,0.0989,0.156,0.1377,0.1334,0.1685,0.1324,0.1686,0.13470000000000001,0.11,0.1366,0.12480000000000001,0.1506,0.29600000000000004,0.1582,0.16
1962-12,0.0023,0.0124,-0.037599999999999995,0.0032,0.059000000000000004,2.97,3.86,0.009011821379569181,0.008191084992011712,,0.0078000000000000005,0.028999999999999998,,0.0248,-0.0217,0.0127,0.028399999999999998,-0.0496,0.008100000000000001,-0.003,,-0.0225,0.0109,0.0098,-0.0212,0.0076,-0.0232,-0.0011,-0.0452,,0.0060999999999999995,0.0075,0.031200000000000002,-0.025,-0.005,,,-0.0275,0.005600000000000001,0.04769999999999999,0.0348,0.0108,0.009899999999999999,0.021400000000000002,-0.022400000000000003,-0.0098,0.0259,-0.025699999999999997,-0.0137,0.0137,0.0019,0.0008,-0.0229,0.0181,0.0031,-0.1301,0.0225,0.0398
1963-01,0.0025,0.05190000000000001,0.0301,0.022400000000000003,-0.021400000000000002,2.97,3.83,0.0015612932916296823,0.005686031247653246,,0.1074,0.0652,,0.04019999999999999,0.0172,0.0955,0.0787,0.0721,0.0546,0.0646,,0.1035,0.0535,0.0458,0.09029999999999999,0.08779999999999999,0.0452,0.0536,0.0785,,0.0761,0.049699999999999994,0.07339999999999999,0.0106,0.0161,,,0.1066,0.0817,0.0258,0.0525,0.041299999999999996,0.008199999999999999,0.0297,0.0739,0.0593,0.032400000000000005,0.1155,0.0814,0.0599,0.0369,0.0412,0.0767,0.029500000000000002,0.0602,0.09820000000000001,0.037200000000000004,0.0852
1963-02,0.0023,-0.0217,0.0046,0.0215,0.0252,2.97,3.92,-0.0025340631758942124,-0.004227193916694764,,-0.058499999999999996,-0.0262,,-0.0506,-0.0339,-0.09789999999999999,-0.0365,-0.0206,-0.0326,-0.032799999999999996,,0.0155,-0.0287,-0.0388,-0.006999999999999999,0.006500000000000001,-0.0060999999999999995,-0.027200000000000002,-0.0213,,-0.0259,-0.0637,-0.0282,-0.0176,0.0129,,,-0.018000000000000002,-0.0053,-0.0134,-0.0146,-0.0111,0.013600000000000001,-0.0223,-0.0593,0.0415,-0.0115,0.039,-0.023700000000000002,-0.0002,-0.0191,-0.005600000000000001,-0.0391,0.0063,-0.0373,-0.054900000000000004,-0.0046,0.0066
1963-03,0.0023,0.033100000000000004,-0.0258,0.021,0.0158,2.97,3.93,0.0024633897792199423,0.00244593027910914,,-0.0195,0.0184,,0.0463,0.0774,-0.018500000000000003,0.0383,-0.0034000000000000002,0.039599999999999996,0.0143,,0.0007000000000000001,0.0126,0.0371,0.0371,0.0077,0.0361,0.0054,0.0227,,0.0291,0.0143,0.0641,-0.015300000000000001,0.051100000000000007,,,0.027200000000000002,0.0629,0.07,0.0179,0.0194,0.0461,-0.0291,0.0479,0.006500000000000001,0.0173,0.062400000000000004,0.0291,0.0346,0.0038,0.0218,-0.0575,0.0206,0.0208,0.0034999999999999996,0.0291,0.0588
1963-04,0.0025,0.0476,-0.0126,0.01,-0.0006,2.97,3.97,0.0032916666666666667,-6.359331153671811e-06,,0.127,0.0076,,0.0066,0.063,-0.023799999999999998,0.005600000000000001,0.0926,0.059800000000000006,0.0169,,0.022099999999999998,0.0801,0.044000000000000004,0.0582,0.07730000000000001,0.0371,0.0978,0.0541,,0.0338,0.0592,0.0602,0.0381,0.022400000000000003,,,0.0489,0.0436,0.0608,0.023700000000000002,0.0373,0.038599999999999995,0.0095,0.0894,0.0649,0.017,0.1035,0.046799999999999994,0.0875,0.056299999999999996,0.054900000000000004,0.0033,0.0265,-0.012199999999999999,-0.034300000000000004,0.0661,0.0623
1963-05,0.0024,0.02,0.0108,0.0255,0.0029,2.97,3.93,0.002472119115363351,0.0065833588227878605,,0.1841,0.0296,,0.012,-0.0305,-0.006500000000000001,0.0874,0.0031,0.0091,0.0048,,0.0495,-0.006,0.0129,0.016,0.0246,0.013300000000000001,-0.015,0.0665,,0.060899999999999996,0.0471,0.0723,-0.016,0.009000000000000001,,,0.022799999999999997,0.038,-0.0018,0.0104,-0.0064,0.0436,0.0095,0.0374,0.0416,0.0404,-0.0012,-0.011699999999999999,0.064,0.0096,0.027200000000000002,0.032799999999999996,-0.0026,-0.022000000000000002,0.0417,0.0219,-0.0062
1963-06,0.0023,-0.0177,-0.0032,0.006500000000000001,0.0116,2.97,3.99,2.3392703481458534e-05,-0.0016470389967305652,,-0.0867,-0.0012,,-0.0183,-0.06269999999999999,0.030299999999999997,-0.0464,0.013600000000000001,-0.0022,-0.0184,,0.0026,-0.0118,-0.0321,-0.0264,-0.0098,-0.0121,-0.0454,-0.0375,,-0.0149,-0.0265,-0.0368,-0.0096,-0.011000000000000001,,,-0.0235,-0.0174,0.0127,-0.0113,-0.0194,-0.027999999999999997,0.011699999999999999,-0.0719,-0.0706,-0.04650000000000001,-0.0194,-0.0197,-0.0106,-0.0315,-0.0126,-0.0055000000000000005,0.0005,-0.034,0.0478,-0.0194,-0.0197
1963-07,0.0027,-0.0012000000000000001,-0.005699999999999999,-0.0084,0.0101,2.97,4.02,0.0033333333333333335,0.0008711011175747988,,0.0304,-0.004699999999999999,0.025699999999999997,-0.022000000000000002,-0.0254,-0.0489,-0.009000000000000001,-0.0006,-0.0014000000000000002,-0.0058,,-0.0126,0.0075,-0.0101,-0.0048,0.0352,-0.0086,0.0155,-0.0159,-0.038599999999999995,-0.03,-0.025,0.0004,-0.036000000000000004,-0.0271,-0.0555,0.0096,-0.040999999999999995,0.0054,0.023399999999999997,0.008100000000000001,-0.0025,-0.0571,-0.02,-0.0025,-0.009300000000000001,-0.032,-0.028999999999999998,0.0042,-0.0239,0.0014000000000000002,-0.0108,-0.043,-0.0158,-0.0175,-0.050499999999999996,0.016399999999999998,0.0368
1963-08,0.0025,0.0533,-0.0095,0.0172,0.01,2.97,4.0,0.0016981899988736877,0.004983566473331086,,-0.0032,0.047400000000000005,0.054900000000000004,0.0233,0.0718,0.0481,0.0803,0.0526,0.0621,0.0454,,0.08779999999999999,0.0964,0.0462,0.0735,0.043,0.0613,0.0354,0.08349999999999999,-0.0155,0.049,0.0518,0.0731,0.0281,0.034,0.042800000000000005,0.024900000000000002,0.044800000000000006,0.08109999999999999,0.0385,0.0412,0.0429,-0.0073,0.0359,0.044500000000000005,0.0728,0.0518,0.0971,0.0557,0.07139999999999999,0.0408,0.0665,0.011399999999999999,0.0415,0.0288,0.0349,0.052199999999999996,0.0974
1963-09,0.0027,-0.013000000000000001,-0.0025,-0.0002,0.0012,2.97,4.08,-0.0007339161833279447,-0.0032072400045055336,,-0.0194,-0.015300000000000001,-0.009000000000000001,0.003,-0.0424,-0.053,-0.0226,0.0296,-0.0139,-0.0415,,-0.0345,-0.041299999999999996,-0.0087,-0.0337,-0.0113,-0.0116,-0.042300000000000004,0.0027,-0.0208,-0.0273,-0.0176,0.0038,-0.052199999999999996,-0.0256,-0.059699999999999996,-0.0273,-0.0038,-0.049800000000000004,-0.0362,-0.024900000000000002,0.0236,-0.019799999999999998,-0.0146,0.018500000000000003,-0.0344,-0.0016,0.045899999999999996,-0.020099999999999996,-0.0388,-0.017,0.0111,-0.0254,-0.0313,-0.013500000000000002,-0.0382,-0.0406,0.028300000000000002
1963-10,0.0029,0.0283,-0.005699999999999999,-0.0003,0.0313,2.97,4.11,-0.003126868949341223,0.0009567264559099367,,-0.0013,0.027000000000000003,0.011000000000000001,-0.0128,0.0579,0.15380000000000002,0.019299999999999998,-0.0196,0.0425,0.0263,,0.0956,0.027999999999999997,0.0353,0.0062,0.0574,-0.0051,-0.0064,0.0158,0.029900000000000003,0.04019999999999999,-0.0046,0.114,0.0281,0.0053,0.0355,-0.022400000000000003,0.0481,0.0925,-0.0052,-0.0067,0.034300000000000004,0.0236,0.011699999999999999,0.085,0.0977,0.0137,0.0015,0.0339,0.0181,0.0137,0.0045000000000000005,0.0115,-0.0129,0.0149,0.0487,0.0139,0.0345
1963-11,0.0027,-0.0059,-0.0116,0.0178,-0.0077,2.97,4.12,0.00914012886549821,0.0026117511620291135,,-0.030600000000000002,-0.004,-0.0062,-0.0072,-0.056600000000000004,-0.011699999999999999,-0.0446,-0.005600000000000001,-0.0018,-0.013600000000000001,,0.009000000000000001,-0.019,0.0225,-0.049400000000000006,0.0202,-0.0102,-0.021400000000000002,-0.0183,-0.021,-0.0064,-0.0169,-0.059000000000000004,0.0559,0.0404,0.04019999999999999,-0.0394,0.0313,0.0086,-0.0118,-0.0106,0.0414,-0.0335,-0.0239,-0.011699999999999999,0.018799999999999997,0.0111,-0.015600000000000001,-0.0023,0.0363,-0.0412,-0.0108,-0.0354,-0.0331,-0.0416,-0.049400000000000006,-0.0001,0.0072
1963-12,0.0029,0.0212,-0.0196,-0.0021,0.0184,2.97,4.13,-0.0014865470881800704,0.0026204758432939756,,0.0325,0.024399999999999998,0.058600000000000006,0.0121,0.0599,-0.023399999999999997,-0.016399999999999998,-0.0281,0.0447,-0.003,,-0.0281,0.0199,0.044800000000000006,0.0033,0.0333,0.0091,-0.0263,0.0151,0.0097,0.019299999999999998,-0.0253,-0.0098,-0.06269999999999999,0.003,-0.0837,0.035699999999999996,0.0672,0.0541,0.04650000000000001,0.0241,-0.0009,-0.0144,0.028999999999999998,0.04190000000000001,0.0171,-0.035,0.008199999999999999,-0.0028000000000000004,0.0385,-0.0067,0.0034000000000000002,0.0171,0.028399999999999998,0.0154,0.009899999999999999,0.0068000000000000005,0.060899999999999996
1964-01,0.003,0.025400000000000002,-0.0024,0.0158,0.008100000000000001,2.97,4.17,0.0026379243907094065,0.00019180101111622612,,0.0067,0.0091,0.0231,0.009899999999999999,-0.0169,-0.0089,-0.0126,0.059699999999999996,0.015300000000000001,-0.0111,,0.0464,0.036000000000000004,0.0326,0.0002,0.0227,0.0203,0.0202,0.0443,0.07490000000000001,0.0353,-0.028900000000000002,0.011200000000000002,0.0373,0.038900000000000004,-0.0564,0.0013,-0.0009,0.045,0.048600000000000004,0.0139,0.0332,-0.0196,0.026699999999999998,0.0317,0.0318,-0.0043,-0.0006,0.04019999999999999,0.0378,-0.0176,0.0279,-0.0034999999999999996,-0.0355,0.0055000000000000005,-0.0441,0.008100000000000001,0.0158
1964-02,0.0026,0.018099999999999998,0.0011,0.0277,0.0033,2.97,4.15,0.0010232781052627125,0.0050968096451631,,-0.009899999999999999,0.015700000000000002,0.0088,-0.002,0.0265,0.0235,0.0269,0.0731,0.009399999999999999,0.0165,,0.0446,0.0137,0.0223,-0.0032,0.0373,0.049,0.0233,0.028999999999999998,0.0104,0.0344,0.049699999999999994,0.0319,0.0617,0.0105,0.008,0.0175,0.0679,0.0038,0.0109,0.0087,-0.0028000000000000004,0.0805,0.027000000000000003,0.0361,-0.0219,0.011200000000000002,-0.0031,-0.0034999999999999996,0.0677,0.0177,0.0158,0.0697,0.042199999999999994,0.030299999999999997,-0.013000000000000001,0.0461,0.0196
1964-03,0.0031,0.0172,0.0095,0.033,0.0073,2.97,4.22,-0.0005692421764572101,-0.0022234621988314863,,-0.0336,0.0108,0.06509999999999999,0.06860000000000001,0.1038,0.0371,0.0058,-0.016,0.023,0.0097,,-0.0418,-0.017,0.0264,0.0582,0.0046,0.047599999999999996,0.0524,0.0697,0.1241,0.064,0.0356,0.0079,0.0195,0.0176,0.0282,0.0397,0.0558,-0.020499999999999997,0.014499999999999999,-0.0074,-0.009000000000000001,-0.0342,0.0313,0.026600000000000002,0.0592,0.0088,0.0282,-0.0046,0.0323,0.0454,0.022799999999999997,0.04,0.0075,-0.0096,0.0014000000000000002,0.0146,-0.0755
1964-04,0.0029,0.0039,-0.013500000000000002,-0.005600000000000001,-0.0064,2.97,4.23,0.004333570550865581,0.0027077077451078376,,0.013600000000000001,-0.0178,0.021400000000000002,-0.016200000000000003,0.0183,-0.0575,-0.019299999999999998,0.0168,-0.0158,-0.004,,-0.053899999999999997,-0.0102,-0.011899999999999999,0.0171,-0.0051,-0.0054,0.006500000000000001,-0.035699999999999996,-0.053899999999999997,-0.0009,-0.0447,0.0291,-0.047,-0.0139,-0.09050000000000001,0.0016,0.1624,-0.0449,0.0424,0.0105,0.0083,-0.0391,0.0159,-0.0356,-0.0454,0.0074,-0.0079,-0.0155,-0.012,-0.0005,0.030699999999999998,0.0174,-0.021099999999999997,-0.0102,-0.0392,0.0042,0.027000000000000003
1964-05,0.0026,0.0167,-0.0084,0.0182,0.0253,2.97,4.2,0.005943543431342815,0.005950711652596516,,0.0149,0.0173,0.014499999999999999,0.0146,-0.0023,-0.06,0.0012,0.013500000000000002,0.0222,0.0181,,0.0079,0.0049,0.023399999999999997,0.0759,0.057300000000000004,0.0017000000000000001,0.0265,0.011699999999999999,-0.0064,0.022099999999999998,-0.0144,0.0233,0.0716,0.023700000000000002,-0.019299999999999998,-0.0043,0.0131,0.0091,0.0217,0.0084,-0.0039000000000000003,-0.1225,0.0003,0.0479,-0.0217,0.0031,-0.0121,-0.0062,0.0596,-0.0006,0.04190000000000001,-0.0011,-0.0073,-0.0040999999999999995,-0.0126,0.0098,-0.0111
1964-06,0.003,0.0157,-0.0023,0.0069,0.004699999999999999,2.97,4.17,0.006732169273737527,0.00592920941535997,,0.065,0.0227,0.025,0.0154,-0.0154,-0.011399999999999999,-0.0134,0.022400000000000003,0.0018,0.0408,,-0.0091,0.0073,-0.005699999999999999,0.0415,-0.0037,0.0017000000000000001,0.036000000000000004,0.0091,0.1243,0.0353,-0.001,0.0173,0.026699999999999998,0.0246,-0.031200000000000002,-0.0151,-0.0098,-0.0233,0.0072,0.022099999999999998,0.046900000000000004,0.0524,0.06480000000000001,-0.0031,0.0259,0.005,0.0079,0.011899999999999999,0.0374,0.0349,0.0392,0.0246,-0.020499999999999997,-0.0004,-0.024399999999999998,-0.008,-0.019299999999999998
1964-07,0.003,0.020399999999999998,0.002,0.0079,-0.0037,2.92,4.19,0.0002115930292390781,0.0018531903548368444,,0.009300000000000001,0.008100000000000001,0.0326,0.0786,0.0040999999999999995,-0.0017000000000000001,0.0128,0.0018,0.0072,0.0401,,0.0208,0.0501,0.0217,0.044500000000000005,0.0582,0.0143,0.0070999999999999995,0.0062,0.0222,0.0195,0.0761,0.0587,0.045899999999999996,0.0951,0.0206,0.0504,0.0209,0.0146,0.0337,0.0493,-0.020099999999999996,-0.0125,0.0216,-0.027200000000000002,0.0026,-0.0152,0.0086,0.003,0.001,0.0229,0.0109,0.009399999999999999,0.0063,0.0463,0.0646,0.0102,0.0417
1964-08,0.0028000000000000004,-0.0116,0.0003,0.0007000000000000001,-0.0024,2.92,4.19,0.0018714153631313212,0.0034916666666666672,,0.039,-0.011200000000000002,-0.0233,-0.018600000000000002,0.0667,-0.061399999999999996,0.0149,-0.009000000000000001,-0.0147,-0.0092,,-0.009399999999999999,-0.0452,-0.0227,-0.0088,-0.019299999999999998,-0.0174,0.0151,-0.0008,-0.011899999999999999,-0.0079,0.027000000000000003,0.0194,0.055099999999999996,-0.0191,0.015700000000000002,0.022400000000000003,-0.001,-0.005,-0.0189,-0.0004,-0.015600000000000001,0.0361,0.0141,-0.0345,-0.019,0.008100000000000001,-0.0202,-0.0218,-0.058899999999999994,-0.0461,0.0059,-0.0358,-0.022099999999999998,-0.0329,-0.032,-0.0141,-0.0052
1964-09,0.0028000000000000004,0.0297,-0.0062,0.0172,-0.0039000000000000003,2.92,4.2,0.005936376018707662,0.0026815410148989943,,-0.0319,0.0235,0.0051,0.0165,-0.0197,0.0713,0.0259,0.016,0.0575,0.0383,,0.0308,0.0271,0.0535,0.0358,0.0438,-0.0011,0.0337,0.055099999999999996,0.06849999999999999,0.032,0.0409,0.047400000000000005,0.0542,0.035699999999999996,0.0452,0.17300000000000001,0.0924,0.0533,0.030299999999999997,0.018799999999999997,-0.0103,0.1069,0.0079,-0.0015,0.044800000000000006,0.0273,0.0739,0.0029,0.0447,0.024900000000000002,0.0349,0.037599999999999995,0.0217,0.0098,0.011200000000000002,0.037000000000000005,0.0375
1964-10,0.0029,0.0089,0.005,0.0108,0.0019,2.92,4.19,0.005104363537249516,0.004309736471786619,,0.0908,-0.0088,-0.0296,0.0241,-0.0206,0.0227,-0.0171,0.0254,-0.011399999999999999,0.0060999999999999995,,0.0089,0.030600000000000002,0.0092,0.012,0.07339999999999999,0.023,-0.0106,-0.0263,0.020499999999999997,0.0219,0.060599999999999994,-0.0002,-0.0076,0.0418,-0.011200000000000002,-0.019799999999999998,0.0064,0.0004,0.031200000000000002,0.0095,-0.0089,0.0894,0.0212,-0.0264,0.0259,0.022000000000000002,0.0239,0.036699999999999997,0.0414,0.0132,0.023,0.057699999999999994,-0.0217,-0.0189,0.006999999999999999,0.0089,-0.0007000000000000001
1964-11,0.0029,0.0028,0.0068000000000000005,-0.0204,0.011000000000000001,2.92,4.15,0.0002214874112186618,0.006732169273737527,,0.0348,0.009300000000000001,0.0254,-0.014199999999999999,-0.016399999999999998,-0.0265,-0.0060999999999999995,0.0182,0.009899999999999999,0.0288,,0.0434,0.0196,0.023399999999999997,-0.0096,0.0034999999999999996,-0.008100000000000001,0.013500000000000002,-0.049,0.028900000000000002,0.0137,0.0070999999999999995,-0.0252,0.005600000000000001,0.0012,0.0049,0.0493,-0.0076,0.0096,0.0259,0.0137,-0.0223,0.039599999999999996,-0.0184,-0.0158,0.0297,0.0086,-0.034300000000000004,-0.0212,-0.0327,0.0182,0.0332,0.0111,-0.0134,0.024300000000000002,-0.0254,-0.0163,0.0593
1964-12,0.0031,0.0035,-0.0027,-0.024300000000000002,-0.006999999999999999,2.92,4.18,0.002690263528213381,0.0010232781052627125,,-0.0223,0.0106,0.0192,-0.0019,-0.046799999999999994,-0.0105,-0.0178,0.0236,0.0067,-0.0039000000000000003,,0.05,0.0432,0.004699999999999999,-0.0001,0.0060999999999999995,-0.0102,-0.0078000000000000005,-0.0166,-0.041100000000000005,-0.0274,-0.0274,0.0223,0.0097,-0.0412,-0.0557,0.0842,-0.0344,0.0177,-0.0024,0.0049,0.031200000000000002,-0.046799999999999994,-0.012199999999999999,-0.0095,0.0124,0.0692,-0.0060999999999999995,-0.023700000000000002,-0.024300000000000002,0.005699999999999999,0.0012,-0.0032,-0.0102,0.005600000000000001,-0.0006,-0.0229,-0.0204
1965-01,0.0028000000000000004,0.0382,0.0253,0.0036,-0.0139,2.92,4.19,0.005127028456916144,0.002672818231375157,,0.114,0.0415,0.0889,0.12179999999999999,0.0537,0.092,0.0764,0.1009,0.06559999999999999,0.0733,,0.046,0.0797,0.056299999999999996,0.1027,0.0848,0.0547,0.0499,0.049100000000000005,0.0644,0.0415,0.0981,0.028999999999999998,0.03,0.026000000000000002,0.016399999999999998,-0.056600000000000004,0.11960000000000001,0.0374,0.0028000000000000004,0.039599999999999996,0.0025,0.10060000000000001,0.0604,0.0958,0.025,0.0799,0.0294,0.0909,0.0479,0.0556,0.0274,0.0947,0.0194,0.0258,0.062400000000000004,0.027999999999999997,0.1183
1965-02,0.003,0.0074,0.0332,0.0022,0.0024,2.92,4.21,0.0010612897113636485,0.0018714153631313212,,0.0325,0.0077,0.0373,0.0191,-0.0006,0.0702,0.0177,0.0076,0.0279,0.0645,,0.026600000000000002,0.024,0.0091,0.005,0.0206,0.032,0.050199999999999995,0.0298,0.1479,0.0555,0.051699999999999996,-0.0111,0.051,-0.005699999999999999,0.0931,0.0189,0.054299999999999994,-0.0051,-0.0345,0.0043,0.008,-0.022000000000000002,0.0421,0.026699999999999998,0.0096,0.0184,0.0072,-0.0064,0.0258,0.0305,0.013500000000000002,0.0304,0.0248,0.0102,0.0349,0.0016,0.0066
1965-03,0.0036,-0.0098,0.0181,0.0115,0.0017000000000000001,2.92,4.21,0.005134584509784099,0.0035083333333333334,,0.062400000000000004,-0.012199999999999999,-0.0288,0.0059,-0.009000000000000001,0.0443,0.0276,0.0125,-0.019,0.0084,,0.006999999999999999,-0.0108,-0.0301,0.0068000000000000005,0.0103,0.0032,-0.022400000000000003,0.0004,-0.0645,-0.0231,-0.0072,0.0179,0.006999999999999999,0.0279,0.0632,0.018000000000000002,-0.0118,-0.001,-0.031,-0.0052,-0.0168,0.0378,0.048499999999999995,-0.0091,0.0084,-0.0149,0.0104,0.0089,-0.0078000000000000005,0.0069,-0.0095,0.0034000000000000002,0.0005,0.0121,-0.0178,-0.0103,0.0383
1965-04,0.0031,0.0342,0.0111,0.0073,0.0253,2.92,4.2,0.002690263528213381,0.004317680895124739,,0.0128,0.0233,0.0527,0.0552,0.056100000000000004,0.0455,0.0282,0.0802,0.057800000000000004,0.0484,,0.0321,0.029500000000000002,0.019299999999999998,-0.0040999999999999995,0.0898,0.0276,0.0259,0.052000000000000005,0.0132,0.053,0.0512,0.0704,0.08220000000000001,0.0449,0.0262,-0.0182,0.054000000000000006,-0.0207,0.0091,0.0066,0.0233,0.0654,0.0176,0.0564,0.0418,0.054000000000000006,0.0403,0.0252,0.0109,0.057999999999999996,0.0702,0.031,0.0353,0.0235,0.0124,0.0232,0.0678
1965-05,0.0031,-0.004700000000000001,0.0005,-0.0155,0.005600000000000001,2.92,4.21,0.0018896382097504099,0.002690263528213381,,-0.0246,-0.0085,-0.0103,-0.0032,-0.0168,0.038900000000000004,-0.0115,0.0051,-0.0051,0.0078000000000000005,,0.0004,-0.0138,0.0052,-0.021,-0.0121,-0.0072,-0.0255,-0.0075,-0.06709999999999999,-0.0232,0.0083,-0.0406,0.015300000000000001,-0.0455,-0.013500000000000002,-0.050300000000000004,-0.0146,-0.024900000000000002,0.009300000000000001,-0.0097,0.0277,-0.0859,-0.0105,-0.0043,0.0274,0.0256,-0.0158,-0.0223,-0.0029,-0.009399999999999999,0.0034000000000000002,-0.0304,-0.0138,-0.041299999999999996,-0.0255,-0.022099999999999998,-0.021099999999999997
1965-06,0.0034999999999999996,-0.05159999999999999,-0.0407,0.0023,-0.0318,2.92,4.21,0.005950711652596516,0.0035083333333333334,,-0.1082,-0.0455,-0.0294,-0.045700000000000005,-0.0341,-0.0904,-0.1231,-0.0673,-0.0538,-0.09140000000000001,,-0.0666,-0.0518,-0.0576,-0.0931,-0.0793,-0.0711,-0.0731,-0.0687,-0.0536,-0.063,-0.0793,-0.07139999999999999,-0.06709999999999999,-0.0709,-0.1241,-0.0623,-0.1075,-0.06,-0.0196,-0.0366,-0.0418,-0.0626,-0.08130000000000001,-0.0567,-0.0525,-0.0815,-0.0775,-0.0409,-0.0696,-0.0944,-0.0613,-0.0673,-0.0604,-0.0525,-0.0781,-0.0336,-0.1343
1965-07,0.0031,0.017499999999999998,0.0086,0.0219,0.0409,2.92,4.2,0.001880527056426762,0.004317680895124739,,0.0757,0.0124,0.0060999999999999995,-0.0036,0.0174,0.0747,0.02,0.042300000000000004,0.044500000000000005,0.024300000000000002,,0.08710000000000001,0.0347,0.0005,0.0281,0.0297,0.0054,0.0183,0.031200000000000002,0.0115,0.0168,0.0466,0.015700000000000002,0.10279999999999999,0.0385,0.10060000000000001,0.08130000000000001,0.0764,0.0191,0.018600000000000002,0.0106,-0.0037,0.021,0.0342,0.037000000000000005,0.0259,0.0579,0.0028000000000000004,-0.0084,0.045,0.0545,-0.0184,0.013000000000000001,0.022799999999999997,-0.0004,0.0171,0.0045000000000000005,0.0311
1965-08,0.0033,0.030600000000000002,0.0285,-0.0098,0.025699999999999997,2.92,4.25,-0.0005281279411270831,-0.0005486823589332637,,0.0806,0.0154,0.0245,0.0378,0.09539999999999998,0.0895,0.0187,0.07919999999999999,0.065,0.0645,,0.08130000000000001,0.061,0.0154,0.0623,0.060700000000000004,0.024700000000000003,0.0713,0.0279,0.0696,0.0395,0.0655,0.0275,0.022799999999999997,0.0346,0.049,0.0202,0.0365,0.0326,0.0151,0.009300000000000001,0.013300000000000001,0.0708,0.03,0.050499999999999996,0.0779,0.0978,0.02,0.0358,0.0661,0.050499999999999996,0.021,0.052000000000000005,0.062400000000000004,0.0121,0.0298,0.0455,0.045899999999999996
1965-09,0.0031,0.0317,0.0063,-0.0014000000000000002,0.032799999999999996,2.92,4.29,-0.002897824738923959,0.000310488197842876,,0.0036,0.0026,0.0017000000000000001,-0.0032,-0.026600000000000002,0.1384,0.0621,0.024,0.058899999999999994,0.0206,,0.0882,0.0152,0.0397,0.029500000000000002,0.0504,0.0235,0.0441,0.0207,0.032799999999999996,0.0617,0.0519,0.048799999999999996,0.1247,0.0315,0.0506,-0.0528,0.0191,0.0031,0.044500000000000005,0.0139,0.011000000000000001,0.0617,0.0349,0.0404,0.0814,0.0812,0.015600000000000001,0.057999999999999996,0.031200000000000002,0.0742,-0.011699999999999999,0.0435,-0.0115,-0.0286,0.0622,0.013300000000000001,0.0151
1965-10,0.0031,0.0291,0.0252,0.0155,0.0344,2.92,4.35,-0.0011985862741828177,-0.0012624758474006738,,0.055999999999999994,0.0103,0.0042,0.0248,0.044199999999999996,0.138,0.058600000000000006,0.06559999999999999,0.0433,0.0449,,-0.0006,0.0362,0.0287,0.034300000000000004,0.0525,0.041100000000000005,0.1319,0.0527,0.0677,0.0542,0.056100000000000004,0.0637,0.0864,0.0414,0.0072,0.0187,0.049400000000000006,0.15560000000000002,0.0158,0.0105,-0.0227,0.0779,0.0348,0.0464,0.0687,0.0336,0.0098,0.045899999999999996,0.065,0.0353,0.0006,0.0526,-0.014499999999999999,-0.0003,0.0259,0.0336,0.0968
1965-11,0.0034999999999999996,0.0031999999999999997,0.046900000000000004,0.0016,0.0441,2.92,4.45,-0.0019363800157405644,-0.004414310456971382,,0.0291,-0.0034999999999999996,0.0268,0.009399999999999999,-0.046799999999999994,0.1346,0.0643,0.0784,0.0092,0.022000000000000002,,0.0454,0.037000000000000005,-0.0191,0.025699999999999997,0.0764,0.0028000000000000004,0.18489999999999998,-0.044000000000000004,0.0262,0.0554,0.0832,-0.0483,0.17420000000000002,0.0401,0.1182,-0.016200000000000003,0.0317,-0.008,0.0073,-0.0101,-0.0431,0.07429999999999999,0.023,0.0003,0.068,0.0737,-0.0103,0.052300000000000006,0.0709,0.057999999999999996,0.0111,0.0209,-0.009300000000000001,0.0167,0.0431,0.029500000000000002,0.0977
1965-12,0.0033,0.013399999999999999,0.0207,0.0215,-0.001,2.92,4.62,-0.009848786670309289,-0.009893267049209793,,0.1653,0.0009,0.0409,0.0263,-0.0102,0.018600000000000002,0.1047,0.04,0.044199999999999996,0.0206,,0.0313,0.038900000000000004,0.0236,0.0754,0.0171,0.0192,0.065,0.08109999999999999,0.027200000000000002,0.0192,-0.0032,0.0116,-0.038900000000000004,0.07200000000000001,-0.0504,0.0045000000000000005,0.1047,0.0069,0.0017000000000000001,-0.0033,-0.0085,0.10869999999999999,0.0687,-0.027999999999999997,-0.0009,0.0453,0.0271,0.011000000000000001,0.0179,0.0271,0.011699999999999999,0.039900000000000005,-0.0139,0.10439999999999999,0.0403,0.0124,0.0466
1966-01,0.0038,0.011,0.04019999999999999,0.0327,0.0525,2.92,4.61,0.0007050021930733062,0.004643631979353481,,0.0863,0.0034999999999999996,-0.009000000000000001,0.0124,0.028999999999999998,0.1408,0.011699999999999999,0.0191,0.0206,0.0434,,0.0575,0.024399999999999998,-0.0074,0.12960000000000002,0.0843,0.0345,0.07339999999999999,0.04190000000000001,-0.0446,0.0297,0.04,0.0037,0.1033,0.0338,0.028999999999999998,0.1315,0.1192,0.011200000000000002,0.0102,-0.0301,-0.0129,0.0103,0.0176,-0.008199999999999999,0.0424,0.0436,0.0687,0.022099999999999998,0.071,0.0692,-0.0516,0.030899999999999997,-0.0097,-0.0026,0.0484,0.018600000000000002,0.037000000000000005
1966-02,0.0034999999999999996,-0.0086,0.0444,0.0038,0.045899999999999996,2.92,4.83,-0.022194437509844102,-0.013626553549821632,,0.0745,-0.0028000000000000004,-0.037599999999999995,-0.0285,-0.023399999999999997,0.0864,0.0329,0.0191,-0.0068000000000000005,0.03,,0.0323,-0.0212,-0.0192,0.1242,0.0049,-0.0073,-0.0288,-0.0173,-0.058499999999999996,-0.0077,0.013000000000000001,-0.016200000000000003,-0.0014000000000000002,-0.024300000000000002,-0.0362,0.015,0.1084,-0.0002,-0.0356,-0.0418,0.004699999999999999,-0.0139,0.0067,0.059000000000000004,0.042699999999999995,0.057999999999999996,-0.0039000000000000003,-0.0045000000000000005,0.0336,0.0229,-0.0215,-0.013999999999999999,-0.038900000000000004,-0.0223,0.0547,-0.0147,0.0279
1966-03,0.0038,-0.021299999999999996,0.0086,-0.0213,0.0146,2.92,4.87,0.0283237256318186,0.0008819869973419143,,-0.040999999999999995,-0.0374,0.0344,-0.0416,-0.0338,0.05,-0.026099999999999998,0.0091,0.026000000000000002,-0.0336,,-0.0271,-0.0146,-0.0455,-0.0209,-0.0454,-0.0304,-0.023799999999999998,-0.022799999999999997,-0.049699999999999994,-0.0154,0.008,-0.0533,0.0022,-0.0554,-0.0355,-0.0194,-0.045899999999999996,0.0019,-0.0229,-0.0014000000000000002,-0.048499999999999995,0.031200000000000002,0.0021,0.0016,-0.030699999999999998,0.0011,-0.049100000000000005,-0.0242,-0.011899999999999999,-0.0279,-0.0229,0.0318,-0.044500000000000005,-0.0437,-0.0123,-0.0406,-0.0177
1966-04,0.0034000000000000002,0.0247,0.0344,-0.0036,0.0593,2.92,4.75,-0.0023969313157730645,0.013469518327095462,,0.0262,0.0023,-0.0545,0.0319,-0.010700000000000001,0.059800000000000006,0.0507,0.0559,0.0548,0.026099999999999998,,0.0509,-0.0064,0.0032,0.0464,0.0068000000000000005,0.0166,0.02,0.0173,0.0662,0.011399999999999999,0.0397,-0.0143,0.0437,0.0034000000000000002,0.1332,0.0123,0.034300000000000004,0.0092,0.032,0.0118,0.0127,0.08900000000000001,0.0027,0.0733,0.08439999999999999,0.06480000000000001,0.0115,0.079,0.0453,0.1216,0.0248,0.0691,-0.0174,0.0415,0.023799999999999998,0.0269,0.024399999999999998
1966-05,0.0040999999999999995,-0.0526,-0.046,-0.016,-0.0473,2.92,4.78,0.003204421480459458,0.0015921096244681863,,-0.1023,-0.0406,-0.0172,-0.0629,-0.039,-0.1429,-0.1195,-0.0432,-0.0587,-0.0794,,-0.0747,-0.049800000000000004,-0.046,-0.1592,-0.0859,-0.054900000000000004,-0.1383,-0.0795,-0.0956,-0.0584,-0.0874,-0.0695,-0.0843,-0.0375,-0.07730000000000001,0.1501,-0.1192,-0.0254,-0.0379,-0.0274,-0.029900000000000003,-0.1573,-0.10099999999999999,-0.0371,-0.0964,-0.11380000000000001,-0.0882,-0.0106,-0.0953,-0.096,-0.024900000000000002,-0.0438,-0.0128,-0.0579,-0.1007,-0.0415,-0.16079999999999997
1966-06,0.0038,-0.0106,0.0102,0.0049,0.032400000000000005,2.92,4.81,-0.009376820890908412,0.0016204768959517863,,0.057800000000000004,-0.026000000000000002,-0.0542,0.032799999999999996,-0.020099999999999996,-0.0622,0.0016,0.0229,0.0092,-0.019,,0.0677,0.0025,-0.0388,-0.0259,-0.0199,-0.0213,0.0005,-0.0085,0.039900000000000005,-0.0146,-0.0264,-0.0134,0.011000000000000001,0.0004,-0.009899999999999999,-0.031200000000000002,0.0054,-0.0852,-0.021400000000000002,-0.0179,0.004699999999999999,-0.0181,0.008199999999999999,-0.0048,0.0048,0.0026,-0.008,-0.0053,0.0334,0.01,-0.0265,0.0070999999999999995,-0.0165,-0.0125,0.0067,-0.0348,0.024
1966-07,0.0034999999999999996,-0.012799999999999999,-0.0034000000000000002,0.0091,-0.013000000000000001,2.92,5.02,-0.0021028428021554494,-0.012508139470917081,,0.045,-0.0154,0.0348,-0.0392,-0.0045000000000000005,-0.0429,0.0009,0.0024,-0.0239,-0.0172,,-0.0451,-0.0131,-0.0116,-0.0415,-0.052300000000000006,-0.013500000000000002,-0.0337,-0.0407,0.038,-0.0365,-0.052300000000000006,0.0043,-0.0795,-0.0287,-0.0644,0.0836,-0.0212,0.0333,0.0034999999999999996,-0.0018,-0.0116,-0.0654,-0.0337,-0.026600000000000002,-0.0037,0.0194,-0.0231,0.050300000000000004,-0.0217,-0.034300000000000004,-0.0183,-0.0281,-0.0236,0.0141,-0.0562,-0.0273,0.0028000000000000004
1966-08,0.0040999999999999995,-0.0753,-0.0327,0.0051,-0.022099999999999998,2.92,5.22,-0.019897903752763,-0.011391113310850763,,-0.1286,-0.062,-0.052000000000000005,-0.0693,-0.055,0.0004,-0.1259,-0.0867,-0.0828,-0.1081,,-0.0745,-0.08199999999999999,-0.0911,-0.1195,-0.09759999999999999,-0.102,-0.106,-0.0751,-0.10859999999999999,-0.07150000000000001,-0.0922,-0.079,-0.0751,-0.10369999999999999,-0.0729,-0.16620000000000001,-0.1235,0.0321,-0.0661,-0.0861,-0.045700000000000005,-0.12480000000000001,-0.09519999999999999,-0.0592,-0.057800000000000004,-0.079,-0.0489,-0.0623,-0.1351,-0.10830000000000001,-0.06,-0.1023,-0.0942,-0.0489,-0.1001,-0.1,-0.1534
1966-09,0.004,-0.0066,-0.009899999999999999,0.004699999999999999,-0.0187,2.97,5.18,0.03052314909488578,0.007435679020425074,,-0.0391,-0.013500000000000002,0.0021,-0.0344,0.0036,-0.1561,0.0124,0.0103,-0.0274,-0.0131,,-0.0225,-0.009899999999999999,-0.0725,-0.0154,-0.0692,-0.0236,-0.019799999999999998,-0.023,-0.0070999999999999995,-0.055999999999999994,-0.0002,0.009899999999999999,-0.0292,-0.0601,-0.051399999999999994,-0.0123,-0.032,0.0281,0.039599999999999996,0.0436,-0.005600000000000001,-0.023799999999999998,-0.0269,-0.0134,-0.0252,-0.0443,-0.0403,0.0137,-0.0232,-0.024,-0.0171,-0.0909,-0.0022,0.0542,-0.0025,-0.0254,-0.0717
1966-10,0.0045000000000000005,0.0431,-0.06559999999999999,0.0268,-0.052000000000000005,2.97,5.01,0.008076944994379357,0.017455495333908215,,0.0127,0.0821,0.0885,0.044000000000000004,0.0684,-0.1273,0.10529999999999999,-0.0141,0.0384,-0.025699999999999997,,0.045,0.0492,0.018799999999999997,-0.0083,-0.060899999999999996,0.013300000000000001,-0.0346,0.0678,-0.029300000000000003,0.028900000000000002,0.023399999999999997,-0.0015,-0.038,0.09230000000000001,-0.0118,-0.1108,0.0032,-0.0144,0.0858,0.09960000000000001,0.09179999999999999,0.0533,-0.023,0.0129,-0.0034000000000000002,-0.049400000000000006,0.042300000000000004,-0.0111,-0.006999999999999999,0.0111,-0.0147,-0.0395,0.1144,0.1341,-0.0004,0.0958,-0.0092
1966-11,0.004,0.0178,0.0416,-0.047400000000000005,0.0576,2.97,5.16,-0.007566788587374835,-0.007511351454550721,,0.13449999999999998,0.0127,0.055099999999999996,0.0676,-0.04,0.021099999999999997,0.0755,0.09720000000000001,0.0733,0.0405,,0.0604,0.0703,-0.0168,0.0795,-0.0252,0.0426,0.15,-0.003,0.0075,0.0138,0.0787,-0.0701,0.1891,-0.0591,0.07440000000000001,0.0678,0.1067,0.061500000000000006,-0.0126,-0.0137,-0.028399999999999998,0.02,0.0776,0.13449999999999998,0.0593,0.1444,0.0085,0.0141,0.1096,0.0819,0.003,0.0217,0.0384,0.014499999999999999,0.054400000000000004,0.0278,-0.0168
1966-12,0.004,0.0053,0.0199,-0.010700000000000001,0.009899999999999999,2.97,4.84,0.04146947607987765,0.02905520088885312,,-0.08,-0.0125,0.0231,0.032400000000000005,-0.0155,-0.0672,0.009300000000000001,0.034,-0.0125,-0.0074,,0.027999999999999997,-0.0059,0.0216,0.0248,0.025099999999999997,0.0212,0.0407,0.032799999999999996,0.1222,0.0073,-0.0268,-0.005,0.0179,0.0169,0.1433,0.0395,0.0179,0.0721,-0.0075,0.0209,0.0296,0.0377,0.030600000000000002,0.0032,0.0028000000000000004,0.0189,0.0060999999999999995,-0.0095,0.0068000000000000005,0.0144,-0.0479,0.0584,0.054000000000000006,0.0040999999999999995,-0.023,0.042699999999999995,0.0412
1967-01,0.0043,0.0858,0.0823,0.0222,-0.0694,2.97,4.58,0.01338118707283296,0.024453236943693966,,0.08460000000000001,0.0626,0.0658,0.09179999999999999,0.1643,0.2034,0.147,0.11349999999999999,0.0616,0.1142,,0.1226,0.056299999999999996,0.1186,0.1586,0.1303,0.1481,0.2032,0.1542,0.0542,0.1366,0.158,0.1355,0.1052,0.12990000000000002,0.026000000000000002,0.0828,0.13699999999999998,0.0703,0.0352,0.028399999999999998,0.062400000000000004,0.1637,0.1802,0.0796,0.13,0.1699,0.09849999999999999,0.0816,0.1249,0.1668,0.1152,0.1528,0.12179999999999999,0.013999999999999999,0.1336,0.0934,0.19879999999999998
1967-02,0.0036,0.011300000000000001,0.0333,-0.0225,0.0351,3.0,4.63,-0.012181814433196743,-0.00015906167408085087,,-0.0646,0.008100000000000001,0.047,0.037200000000000004,-0.0335,0.006,0.031,0.053099999999999994,0.044800000000000006,0.0341,,0.058600000000000006,0.0073,-0.0075,0.0944,0.038599999999999995,0.024399999999999998,0.04,-0.0345,0.0475,-0.0176,0.0501,-0.0115,0.028300000000000002,-0.0149,0.04019999999999999,-0.0036,-0.0183,0.031,-0.0015,-0.0173,0.0213,0.0574,0.003,0.0819,0.0278,0.054400000000000004,0.0028000000000000004,0.022099999999999998,-0.0128,0.1124,0.0256,0.058600000000000006,-0.023700000000000002,-0.0222,0.045599999999999995,0.0323,0.0285
1967-03,0.0039000000000000003,0.043800000000000006,0.0154,0.0040999999999999995,0.0139,3.0,4.54,0.021310384941130904,0.010997621220179759,,-0.048,0.0364,0.038,0.08310000000000001,0.049100000000000005,-0.0492,0.1101,0.0855,0.039900000000000005,0.0405,,0.0857,0.0774,0.0383,0.0362,0.0209,0.0836,0.1478,0.0519,0.1855,0.1117,0.0438,0.054000000000000006,0.071,0.07769999999999999,0.0167,0.0044,0.05,0.0983,0.0351,0.0154,0.0296,-0.006500000000000001,0.0466,0.055099999999999996,0.042699999999999995,0.0953,0.0653,0.0716,0.0425,0.042199999999999994,0.0194,0.15460000000000002,0.0115,-0.0395,0.0537,0.032,0.0674
1967-04,0.0032,0.042100000000000005,0.0043,-0.0227,0.0052,3.0,4.59,-0.018599197317966287,-0.00019998438294085942,,0.005699999999999999,0.0315,0.0738,0.0613,0.0348,0.1255,0.0637,0.0594,0.0466,0.0287,,0.0655,0.0412,0.0572,0.0584,0.0697,0.0393,0.0252,0.0323,0.1697,0.044800000000000006,0.0504,0.09480000000000001,0.0596,0.0048,-0.0077,0.0018,0.0675,0.057699999999999994,0.0163,0.018799999999999997,0.0022,0.1301,0.0639,0.0874,0.0629,0.0974,0.057800000000000004,-0.0144,0.0075,0.0242,0.09789999999999999,0.0895,0.0054,-0.0044,0.035,0.0022,0.0579
1967-05,0.0033,-0.039900000000000005,0.0209,0.0084,0.006500000000000001,3.0,4.85,0.0016204768959517863,-0.016838938204600275,,0.0138,-0.0196,-0.013600000000000001,-0.0538,-0.076,-0.107,0.0054,-0.0351,-0.0556,0.002,,-0.0388,-0.0553,-0.057,0.0126,-0.0217,-0.0557,-0.01,-0.0195,-0.1144,-0.0217,-0.0354,-0.06480000000000001,0.0083,-0.0013,-0.0004,0.13119999999999998,-0.0048,-0.005,-0.0248,-0.0412,-0.056600000000000004,0.0088,-0.0202,-0.038,-0.0682,-0.0197,-0.052000000000000005,-0.0101,-0.021400000000000002,0.0356,-0.054000000000000006,0.015600000000000001,-0.060899999999999996,-0.0195,0.1291,-0.0206,0.016399999999999998
1967-06,0.0027,0.0269,0.0588,0.0078000000000000005,0.0601,3.0,5.02,-0.028238113570203217,-0.009303483300877026,,0.0833,0.0254,0.08199999999999999,0.042699999999999995,0.0665,0.08869999999999999,0.141,-0.0626,0.0154,0.048600000000000004,,0.0288,0.0584,-0.0027,0.1352,-0.0089,0.0417,0.0922,0.0147,0.0902,0.041100000000000005,0.0731,0.0089,0.1097,0.0611,0.0553,0.0452,0.059800000000000006,0.0662,0.022099999999999998,-0.0131,0.0273,0.1099,0.0492,0.0738,0.0384,0.052199999999999996,-0.0001,-0.0255,0.004699999999999999,0.0759,0.0337,0.13,0.010700000000000001,0.0217,0.0129,0.0719,-0.014199999999999999
1967-07,0.0032,0.049,0.0319,0.0278,-0.0108,3.0,5.16,0.008978518530637612,-0.006718779317595568,,0.1394,0.06849999999999999,0.0264,0.026600000000000002,0.0833,0.0775,0.0404,0.0467,0.0646,0.0499,,0.021099999999999997,0.0408,0.0416,0.0704,0.0833,0.0753,0.0349,0.0774,0.0245,0.059699999999999996,0.0849,0.0908,0.0447,0.0165,0.0808,0.044500000000000005,0.1545,0.032400000000000005,0.0698,0.0233,-0.0658,0.1466,0.053399999999999996,0.0325,0.048799999999999996,0.06559999999999999,0.0264,0.056100000000000004,0.0735,0.0546,0.0623,0.0171,0.10769999999999999,-0.0216,0.07919999999999999,0.0745,0.17010000000000003
1967-08,0.0031,-0.005900000000000001,0.0043,0.0143,-0.013300000000000001,3.07,5.28,-0.0042096003055432304,-0.004983200333319912,,-0.0842,-0.0016,-0.0555,0.0054,-0.0493,0.0025,0.0172,-0.0021,-0.0045000000000000005,0.0533,,0.0338,0.0019,-0.0033,0.005699999999999999,0.024700000000000003,0.0279,0.0431,0.0072,0.0183,0.0009,0.0275,-0.0067,-0.044500000000000005,-0.0155,-0.1001,-0.0649,-0.031,0.0049,-0.0152,-0.006500000000000001,-0.0124,-0.0588,0.0227,-0.0040999999999999995,-0.0121,-0.0438,0.0032,-0.023399999999999997,-0.024700000000000003,-0.0007000000000000001,0.004699999999999999,-0.0036,0.020099999999999996,0.0102,0.0,0.0321,0.006999999999999999
1967-09,0.0032,0.0342,0.0302,-0.0242,0.0239,3.07,5.3,0.001313227907886789,0.002861503161798417,,0.051699999999999996,0.025,0.0269,-0.0147,-0.0182,0.0548,0.0692,0.019,0.0336,0.0775,,0.0565,0.0242,0.056299999999999996,0.0866,0.1036,0.0317,0.06,0.0026,-0.0021,0.045,0.058600000000000006,0.0527,-0.0271,-0.014199999999999999,0.0431,0.044500000000000005,0.0683,0.0499,0.042300000000000004,-0.001,0.012199999999999999,0.10859999999999999,0.0719,0.1043,0.048,0.0643,0.009300000000000001,0.0449,-0.0382,0.08560000000000001,0.0178,0.0913,0.021400000000000002,0.013300000000000001,0.0315,0.043899999999999995,0.0347
1967-10,0.0039000000000000003,-0.0269,0.0147,-0.0329,0.0364,3.07,5.48,-0.02092448092549642,-0.009416812471391915,,-0.0235,-0.0425,-0.009399999999999999,-0.0321,0.0339,-0.022799999999999997,0.0444,-0.07519999999999999,0.0034999999999999996,0.0109,,-0.0088,-0.057699999999999994,-0.06509999999999999,-0.0098,-0.027999999999999997,-0.051399999999999994,-0.0524,-0.10039999999999999,-0.0984,-0.059800000000000006,-0.0288,-0.054900000000000004,-0.0412,-0.0325,-0.0898,-0.019299999999999998,-0.0729,-0.0021,-0.009899999999999999,-0.0537,-0.0349,0.0179,0.035699999999999996,0.077,0.0059,-0.0092,-0.0668,-0.0342,-0.0934,-0.004699999999999999,0.0058,0.0942,-0.050300000000000004,-0.0594,0.028999999999999998,-0.0277,-0.0116
1967-11,0.0036,0.0073,0.0017000000000000001,-0.017,0.012199999999999999,3.07,5.75,-0.0028640563717759167,-0.016009347923881558,,-0.0363,-0.0148,0.07429999999999999,-0.0079,-0.052000000000000005,-0.0526,-0.0207,0.0416,0.026600000000000002,0.0223,,0.022400000000000003,0.0116,-0.028399999999999998,-0.0217,-0.0077,-0.0222,0.0434,-0.0017000000000000001,0.044000000000000004,-0.0034999999999999996,0.0103,0.005600000000000001,0.028999999999999998,-0.0259,-0.0027,0.1015,0.0036,-0.0301,0.0084,0.0319,0.0008,0.054299999999999994,0.0022,0.0315,-0.0265,-0.0076,-0.021,0.0128,-0.0014000000000000002,0.0036,0.0062,0.0783,-0.023700000000000002,-0.030600000000000002,-0.026099999999999998,0.0108,-0.0564
1967-12,0.0033,0.0338,0.0565,-0.0059,0.0321,3.07,5.7,0.00779490837266144,0.00855438608586756,,0.0463,0.0432,-0.0171,-0.003,0.0712,0.0101,0.0801,-0.013300000000000001,0.0219,0.075,,0.0621,0.0084,0.059500000000000004,0.1168,0.018500000000000003,0.0562,0.11019999999999999,0.048,0.0308,0.0412,0.052199999999999996,0.0417,0.042199999999999994,0.0783,0.0044,0.11900000000000001,0.044800000000000006,0.0655,0.0302,0.0329,0.0012,0.15869999999999998,0.1378,0.024900000000000002,-0.0011,-0.0175,0.0867,0.0421,0.021099999999999997,0.11900000000000001,0.027200000000000002,0.0774,0.038,0.0579,0.1711,0.0816,0.0864
1968-01,0.004,-0.0363,0.039900000000000005,0.048499999999999995,-0.0449,3.07,5.53,0.01681873031836208,0.017573025963259676,,-0.047400000000000005,-0.0034999999999999996,-0.0231,-0.0089,0.008,-0.0443,-0.014199999999999999,-0.0315,-0.10339999999999999,0.0085,,-0.0565,-0.0676,-0.0487,0.0287,0.0242,0.0007000000000000001,-0.0004,-0.047599999999999996,-0.0385,-0.0332,-0.08900000000000001,-0.0438,-0.1208,-0.013300000000000001,-0.0223,0.0547,-0.0482,0.0172,-0.0095,0.0018,0.026699999999999998,-0.0125,-0.034300000000000004,-0.0882,-0.0799,-0.1184,-0.016,-0.051500000000000004,-0.0695,0.0187,0.0129,-0.0358,0.0556,0.0254,0.062,0.0040999999999999995,-0.0213
1968-02,0.0039000000000000003,-0.0335,-0.029500000000000002,0.0125,-0.0336,3.07,5.56,0.00309678366468657,0.0023274440907996245,,-0.1276,-0.027000000000000003,-0.0096,-0.0147,0.0116,-0.0183,-0.11779999999999999,-0.0496,-0.028300000000000002,-0.0557,,-0.0513,-0.0406,-0.0436,-0.10099999999999999,-0.020499999999999997,-0.0352,-0.08130000000000001,-0.042199999999999994,-0.0695,-0.0634,-0.0467,-0.0311,-0.036699999999999997,-0.042300000000000004,-0.057699999999999994,0.1953,-0.0441,-0.0698,-0.0262,-0.0149,-0.0242,-0.08650000000000001,-0.0712,-0.0298,-0.07519999999999999,-0.0703,-0.0555,-0.0326,-0.030899999999999997,-0.11199999999999999,0.0005,-0.0697,0.0085,-0.061200000000000004,-0.07980000000000001,-0.0438,-0.0745
1968-03,0.0038,0.0059,-0.0128,-0.0066,0.0319,3.07,5.74,-0.010551314664717228,-0.009032849864912183,,-0.0152,-0.011200000000000002,0.045899999999999996,0.0225,-0.0179,0.0471,0.057300000000000004,0.021,0.0349,0.0274,,0.0023,0.0008,-0.0053,-0.030299999999999997,-0.012,0.0044,-0.028399999999999998,-0.0069,-0.0002,-0.0086,-0.009300000000000001,-0.0032,0.0073,0.0206,0.0062,-0.1079,0.0134,0.0401,0.0069,-0.0394,-0.011200000000000002,-0.07440000000000001,0.0086,0.0559,0.0095,0.0695,0.021099999999999997,0.0152,-0.0207,-0.0137,0.0315,0.023399999999999997,0.0181,-0.0028000000000000004,0.0395,0.0019,-0.0171
1968-04,0.0043,0.0945,0.0567,-0.0111,0.0513,3.07,5.64,0.00630438849114069,0.01231227093165365,,0.073,0.10679999999999999,0.1038,0.0557,0.0555,0.147,0.2238,0.153,0.11130000000000001,0.1325,,0.0795,0.12710000000000002,0.0795,0.1943,0.1258,0.1523,0.13,0.0721,0.0959,0.1202,0.1484,0.1133,0.1058,0.1073,0.12210000000000001,0.0705,0.06570000000000001,0.07440000000000001,0.0562,0.0242,0.022099999999999998,0.2702,0.1618,0.1197,0.13269999999999998,0.12279999999999999,0.10710000000000001,0.1421,0.11259999999999999,0.16329999999999997,0.11800000000000001,0.18420000000000003,0.0981,0.0739,0.19690000000000002,0.1317,0.2069
1968-05,0.0045000000000000005,0.027299999999999998,0.06309999999999999,0.0079,0.0377,3.07,5.87,-0.00425139178465109,-0.012697329655084622,,0.0040999999999999995,0.0625,0.027000000000000003,0.038599999999999995,0.0051,0.060599999999999994,0.06480000000000001,0.0451,0.022400000000000003,0.0678,,0.0786,0.024700000000000003,-0.006999999999999999,0.0535,0.0541,0.049100000000000005,0.1623,0.0519,0.0361,0.0333,0.0178,0.0072,0.0038,0.0587,0.0637,0.0992,0.02,0.1101,0.0113,0.0044,-0.0073,0.1348,0.023399999999999997,0.0524,-0.0106,0.0616,0.0269,0.0745,0.0616,0.08560000000000001,0.0271,0.1371,0.0588,0.1418,0.0709,0.051699999999999996,0.0886
1968-06,0.0043,0.0113,-0.0018,0.006500000000000001,-0.021,3.07,5.72,0.02135497302515678,0.01611712455193288,,-0.006,0.0075,0.0129,0.0212,0.043,-0.059699999999999996,-0.031200000000000002,-0.0043,-0.0218,0.036699999999999997,,-0.0087,0.0288,0.0067,-0.0076,-0.0229,-0.0143,0.07429999999999999,0.0064,0.015,0.0046,-0.013300000000000001,0.0002,-0.0353,0.1023,-0.0447,-0.0286,0.0042,0.0048,0.018799999999999997,0.08449999999999999,0.0418,0.0489,0.0039000000000000003,-0.0168,-0.023,-0.0458,0.0527,-0.0129,0.0134,0.0103,0.0062,0.0044,0.08439999999999999,0.19079999999999997,0.0832,0.0337,-0.0070999999999999995
1968-07,0.0048,-0.0221,-0.0127,0.0533,-0.0088,3.07,5.5,0.02361014092943979,0.0213457396333218,,0.0039000000000000003,-0.035,-0.0558,0.006999999999999999,-0.0138,-0.0475,-0.030600000000000002,-0.0665,-0.0536,-0.0278,,-0.0441,-0.0406,-0.008199999999999999,-0.0555,-0.0403,0.006,-0.06509999999999999,-0.0661,-0.09720000000000001,-0.042699999999999995,-0.0371,-0.0241,-0.0683,-0.0471,-0.057300000000000004,-0.0842,-0.061900000000000004,-0.0202,0.0535,0.0018,-0.002,-0.045599999999999995,-0.049,-0.0492,-0.0719,-0.0444,0.0108,-0.045,-0.0467,-0.0834,-0.0501,-0.0658,0.0349,-0.053200000000000004,0.013600000000000001,-0.0129,-0.0252
1968-08,0.0042,0.0177,0.0239,0.0098,0.019299999999999998,3.07,5.42,0.0021957945614245735,0.010674234186843603,,-0.0096,0.011699999999999999,0.0463,0.07730000000000001,-0.0323,0.0235,0.083,0.0014000000000000002,0.021400000000000002,0.046799999999999994,,-0.011399999999999999,0.0104,0.0254,-0.0023,0.0861,0.08439999999999999,0.0326,0.015300000000000001,-0.02,0.0425,0.0158,0.0168,0.004,0.022099999999999998,0.1304,0.028999999999999998,-0.0348,-0.0148,0.013000000000000001,-0.0087,0.0129,0.0678,-0.0115,-0.006999999999999999,0.035,0.0302,0.0861,0.046900000000000004,0.0036,0.0017000000000000001,0.0233,0.06,0.0421,0.0621,0.0902,0.042,-0.0064
1968-09,0.0043,0.0448,0.0274,0.003,-0.0068000000000000005,3.07,5.46,-0.0008328486691744604,0.0014598007604717288,,0.0968,0.0564,-0.0102,0.050199999999999995,0.0571,0.1114,0.15410000000000001,0.049800000000000004,0.0192,0.0379,,-0.0045000000000000005,0.0109,0.0699,0.0621,0.0758,0.0475,0.07769999999999999,0.07780000000000001,0.015300000000000001,0.0526,0.044500000000000005,0.0681,0.018500000000000003,0.0542,0.111,0.0086,0.05,0.0704,0.0349,0.0026,0.0297,0.11720000000000001,0.0959,0.0137,0.057699999999999994,0.0785,0.0711,0.0194,0.1143,0.0855,0.0764,0.0801,0.077,0.2274,0.1349,0.0587,0.1591
1968-10,0.0044,0.0087,-0.0052,0.0282,-0.0144,3.07,5.58,-0.004565621870013394,-0.004603451131677656,,0.058899999999999994,0.0101,0.0087,-0.050300000000000004,0.015600000000000001,-0.0043,-0.0096,0.0253,0.0083,0.0184,,-0.0121,0.0018,0.0223,-0.009300000000000001,0.021099999999999997,-0.0195,-0.0212,0.0282,-0.0101,0.015,-0.0118,0.0388,-0.0181,0.004,-0.0277,-0.0177,-0.0078000000000000005,-0.049699999999999994,0.0265,0.0049,0.0317,0.0194,0.006999999999999999,-0.06860000000000001,-0.0118,0.0025,0.06709999999999999,0.0366,0.0005,0.0375,0.0033,0.0665,0.0273,-0.0116,0.0207,0.0437,-0.0415
1968-11,0.0042,0.058499999999999996,0.0233,-0.0095,0.0179,3.07,5.7,-0.008201885770192005,-0.004452291174614614,,0.06280000000000001,0.057,0.0501,0.052300000000000006,0.030600000000000002,0.0552,0.0827,0.008100000000000001,0.0697,0.0495,,0.113,0.07519999999999999,0.0467,0.040999999999999995,0.0512,0.06570000000000001,0.0512,0.0538,0.0437,0.048499999999999995,0.0519,-0.0209,0.0722,0.12029999999999999,0.16079999999999997,0.0974,0.0973,0.09380000000000001,0.056299999999999996,0.08810000000000001,0.053899999999999997,-0.028300000000000002,0.0814,0.09380000000000001,0.0666,0.1014,0.0431,0.0699,0.08039999999999999,0.1114,0.045899999999999996,0.09380000000000001,0.028300000000000002,0.0075,0.1334,0.09949999999999999,0.0658
1968-12,0.0043,-0.035,0.0338,0.0004,0.0032,3.07,6.03,-0.023740169227393238,-0.020141756281621705,,-0.0154,-0.0137,-0.027200000000000002,-0.005600000000000001,0.09119999999999999,-0.040999999999999995,-0.042800000000000005,-0.0483,-0.0698,-0.0124,,0.0361,-0.0192,-0.026000000000000002,0.0274,-0.0338,-0.015700000000000002,-0.046,0.009300000000000001,-0.0025,-0.0258,-0.0441,-0.04,-0.0327,0.0161,-0.0388,0.057300000000000004,0.021099999999999997,0.0016,-0.0256,-0.0292,-0.0667,-0.0239,-0.046900000000000004,-0.0621,-0.0394,-0.0358,-0.009300000000000001,-0.0431,-0.0403,-0.0125,-0.049699999999999994,0.0143,-0.0868,-0.0137,0.012,-0.0653,0.12210000000000001
1969-01,0.0053,-0.007200000000000001,-0.0062,0.0167,-0.0013,3.07,6.04,0.002918129000793791,0.004282156831955781,,0.0567,-0.0097,-0.0014000000000000002,-0.0045000000000000005,0.0365,-0.0326,-0.006999999999999999,-0.0552,0.0009,-0.0075,,-0.011399999999999999,-0.0004,-0.0174,-0.0478,-0.0431,-0.0155,-0.002,0.027200000000000002,-0.0271,-0.0055000000000000005,-0.0217,-0.012199999999999999,-0.028399999999999998,-0.0354,-0.0337,0.0113,-0.0404,0.0097,-0.011699999999999999,0.024399999999999998,0.011699999999999999,-0.0541,0.0313,-0.050300000000000004,-0.0484,-0.0118,-0.0073,-0.025699999999999997,0.027999999999999997,-0.0128,-0.006999999999999999,-0.011699999999999999,0.0044,-0.0353,0.015700000000000002,0.0026,0.1274
1969-02,0.0046,-0.054000000000000006,-0.039599999999999996,0.0088,-0.025,3.07,6.19,-3.34041631270144e-06,-0.00610416828725707,,-0.09359999999999999,-0.057699999999999994,-0.0499,-0.0504,-0.09570000000000001,-0.0712,-0.0761,-0.0629,-0.04650000000000001,-0.0981,,-0.0282,-0.0565,-0.0554,-0.0987,-0.07980000000000001,-0.053399999999999996,-0.1258,-0.08439999999999999,-0.07150000000000001,-0.0629,-0.039599999999999996,-0.027200000000000002,-0.0729,-0.086,-0.0894,-0.052000000000000005,-0.0761,-0.0728,-0.0493,-0.052199999999999996,-0.0334,-0.0681,-0.1056,-0.016399999999999998,-0.0709,-0.0746,-0.0349,-0.0496,-0.08130000000000001,-0.1359,-0.0288,-0.1176,-0.0719,-0.0962,-0.128,-0.0911,-0.168
1969-03,0.0046,0.031200000000000002,-0.0026,-0.0043,0.0406,3.25,6.3,0.0022766218787876806,-0.0029528682732532776,,0.061200000000000004,-0.0007000000000000001,0.0392,0.0169,-0.0172,0.0388,-0.042800000000000005,0.0397,0.022000000000000002,0.0075,,0.0799,0.023700000000000002,0.0014000000000000002,-0.0024,-0.0319,0.044000000000000004,0.0524,0.0288,0.0019,0.032400000000000005,0.035699999999999996,0.0492,-0.019,0.0342,0.034,0.0288,-0.023,-0.058899999999999994,0.0747,-0.0129,-0.0042,-0.0664,0.037599999999999995,0.0733,0.016200000000000003,0.0334,0.10369999999999999,0.0666,-0.028900000000000002,0.030600000000000002,0.0559,0.0273,0.04190000000000001,-0.073,0.0915,0.0458,0.0183
1969-04,0.0053,0.0199,-0.008199999999999999,0.0003,0.011000000000000001,3.35,6.17,0.0125866149446863,0.014787599428092203,,-0.04650000000000001,0.024,0.0183,0.011399999999999999,-0.019799999999999998,0.0675,0.044000000000000004,-0.0016,0.050300000000000004,-0.0146,,0.046900000000000004,0.050499999999999996,-0.012199999999999999,-0.0077,-0.0017000000000000001,0.024700000000000003,0.0126,0.0062,-0.058899999999999994,-0.0052,-0.0085,-0.0019,-0.0331,-0.0681,0.0059,0.0327,0.0033,-0.1059,-0.0028000000000000004,0.0134,0.0768,-0.0644,0.0255,0.0484,0.0252,-0.0046,0.056299999999999996,0.0189,-0.0143,0.048499999999999995,0.0385,0.0755,0.0383,0.0233,0.1343,0.004,-0.0332
1969-05,0.0048,0.0039,-0.0031,0.0062,0.0177,3.35,6.32,-0.02136686681000993,-0.00592925415110868,,-0.0246,0.0151,0.023,0.0296,0.0171,-0.0265,-0.052199999999999996,0.0206,0.0016,-0.0179,,0.0166,0.0168,-0.0051,0.0207,0.0085,-0.0072,0.0060999999999999995,-0.0274,-0.0338,-0.0064,-0.0098,0.0088,-0.0823,0.0161,-0.0268,0.0369,0.011399999999999999,0.004,0.0403,0.0002,0.010700000000000001,-0.077,-0.0115,-0.0226,-0.005600000000000001,0.029500000000000002,-0.032400000000000005,0.0268,-0.0216,-0.0582,0.0091,0.033,-0.04190000000000001,-0.0042,0.015,0.0024,0.027200000000000002
1969-06,0.0051,-0.0668,-0.0535,-0.0109,-0.023,3.35,6.57,-0.006857934932601063,-0.013058033532237265,,-0.08439999999999999,-0.058899999999999994,-0.06559999999999999,-0.08070000000000001,-0.055099999999999996,-0.1099,-0.1535,-0.113,-0.017,-0.086,,-0.0582,-0.0487,-0.07490000000000001,-0.1001,-0.1024,-0.11939999999999999,-0.1226,-0.1014,-0.1358,-0.08810000000000001,-0.056600000000000004,-0.0599,-0.0863,-0.11380000000000001,-0.1382,-0.1112,-0.134,-0.1035,-0.0993,-0.0574,-0.04,-0.0852,-0.1007,0.0403,-0.0889,-0.08560000000000001,-0.1335,-0.07150000000000001,-0.0805,-0.1707,-0.0424,-0.09949999999999999,-0.06849999999999999,-0.08960000000000001,-0.13849999999999998,-0.11109999999999999,-0.16269999999999998
1969-07,0.0053,-0.06470000000000001,-0.032400000000000005,0.0118,0.0181,3.35,6.72,0.010643989953626903,-0.005394683315540192,,-0.0833,-0.0692,-0.0353,-0.021099999999999997,-0.047400000000000005,-0.0788,-0.1002,-0.1107,-0.034300000000000004,-0.1193,-0.0184,0.0001,-0.0337,-0.042199999999999994,-0.11630000000000001,-0.061399999999999996,-0.068,-0.09519999999999999,-0.0653,-0.102,-0.0645,-0.0852,-0.0776,-0.1376,-0.0864,-0.09369999999999999,-0.2077,-0.0632,0.055999999999999994,-0.0973,-0.0298,-0.045,-0.10830000000000001,-0.0748,-0.0493,-0.0637,-0.0538,-0.0166,-0.0315,-0.1251,-0.1009,-0.08199999999999999,-0.0993,-0.0662,-0.1018,-0.13119999999999998,-0.0911,-0.1467
1969-08,0.005,0.0519,0.008100000000000001,-0.0375,0.021,3.35,6.69,-0.006718499635668848,0.007759120970614583,,0.042199999999999994,0.0452,0.0545,0.0662,0.0403,0.0642,0.11560000000000001,0.09789999999999999,0.04769999999999999,0.0233,0.1496,0.1366,0.0823,0.0329,0.052300000000000006,0.0416,0.08449999999999999,0.08689999999999999,0.0036,0.0359,0.029900000000000003,0.04769999999999999,0.0242,0.0509,0.096,-0.0018,0.1016,0.037200000000000004,0.0478,0.0664,-0.0129,0.0165,0.0212,0.0987,0.077,0.053099999999999994,0.053899999999999997,0.0533,0.060899999999999996,0.055999999999999994,0.0638,0.0821,0.0898,0.1276,0.0828,0.1506,0.0889,0.08380000000000001
1969-09,0.0062,-0.0235,0.0123,-0.0322,0.0241,3.35,7.16,-0.043004278044367406,-0.028297464236543935,,0.0159,-0.0058,0.053,-0.009300000000000001,0.0414,0.021400000000000002,0.0109,-0.0060999999999999995,-0.0052,-0.0255,0.0512,0.0203,0.0208,-0.0545,0.0066,-0.030299999999999997,-0.0355,-0.024300000000000002,-0.0103,-0.0351,-0.029900000000000003,-0.0183,-0.0053,-0.0542,0.0001,-0.027999999999999997,0.0508,0.0111,-0.0054,-0.0971,-0.0415,-0.04,0.035,0.0184,-0.0019,0.015600000000000001,0.023799999999999998,-0.0158,0.0123,-0.015600000000000001,0.002,-0.0073,-0.0134,-0.0294,0.0739,-0.0379,-0.025099999999999997,-0.0667
1969-10,0.006,0.0566,0.0392,-0.031200000000000002,-0.0436,3.35,7.1,0.045844795948129284,0.01019968805208234,,0.1697,0.0797,0.0684,0.1165,0.1241,0.0629,0.12990000000000002,0.0759,0.0641,0.0672,0.2218,0.0839,0.0902,0.045,0.0747,0.0678,0.0862,0.0968,0.0817,0.046,0.0472,0.1038,0.049800000000000004,0.061200000000000004,0.0591,0.09699999999999999,-0.1005,0.0471,0.1079,-0.0113,0.083,0.035,0.106,0.1148,0.0424,0.08470000000000001,0.10460000000000001,0.0858,0.0351,0.049400000000000006,0.1097,0.0626,0.09029999999999999,0.1075,0.0571,0.0454,0.1032,0.0371
1969-11,0.0052,-0.032799999999999996,-0.0255,-0.0125,0.0368,3.35,7.14,-0.019156022792584416,0.0030870031105866545,,-0.0189,-0.0067,-0.0492,-0.0285,0.0074,-0.0839,-0.0327,-0.0397,-0.0242,-0.0291,-0.0335,0.015700000000000002,0.0003,-0.0458,-0.0603,-0.042300000000000004,-0.031200000000000002,-0.0975,-0.0458,-0.0443,-0.0329,-0.0354,-0.0417,-0.09119999999999999,-0.0509,-0.0781,-0.0317,0.0087,0.0352,-0.0461,-0.0528,0.0116,-0.044800000000000006,-0.029900000000000003,-0.0084,-0.039599999999999996,-0.0458,-0.0129,-0.019799999999999998,-0.0801,-0.061399999999999996,-0.0407,-0.019,-0.08990000000000001,-0.049100000000000005,-0.062400000000000004,-0.0592,-0.0225
1969-12,0.0064,-0.0199,-0.0368,-0.0288,0.0527,3.35,7.65,-0.03530679399949614,-0.03006314793674997,,-0.0012,-0.02,0.0381,-0.0063,-0.020099999999999996,-0.0641,-0.0327,-0.032799999999999996,0.009399999999999999,-0.0637,0.0663,0.07769999999999999,0.034,-0.0365,-0.0591,-0.0556,-0.0285,-0.08070000000000001,-0.0129,0.12050000000000001,-0.0282,-0.0282,-0.0318,-0.0637,-0.0384,-0.0377,-0.1014,-0.024900000000000002,0.051100000000000007,-0.030699999999999998,-0.0063,-0.055099999999999996,0.0148,-0.0032,0.0029,-0.0388,0.018000000000000002,-0.034300000000000004,-0.026600000000000002,-0.0802,-0.039900000000000005,-0.0281,-0.0434,-0.0072,-0.0286,-0.0432,-0.0311,-0.139
1970-01,0.006,-0.075,0.0291,0.0317,0.005600000000000001,3.35,7.79,0.015447498137951127,-0.0032873630969022074,,0.0101,-0.0277,-0.0279,-0.013600000000000001,-0.0699,-0.0802,-0.056299999999999996,-0.114,-0.069,-0.048,-0.046900000000000004,-0.11019999999999999,-0.061,-0.0677,-0.023799999999999998,-0.046799999999999994,-0.0897,-0.121,-0.057,-0.041299999999999996,-0.065,-0.0621,-0.08789999999999999,-0.1353,-0.0332,-0.0949,0.014499999999999999,-0.025,-0.0017000000000000001,-0.1158,-0.0424,-0.025699999999999997,-0.2486,-0.09119999999999999,-0.0888,-0.10300000000000001,-0.0745,-0.0946,-0.08470000000000001,-0.0782,-0.0797,-0.058899999999999994,-0.1192,-0.07519999999999999,-0.08960000000000001,-0.11359999999999999,-0.107,-0.051100000000000007
1970-02,0.0062,0.05759999999999999,-0.0239,0.0369,0.0027,3.35,7.24,0.06486183671172775,0.04421496834504848,,0.0993,0.0601,0.0388,0.0687,0.0028000000000000004,0.0604,0.08220000000000001,0.0052,0.0027,0.0269,-0.23329999999999998,0.0601,0.0576,0.0378,0.036699999999999997,0.0507,0.0956,-0.0003,0.10779999999999999,0.041299999999999996,0.0642,0.0843,0.0742,0.042300000000000004,0.1092,0.059699999999999996,-0.008,0.0756,0.16820000000000002,0.0524,0.08380000000000001,0.0797,-0.0256,0.0318,0.018600000000000002,0.06509999999999999,0.018600000000000002,0.1041,0.0681,0.10490000000000001,0.0382,0.0605,0.0537,0.1555,0.10490000000000001,0.0151,0.0911,-0.0526
1970-03,0.005699999999999999,-0.004900000000000001,-0.0231,0.0408,-0.0037,3.35,7.07,-0.00709922665995111,0.017983749705861987,,-0.13390000000000002,-0.005600000000000001,-0.011000000000000001,-0.0062,0.014199999999999999,-0.0282,-0.0258,-0.027000000000000003,-0.0096,-0.005699999999999999,-0.0131,-0.0639,-0.0478,0.0083,-0.0075,0.011200000000000002,-0.012,0.0044,0.008,0.009000000000000001,0.0262,0.0233,0.0458,-0.0277,0.0012,-0.0417,-0.011200000000000002,-0.0151,-0.032799999999999996,-0.004,0.0291,0.0229,-0.1103,-0.0446,-0.0158,-0.0431,-0.0784,0.0431,-0.0232,-0.0318,-0.0562,-0.0092,-0.0757,-0.012199999999999999,-0.0022,-0.0101,-0.005699999999999999,0.0007000000000000001
1970-04,0.005,-0.1049,-0.061399999999999996,0.061399999999999996,-0.0083,3.35,7.39,-0.04649607249870558,-0.016776330973362584,,-0.1769,-0.10550000000000001,-0.0867,-0.094,-0.0281,-0.19879999999999998,-0.215,-0.1505,-0.07919999999999999,-0.1414,-0.4107,-0.1144,-0.09570000000000001,-0.042800000000000005,-0.1518,-0.07719999999999999,-0.10210000000000001,-0.1714,-0.0943,-0.24170000000000003,-0.109,-0.08380000000000001,-0.0919,-0.16010000000000002,-0.0689,-0.1103,-0.1355,-0.1422,-0.147,-0.0909,-0.08070000000000001,-0.08789999999999999,-0.243,-0.2125,-0.1321,-0.1791,-0.1335,-0.0674,-0.10779999999999999,-0.12,-0.2066,-0.1001,-0.1841,-0.1093,-0.15289999999999998,-0.1865,-0.12480000000000001,-0.2869
1970-05,0.0053,-0.0637,-0.0461,0.0332,-0.026600000000000002,3.35,7.91,-0.002387864811016738,-0.030150323475646796,,-0.09880000000000001,-0.0863,-0.0365,-0.060899999999999996,0.0355,-0.0791,-0.1323,-0.1759,-0.08220000000000001,-0.10300000000000001,-0.29059999999999997,-0.08109999999999999,-0.076,-0.0282,-0.1324,-0.1012,-0.09230000000000001,-0.11,-0.094,-0.09949999999999999,-0.0947,-0.08539999999999999,-0.0525,-0.0832,-0.10060000000000001,-0.08470000000000001,-0.0768,-0.0144,0.0587,0.0264,-0.0535,-0.0371,-0.16079999999999997,-0.1012,-0.0786,-0.1286,-0.2228,-0.034300000000000004,-0.1039,-0.0689,-0.12050000000000001,-0.09390000000000001,-0.1209,-0.0649,-0.0874,-0.1517,-0.0944,-0.0546
1970-06,0.0058,-0.052199999999999996,-0.0208,0.0044,0.056299999999999996,3.35,7.84,0.025012622794816544,0.011367291008687042,,-0.008199999999999999,-0.0017000000000000001,-0.0159,-0.0265,0.0666,-0.1167,-0.0536,-0.09369999999999999,-0.0504,-0.069,-0.045700000000000005,-0.042199999999999994,0.0040999999999999995,-0.015600000000000001,-0.0711,-0.025699999999999997,-0.052300000000000006,-0.1336,-0.0649,-0.1198,-0.0447,0.0083,-0.0344,-0.1229,-0.0489,-0.10859999999999999,0.07980000000000001,-0.0302,-0.030299999999999997,-0.0241,-0.0471,-0.0849,-0.1782,-0.07919999999999999,-0.11689999999999999,-0.1202,-0.1401,-0.0733,-0.0504,-0.1539,-0.064,-0.037000000000000005,-0.07150000000000001,0.0060999999999999995,-0.0354,-0.0326,-0.11220000000000001,-0.2257
1970-07,0.0052,0.0744,-0.0054,0.0088,-0.0311,3.31,7.46,0.027077380986346634,0.03253884097781712,,-0.008199999999999999,0.0558,0.0584,0.0676,0.035,0.1252,0.0053,0.13269999999999998,0.045899999999999996,0.083,-0.06280000000000001,0.018799999999999997,0.023,0.0852,0.0623,0.1063,0.1008,0.0687,0.0353,0.1265,0.0331,0.051500000000000004,0.08929999999999999,0.0441,0.0406,0.1478,0.1032,0.004699999999999999,0.0633,0.1284,0.08710000000000001,0.1026,0.12539999999999998,0.063,0.008,0.0672,0.0446,0.08800000000000001,0.0667,0.0839,0.0436,0.11779999999999999,0.01,0.0665,0.1059,0.0967,0.1036,0.0016
1970-08,0.0053,0.0503,0.0148,0.0139,-0.0673,3.31,7.53,-0.0015341242973612602,0.0013442764722258619,,-0.0031,0.0037,-0.0171,-0.0271,0.0068000000000000005,0.11460000000000001,0.0323,0.06509999999999999,0.042300000000000004,0.0727,0.08960000000000001,0.022000000000000002,0.0167,0.0536,0.044800000000000006,0.0438,0.0384,0.0745,-0.0002,0.0941,0.0426,0.0254,0.09119999999999999,0.12240000000000001,0.0154,0.0722,0.1051,0.0305,-0.0294,0.0669,0.046900000000000004,0.024399999999999998,0.0288,0.0338,0.07139999999999999,0.1008,0.1334,0.068,0.078,0.08470000000000001,0.0662,0.0508,0.0693,0.064,0.016200000000000003,0.0414,0.056799999999999996,0.1445
1970-09,0.0054,0.0472,0.0863,-0.054400000000000004,-0.0864,3.31,7.39,0.020144092335768218,0.01598929521575465,,0.1445,0.0501,0.0404,0.0449,0.0052,0.0623,0.1918,0.073,0.0638,0.1199,0.3641,0.0823,0.07730000000000001,-0.013000000000000001,0.0756,0.0587,0.0681,0.16390000000000002,0.0418,0.1306,0.0781,0.0315,0.013600000000000001,0.0906,0.0877,0.0601,0.056799999999999996,0.0886,0.24100000000000002,0.029900000000000003,-0.0052,-0.0088,0.2073,0.1317,0.10529999999999999,0.0842,0.0975,0.0168,0.0016,0.0898,0.1637,0.0682,0.1609,-0.004,0.0873,0.14859999999999998,0.0857,0.0575
1970-10,0.0046,-0.0181,-0.0417,0.0023,0.0946,3.31,7.33,0.003269454644101968,0.010347793734369419,,-0.0358,-0.0002,0.0431,-0.0102,0.1035,-0.0435,-0.0375,-0.0291,-0.0016,-0.0369,-0.19329999999999997,0.012199999999999999,0.0006,-0.0405,-0.0722,-0.0192,-0.0345,-0.1164,-0.050499999999999996,-0.0917,-0.0327,0.0023,-0.0282,-0.1119,-0.047599999999999996,-0.08839999999999999,0.0218,-0.0663,0.0633,0.0292,-0.0083,-0.0375,-0.0647,-0.0504,-0.0159,-0.0942,-0.0455,-0.051500000000000004,-0.026000000000000002,-0.0496,-0.0759,-0.0089,-0.0395,-0.052300000000000006,-0.0999,-0.09390000000000001,-0.0739,-0.193
1970-11,0.0046,0.0508,-0.0397,0.015600000000000001,0.026000000000000002,3.31,6.84,0.06491897227868244,0.04041453938478697,,-0.018000000000000002,0.0529,0.0669,-0.0085,0.1009,0.0654,0.113,0.0377,0.048799999999999996,0.024700000000000003,0.002,0.0124,0.0355,0.046,-0.0008,0.0273,0.0191,0.014499999999999999,0.0194,0.0882,0.0313,0.0366,0.0842,0.0273,0.11699999999999999,0.1545,-0.0417,-0.0104,0.0888,0.049100000000000005,0.0941,0.0616,-0.0492,0.0279,0.0345,0.0661,0.0203,-0.005600000000000001,0.0137,0.0356,-0.0104,0.07769999999999999,0.0416,0.047,0.0605,0.0737,0.0709,-0.0882
1970-12,0.0042,0.0616,0.0282,0.010700000000000001,-0.0229,3.56,6.39,0.0046810334537020016,0.037910629491920644,,0.0092,0.0821,0.022799999999999997,0.042800000000000005,0.026699999999999998,0.052000000000000005,0.0275,0.1223,0.056799999999999996,0.1412,0.10060000000000001,0.0151,0.0623,0.0983,0.11349999999999999,0.1335,0.0926,0.1003,0.07490000000000001,0.0736,0.1234,0.0362,0.060599999999999994,0.0552,0.0592,0.051,-0.032400000000000005,0.0828,0.0559,0.022000000000000002,0.0718,0.06849999999999999,0.0506,0.048,0.0333,0.0863,0.030600000000000002,0.0842,0.10220000000000001,0.10529999999999999,0.111,0.048799999999999996,0.0693,0.08220000000000001,0.1276,0.0986,0.09050000000000001,0.1117
1971-01,0.0038,0.0521,0.0727,0.015700000000000002,-0.06849999999999999,3.56,6.24,0.03522232626788186,0.016284569174048018,,0.056600000000000004,0.0212,0.0407,0.0452,0.0574,0.1041,0.131,0.0506,0.051399999999999994,0.1272,0.048,0.1094,0.0351,0.0699,0.0687,0.0594,0.0576,0.1202,0.0426,0.1043,0.0791,0.0756,0.0202,0.22260000000000002,0.032799999999999996,0.2195,0.041299999999999996,0.0634,0.0337,0.0026,0.029300000000000003,0.0977,0.1017,0.08560000000000001,0.0377,0.0908,0.1052,0.0608,0.0349,0.1575,0.1394,0.0784,0.0782,0.0052,0.0895,0.08289999999999999,0.0751,0.1779
1971-02,0.0033,0.0174,0.018600000000000002,-0.0125,0.0083,3.56,6.11,0.0013710585653093957,0.014763936406839102,,0.0925,0.024,0.018000000000000002,0.0166,0.051100000000000007,0.0579,0.0602,0.0623,0.0169,0.0596,0.2784,0.0359,0.0059,0.0179,0.0377,0.06309999999999999,0.0037,0.0208,-0.0013,0.1249,0.0064,0.071,0.0006,0.0405,0.0388,0.0076,0.0771,0.022400000000000003,0.0375,0.048499999999999995,-0.026000000000000002,-0.0529,0.0786,0.0449,0.0349,0.0067,0.0192,0.0011,0.0384,0.0278,0.018799999999999997,0.035699999999999996,0.060700000000000004,0.0108,0.0359,0.0703,0.01,0.1245
1971-03,0.003,0.0442,0.026000000000000002,-0.04,-0.013600000000000001,3.56,5.7,0.05020068372197083,0.035435978984478964,,0.0124,0.0262,0.076,0.026600000000000002,0.096,0.09390000000000001,0.1472,0.045599999999999995,0.0635,0.0416,0.13269999999999998,0.08109999999999999,0.0242,0.0321,0.0559,-0.0043,0.0038,0.0674,0.04,0.0044,0.0395,0.0203,0.0246,0.025099999999999997,0.0684,-0.024900000000000002,0.0592,0.0668,0.0888,0.026600000000000002,0.0241,0.0070999999999999995,-0.0128,0.0849,0.0707,0.12380000000000001,0.042,-0.0033,0.0635,0.03,0.094,0.06269999999999999,0.1,0.1024,0.0431,0.0634,0.0613,0.0672
1971-04,0.0028000000000000004,0.0343,-0.0049,0.0089,0.0134,3.56,5.83,-0.03720796944645205,-0.005055843383669131,,0.0506,0.0105,0.0286,0.015,0.0172,0.08470000000000001,0.0366,0.0653,0.0384,0.0276,-0.0134,0.048799999999999996,0.0415,0.0643,0.0264,-0.0004,0.043,0.0533,0.0281,0.1547,0.0484,0.0891,0.0862,0.06509999999999999,0.0633,0.1206,0.0509,0.039599999999999996,0.028300000000000002,0.0434,-0.0355,0.008100000000000001,-0.0637,0.0279,0.013300000000000001,0.052300000000000006,0.0146,0.03,0.011399999999999999,0.1162,0.0179,0.0557,0.0279,-0.0212,0.07339999999999999,0.0383,0.0347,-0.0816
1971-05,0.0029,-0.037000000000000005,-0.0103,-0.013300000000000001,0.009300000000000001,3.56,6.39,-0.01716723897121843,-0.037127858055608545,,-0.07490000000000001,-0.0285,0.0187,-0.0143,-0.0775,-0.012199999999999999,0.0070999999999999995,-0.0583,-0.0105,-0.0394,-0.066,0.0062,-0.0279,-0.0083,-0.0625,-0.0358,-0.053099999999999994,-0.0178,-0.0369,-0.0308,-0.042699999999999995,-0.03,-0.0483,-0.040999999999999995,-0.0199,-0.0739,-0.0414,-0.0189,-0.0781,-0.0472,-0.0371,-0.0516,-0.059800000000000006,-0.047,-0.07,-0.046799999999999994,-0.0361,-0.0361,-0.026000000000000002,-0.0426,-0.0308,-0.020099999999999996,0.023,-0.07139999999999999,-0.0322,-0.0557,-0.0516,-0.1335
1971-06,0.0037,0.0028000000000000004,-0.015300000000000001,-0.019799999999999998,0.0269,3.56,6.52,-0.01807446900417103,-0.004173293284174951,,-0.0069,0.006999999999999999,0.018600000000000002,0.0078000000000000005,0.0006,0.0215,-0.013300000000000001,-0.0109,0.0337,-0.0178,-0.014499999999999999,0.0575,0.0101,-0.0027,-0.0196,-0.0649,-0.0248,-0.028399999999999998,-0.0473,0.009300000000000001,0.0015,0.0168,-0.015,-0.0197,0.013600000000000001,-0.0478,-0.031,-0.0111,0.054299999999999994,0.0098,0.0432,0.0104,0.009899999999999999,0.0076,-0.0292,-0.013300000000000001,0.002,-0.043,0.008,-0.022400000000000003,0.020499999999999997,-0.0011,0.0305,-0.0206,0.0207,0.031,0.0032,0.0002
1971-07,0.004,-0.040900000000000006,-0.0151,-0.0002,-0.0232,3.56,6.73,-0.005222105601470355,-0.00981902617323353,,-0.0696,-0.0031,-0.019299999999999998,-0.0313,0.0053,-0.10800000000000001,-0.0823,-0.0301,-0.0584,-0.06509999999999999,-0.1231,-0.030600000000000002,-0.018000000000000002,-0.0403,-0.0662,-0.0449,-0.027999999999999997,-0.096,-0.077,-0.0816,-0.045599999999999995,-0.0684,-0.0341,-0.0977,-0.0106,-0.0762,0.014499999999999999,-0.0575,-0.11199999999999999,-0.020099999999999996,-0.021400000000000002,-0.0361,-0.126,-0.0805,-0.09480000000000001,-0.0739,-0.0501,-0.0327,-0.041299999999999996,-0.0602,-0.059800000000000006,-0.0288,-0.0633,-0.0204,0.0043,-0.1013,-0.0217,-0.1655
1971-08,0.004699999999999999,0.0426,-0.0022,0.0264,0.0345,3.56,6.58,0.04648994758046798,0.016399026091105398,,-0.0126,-0.0015,0.0718,0.013500000000000002,0.024900000000000002,0.0947,0.0719,0.039900000000000005,0.0676,0.0647,0.048600000000000004,-0.0045000000000000005,0.0418,0.0793,0.0444,0.0767,0.0658,0.11410000000000001,0.08810000000000001,0.061799999999999994,0.0928,0.09210000000000002,0.0987,0.0355,0.09630000000000001,0.0335,-0.0643,-0.0281,0.04190000000000001,-0.0131,-0.0233,-0.0034000000000000002,0.0793,0.0292,0.066,0.0297,0.0689,0.0070999999999999995,0.0282,0.16269999999999998,0.0424,0.0629,0.0496,0.0564,0.0666,0.0788,0.07730000000000001,0.0191
1971-09,0.0037,-0.0049,0.005,-0.028999999999999998,0.021,3.56,6.14,0.025794738262150396,0.03735318305920169,-0.023255813953488413,-0.0408,-0.0012,0.0192,-0.0077,-0.0288,-0.0358,-0.0281,0.0189,0.0159,-0.0029,0.009899999999999999,0.0105,0.0055000000000000005,0.0009,0.0102,-0.004,0.0204,-0.0098,-0.0739,0.0131,-0.0128,0.0115,0.0021,-0.0005,-0.0086,0.0637,-0.0265,-0.026699999999999998,-0.08130000000000001,-0.015600000000000001,-0.0151,0.0023,0.0679,-0.0178,-0.0159,-0.0269,0.0254,-0.0366,-0.0026,-0.0048,-0.0032,0.0053,0.0066,0.015700000000000002,-0.024399999999999998,0.0635,-0.0149,-0.039599999999999996
1971-10,0.0037,-0.040499999999999994,-0.0175,-0.0051,0.005,3.56,5.93,0.014670358659296053,0.02063739384964023,0.023809523809523725,-0.0689,-0.041100000000000005,-0.013999999999999999,0.009899999999999999,-0.08800000000000001,-0.0678,-0.055999999999999994,-0.0337,-0.0421,-0.042699999999999995,-0.0858,-0.0191,-0.025099999999999997,-0.06709999999999999,-0.0015,-0.0861,-0.057800000000000004,-0.0756,-0.10220000000000001,-0.1247,-0.0821,-0.0666,-0.0588,-0.0603,-0.0727,-0.08130000000000001,-0.1868,-0.1223,-0.0962,-0.042800000000000005,0.020499999999999997,-0.0174,-0.042699999999999995,-0.053899999999999997,-0.0241,-0.08460000000000001,-0.0931,-0.0512,-0.0405,-0.019,-0.0358,-0.0354,-0.0253,0.0148,-0.0438,-0.062,-0.0418,-0.0013
1971-11,0.0037,-0.0008999999999999998,-0.0277,-0.0167,0.0151,3.56,5.81,0.0004014835125602115,0.013897105621337523,0.0,-0.031,0.0097,-0.0006,0.006999999999999999,0.0172,0.0018,0.0263,-0.0431,0.0171,-0.0196,-0.0676,0.0131,0.005600000000000001,-0.0143,-0.0418,-0.052000000000000005,-0.0378,-0.0579,-0.0252,-0.0602,-0.0218,-0.021099999999999997,-0.004,0.0031,-0.0695,-0.0111,0.0177,-0.0525,-0.0373,0.001,-0.012,0.0039000000000000003,0.0096,-0.0155,0.0217,0.032400000000000005,-0.07490000000000001,-0.0296,-0.0067,-0.0043,-0.0279,0.0036,0.0073,0.022099999999999998,0.0004,-0.0252,0.0179,-0.0256
1971-12,0.0037,0.0908,0.0329,-0.0038,-0.0060999999999999995,3.56,5.93,0.00792681298489032,-0.004163728692722575,0.0,0.09630000000000001,0.0738,0.12539999999999998,0.1336,0.0855,0.11789999999999999,0.1833,0.1332,0.0849,0.10710000000000001,0.1726,0.0728,0.0788,0.0689,0.12050000000000001,0.149,0.0837,0.09820000000000001,0.13949999999999999,0.1539,0.1265,0.11710000000000001,0.062,0.1322,0.12369999999999999,0.14679999999999999,0.0403,0.1378,0.16899999999999998,0.0875,0.08109999999999999,0.0737,0.1448,0.1353,0.10769999999999999,0.11599999999999999,0.1333,0.09029999999999999,0.0968,0.0984,0.1416,0.0975,0.1166,0.06280000000000001,0.0197,0.038599999999999995,0.086,0.1472
1972-01,0.0029,0.027600000000000003,0.0584,0.0212,0.0007000000000000001,3.56,5.95,-0.010045076525227691,0.0034490935075548136,0.06976744186046502,0.1422,0.0109,-0.0152,0.0286,0.0587,0.0727,0.1562,0.0039000000000000003,0.032,0.051500000000000004,0.0673,0.026600000000000002,0.025,0.0441,0.10769999999999999,0.0698,0.011399999999999999,0.068,0.0433,0.0208,0.0313,0.0239,0.028399999999999998,0.1892,-0.0349,0.1005,0.1567,0.0594,0.092,0.0004,-0.003,0.009399999999999999,0.0594,0.0545,0.0935,0.0703,0.0429,-0.0339,-0.0006,0.0633,0.0705,-0.0092,0.1093,0.0034000000000000002,-0.0098,0.0271,0.0233,0.17850000000000002
1972-02,0.0025,0.0312,0.0132,-0.028300000000000002,0.0253,3.56,6.08,0.008778941434690553,-0.004734415046523121,0.04347826086956519,0.0416,0.0349,0.0438,0.06480000000000001,0.0837,0.0736,0.0676,0.0667,0.0659,0.023700000000000002,0.105,0.0673,0.0716,0.0263,0.0659,0.019299999999999998,0.0315,0.0308,0.06849999999999999,0.0252,0.0373,0.031400000000000004,0.0013,0.0273,-0.0169,0.0022,0.030299999999999997,0.0765,-0.0361,0.0269,-0.025,0.0016,0.0262,0.0259,0.013000000000000001,0.0235,0.0692,0.038900000000000004,0.0555,0.0323,0.049,0.056299999999999996,0.069,-0.0079,-0.0028000000000000004,0.057800000000000004,0.0034999999999999996,0.0608
1972-03,0.0027,0.0089,-0.0029,-0.0161,0.0294,3.56,6.07,-0.0009066675309815581,0.005807796854596141,0.0,0.0684,-0.010700000000000001,0.0206,-0.0231,0.0301,0.0006,-0.0311,-0.0213,0.0414,-0.024,-0.023399999999999997,0.0472,-0.0052,0.0246,-0.0018,-0.0024,0.009899999999999999,0.0006,0.0026,-0.0012,0.0179,0.0329,0.0472,-0.0064,-0.0232,0.0151,0.0002,0.0027,-0.125,-0.0538,-0.0016,-0.0032,-0.1183,-0.013300000000000001,0.0208,-0.0315,0.0552,0.0292,0.024900000000000002,-0.002,0.0105,0.0218,0.0206,0.0584,0.058499999999999996,0.0453,0.04019999999999999,0.050300000000000004
1972-04,0.0029,0.0058,0.0016,0.0003,0.0279,3.56,6.19,0.003620472058710918,-0.0038393345108334908,0.02083333333333326,0.0379,0.0097,0.0414,0.0241,0.06280000000000001,-0.0062,0.0278,0.0333,0.023399999999999997,-0.0144,-0.0315,0.0269,0.0076,0.021400000000000002,0.0319,-0.016200000000000003,0.0202,0.0128,0.0018,0.0083,0.0406,0.061200000000000004,-0.026000000000000002,-0.0097,-0.0438,0.0579,-0.0264,0.003,0.042,-0.0077,-0.0282,-0.0105,-0.0545,-0.0066,0.0101,0.0012,0.0083,0.07490000000000001,-0.0175,0.0213,0.0322,-0.0127,0.020099999999999996,0.023799999999999998,0.054400000000000004,-0.017,0.013600000000000001,-0.1283
1972-05,0.003,0.0159,-0.0271,-0.027200000000000002,0.0333,3.56,6.13,0.011768406887941042,0.00958262511874425,0.12244897959183665,-0.0441,-0.0039000000000000003,0.0178,0.0496,0.027999999999999997,0.048799999999999996,0.0696,0.009899999999999999,0.04019999999999999,-0.0571,0.0092,0.0269,0.038,0.013500000000000002,0.0004,-0.0294,-0.030299999999999997,-0.0478,-0.0148,-0.0636,0.026600000000000002,0.019299999999999998,-0.0287,0.0254,-0.012,-0.0223,0.060700000000000004,0.0253,-0.08449999999999999,0.0381,-0.0018,0.011699999999999999,-0.0776,0.0111,0.0408,0.0178,0.0934,-0.0344,0.0414,0.0163,0.0115,0.014499999999999999,0.0507,-0.0239,-0.0268,0.0144,-0.01,-0.0353
1972-06,0.0029,-0.021400000000000002,0.0028000000000000004,-0.0246,0.019,3.56,6.11,-0.0023799061354724278,0.006587179320297262,0.1272727272727272,-0.0039000000000000003,-0.0197,-0.0039000000000000003,0.061200000000000004,-0.0075,-0.0334,0.0007000000000000001,-0.0315,-0.0102,-0.0356,-0.0805,0.0213,0.028300000000000002,-0.0392,-0.025,0.0066,-0.031,-0.047400000000000005,-0.0541,-0.0403,-0.0147,-0.0148,-0.0271,-0.0496,-0.019799999999999998,-0.11539999999999999,-0.013000000000000001,-0.0063,-0.1333,-0.0075,-0.0155,-0.0275,-0.0524,-0.0513,-0.016,-0.0567,-0.0149,-0.0454,-0.0097,-0.09699999999999999,-0.053200000000000004,-0.0444,-0.0091,-0.005,-0.08800000000000001,-0.0908,-0.0286,-0.08039999999999999
1972-07,0.0031,-0.0049,-0.028999999999999998,0.006,0.0268,3.56,6.11,0.007341225191309496,0.005091666666666667,0.06451612903225801,-0.0472,-0.0089,0.0526,-0.019299999999999998,-0.0525,-0.05,-0.021099999999999997,-0.0449,0.0098,-0.0405,-0.001,-0.0063,0.0426,-0.0032,-0.05,-0.0275,-0.0204,-0.060899999999999996,-0.0387,-0.0106,-0.0070999999999999995,-0.0406,-0.0111,0.0168,-0.0354,0.0641,0.034300000000000004,-0.0559,-0.1101,-0.0092,0.0004,0.0075,-0.07200000000000001,-0.0394,0.0216,-0.022799999999999997,-0.005600000000000001,-0.0131,0.0506,-0.0426,-0.05,-0.0206,-0.07690000000000001,0.0344,-0.0496,-0.121,-0.0192,-0.1075
1972-08,0.0029,0.0356,-0.039900000000000005,0.045599999999999995,-0.0536,3.56,6.21,-0.017092919119337056,-0.002309385118165609,0.015151515151515138,-0.009399999999999999,0.0189,-0.0060999999999999995,0.051500000000000004,-0.0273,-0.029500000000000002,-0.018000000000000002,-0.0003,-0.0079,-0.0011,0.0591,0.013300000000000001,0.0084,0.076,0.0245,-0.023,0.0087,0.013999999999999999,0.08439999999999999,0.0425,0.047599999999999996,0.0052,0.0432,0.0131,0.09300000000000001,0.07200000000000001,-0.0152,0.0452,0.1124,0.1249,0.059699999999999996,0.051500000000000004,-0.0316,0.0115,0.0276,0.0471,-0.0134,0.056799999999999996,-0.005600000000000001,0.0085,0.0209,-0.0060999999999999995,-0.0161,0.0766,0.0679,-0.0248,0.050300000000000004,0.0603
1972-09,0.0034000000000000002,-0.007999999999999998,-0.026600000000000002,0.0049,0.0182,3.56,6.55,-0.0034056099676418013,-0.019872917575305175,-0.02985074626865669,-0.0038,-0.0152,-0.0097,-0.004,-0.0757,-0.026099999999999998,-0.0337,-0.0204,0.0178,-0.0323,-0.0833,-0.0051,-0.0021,-0.045899999999999996,-0.014199999999999999,-0.035699999999999996,-0.0346,0.019799999999999998,-0.0394,-0.0816,-0.0116,-0.0213,-0.0111,-0.019799999999999998,-0.0316,-0.053,-0.06509999999999999,-0.019,-0.1531,-0.0009,0.002,0.0431,-0.0304,-0.0254,-0.0091,-0.0152,-0.0268,-0.0481,-0.0109,-0.0635,-0.0353,-0.0021,0.0059,0.011699999999999999,-0.0241,-0.0542,0.002,-0.0711
1972-10,0.004,0.0092,-0.0273,0.012199999999999999,0.006999999999999999,3.56,6.48,0.014883310292020906,0.010535487916233424,0.0,0.0489,0.023799999999999998,0.0118,-0.039,-0.010700000000000001,-0.019799999999999998,0.0286,-0.0333,0.0209,-0.0123,-0.0366,0.0063,0.0187,0.0011,-0.0421,0.009300000000000001,-0.0064,-0.0158,-0.0189,-0.0074,-0.0083,0.0246,-0.0362,-0.024900000000000002,0.0277,-0.0195,-0.034,0.0043,-0.049,0.0317,0.0677,0.023,-0.0794,-0.0217,-0.04650000000000001,0.006500000000000001,-0.0417,0.0507,0.021099999999999997,0.0288,-0.0074,0.0073,0.0354,0.0066,0.053399999999999996,-0.0706,0.0169,0.0034999999999999996
1972-11,0.0037,0.0497,-0.0118,0.048799999999999996,-0.0508,3.56,6.28,0.014831257585881337,0.01995265351559901,-0.03076923076923077,0.009300000000000001,0.0876,0.010700000000000001,0.0479,0.102,0.0653,0.0199,0.046799999999999994,0.0029,0.0999,-0.1315,-0.024,0.0021,0.0602,0.0245,0.09029999999999999,0.0823,0.0548,0.1336,0.0271,0.062400000000000004,0.0268,0.10210000000000001,0.0908,0.0253,0.0753,0.0259,0.0463,0.15710000000000002,0.0613,0.064,0.0706,0.127,0.0416,0.0116,0.0647,0.06280000000000001,0.0793,0.0379,0.0572,0.0395,0.0604,0.06269999999999999,-0.0076,0.0797,0.09849999999999999,0.08839999999999999,0.064
1972-12,0.0037,0.009899999999999999,-0.0195,-0.0218,0.0495,3.56,6.36,-0.004313033240760235,-0.0006413537891857687,0.015873015873015817,-0.0148,0.0165,0.0319,-0.008199999999999999,-0.0337,0.0183,0.1184,0.024,0.0443,-0.0297,0.0105,0.0349,0.038599999999999995,0.0097,-0.022799999999999997,-0.0106,-0.024,0.023,-0.0564,0.026600000000000002,-0.005699999999999999,0.0038,-0.0049,-0.037200000000000004,-0.0222,-0.039900000000000005,0.0394,0.0286,-0.0336,0.0111,-0.0154,0.014499999999999999,-0.0337,-0.0075,0.026000000000000002,-0.0058,0.059800000000000006,0.0281,0.0004,-0.038900000000000004,-0.0029,0.013999999999999999,0.0291,0.0125,-0.0421,-0.0509,-0.0044,-0.0040999999999999995
1973-01,0.0044,-0.0283,-0.0349,0.027000000000000003,0.0382,3.56,6.46,-0.0041479242525480015,-0.0020164375704678286,0.015625,0.0027,-0.0332,-0.022000000000000002,-0.0525,0.0014000000000000002,-0.1482,-0.1075,-0.0894,-0.0415,-0.06849999999999999,-0.2225,-0.042800000000000005,0.0001,-0.025699999999999997,0.0048,-0.0799,-0.0825,-0.0703,-0.0096,-0.08539999999999999,-0.0435,-0.057300000000000004,-0.058899999999999994,-0.0851,-0.0176,-0.0375,0.0814,0.0212,0.13849999999999998,0.0501,-0.042699999999999995,-0.0212,-0.1211,-0.0512,0.0584,-0.081,-0.0096,-0.056100000000000004,-0.030299999999999997,-0.1032,-0.0703,-0.0392,-0.046799999999999994,-0.053899999999999997,-0.0901,-0.09210000000000002,-0.08839999999999999,-0.059699999999999996
1973-02,0.0042,-0.04429999999999999,-0.038900000000000004,0.016399999999999998,0.0218,3.56,6.64,-0.0018063925323238044,-0.007726047593757628,0.1384615384615384,-0.0241,-0.0387,-0.0369,0.0194,-0.0126,-0.1335,-0.0949,-0.0513,-0.0085,-0.09720000000000001,-0.1252,-0.0525,0.0058,-0.0037,-0.0564,-0.0824,-0.0684,-0.12119999999999999,-0.0155,-0.0487,-0.0388,-0.061200000000000004,-0.065,-0.0587,-0.0046,-0.0604,0.0463,0.0508,-0.0009,-0.07440000000000001,-0.019799999999999998,-0.0464,-0.1114,-0.0791,-0.0167,-0.0596,-0.0669,-0.0518,-0.0392,-0.0617,-0.0633,-0.0579,-0.122,-0.059699999999999996,-0.0527,-0.1104,-0.0629,-0.08810000000000001
1973-03,0.0046,-0.008400000000000001,-0.0278,0.025699999999999997,0.0355,3.56,6.71,-0.0009676789671928081,0.00047699043292415665,0.1351351351351351,-0.0348,-0.020499999999999997,0.0034999999999999996,0.0078000000000000005,0.0102,-0.0424,-0.042199999999999994,-0.0167,-0.0137,-0.0461,-0.1593,-0.0019,0.0123,0.0073,-0.028999999999999998,0.0054,-0.0163,0.0083,0.036699999999999997,0.0331,-0.0407,-0.0002,-0.022000000000000002,-0.0151,-0.0132,0.028900000000000002,-0.005600000000000001,-0.015700000000000002,0.0064,0.031,-0.0215,0.0053,-0.0416,-0.0278,0.0024,-0.061200000000000004,-0.034,0.0268,0.0248,0.032799999999999996,-0.0601,-0.064,0.0111,-0.0002,-0.0019,-0.0294,-0.0066,-0.0394
1973-04,0.0052,-0.05159999999999999,-0.0384,0.053899999999999997,0.0635,3.56,6.67,0.007766471884887706,0.008471805398541365,0.08333333333333326,-0.06570000000000001,-0.0516,-0.019299999999999998,-0.0509,-0.0906,-0.1023,-0.0679,-0.1323,-0.0545,-0.0797,-0.1366,-0.0558,-0.0538,-0.0364,-0.07429999999999999,-0.0679,-0.03,-0.1016,-0.0115,-0.0553,-0.059699999999999996,-0.10060000000000001,-0.0313,-0.09210000000000002,0.0043,-0.0636,0.069,-0.0311,-0.0953,-0.0095,-0.006,0.0088,-0.13140000000000002,-0.0696,-0.0583,-0.0993,-0.0636,-0.0052,-0.0632,-0.0857,-0.0774,-0.079,-0.17329999999999998,-0.0608,-0.0692,-0.11380000000000001,-0.1065,-0.1611
1973-05,0.0051,-0.0246,-0.06269999999999999,0.0038,0.0718,3.56,6.85,-0.0109850063666991,-0.007425924456862599,0.1208791208791209,-0.0643,-0.0124,-0.001,-0.0053,-0.0192,-0.0637,-0.0546,-0.0219,-0.0042,-0.0713,-0.11789999999999999,-0.0332,0.0219,-0.0111,-0.0361,-0.056799999999999996,-0.0364,-0.0789,-0.0518,-0.062400000000000004,-0.030600000000000002,0.018000000000000002,-0.0601,-0.0645,0.0277,-0.0361,0.041100000000000005,-0.0395,-0.0206,-0.0356,0.0034999999999999996,-0.0084,-0.1869,-0.0814,-0.027999999999999997,-0.004,-0.0415,0.0097,0.0337,-0.1043,-0.0736,-0.0158,-0.0554,-0.0229,-0.0339,-0.1188,-0.0349,-0.2253
1973-06,0.0051,-0.010600000000000002,-0.028399999999999998,0.011399999999999999,0.0431,3.56,6.9,0.0050621240687432414,0.0021309987502512325,0.17647058823529416,0.046799999999999994,-0.0634,0.0149,-0.0124,0.0353,-0.087,-0.11699999999999999,-0.057699999999999994,0.013600000000000001,-0.1285,-0.1902,-0.0321,0.0087,-0.0155,-0.0451,-0.0525,-0.0274,-0.0026,-0.026699999999999998,-0.049,-0.0177,0.0333,-0.029300000000000003,-0.111,0.024,-0.0365,0.0163,0.0349,-0.1008,0.0168,-0.025,-0.0032,-0.0017000000000000001,-0.06559999999999999,0.009899999999999999,-0.0355,-0.020099999999999996,-0.008,0.0023,-0.0527,-0.0536,-0.0546,-0.0922,0.0383,0.0174,-0.0067,0.0169,0.055099999999999996
1973-07,0.0064,0.0568,0.07919999999999999,-0.0526,-0.1166,3.56,7.13,-0.0291317652429514,-0.01066845628771532,0.0,0.1607,0.0718,0.032,0.0542,0.0538,0.17149999999999999,0.13699999999999998,0.1131,0.0464,0.12710000000000002,0.2749,0.0832,0.0637,0.0721,0.1245,0.0944,0.1294,0.1674,0.0707,0.09140000000000001,0.1258,0.087,0.057999999999999996,0.152,0.1097,0.0728,0.0165,0.0924,-0.038599999999999995,0.0034000000000000002,-0.024,-0.0032,0.2359,0.1562,0.010700000000000001,0.1472,0.1637,0.1003,0.0326,0.07980000000000001,0.1603,0.0992,0.17420000000000002,0.08929999999999999,0.1103,0.111,0.07919999999999999,0.0759
1973-08,0.006999999999999999,-0.0312,-0.02,0.0103,0.0359,4.31,7.4,0.01873752382173158,-0.013132720120301915,-0.10833333333333328,0.0281,-0.0148,-0.0291,-0.0171,-0.0739,-0.005699999999999999,-0.036699999999999997,-0.0417,-0.044500000000000005,-0.0795,-0.10220000000000001,-0.0049,-0.0828,-0.0181,-0.0722,-0.047599999999999996,-0.0236,-0.011200000000000002,0.0111,0.0294,0.0225,-0.0526,-0.0326,-0.0471,-0.0194,0.024900000000000002,-0.0892,0.030600000000000002,-0.1096,-0.037599999999999995,-0.021,-0.038900000000000004,-0.07139999999999999,-0.0184,-0.037000000000000005,-0.0337,-0.054400000000000004,0.0928,0.0059,-0.0398,-0.0182,-0.0475,-0.014199999999999999,-0.01,-0.014199999999999999,-0.09050000000000001,-0.0334,-0.028399999999999998
1973-09,0.0068000000000000005,0.054200000000000005,0.029300000000000003,0.0222,-0.0698,4.31,7.09,0.030634395042613678,0.027802504548708598,-0.03738317757009346,0.1288,0.0775,0.0518,-0.009000000000000001,0.015300000000000001,0.11599999999999999,-0.0425,0.07690000000000001,-0.0108,0.1008,0.19519999999999998,0.0239,0.002,0.1035,0.1051,0.064,0.0906,0.13720000000000002,0.0987,0.0579,0.0892,0.09630000000000001,0.0737,0.069,0.1365,0.0365,0.0277,0.1223,0.2912,0.0908,0.0791,0.0764,0.0641,0.095,-0.0946,0.1305,0.1276,0.0509,0.0537,0.1229,0.0983,0.06709999999999999,0.08869999999999999,0.0681,0.0802,0.0751,0.075,0.0518
1973-10,0.006500000000000001,-0.0017999999999999995,-0.0021,0.0166,0.0678,4.31,6.79,0.019313072585504073,0.027140393975728018,-0.029126213592232997,-0.037200000000000004,-0.0203,-0.0271,0.0173,-0.0054,-0.0684,-0.07769999999999999,-0.0436,-0.0088,-0.0697,-0.0866,0.0147,0.0204,0.026000000000000002,-0.0862,0.015700000000000002,-0.0055000000000000005,0.0252,0.0741,0.09449999999999999,0.018600000000000002,-0.030899999999999997,-0.0703,-0.011399999999999999,0.018600000000000002,-0.0005,0.0843,0.0659,0.1162,0.0513,-0.0341,-0.0556,-0.092,-0.0319,0.0677,-0.030899999999999997,0.0463,0.0354,-0.0216,0.0013,-0.0014000000000000002,-0.0388,-0.0699,0.01,-0.049,-0.0958,-0.0197,-0.0063
1973-11,0.005600000000000001,-0.1222,-0.07719999999999999,0.0409,0.08779999999999999,4.31,6.73,0.007031736032603965,0.009962849035959963,-0.050000000000000044,-0.163,-0.1202,-0.1234,-0.1391,-0.08039999999999999,-0.22899999999999998,-0.3059,-0.1697,-0.12050000000000001,-0.252,-0.175,-0.0783,-0.0764,-0.1791,-0.18030000000000002,-0.2078,-0.16920000000000002,-0.1566,-0.1421,-0.045,-0.1356,-0.0984,-0.21539999999999998,-0.21109999999999998,-0.0231,-0.152,0.0672,-0.0753,-0.12050000000000001,-0.061799999999999994,-0.1164,-0.0433,-0.22390000000000002,-0.1702,-0.08070000000000001,-0.1832,-0.1967,-0.1152,-0.12869999999999998,-0.1462,-0.18469999999999998,-0.1725,-0.31679999999999997,-0.1376,-0.0759,-0.2351,-0.1292,-0.1329
1973-12,0.0064,0.0123,-0.054000000000000006,0.0401,0.1016,4.31,6.74,-0.009559505297179253,0.004888953816148509,0.12631578947368416,0.0418,-0.0048,-0.0256,0.0183,0.0225,-0.0625,0.011200000000000002,-0.042199999999999994,-0.0301,-0.0864,0.021099999999999997,-0.0262,-0.0499,0.0574,-0.031200000000000002,-0.07139999999999999,-0.0096,0.0432,0.105,0.0823,0.029900000000000003,-0.1073,-0.0356,-0.0809,0.1827,-0.0397,0.20199999999999999,0.0525,0.1036,0.0864,0.034300000000000004,0.0417,-0.0165,-0.0055000000000000005,-0.060700000000000004,-0.0017000000000000001,0.0088,0.1026,0.0013,0.0706,-0.0296,-0.008,0.0646,0.0183,0.0212,-0.0882,0.0282,0.0023
1974-01,0.0063,0.0047,0.0968,0.059500000000000004,-0.0891,10.11,6.99,-0.0013884592555284169,-0.012359639926615314,0.20560747663551404,0.0208,0.0629,-0.0542,-0.0084,0.031400000000000004,0.08869999999999999,0.0883,-0.0163,-0.0259,0.0975,-0.0194,-0.0353,-0.0232,0.0219,0.0975,0.1091,0.0581,0.0026,0.049,-0.0659,-0.029500000000000002,-0.0092,0.1159,0.10339999999999999,-0.0031,0.16519999999999999,0.1115,0.028900000000000002,0.0575,-0.0758,0.0455,0.0209,0.0665,0.014499999999999999,-0.0031,0.049400000000000006,0.0313,-0.0015,0.0068000000000000005,0.004699999999999999,0.053200000000000004,0.0782,0.008,0.0016,-0.015300000000000001,0.1467,0.0078000000000000005,0.0116
1974-02,0.0058,0.0011999999999999997,0.0,0.024700000000000003,0.0037,10.11,6.96,0.005122713168235799,0.007957825314481328,0.16279069767441867,0.1413,0.0148,-0.023799999999999998,-0.017,0.0195,-0.024900000000000002,-0.0031,-0.0434,-0.0341,0.0229,-0.0351,-0.0421,-0.0046,0.0196,-0.0302,0.0038,0.044500000000000005,0.02,0.0346,-0.0302,0.0055000000000000005,-0.018000000000000002,-0.0044,0.09029999999999999,-0.0199,0.08839999999999999,-0.0019,0.0241,0.0555,-0.0163,0.0029,0.0471,-0.0143,-0.0078000000000000005,-0.0124,0.018000000000000002,-0.0034999999999999996,0.009000000000000001,0.015600000000000001,0.07919999999999999,0.023,0.013600000000000001,-0.0507,0.016399999999999998,-0.0223,-0.0336,0.0125,-0.0108
1974-03,0.005600000000000001,-0.0226,0.025,-0.0014000000000000002,-0.01,10.11,7.21,-0.02257028427509171,-0.01199769703667428,0.1200000000000001,-0.0167,-0.0171,-0.0406,-0.0218,-0.059699999999999996,0.0504,0.0348,0.0582,-0.0025,-0.0161,-0.0253,0.051699999999999996,0.0031,0.014499999999999999,0.0147,0.028900000000000002,0.0023,-0.052000000000000005,-0.026600000000000002,-0.0761,-0.0483,-0.022000000000000002,-0.0003,-0.0461,-0.0793,-0.0374,0.0466,-0.0955,0.0461,-0.0332,-0.0366,-0.0458,0.023,-0.026699999999999998,-0.011699999999999999,-0.08449999999999999,0.0189,0.0223,-0.013999999999999999,-0.049,0.016,-0.0453,0.050300000000000004,-0.0441,-0.0453,0.0148,-0.039900000000000005,-0.0304
1974-04,0.0075,-0.0453,-0.0068000000000000005,0.0092,0.0206,10.11,7.51,-0.011265432909974376,-0.015109140501420388,0.023809523809523725,-0.0965,-0.0254,-0.041299999999999996,-0.0366,-0.0279,-0.0726,-0.0793,-0.0621,-0.0418,-0.047,-0.1258,-0.0196,-0.0126,0.0096,-0.050199999999999995,-0.0044,-0.044800000000000006,-0.0664,0.0017000000000000001,-0.0705,-0.045,-0.0403,-0.0226,-0.0014000000000000002,-0.1027,0.0159,-0.1226,-0.0639,0.0254,-0.0639,-0.1223,-0.053200000000000004,-0.0925,-0.09029999999999999,-0.030899999999999997,-0.042800000000000005,-0.05,0.0031,-0.025,-0.0392,-0.0195,-0.02,-0.0302,-0.0512,-0.09029999999999999,-0.1065,-0.068,-0.0535
1974-05,0.0075,-0.0395,-0.029300000000000003,-0.0208,-0.0029,10.11,7.58,0.016041387366022414,0.001396837924498697,-0.05232558139534882,-0.0689,-0.0495,-0.011399999999999999,-0.0452,0.0538,0.0226,-0.009300000000000001,-0.0149,0.0101,-0.07,-0.0875,0.0279,-0.0076,-0.0011,0.0022,-0.0689,-0.0823,-0.0897,-0.08929999999999999,-0.1244,-0.0418,-0.0602,0.023700000000000002,-0.0301,-0.13419999999999999,-0.024900000000000002,-0.0855,-0.0788,-0.0823,-0.075,-0.0493,-0.0155,-0.0816,-0.0913,-0.0524,-0.0134,-0.015,-0.0984,-0.014499999999999999,-0.0473,-0.038900000000000004,0.0216,-0.021,-0.10890000000000001,-0.0883,-0.1144,-0.1002,-0.0688
1974-06,0.006,-0.022399999999999996,-0.0024,0.0083,0.0232,10.11,7.54,-0.002063597539849269,0.0090859828426085,-0.05521472392638038,-0.1152,-0.0092,0.0258,-0.0326,-0.0049,-0.083,-0.026600000000000002,0.015600000000000001,-0.0051,-0.03,-0.0873,-0.0171,-0.0154,0.0040999999999999995,0.0002,-0.021,-0.048,-0.022099999999999998,0.0294,-0.016,-0.0077,-0.0803,-0.0345,-0.029900000000000003,0.0645,-0.0171,0.036000000000000004,0.021099999999999997,-0.0629,-0.0019,-0.0622,0.0027,-0.11,-0.03,-0.0131,-0.0702,-0.0431,-0.0075,0.022099999999999998,-0.013999999999999999,-0.042,-0.0208,-0.068,-0.10400000000000001,-0.040999999999999995,-0.1105,-0.0508,-0.0698
1974-07,0.006999999999999999,-0.0736,0.0078000000000000005,0.0516,0.03,10.11,7.81,-0.010895253005059193,-0.012443002164890735,-0.0714285714285714,-0.0063,-0.0907,-0.2003,-0.1127,-0.067,-0.131,-0.1298,-0.061,-0.1349,-0.0407,-0.0296,-0.1306,-0.145,-0.0429,-0.0601,-0.0264,-0.0546,-0.1234,0.0397,-0.0828,-0.0718,-0.0781,-0.10949999999999999,-0.0596,-0.0747,-0.0335,0.2116,0.0086,-0.08960000000000001,-0.0044,0.0074,-0.07629999999999999,-0.0416,-0.0726,-0.073,-0.11320000000000001,-0.1292,-0.0095,-0.0916,-0.0695,-0.037200000000000004,-0.1361,-0.1462,-0.0702,-0.1011,-0.0716,-0.060700000000000004,-0.07919999999999999
1974-08,0.006,-0.0879,-0.0069,0.026099999999999998,0.030299999999999997,10.11,8.04,-0.008447430233389678,-0.009252842379701108,0.08391608391608396,-0.0191,-0.1045,-0.1424,-0.17489999999999997,-0.028300000000000002,0.0183,-0.0564,-0.1246,-0.1197,-0.0504,-0.1233,-0.11710000000000001,-0.0708,-0.1103,-0.10869999999999999,-0.0732,-0.11320000000000001,-0.0281,-0.0809,-0.0993,-0.0967,-0.1042,-0.045599999999999995,-0.08449999999999999,-0.1363,0.019799999999999998,-0.0765,-0.1162,-0.0165,-0.08710000000000001,-0.08689999999999999,-0.0003,-0.0693,-0.1149,-0.0524,-0.037000000000000005,-0.0441,-0.09960000000000001,-0.0727,-0.0971,-0.098,-0.1401,-0.0783,-0.1153,-0.1266,-0.1426,-0.1151,-0.09179999999999999
1974-09,0.008100000000000001,-0.1098,0.0027,0.054299999999999994,0.0424,10.11,8.04,0.018254054516889176,0.0066999999999999985,-0.01935483870967747,-0.0908,-0.07150000000000001,-0.2644,-0.16620000000000001,-0.1201,-0.18600000000000003,-0.23,-0.0726,-0.1741,-0.09789999999999999,-0.0741,-0.1466,-0.1585,-0.1024,-0.13570000000000002,-0.07139999999999999,-0.1167,-0.12119999999999999,-0.0815,-0.1041,-0.1197,-0.12890000000000001,-0.095,-0.056100000000000004,-0.13849999999999998,-0.09609999999999999,-0.2615,-0.0723,-0.0608,-0.0801,-0.0132,-0.0381,-0.0898,-0.0722,-0.1751,-0.1539,-0.17989999999999998,-0.1582,-0.1496,-0.0907,-0.10710000000000001,-0.1128,-0.2155,-0.0907,-0.041299999999999996,-0.0546,-0.0694,-0.1161
1974-10,0.0051,0.1662,-0.034300000000000004,-0.09910000000000001,-0.0052,11.16,7.9,0.016836541861838198,0.01619640283936474,0.046052631578947345,0.204,0.1912,0.2378,0.0962,0.22390000000000002,0.0907,0.0992,0.0132,0.16699999999999998,0.0398,0.1371,0.21100000000000002,0.3185,0.1793,0.061200000000000004,0.0583,0.1364,0.2143,0.0973,0.17190000000000003,0.23079999999999998,0.17420000000000002,-0.0227,0.06849999999999999,0.188,0.0552,0.26530000000000004,0.1743,0.465,0.2051,0.13019999999999998,0.1085,0.21969999999999998,0.1485,0.16879999999999998,0.08199999999999999,0.1308,0.1398,0.20739999999999997,0.192,0.1728,0.0797,0.152,0.2498,0.2658,0.015,0.1632,0.2119
1974-11,0.0054,-0.0399,-0.011699999999999999,-0.0025,0.022000000000000002,11.16,7.68,0.016779839851679915,0.02159909878855157,0.14465408805031443,-0.021099999999999997,-0.0067,-0.1106,-0.04190000000000001,0.0092,-0.0405,-0.023,-0.0369,-0.0524,-0.1167,0.009300000000000001,-0.0421,-0.005699999999999999,-0.0998,0.0383,-0.13449999999999998,-0.042800000000000005,-0.0611,-0.0131,0.0281,-0.0344,-0.0718,-0.0639,-0.0018,-0.0060999999999999995,-0.031200000000000002,-0.0694,-0.015700000000000002,0.04019999999999999,-0.044000000000000004,-0.0015,-0.030699999999999998,-0.0088,-0.0533,-0.0504,-0.0329,-0.076,-0.0335,-0.1047,-0.0707,-0.045599999999999995,-0.0596,-0.0655,-0.0311,0.0006,-0.0908,-0.0216,-0.013500000000000002
1974-12,0.006999999999999999,-0.0274,-0.047400000000000005,0.0012,0.0298,11.16,7.43,0.022938109551523377,0.023631150821955608,0.01098901098901095,-0.0623,0.0152,-0.0043,-0.07440000000000001,0.0191,-0.1648,-0.004699999999999999,-0.031400000000000004,-0.0536,-0.029900000000000003,-0.07,-0.0466,-0.029900000000000003,-0.0373,-0.0891,-0.0236,-0.0547,-0.0977,-0.0383,-0.0338,-0.0384,-0.0443,-0.0024,-0.0509,-0.0882,-0.1066,-0.1487,-0.0487,0.0051,0.0086,-0.0083,0.015700000000000002,0.0258,-0.04019999999999999,-0.057699999999999994,-0.0383,-0.046,-0.049699999999999994,-0.0703,-0.057300000000000004,-0.0196,-0.027200000000000002,-0.1002,-0.044800000000000006,-0.008,-0.1242,-0.0175,-0.0613
1975-01,0.0058,0.1425,0.1106,0.08259999999999999,-0.1379,11.16,7.5,-0.0029064266387057083,0.0013127222174746994,-0.04347826086956519,0.0947,0.1745,0.2621,0.2582,0.0556,0.27699999999999997,0.36369999999999997,0.23309999999999997,0.17329999999999998,0.32549999999999996,0.3701,0.0512,-0.0231,0.1036,0.18969999999999998,0.1975,0.27940000000000004,0.1244,0.1773,0.1119,0.1183,0.19030000000000002,0.2256,0.1884,0.1449,0.20489999999999997,0.06480000000000001,0.1466,0.1827,0.0655,0.1883,0.1109,0.1518,0.2552,0.1264,0.23559999999999998,0.1748,0.149,0.06269999999999999,0.17559999999999998,0.17559999999999998,0.27140000000000003,0.2874,0.2216,0.1013,0.4535,0.1631,0.1564
1975-02,0.0043,0.059899999999999995,0.0012,-0.0447,-0.0058,11.16,7.39,0.011132147607877325,0.01389291231649488,0.022727272727272707,0.0248,0.0426,0.062,0.10769999999999999,-0.0333,0.0591,0.21760000000000002,0.1097,0.1152,-0.0009,0.2619,0.146,0.163,0.0895,0.0507,0.0311,0.033,0.08929999999999999,0.0161,0.10289999999999999,0.07769999999999999,0.1235,0.0058,0.0808,0.0688,0.0321,0.12179999999999999,0.0501,-0.0262,0.0236,0.0088,0.051500000000000004,0.079,0.053399999999999996,0.1471,0.06559999999999999,0.1986,0.053899999999999997,0.1134,0.0555,0.0641,0.0382,0.16440000000000002,-0.0204,0.0392,-0.0028000000000000004,0.0045000000000000005,0.0406
1975-03,0.0040999999999999995,0.0307,0.0375,0.0242,-0.0207,11.16,7.73,-0.03206639914679649,-0.017581942272538342,-0.011111111111111072,-0.0029,0.0268,0.142,0.0481,0.057800000000000004,0.1373,0.1655,0.1017,0.035,0.2255,0.0421,0.0026,0.0149,0.059699999999999996,0.1265,0.08710000000000001,0.0786,0.13119999999999998,0.11630000000000001,0.0294,0.057300000000000004,0.042300000000000004,0.06860000000000001,0.13369999999999999,-0.0097,-0.0066,0.056799999999999996,0.0956,0.1757,-0.0265,-0.013300000000000001,-0.0088,0.0321,0.044500000000000005,-0.0187,0.069,0.1069,0.0535,-0.0262,0.0405,0.0765,0.11019999999999999,0.14859999999999998,0.018600000000000002,0.030899999999999997,0.161,0.0227,0.0268
1975-04,0.0044,0.046599999999999996,-0.0064,-0.0113,0.0152,11.16,8.23,-0.01370146688960025,-0.027943941666589724,-0.0449438202247191,0.06849999999999999,0.0037,0.0378,-0.038599999999999995,0.0496,0.10679999999999999,0.06269999999999999,0.0761,0.067,0.0547,0.1325,0.0255,0.0006,0.16,0.08310000000000001,0.0929,0.038599999999999995,0.0737,0.09519999999999999,0.0011,0.062400000000000004,0.0848,0.0325,0.12050000000000001,0.0417,0.0605,-0.0499,0.127,0.22010000000000002,0.0698,-0.0163,-0.0096,0.0182,0.019799999999999998,0.0388,0.09359999999999999,0.1033,0.1199,0.1103,0.0444,0.0489,0.0088,0.1367,0.0191,-0.0254,-0.0951,0.0323,0.0446
1975-05,0.0044,0.056400000000000006,0.0393,-0.0405,-0.0058,11.16,8.06,0.02502267811675663,0.01829336336604804,-0.01764705882352946,0.0239,0.0605,0.091,0.0526,0.019799999999999998,0.0037,0.068,0.038,0.0233,0.021099999999999997,0.1437,0.039599999999999996,0.0702,0.0024,0.0821,0.0368,0.054400000000000004,0.053099999999999994,-0.0495,0.043899999999999995,0.049699999999999994,0.1265,0.0378,0.1182,0.0713,0.0335,0.0975,0.057800000000000004,0.2332,0.1184,0.08539999999999999,0.0355,0.0708,0.07200000000000001,0.0404,0.111,0.07,0.0321,0.0765,-0.0048,0.0332,0.0454,0.0203,0.0565,0.1104,0.0452,0.049,0.0564
1975-06,0.0040999999999999995,0.0528,0.008100000000000001,0.013500000000000002,-0.0005,11.16,7.86,0.012126515908208355,0.020270961884948504,-0.017964071856287456,0.107,0.0673,0.005699999999999999,0.0327,0.0487,0.0462,0.07150000000000001,0.0393,0.032400000000000005,0.10300000000000001,0.0166,0.021,0.0069,0.043899999999999995,0.024900000000000002,0.0672,0.043899999999999995,0.1366,0.061399999999999996,0.1412,0.0513,0.023399999999999997,0.0955,0.1016,0.0060999999999999995,0.1297,0.0572,0.0466,-0.031,0.0672,0.1074,0.0405,0.031200000000000002,0.0768,-0.005,0.0861,0.0542,0.022799999999999997,0.026000000000000002,0.0393,0.064,0.0776,0.0571,0.0761,0.0576,0.0857,0.0555,0.0576
1975-07,0.0048,-0.061200000000000004,0.026600000000000002,0.0176,0.0034999999999999996,11.16,8.06,-0.009703978323779519,-0.007124955445671889,0.0060975609756097615,-0.0365,-0.0407,-0.09570000000000001,-0.0452,-0.0664,-0.061,-0.0696,-0.056900000000000006,-0.0799,-0.0362,-0.0906,-0.0906,-0.1278,-0.044199999999999996,-0.046,-0.0346,-0.0462,-0.102,-0.0658,-0.0285,-0.046799999999999994,-0.064,0.0121,-0.0791,-0.0067,-0.0393,-0.0737,-0.0355,-0.0323,-0.042699999999999995,-0.048,-0.0421,-0.0229,-0.0701,-0.0973,-0.0859,-0.0973,-0.0296,-0.1013,-0.027000000000000003,-0.014499999999999999,-0.0818,-0.0849,-0.0672,-0.0866,-0.08810000000000001,-0.0711,-0.047599999999999996
1975-08,0.0048,-0.0236,-0.0317,-0.0091,-0.0016,11.16,8.4,0.005486255927016735,-0.016325635204412436,-0.012121212121212088,-0.0935,-0.009000000000000001,-0.0425,-0.0472,-0.0458,-0.045599999999999995,-0.0025,-0.0311,-0.0444,-0.058600000000000006,-0.0776,-0.0363,-0.0316,0.0182,-0.0087,-0.026600000000000002,-0.011899999999999999,-0.0268,0.0382,-0.0499,-0.0179,-0.0555,-0.0263,0.0083,-0.0907,-0.07690000000000001,-0.1366,-0.0767,-0.0378,-0.008100000000000001,-0.0123,-0.0354,-0.0441,-0.0501,-0.0165,-0.0361,-0.09949999999999999,0.0433,-0.0163,-0.0313,-0.032799999999999996,0.0053,-0.0388,-0.0824,-0.0574,-0.07429999999999999,-0.0452,-0.0472
1975-09,0.0053,-0.0373,-0.0016,0.0033,0.004,11.16,8.43,-0.010646576667096223,0.004997082503068785,-0.1165644171779141,-0.0487,-0.0167,-0.0576,-0.0567,0.015600000000000001,-0.0535,0.0043,-0.056600000000000004,-0.0408,0.016399999999999998,-0.0735,-0.0645,-0.0652,-0.08539999999999999,-0.0329,-0.0044,-0.0711,-0.04650000000000001,-0.0535,-0.0647,-0.0391,-0.0742,-0.011699999999999999,-0.032,-0.08349999999999999,-0.0626,-0.0762,-0.0277,0.0159,-0.012199999999999999,-0.0098,-0.0127,-0.0043,-0.0707,-0.003,-0.0215,0.0048,-0.0821,-0.056299999999999996,-0.0368,-0.035699999999999996,-0.0363,-0.031200000000000002,-0.10769999999999999,-0.0507,-0.10300000000000001,-0.0604,-0.061200000000000004
1975-10,0.005600000000000001,0.058800000000000005,-0.0408,0.0034999999999999996,-0.0022,11.16,8.14,0.04498882001012189,0.026361065891520385,-0.00694444444444442,0.1202,0.1283,0.1558,0.0089,0.0629,-0.0091,0.0202,0.0761,0.09449999999999999,0.1261,0.0404,0.11449999999999999,0.1061,0.0661,0.047400000000000005,0.08529999999999999,0.058499999999999996,-0.0264,-0.0282,-0.016399999999999998,0.0317,0.0048,0.0953,0.0253,-0.0281,0.0642,-0.0359,-0.0269,-0.1589,-0.0105,0.0655,0.0682,0.0361,0.0387,0.1063,0.0356,0.045,0.07519999999999999,0.1065,0.0487,0.0319,0.1061,0.11939999999999999,0.0353,0.067,-0.0276,0.0558,0.0412
1975-11,0.0040999999999999995,0.0306,-0.012199999999999999,0.0203,-0.005,11.16,8.05,-0.009099670457114406,0.012861246928598089,-0.006993006993006978,-0.024399999999999998,0.023,0.0694,0.026699999999999998,0.0591,0.06309999999999999,0.010700000000000001,0.030899999999999997,0.0382,0.08449999999999999,0.0701,0.053099999999999994,0.0506,0.021,0.042,0.0451,0.048,-0.0538,0.016399999999999998,-0.07690000000000001,0.0054,0.0659,0.041299999999999996,-0.0187,0.08380000000000001,0.0716,-0.0842,-0.0098,0.029500000000000002,-0.0177,0.0316,0.042800000000000005,0.0171,0.0405,0.0593,0.0424,-0.0044,0.0161,0.0675,0.047400000000000005,0.013999999999999999,0.044199999999999996,0.1103,0.049,0.08779999999999999,-0.013500000000000002,0.030699999999999998,0.0277
1975-12,0.0048,-0.011200000000000002,-0.0087,0.017,-0.001,11.16,8.0,0.03244563518000679,0.010098405963110672,-0.021126760563380254,-0.019,-0.0148,-0.0414,0.0046,-0.0033,-0.0282,-0.0318,-0.0001,-0.0335,-0.01,-0.0371,-0.0507,-0.0672,-0.0004,-0.026099999999999998,-0.0104,0.0021,0.0369,0.021400000000000002,-0.0273,0.0032,-0.06570000000000001,0.011200000000000002,-0.0322,-0.039900000000000005,-0.028900000000000002,0.0516,0.0088,0.031200000000000002,0.0003,0.013500000000000002,-0.0012,-0.0195,-0.0163,-0.011200000000000002,-0.0070999999999999995,-0.0364,0.0078000000000000005,-0.061200000000000004,0.0227,0.0063,-0.037599999999999995,-0.0215,0.0076,-0.0415,0.0373,0.0048,-0.013600000000000001
1976-01,0.004699999999999999,0.1262,0.0487,0.0863,0.043899999999999995,11.16,7.74,0.0037194895473401106,0.024334090915124708,-0.057194244604316435,0.10210000000000001,0.06269999999999999,0.1208,0.1607,0.07440000000000001,0.23309999999999997,0.1832,0.1557,0.1234,0.226,0.1802,0.09519999999999999,0.0711,0.2003,0.1957,0.2026,0.19269999999999998,0.1032,0.21230000000000002,0.2486,0.187,0.174,0.1389,0.1875,0.13699999999999998,0.1736,0.0646,0.14029999999999998,0.215,0.0821,0.08310000000000001,0.0949,0.1131,0.15560000000000002,0.1732,0.20850000000000002,0.1977,0.20670000000000002,0.1326,0.14300000000000002,0.163,0.0791,0.1168,0.1319,0.062,0.2082,0.1412,0.113
1976-02,0.0034000000000000002,0.006500000000000001,0.0697,0.0571,0.0038,12.03,7.79,0.008556719780138868,0.0030129699901510847,-0.00038153376573835107,-0.0073,-0.0317,-0.0599,0.0172,-0.0109,0.0572,0.0026,0.0292,-0.0212,0.048499999999999995,0.08439999999999999,-0.0518,-0.07200000000000001,0.0263,0.0956,0.042800000000000005,0.051,0.0506,0.052199999999999996,0.0554,0.043899999999999995,0.0252,0.0432,0.044000000000000004,0.061500000000000006,0.0779,0.0877,0.0124,0.0118,-0.033,-0.0355,0.0354,0.0537,0.0509,0.0022,0.0406,0.0042,0.0429,-0.024900000000000002,0.0639,0.0741,0.0437,0.048,-0.0149,0.0437,0.1371,0.0308,0.0387
1976-03,0.004,0.0272,-0.011699999999999999,-0.0011,0.0023,12.1,7.73,0.01402637594272401,0.010606935940671889,0.01526717557251911,-0.0154,-0.0018,0.0352,0.0024,0.0073,-0.0213,0.0109,-0.021099999999999997,0.0311,0.051699999999999996,-0.0574,0.027999999999999997,0.0779,-0.0358,-0.0138,0.008100000000000001,0.0311,0.0218,-0.0004,-0.024,0.0055000000000000005,-0.0004,0.047400000000000005,0.0641,0.0513,0.0105,-0.028999999999999998,0.0694,-0.0407,0.0748,0.014499999999999999,0.005699999999999999,-0.028999999999999998,-0.0246,0.0275,0.0281,0.0592,0.0276,0.0636,-0.016399999999999998,0.0053,0.0432,-0.0009,0.052199999999999996,0.024300000000000002,0.0424,0.022099999999999998,0.008100000000000001
1976-04,0.0042,-0.010700000000000001,-0.0008,-0.0016,0.0053,12.17,7.56,0.005693472330998386,0.018132773499973914,-0.03759398496240607,-0.011200000000000002,0.0025,-0.0409,-0.0424,-0.013999999999999999,0.0378,-0.0697,-0.018600000000000002,-0.0435,-0.021,-0.0239,-0.019799999999999998,-0.0493,0.0001,0.0178,-0.0415,0.0034000000000000002,-0.0387,0.0138,0.0003,-0.0009,0.0148,0.0137,0.0452,-0.04769999999999999,0.0227,0.0592,0.0111,0.1177,0.019299999999999998,0.0063,0.0172,-0.0182,-0.036699999999999997,-0.0296,-0.0388,-0.0617,-0.0152,-0.018000000000000002,0.0051,-0.0121,-0.0518,-0.055999999999999994,-0.0301,-0.041299999999999996,-0.0163,-0.0169,0.0009
1976-05,0.0037,-0.0097,-0.011899999999999999,-0.0129,-0.0106,12.17,7.9,-0.013605382391628958,-0.017260235464280686,-0.0078125,-0.049800000000000004,0.0017000000000000001,-0.011399999999999999,-0.0538,-0.023700000000000002,0.006999999999999999,-0.0369,-0.03,-0.028999999999999998,-0.0863,-0.0196,-0.0213,-0.0301,-0.0258,-0.0141,-0.0529,-0.0398,-0.0443,0.0049,0.0495,0.025,-0.0127,-0.0292,0.0253,-0.0381,0.07339999999999999,-0.0255,0.0032,0.1012,0.0546,-0.0147,-0.028999999999999998,0.0012,-0.0192,0.0067,0.0033,0.0003,0.0077,-0.0583,0.017,0.0098,-0.0639,-0.0748,-0.0123,-0.044800000000000006,-0.085,-0.0161,-0.0159
1976-06,0.0043,0.044899999999999995,-0.0132,0.0073,-0.0044,12.17,7.86,0.01344054652379707,0.009313472507009351,-0.007874015748031482,0.0232,0.061399999999999996,0.0418,0.0576,-0.0275,0.0387,0.0548,0.0344,0.062400000000000004,0.0113,0.045,-0.003,0.046900000000000004,-0.0027,0.023700000000000002,0.0066,0.0265,0.10220000000000001,0.0471,0.1206,0.0646,0.057,0.0319,0.1188,0.0897,0.0558,-0.050499999999999996,0.066,0.051699999999999996,0.051,0.0426,0.0359,0.0617,0.0837,0.08070000000000001,0.0876,0.08130000000000001,-0.0095,0.026000000000000002,0.049,0.019299999999999998,0.0079,0.0587,0.07769999999999999,0.0821,0.0495,0.0487,0.032
1976-07,0.004699999999999999,-0.005900000000000001,0.0028000000000000004,0.0174,-0.0015,12.17,7.83,0.00655,0.00860124331685084,-0.06349206349206349,0.0217,0.014199999999999999,0.0387,-0.0039000000000000003,0.0273,0.013999999999999999,-0.09720000000000001,0.0171,-0.022799999999999997,-0.015700000000000002,-0.0029,0.0199,-0.0098,-0.0225,0.0044,-0.0167,-0.022400000000000003,-0.030899999999999997,-0.0246,-0.0513,-0.0182,-0.012,-0.0036,-0.048,-0.0078000000000000005,0.032799999999999996,-0.057,-0.0329,-0.0677,-0.0046,0.0282,0.0125,-0.0016,-0.0168,-0.0258,-0.0091,-0.0382,-0.035699999999999996,0.0394,0.0004,-0.0226,-0.0168,-0.0555,-0.0045000000000000005,0.0699,-0.0051,0.0014000000000000002,0.012199999999999999
1976-08,0.0042,-0.0014999999999999996,-0.020499999999999997,0.0079,-0.0078000000000000005,12.17,7.77,0.02022495544567189,0.010632957669383998,-0.06779661016949157,-0.0405,-0.0028000000000000004,-0.0029,-0.0111,0.0385,-0.0546,-0.0096,-0.0098,-0.0053,-0.0338,-0.0347,0.0151,0.0246,-0.032400000000000005,-0.0371,-0.027000000000000003,-0.0158,-0.0039000000000000003,-0.0366,-0.0285,-0.024300000000000002,-0.0167,-0.0024,0.0026,0.0155,-0.0004,-0.106,-0.0155,-0.0861,-0.006999999999999999,0.0297,0.047400000000000005,-0.014499999999999999,-0.025699999999999997,0.0025,-0.0040999999999999995,-0.11349999999999999,-0.023799999999999998,0.0070999999999999995,-0.0395,-0.0274,0.0473,-0.0346,-0.0189,0.0358,-0.0207,-0.0033,-0.0204
1976-09,0.0044,0.025,0.0008,-0.0031,0.002,13.9,7.59,0.01397180435901757,0.018831796997184833,0.036363636363636376,0.0209,0.0032,0.0055000000000000005,-0.0207,0.0667,-0.0011,-0.0024,0.054900000000000004,-0.0046,0.023,0.0819,0.0242,0.0385,0.004,0.0053,-0.0064,0.0341,0.023,0.0169,0.0262,0.0027,0.044199999999999996,0.058600000000000006,0.0444,0.0155,-0.0301,0.0635,0.0074,0.0739,0.058899999999999994,0.0408,0.016,0.0564,0.0252,0.0269,0.030299999999999997,0.04190000000000001,0.0258,0.0394,-0.0036,0.008,0.0037,-0.0023,-0.0154,0.018500000000000003,0.06849999999999999,0.015300000000000001,0.0137
1976-10,0.0040999999999999995,-0.0201,0.0014000000000000002,-0.0017000000000000001,-0.0042,13.9,7.41,0.015304019871957071,0.018781356809137242,0.01754385964912286,0.0016,-0.0165,-0.0404,-0.0282,0.0014000000000000002,-0.0364,0.0271,-0.0039000000000000003,-0.0271,-0.0095,-0.036699999999999997,-0.048600000000000004,-0.0346,-0.024900000000000002,-0.014499999999999999,-0.0102,0.0134,-0.035699999999999996,-0.059800000000000006,-0.07919999999999999,-0.032799999999999996,-0.0512,-0.0174,-0.0603,-0.0691,-0.0101,0.04650000000000001,-0.020099999999999996,-0.0435,-0.023799999999999998,-0.008100000000000001,0.0129,-0.0313,-0.0286,-0.0353,-0.0637,-0.0774,0.0069,-0.0527,-0.038599999999999995,-0.0426,-0.0023,-0.028399999999999998,0.0076,0.0096,-0.0227,0.004699999999999999,-0.0196
1976-11,0.004,0.0076,0.023399999999999997,0.015300000000000001,0.0281,13.9,7.29,0.034772821376748,0.014546407796787642,0.1206896551724137,0.0304,0.024,-0.0213,-0.08220000000000001,0.0242,0.0018,-0.0208,0.046,-0.012,0.0828,0.0191,-0.0587,-0.1099,-0.05,0.0305,0.0529,0.0409,0.004699999999999999,-0.0012,-0.0049,0.0154,-0.0037,0.0058,0.0398,0.0069,0.058499999999999996,0.046799999999999994,-0.0166,0.0052,0.0083,0.0315,0.0315,0.0333,0.0209,0.0060999999999999995,0.027999999999999997,0.0716,0.0213,-0.018000000000000002,0.047400000000000005,0.026600000000000002,0.0553,0.0276,0.0032,0.022400000000000003,0.0308,0.0271,0.0227
1976-12,0.004,0.0605,0.030299999999999997,0.0223,0.0075,13.9,6.87,0.020047642137545854,0.03553322623692958,0.03076923076923066,0.09539999999999998,0.049100000000000005,0.0066,0.0934,0.0398,0.0981,0.154,0.08800000000000001,0.0377,0.07,0.1283,0.0288,0.0704,0.1014,0.06309999999999999,0.053,0.07629999999999999,0.08990000000000001,0.07139999999999999,0.0827,0.0604,0.0315,0.09960000000000001,0.0533,0.0981,0.054400000000000004,0.0151,0.0707,0.0649,0.0632,0.065,0.0345,0.0898,0.1059,0.0316,0.0582,0.0182,0.0451,0.0331,0.048499999999999995,0.0723,0.016,0.0408,0.11109999999999999,0.0662,0.1117,0.081,0.08109999999999999
1977-01,0.0036,-0.0367,0.0475,0.0432,0.0405,13.9,7.21,-0.03661428973156478,-0.018578807547966845,-0.014925373134328401,-0.0332,-0.0405,-0.054400000000000004,-0.11779999999999999,-0.049100000000000005,-0.0675,-0.0362,-0.0242,-0.0836,-0.0028000000000000004,0.057300000000000004,-0.109,-0.0867,-0.0555,0.0241,-0.011399999999999999,-0.053399999999999996,-0.043,-0.0325,0.0123,-0.04769999999999999,-0.0332,-0.0308,-0.0291,0.0318,0.0263,0.005600000000000001,-0.0344,-0.0131,0.0032,0.0084,0.0012,0.0070999999999999995,-0.009300000000000001,-0.0329,-0.0447,-0.083,-0.1052,-0.0658,-0.0341,-0.0074,-0.07429999999999999,-0.11349999999999999,-0.0512,-0.0623,-0.0044,-0.0349,-0.029300000000000003
1977-02,0.0034999999999999996,-0.0159,0.0103,0.0045000000000000005,0.0034999999999999996,13.9,7.39,0.002677015395369682,-0.006662150967518861,0.030303030303030276,0.058499999999999996,-0.0191,0.0169,0.0105,-0.0039000000000000003,-0.049,-0.0513,-0.024399999999999998,-0.0218,-0.04650000000000001,-0.0931,-0.0063,0.0016,-0.0077,-0.0172,-0.0464,-0.0134,0.0213,-0.005699999999999999,-0.046900000000000004,-0.0046,-0.0051,-0.0311,-0.0044,-0.0222,-0.0333,0.15990000000000001,-0.048799999999999996,0.031400000000000004,-0.0315,-0.0342,0.0098,-0.0622,-0.0197,0.0008,-0.018600000000000002,-0.0258,0.012199999999999999,0.0173,-0.0313,-0.0252,-0.015600000000000001,-0.023399999999999997,-0.0232,-0.0027,-0.0197,-0.0168,-0.0146
1977-03,0.0038,-0.009700000000000002,0.009899999999999999,0.0109,0.0068000000000000005,13.9,7.46,0.008297436259799715,0.0012706295321244362,0.08823529411764697,-0.0451,-0.0109,-0.0029,-0.0337,-0.0278,-0.0015,-0.0098,-0.0126,-0.032400000000000005,-0.0098,-0.0052,0.006,-0.024,-0.005,-0.0146,-0.0101,0.0101,-0.0074,0.006,0.054000000000000006,0.041299999999999996,0.0401,-0.051100000000000007,-0.0069,0.026600000000000002,0.0104,-0.0014000000000000002,0.0259,0.0131,-0.021400000000000002,0.0018,-0.0104,-0.0128,0.0084,-0.0062,0.0104,0.0263,-0.0128,-0.0011,0.0007000000000000001,0.0161,-0.030600000000000002,-0.054000000000000006,-0.008,-0.0095,0.016399999999999998,-0.0016,0.0084
1977-04,0.0038,0.0053,-0.0013,0.0338,0.04190000000000001,13.9,7.37,0.004091419574059129,0.012481168345233346,0.006756756756756799,0.005,0.0098,-0.0319,-0.0187,0.0206,-0.049400000000000006,0.009899999999999999,0.008199999999999999,-0.0053,0.0246,0.017,-0.0538,-0.0536,-0.0048,-0.021099999999999997,0.0215,0.0197,0.0552,0.0091,0.0702,0.0368,0.0435,0.022000000000000002,0.0226,0.0391,0.0837,-0.0432,0.0085,-0.0384,0.026699999999999998,0.0194,0.0066,-0.0034000000000000002,0.0077,-0.059500000000000004,0.026099999999999998,-0.0207,0.0105,-0.0105,0.0525,-0.024900000000000002,-0.0401,0.0070999999999999995,-0.001,0.0682,0.0443,0.0216,0.0141
1977-05,0.0037,-0.011,0.0125,0.008100000000000001,0.020099999999999996,13.9,7.46,0.011082906828421588,-0.00014816618475795105,-0.01342281879194629,0.050300000000000004,-0.0045000000000000005,-0.0203,-0.0246,0.0129,-0.0626,0.0191,0.0045000000000000005,-0.0305,-0.048499999999999995,-0.0147,-0.0040999999999999995,-0.022799999999999997,-0.0366,-0.0084,-0.044000000000000004,-0.0322,-0.0034999999999999996,-0.0582,0.0192,-0.001,-0.019799999999999998,-0.0046,0.023700000000000002,-0.0304,0.047599999999999996,-0.045700000000000005,-0.0795,-0.10679999999999999,-0.0021,0.0167,0.0143,0.019299999999999998,-0.0023,-0.0321,0.0151,0.0451,-0.0705,-0.0066,0.0127,0.0025,-0.0374,0.018600000000000002,-0.027999999999999997,0.0034000000000000002,-0.0022,0.005600000000000001,-0.0009
1977-06,0.004,0.051199999999999996,0.0207,-0.0062,0.016,13.9,7.28,0.018724021577500173,0.018745670023800023,-0.04081632653061229,-0.010700000000000001,0.0462,0.0392,0.016200000000000003,0.024300000000000002,0.0403,0.1128,0.0863,0.0594,0.065,0.1578,0.0907,0.0883,0.0021,0.0943,0.0545,0.0404,0.0479,-0.0004,0.0369,0.0321,0.059699999999999996,0.0458,0.10769999999999999,0.0144,0.0191,0.0179,-0.020499999999999997,0.1023,0.0601,0.0571,0.0194,0.1686,0.1023,0.0817,0.06860000000000001,0.07980000000000001,0.025699999999999997,0.026099999999999998,0.0227,0.0281,0.0587,0.11220000000000001,0.0593,0.0639,0.06480000000000001,0.058499999999999996,0.0499
1977-07,0.0042,-0.0127,0.0209,-0.006,0.004,13.9,7.33,-0.00949312435587276,0.002558157744122988,0.014184397163120588,-0.0078000000000000005,0.0195,0.04650000000000001,-0.0387,0.0187,0.028999999999999998,-0.0319,-0.005600000000000001,-0.0169,-0.012,0.0318,-0.0379,-0.02,-0.0344,-0.0305,-0.014199999999999999,-0.0356,-0.0072,-0.0741,-0.0167,-0.0684,-0.0048,-0.0258,-0.0225,0.001,0.0182,0.0279,-0.0647,-0.0902,-0.0166,0.0087,-0.0085,-0.0064,0.0016,0.0146,-0.0365,-0.0202,-0.0493,-0.0171,-0.022400000000000003,-0.0254,0.0015,0.0013,0.011399999999999999,0.0103,0.0001,-0.004,0.008100000000000001
1977-08,0.0044,-0.0132,0.0155,-0.0277,-0.0163,14.85,7.4,0.01594559754327978,0.0012074467545542004,0.013986013986013957,-0.0197,-0.0105,0.0274,0.018000000000000002,0.0231,-0.0285,0.026099999999999998,-0.0138,0.0252,0.0046,-0.0064,0.039900000000000005,0.0397,-0.0294,-0.030899999999999997,-0.0128,-0.0194,-0.0138,-0.0527,0.060899999999999996,-0.0217,-0.0067,-0.0116,-0.0335,-0.01,-0.0632,-0.031400000000000004,-0.0074,-0.050300000000000004,-0.058600000000000006,-0.0325,-0.022799999999999997,-0.0012,-0.0058,0.0151,-0.023,0.0024,-0.0311,0.0085,-0.0373,0.006500000000000001,0.049400000000000006,0.053099999999999994,-0.0066,-0.0084,0.0062,-0.0181,0.0005
1977-09,0.0043,0.0015999999999999999,0.015,-0.0026,0.0209,14.85,7.34,-0.0030554565319468605,0.010354248192223282,0.031241379310344763,-0.0415,0.0044,0.010700000000000001,0.0143,-0.0105,-0.0182,-0.0204,-0.0054,-0.008199999999999999,0.0269,0.12269999999999999,0.0128,-0.0191,-0.0044,0.0241,0.0001,-0.0121,0.0178,-0.0575,0.0068000000000000005,0.0177,-0.024300000000000002,0.0294,-0.0353,-0.018799999999999997,0.0009,0.0819,-0.0393,-0.0004,0.0076,0.020099999999999996,0.0348,0.0263,-0.0026,-0.0259,-0.002,-0.0008,-0.013600000000000001,-0.0063,-0.0172,-0.0058,-0.0126,0.024900000000000002,-0.0089,0.0086,-0.0187,0.0026,0.0103
1977-10,0.0049,-0.03899999999999999,0.011899999999999999,0.016200000000000003,-0.0011,14.85,7.52,-0.008474963644378494,-0.006479953948059121,0.06333177288838354,-0.037200000000000004,-0.05,-0.0336,-0.0432,-0.0229,-0.1015,-0.028900000000000002,0.0154,-0.0661,-0.0184,-0.0394,0.0207,-0.0271,-0.0318,-0.0344,-0.0371,-0.0155,-0.0553,-0.0001,-0.0288,-0.0546,-0.0166,-0.0458,-0.0304,-0.0333,-0.0941,-0.0487,-0.0783,-0.0231,-0.0358,-0.0315,-0.050499999999999996,-0.027999999999999997,-0.030899999999999997,-0.023799999999999998,-0.0518,-0.0516,-0.0731,-0.044500000000000005,-0.038900000000000004,-0.039,-0.029500000000000002,-0.042,-0.059699999999999996,-0.0482,-0.0444,-0.039,-0.0394
1977-11,0.005,0.045,0.0368,0.0023,0.021400000000000002,14.85,7.58,0.011187653714490368,0.0021015345634086023,0.018867924528301883,0.071,0.0325,0.0315,0.0554,0.0271,0.066,0.11630000000000001,0.0729,0.0242,0.0882,0.09910000000000001,0.0373,0.0663,0.0292,0.0692,0.0692,0.07339999999999999,0.051500000000000004,0.0149,0.0446,0.0722,0.049100000000000005,0.0192,0.08199999999999999,0.0353,0.0758,0.0336,0.048,0.043899999999999995,0.0345,0.0429,0.0216,0.08960000000000001,0.0817,0.0454,0.0662,0.0707,0.0632,0.0256,0.0723,0.0636,0.052199999999999996,0.09300000000000001,0.052300000000000006,0.08449999999999999,0.1003,0.048499999999999995,0.0613
1977-12,0.0049,0.0076,0.013600000000000001,-0.0029,0.016,14.85,7.69,-0.009653265927308786,-0.0012989528171731806,-0.012345679012345734,0.036699999999999997,-0.0043,0.0059,-0.0254,-0.018500000000000003,-0.0095,0.0325,0.0425,-0.0053,0.0063,0.12369999999999999,0.0166,-0.001,0.013500000000000002,0.009300000000000001,-0.0106,-0.0028000000000000004,0.0127,0.044199999999999996,0.0019,0.0127,-0.015600000000000001,-0.0111,0.0176,-0.0285,0.0171,-0.006999999999999999,0.0196,-0.026699999999999998,0.0197,-0.0033,0.0215,0.0239,0.0196,0.0348,0.0013,0.0060999999999999995,-0.0032,0.0054,0.013999999999999999,0.0316,-0.0231,0.021400000000000002,-0.0187,-0.0083,0.0176,0.0159,0.0175
1978-01,0.0049,-0.055099999999999996,0.022799999999999997,0.0338,-0.005699999999999999,14.85,7.96,-0.004495600527259634,-0.012193015708388464,0.08125000000000004,-0.0548,-0.053399999999999996,-0.045899999999999996,-0.0033,-0.062,-0.0301,-0.1014,-0.0864,-0.0738,-0.0579,-0.0529,-0.0542,-0.0075,-0.0636,-0.0317,-0.0111,-0.0599,-0.0796,-0.045599999999999995,-0.0031,-0.0711,-0.028999999999999998,-0.0626,-0.0672,-0.061399999999999996,-0.031200000000000002,0.0434,-0.073,-0.0519,-0.0696,-0.0454,-0.0416,-0.0479,-0.0555,-0.0381,-0.0659,-0.0733,-0.0762,-0.0444,-0.0138,-0.0521,-0.06860000000000001,-0.0781,-0.0567,-0.0681,-0.0229,-0.0602,-0.0366
1978-02,0.0046,-0.0093,0.0359,0.008100000000000001,0.0196,14.85,8.03,-0.00019658346344759384,0.0018682841000087751,0.028901734104046284,0.005699999999999999,0.0024,-0.0089,0.0006,0.0068000000000000005,-0.0123,-0.0027,-0.011200000000000002,-0.031200000000000002,0.02,0.0334,-0.0319,-0.0323,-0.048499999999999995,0.0174,-0.0003,-0.0029,0.0034999999999999996,-0.0382,0.0179,-0.005600000000000001,-0.0242,0.0118,0.0438,-0.0332,-0.002,-0.0546,-0.0131,0.0226,-0.0116,-0.0042,0.0416,0.0149,0.0171,-0.042199999999999994,-0.019799999999999998,-0.016,-0.059000000000000004,-0.018799999999999997,-0.014499999999999999,0.015600000000000001,-0.0134,0.0393,-0.0141,0.0236,0.0177,-0.0003,-0.0024
1978-03,0.0053,0.033800000000000004,0.0344,0.0115,0.014499999999999999,14.85,8.04,-0.0007614593737867862,0.006013052017883591,0.03370786516853941,0.09029999999999999,0.0109,0.0646,0.0317,0.039900000000000005,0.0862,0.0971,0.1008,0.024,0.0741,0.1003,0.025099999999999997,0.0435,0.0403,0.0782,0.033,0.0562,0.061500000000000006,0.061500000000000006,0.0401,0.0339,0.031,0.0599,0.0989,0.0682,0.1387,0.031400000000000004,0.0548,-0.061,0.022099999999999998,0.0248,0.0262,0.0732,0.0755,-0.037200000000000004,0.06559999999999999,0.0258,0.046900000000000004,0.0111,0.048600000000000004,0.0639,0.0169,0.07150000000000001,0.0548,0.0509,0.1216,0.0471,0.0546
1978-04,0.0054,0.08410000000000001,0.0036,-0.0354,0.0049,14.85,8.15,0.000716435020398855,-0.0007614593737867862,-0.048913043478260865,0.0191,0.050300000000000004,0.105,0.0433,0.0858,0.08789999999999999,0.1456,0.0959,0.1371,0.0689,0.0706,0.11689999999999999,0.087,0.1081,0.07719999999999999,0.0555,0.099,0.13019999999999998,0.0888,0.0407,0.1176,0.1235,0.081,0.1321,0.13019999999999998,0.053,-0.0473,0.0493,0.1325,0.0659,0.0018,0.029300000000000003,0.0587,0.07490000000000001,0.1371,0.1195,0.1563,0.1143,0.1158,0.09480000000000001,0.0771,0.1157,0.1052,0.1009,0.10369999999999999,0.10039999999999999,0.09699999999999999,0.0833
1978-05,0.0051,0.0227,0.0453,-0.0055000000000000005,0.0276,14.85,8.35,-0.005235679938986217,-0.006708848102817309,0.005714285714285783,0.1439,0.0378,0.04769999999999999,0.0501,0.0256,0.07150000000000001,0.0738,0.0471,0.0438,0.0335,0.08070000000000001,0.0159,0.0599,0.0036,0.058899999999999994,0.0362,0.0271,0.0258,0.0341,0.057800000000000004,0.0518,0.0886,-0.0118,0.1201,0.0482,0.0215,0.1216,0.033,-0.0338,0.009399999999999999,0.0070999999999999995,-0.0039000000000000003,0.0742,0.06480000000000001,0.0039000000000000003,0.0363,0.0421,0.026000000000000002,0.041299999999999996,0.0255,0.042199999999999994,-0.0033,0.0796,0.0121,0.0115,0.0553,0.0131,0.0437
1978-06,0.0054,-0.011499999999999998,0.0174,0.006,0.0279,14.85,8.46,-0.006324402504602243,-0.0004018414444280482,0.045454545454545414,-0.0165,0.017,-0.018600000000000002,-0.0171,0.0002,-0.0231,0.0011,-0.0060999999999999995,-0.0195,-0.0322,0.035699999999999996,0.029900000000000003,0.005600000000000001,-0.0246,0.0116,-0.012,-0.013300000000000001,-0.027999999999999997,-0.0616,-0.008199999999999999,-0.009899999999999999,-0.024900000000000002,-0.028300000000000002,0.0352,0.0368,0.0368,-0.0168,-0.0525,-0.010700000000000001,-0.0379,0.0083,-0.0154,0.022400000000000003,-0.0039000000000000003,-0.0025,-0.0123,0.0169,-0.029500000000000002,0.0231,-0.006,-0.0109,-0.022000000000000002,0.0246,-0.009300000000000001,0.0091,0.037599999999999995,-0.0116,0.0083
1978-07,0.005600000000000001,0.0568,0.0029,-0.01,0.04190000000000001,14.85,8.64,0.011150763647088568,-0.004935918207859933,0.02717391304347827,0.0216,0.0223,0.024700000000000003,0.0604,0.0451,0.0723,0.0762,0.07139999999999999,0.0738,0.0171,0.17489999999999997,0.057,0.0932,0.0542,0.042,0.036000000000000004,0.08470000000000001,0.0279,0.0814,0.0403,0.0601,0.0882,0.0392,0.162,0.0984,0.1331,0.1065,0.0789,0.0241,0.0336,0.0282,0.0143,0.058600000000000006,0.0801,0.099,0.06309999999999999,0.0629,0.11460000000000001,0.0784,0.121,0.0558,0.0524,0.0588,0.0548,0.0437,0.045700000000000005,0.0545,0.057999999999999996
1978-08,0.005600000000000001,0.0434,0.0506,-0.0066,0.03,14.85,8.41,0.018403907033798263,0.022395204186573623,0.08994708994709,0.0528,0.0334,0.0401,-0.0037,0.0134,0.027999999999999997,0.1114,0.0712,0.0274,0.059500000000000004,0.0709,0.0342,0.0002,0.0482,0.0323,0.1052,0.08109999999999999,0.1103,0.004699999999999999,0.0605,0.0425,0.014499999999999999,0.0239,0.0451,0.040999999999999995,0.0361,-0.015300000000000001,0.0731,-0.008100000000000001,0.0524,0.0045000000000000005,0.0353,0.1118,0.055099999999999996,0.0605,0.0616,0.039900000000000005,0.058899999999999994,0.049,0.0398,0.07719999999999999,0.0548,0.14,0.0484,0.0553,0.09369999999999999,0.0602,0.0733
1978-09,0.0062,-0.008199999999999999,-0.0049,0.018799999999999997,-0.0319,14.85,8.42,-0.004363182557027041,0.006340987117209781,0.029126213592232997,0.0085,0.0004,-0.029300000000000003,0.0141,0.0206,-0.0258,-0.0713,-0.029300000000000003,-0.031400000000000004,-0.0148,-0.0044,-0.0275,-0.028300000000000002,-0.0037,-0.0416,0.0265,-0.0264,0.0199,0.0126,-0.0208,-0.0069,-0.0478,0.0085,-0.0789,-0.024900000000000002,-0.0385,0.019799999999999998,0.0332,0.0072,0.0484,-0.0025,0.012199999999999999,-0.060899999999999996,-0.0298,-0.053,-0.0264,0.0055000000000000005,-0.0172,-0.046799999999999994,-0.0364,-0.0202,-0.0236,-0.0281,-0.0008,-0.0222,0.018500000000000003,-0.0091,-0.0134
1978-10,0.0068000000000000005,-0.11220000000000001,-0.0989,0.0126,-0.08470000000000001,14.85,8.64,-0.019385663608937,-0.007658509421729171,0.070754716981132,-0.2134,-0.09949999999999999,-0.0955,-0.1458,-0.0824,-0.1714,-0.1875,-0.1318,-0.0929,-0.1542,-0.2438,-0.151,-0.1168,-0.09630000000000001,-0.15130000000000002,-0.1856,-0.157,-0.20190000000000002,-0.11960000000000001,-0.163,-0.1391,-0.12619999999999998,-0.10550000000000001,-0.1533,-0.1822,-0.109,-0.0858,-0.1105,-0.1797,-0.10490000000000001,-0.071,-0.045,-0.17809999999999998,-0.1757,-0.075,-0.1613,-0.1791,-0.09970000000000001,-0.063,-0.1794,-0.1672,-0.12960000000000002,-0.2339,-0.1038,-0.129,-0.2529,-0.1091,-0.17129999999999998
1978-11,0.006999999999999999,0.0341,0.030600000000000002,-0.0208,0.0545,14.85,8.81,0.01398192109350192,-0.004031237877032739,-0.09251101321585908,0.1007,0.0038,0.0285,0.044199999999999996,0.0256,0.0044,0.1143,0.0227,0.0322,0.0326,0.1105,0.0583,0.04769999999999999,0.0115,0.0385,0.0436,0.0043,0.026600000000000002,0.0124,0.030600000000000002,0.0353,0.0263,0.0045000000000000005,0.10289999999999999,0.049400000000000006,0.0786,-0.13269999999999998,0.028900000000000002,0.0659,0.0617,0.03,0.0302,0.030899999999999997,0.0613,0.04019999999999999,0.0705,0.0885,-0.0013,0.0302,0.0362,0.0599,0.0197,0.049,-0.0019,0.0443,0.0431,0.0179,0.0395
1978-12,0.0078000000000000005,0.0165,0.011899999999999999,-0.021400000000000002,0.0302,14.85,9.01,-0.011593103146942122,-0.005774014017760819,0.009708737864077666,0.015,0.0055000000000000005,0.0383,0.0336,0.0248,-0.008100000000000001,0.0381,0.030899999999999997,0.0091,0.0141,0.1553,-0.0118,0.040999999999999995,0.0007000000000000001,0.0154,-0.0141,0.012199999999999999,0.0111,0.0021,-0.0134,0.0311,-0.0025,-0.0040999999999999995,0.024300000000000002,0.0329,0.0528,0.0647,0.0393,-0.020499999999999997,0.028900000000000002,-0.0125,0.001,0.0297,0.0044,0.0908,-0.002,0.0736,-0.0139,0.0334,-0.0105,0.0271,-0.0158,-0.028900000000000002,0.0073,0.027000000000000003,0.0438,0.0106,0.0288
1979-01,0.0077,0.04989999999999999,0.0355,0.0219,-0.014199999999999999,14.85,9.1,0.020548810592885765,0.001657297199913573,0.09134615384615374,0.0533,0.0417,-0.0011,0.0662,0.0054,0.0626,0.0492,0.0642,0.0335,0.10369999999999999,-0.0246,0.0437,0.0088,0.06480000000000001,0.0666,0.0819,0.0874,0.0698,0.1351,0.08349999999999999,0.054400000000000004,0.067,0.0583,0.049699999999999994,0.031,0.0401,0.10490000000000001,0.1118,0.0877,0.03,0.0637,0.0366,0.041299999999999996,0.0564,0.0337,0.07200000000000001,0.0223,0.126,0.025099999999999997,0.037000000000000005,0.057999999999999996,0.0634,0.0683,0.0297,0.06309999999999999,0.0682,0.0642,0.0736
1979-02,0.0073,-0.0283,0.0044,0.011699999999999999,-0.009899999999999999,15.85,9.1,-0.006881443916818848,0.007583333333333333,0.08370044052863435,-0.042800000000000005,-0.0391,-0.0425,-0.0391,-0.0302,-0.07440000000000001,-0.0601,-0.0336,-0.052300000000000006,-0.0301,-0.050499999999999996,-0.0832,-0.0353,-0.0229,-0.0397,-0.0002,-0.0315,-0.0259,-0.035699999999999996,-0.0526,-0.03,-0.0547,-0.0371,-0.129,-0.0608,-0.0526,0.0719,-0.0019,0.0060999999999999995,0.0060999999999999995,-0.016399999999999998,-0.006500000000000001,-0.09480000000000001,-0.049100000000000005,-0.0277,-0.0472,-0.0352,-0.0233,-0.0567,-0.0558,-0.0187,-0.0431,-0.045700000000000005,-0.041299999999999996,-0.0248,-0.022099999999999998,-0.0327,-0.026000000000000002
1979-03,0.008100000000000001,0.0648,0.032,-0.0068000000000000005,0.0291,15.85,9.12,0.011515463341504035,0.006288157179427489,-0.016260162601625994,0.0698,0.024399999999999998,0.0203,0.081,0.0525,0.08449999999999999,0.0703,0.0304,0.047599999999999996,0.0953,0.12390000000000001,0.04190000000000001,0.049,0.0971,0.065,0.07919999999999999,0.0796,0.1467,0.08929999999999999,0.0441,0.0729,0.0501,0.0668,0.07,0.0709,0.054000000000000006,0.0308,0.0969,0.1663,0.09179999999999999,0.0232,0.0016,0.11599999999999999,0.0819,0.0704,0.0797,0.12119999999999999,0.1007,0.048600000000000004,0.0973,0.0745,0.057999999999999996,0.0947,0.0605,0.09960000000000001,0.1315,0.0688,0.08929999999999999
1979-04,0.008,0.0073,0.0217,0.011200000000000002,0.0088,15.85,9.18,-0.007943730241693616,0.003717828917751671,-0.011942148760330507,0.057300000000000004,0.0014000000000000002,-0.0281,0.022099999999999998,-0.0021,0.07139999999999999,-0.0034999999999999996,0.0189,0.0077,-0.0036,-0.0126,0.010700000000000001,0.0036,-0.0196,0.0786,0.0138,0.0278,0.029300000000000003,-0.0069,0.0095,-0.0044,-0.0002,0.0242,-0.0085,-0.0147,0.0092,0.0401,-0.0235,-0.0732,0.0451,-0.0275,-0.0215,0.036699999999999997,0.034,0.0005,0.0033,0.0092,-0.0263,-0.016,0.0034999999999999996,-0.0042,0.008100000000000001,0.0681,0.0203,0.0015,0.0207,0.0166,0.0217
1979-05,0.008199999999999999,-0.013800000000000003,0.0021,0.0132,-0.0058,18.1,9.25,0.02637038408295636,0.0031325207741512385,0.079001296474426,0.0034000000000000002,-0.014499999999999999,-0.0146,-0.047,-0.0281,0.0055000000000000005,-0.0364,-0.026699999999999998,-0.0271,0.0042,-0.044800000000000006,0.0074,-0.0337,-0.0292,-0.0095,-0.0158,-0.0187,-0.004699999999999999,-0.026000000000000002,-0.0012,-0.0074,-0.0097,-0.0146,-0.0584,-0.014499999999999999,0.0084,0.076,0.0152,0.0666,-0.0259,0.0144,0.0009,-0.0184,-0.003,-0.0206,-0.0127,-0.034,-0.0084,-0.0075,0.0092,-0.0138,-0.0275,-0.0313,0.0105,-0.0101,-0.0165,0.0032,-0.0161
1979-06,0.008100000000000001,0.0465,0.0113,0.014199999999999999,0.0076,19.1,8.91,0.023767734646939292,0.02958423922364441,0.08139534883720922,0.06480000000000001,0.0339,0.024,0.061200000000000004,0.0554,0.0345,0.0144,0.0175,0.009300000000000001,0.0097,0.0951,0.045,0.046900000000000004,0.0388,0.0687,0.0373,0.031400000000000004,0.1383,0.0216,0.1369,0.058600000000000006,0.1027,0.026699999999999998,0.039,0.10039999999999999,0.034,0.022000000000000002,0.1066,0.1437,0.0919,0.049699999999999994,0.019299999999999998,0.0254,0.050300000000000004,-0.0191,0.0558,0.0471,0.0215,0.019799999999999998,0.026600000000000002,0.0356,0.024700000000000003,0.0245,0.0904,0.1013,0.0825,0.07769999999999999,0.06559999999999999
1979-07,0.0077,0.016,0.0129,0.0178,-0.010700000000000001,21.75,8.95,-0.005774014017760819,0.004813238583213995,0.057347670250896154,0.008199999999999999,0.0069,0.0144,0.0075,0.0479,0.013000000000000001,0.0576,0.0371,0.0052,0.0172,0.0892,0.0085,-0.0052,0.0409,-0.0079,0.0085,0.037000000000000005,0.0401,0.044500000000000005,0.0647,0.0292,0.0239,0.0078000000000000005,0.0382,0.0375,0.024,-0.022799999999999997,0.0406,-0.0334,0.0165,0.0207,-0.0011,0.0482,0.0368,-0.033,0.0189,-0.0008,-0.0045000000000000005,-0.0194,0.0797,0.011699999999999999,0.0097,0.0311,0.0273,0.0216,0.09789999999999999,0.039,0.011899999999999999
1979-08,0.0077,0.0631,0.019799999999999998,-0.0158,-0.0029,26.5,9.03,-0.007444314563183843,0.0022438688787325897,0.02033898305084736,0.062400000000000004,0.0776,0.042,0.11939999999999999,0.0876,0.09,0.039,0.0825,0.0667,0.0904,0.1139,0.0814,0.0852,0.0701,0.07440000000000001,0.0412,0.09140000000000001,0.0509,0.0721,0.0751,0.06,0.0556,0.0513,0.12689999999999999,0.1746,0.1512,0.1418,0.06570000000000001,0.032400000000000005,0.08,0.020499999999999997,0.0152,0.0906,0.07719999999999999,0.042300000000000004,0.0767,0.1276,0.0832,0.0655,0.0567,0.0774,0.0924,0.061799999999999994,0.053899999999999997,0.0443,0.1425,0.0471,0.057999999999999996
1979-09,0.0083,0.0,-0.0026,-0.009399999999999999,0.0528,28.5,9.33,-0.005173726786781889,-0.01196156845157121,0.1794019933554818,-0.015700000000000002,-0.011000000000000001,-0.0373,-0.0084,-0.049800000000000004,0.015600000000000001,0.0255,0.0073,-0.0383,-0.0118,-0.0085,-0.026000000000000002,0.0,0.026099999999999998,0.0014000000000000002,-0.0241,-0.0046,0.0287,0.025099999999999997,-0.049100000000000005,-0.0103,-0.04019999999999999,0.0195,-0.0024,0.031,-0.0264,0.1394,0.0495,0.032,0.059699999999999996,-0.0219,-0.023799999999999998,-0.004,-0.0042,-0.023700000000000002,-0.0132,0.0101,0.0025,-0.037200000000000004,-0.0385,0.0347,-0.020099999999999996,-0.0398,-0.026000000000000002,0.0012,-0.0213,-0.0063,-0.0017000000000000001
1979-10,0.0087,-0.0723,-0.0338,-0.0183,0.0206,29.0,10.3,-0.07381953615939736,-0.054421081015550994,0.10422535211267614,-0.0929,-0.0782,-0.0969,-0.09609999999999999,-0.0377,-0.096,-0.08460000000000001,-0.0713,-0.07519999999999999,-0.09230000000000001,-0.0616,-0.0766,-0.034,-0.0793,-0.1041,-0.0926,-0.1056,-0.0504,-0.1162,-0.0308,-0.08779999999999999,-0.067,-0.1117,-0.0897,-0.041100000000000005,-0.0864,-0.1109,-0.1124,-0.1629,-0.0236,-0.0583,-0.0507,-0.1063,-0.09570000000000001,-0.0789,-0.0698,-0.0866,-0.09789999999999999,-0.0722,-0.11289999999999999,-0.08900000000000001,-0.086,-0.1188,-0.1091,-0.08779999999999999,-0.1298,-0.1001,-0.0934
1979-11,0.009899999999999999,0.062099999999999995,0.0281,-0.0321,0.0806,31.0,10.65,0.0294870605104536,-0.012950805484517268,0.0,0.1377,0.0506,0.0326,0.0827,0.0661,0.0235,0.1043,0.028399999999999998,0.0123,0.0766,0.1888,0.0848,0.08259999999999999,0.0662,0.008,0.0394,0.047599999999999996,0.0966,0.0074,0.0721,0.0748,0.0481,-0.0355,0.1106,0.1689,0.11900000000000001,0.1195,0.0967,0.18309999999999998,0.08810000000000001,0.07780000000000001,0.0406,0.09179999999999999,0.0992,0.0823,0.0756,0.1045,-0.0011,0.011200000000000002,0.067,0.0924,0.032799999999999996,0.0076,0.0398,0.0824,0.1012,0.068,0.076
1979-12,0.0095,0.027299999999999998,0.041299999999999996,-0.0213,0.0473,32.5,10.39,0.011715966156488762,0.024638578198828275,0.1607142857142858,0.08460000000000001,0.0227,0.006999999999999999,0.041100000000000005,0.030699999999999998,0.049,0.10880000000000001,0.0512,0.028999999999999998,0.050199999999999995,0.0947,0.0441,0.0103,0.053399999999999996,0.0418,0.0799,0.042,0.0718,0.0825,0.0556,0.029300000000000003,0.046,0.0115,0.09630000000000001,0.0346,0.0943,0.2961,0.1328,0.0583,0.0245,-0.0101,-0.0152,0.009300000000000001,0.051500000000000004,0.0067,0.027000000000000003,0.0675,0.0478,0.0152,0.0375,0.09849999999999999,0.011399999999999999,0.0574,0.0203,0.0171,0.0874,0.0138,0.0575
1980-01,0.008,0.063,0.016200000000000003,0.018500000000000003,0.0746,32.5,10.8,-0.04055042005331573,-0.01647202167340767,0.4835164835164836,0.0007000000000000001,0.0365,0.016399999999999998,0.10890000000000001,-0.0063,0.1075,0.042800000000000005,0.0403,0.0128,0.0139,0.0754,0.0068000000000000005,-0.0242,0.0433,0.0897,0.048799999999999996,0.0684,0.1617,0.17579999999999998,0.10880000000000001,0.0775,0.0809,0.0987,0.2541,0.19879999999999998,0.0966,0.1778,0.154,0.081,0.1413,0.0155,-0.0207,0.0576,0.0668,0.0667,0.0762,0.10039999999999999,0.0735,0.023799999999999998,0.0931,0.0546,-0.0045000000000000005,0.051,-0.0204,0.0334,0.085,0.038599999999999995,0.0746
1980-02,0.0089,-0.0034000000000000002,-0.018600000000000002,0.0059,0.0791,37.0,12.41,-0.08522029135227528,-0.08800379527544136,-0.014814814814814836,0.021400000000000002,-0.052000000000000005,-0.08779999999999999,-0.023399999999999997,-0.048600000000000004,-0.0227,-0.0403,-0.07139999999999999,-0.0467,-0.008,-0.030299999999999997,-0.0754,-0.04019999999999999,-0.0126,-0.053200000000000004,-0.0115,-0.019799999999999998,-0.039900000000000005,0.0029,-0.0553,-0.0325,-0.0431,-0.0641,-0.0781,-0.0906,-0.032,0.08960000000000001,0.039,-0.009000000000000001,0.1318,-0.0342,-0.013999999999999999,-0.0825,-0.02,-0.041299999999999996,-0.020099999999999996,-0.0452,0.003,0.0006,-0.0454,-0.0256,-0.0552,-0.0564,-0.0735,-0.08710000000000001,-0.0263,-0.0194,-0.0184
1980-03,0.0121,-0.1169,-0.067,-0.0096,-0.0959,38.0,12.75,0.015056840584953306,-0.008836803867905625,-0.1669172932330827,-0.20989999999999998,-0.0998,-0.0037,-0.1414,-0.0067,-0.1151,-0.0706,-0.1117,-0.0446,-0.054900000000000004,-0.0471,-0.0233,-0.028300000000000002,-0.12140000000000001,-0.1391,-0.1452,-0.1464,-0.1512,-0.18489999999999998,-0.19269999999999998,-0.12240000000000001,-0.08929999999999999,-0.0999,-0.1249,-0.11130000000000001,-0.1539,-0.2698,-0.1925,-0.21100000000000002,-0.1788,-0.066,-0.026600000000000002,-0.1177,-0.16079999999999997,-0.1374,-0.1152,-0.09630000000000001,-0.142,-0.0698,-0.1391,-0.1481,-0.0784,-0.1329,-0.0438,-0.0756,-0.2328,-0.114,-0.1616
1980-04,0.0126,0.0521,0.0105,0.0103,-0.005,39.5,11.47,0.11560472723760619,0.08184904458719708,-0.06678700361010825,0.0575,0.08929999999999999,0.0358,0.0415,0.0956,-0.0403,0.0911,0.027999999999999997,0.0431,0.0241,0.1226,0.0701,0.0297,0.0504,-0.020499999999999997,0.0493,0.0349,0.0489,0.023,0.0235,0.0026,0.0242,-0.024900000000000002,-0.030299999999999997,0.018500000000000003,0.019299999999999998,0.0658,-0.004699999999999999,0.013300000000000001,0.0692,0.1204,0.0733,0.07980000000000001,0.0866,-0.0029,0.036699999999999997,-0.0298,0.0206,0.0548,0.0024,0.0394,0.0481,0.0665,0.0862,0.0654,0.109,0.0584,0.091
1980-05,0.008100000000000001,0.060700000000000004,0.020499999999999997,0.0038,-0.0118,39.5,10.18,0.039745852052407285,0.08515752719765801,-0.005802707930367523,0.0716,0.08779999999999999,0.053899999999999997,0.0947,0.09029999999999999,0.0591,0.0406,0.0969,0.0641,0.0179,0.0347,0.0617,0.0748,0.0757,0.1016,0.0725,0.09369999999999999,0.0353,0.052000000000000005,0.0649,0.0587,0.0793,0.0325,0.0059,-0.0033,0.037200000000000004,0.10859999999999999,0.0676,0.1655,0.0401,0.046,0.05,0.0482,0.08470000000000001,0.033,0.0713,0.069,0.0725,0.0645,0.11460000000000001,0.1223,0.0958,0.1185,0.06509999999999999,0.0641,0.09699999999999999,0.09269999999999999,0.07440000000000001
1980-06,0.0060999999999999995,0.0359,0.0166,-0.008,0.0158,39.5,9.78,0.018406609173536943,0.033218645503836686,0.16926070038910512,0.0729,0.0301,-0.0177,0.0371,0.0567,0.0271,-0.0108,0.0256,0.011699999999999999,0.0425,0.0699,0.0,-0.003,0.0227,0.026099999999999998,0.0181,0.032400000000000005,0.15810000000000002,0.0241,0.1202,0.0602,0.0064,0.0181,-0.0011,0.018799999999999997,0.0225,0.3375,0.06559999999999999,0.0634,0.0583,0.0455,-0.005699999999999999,0.0565,0.0388,0.0395,0.016399999999999998,0.025,0.0253,-0.0092,0.016200000000000003,0.0203,0.0245,0.04019999999999999,0.049400000000000006,0.0453,0.0688,0.0487,0.0519
1980-07,0.0053,0.07039999999999999,0.040999999999999995,-0.0629,0.0032,39.5,10.25,-0.033181236495075817,-0.021411281937390586,0.06988352745424287,0.09119999999999999,0.0323,0.11359999999999999,0.0902,0.073,0.1251,0.0633,0.1093,0.1041,0.1503,0.21660000000000001,0.0886,0.076,0.0857,0.0478,0.1148,0.1159,0.1984,0.1274,0.09820000000000001,0.1189,0.1461,0.1285,0.11939999999999999,0.0911,0.16260000000000002,0.06570000000000001,0.0883,0.0643,0.0196,-0.0012,0.01,0.14029999999999998,0.1251,0.145,0.1445,0.2163,0.1103,0.0793,0.1649,0.1195,0.10949999999999999,0.0955,0.0161,0.0139,0.09380000000000001,0.0463,0.09970000000000001
1980-08,0.0064,0.0239,0.039,-0.0246,0.0308,38.0,11.1,-0.03871089500928444,-0.043865840401082046,-0.02488335925349927,0.10310000000000001,0.0043,-0.0172,0.0124,-0.0070999999999999995,0.0757,0.0172,0.0506,0.0085,0.0172,0.0335,0.0216,-0.0058,0.0315,0.0403,0.0492,0.0060999999999999995,0.0432,0.011200000000000002,0.045599999999999995,0.0087,-0.0084,0.0329,0.015600000000000001,0.0359,0.0023,0.0966,0.0479,0.0011,0.037000000000000005,-0.011699999999999999,0.063,0.0393,0.0732,0.0296,0.057699999999999994,0.0102,-0.0037,0.0021,0.0029,0.0696,0.0025,0.0058,-0.005,0.023,0.0345,0.0292,0.0562
1980-09,0.0075,0.0294,0.0096,-0.0461,0.054400000000000004,36.0,11.51,-0.00848272022614593,-0.015146977691237103,0.07496012759170645,0.0262,0.0016,-0.0446,0.010700000000000001,-0.015700000000000002,0.07200000000000001,0.0126,0.042699999999999995,0.0049,0.0276,0.056799999999999996,0.0418,0.0322,0.0207,0.004699999999999999,-0.001,0.008199999999999999,0.0633,0.0458,0.060899999999999996,0.059000000000000004,0.0177,0.0181,0.0434,0.0447,0.0349,0.2109,0.0876,0.07200000000000001,0.0652,0.0012,-0.016200000000000003,0.0329,0.060899999999999996,-0.0012,0.050300000000000004,0.0533,-0.010700000000000001,0.0106,0.015700000000000002,0.0723,-0.0073,0.0341,-0.0113,0.0334,0.04650000000000001,0.042,0.0527
1980-10,0.0095,0.0199,0.0239,-0.029300000000000003,0.07139999999999999,36.0,11.75,-0.024722825354087048,-0.0044502276350315405,-0.01928783382789323,0.059699999999999996,-0.0089,-0.0346,0.0048,0.038900000000000004,0.0373,-0.0181,-0.0095,0.0051,0.008,0.015300000000000001,0.0345,-0.028399999999999998,-0.0096,0.0229,0.0182,0.0173,0.1389,-0.0103,0.0694,0.0341,0.024700000000000003,-0.042300000000000004,-0.031400000000000004,-0.013999999999999999,-0.0004,-0.0368,0.0108,0.0075,0.0784,0.0192,-0.0321,0.0151,0.0435,0.018799999999999997,0.019,0.0111,0.018500000000000003,-0.013000000000000001,0.0565,-0.003,-0.018000000000000002,-0.013500000000000002,-0.009899999999999999,-0.0443,0.0207,0.0242,0.0426
1980-11,0.0096,0.1056,-0.0327,-0.08109999999999999,0.1519,36.0,12.68,-0.0042531013665066605,-0.04408893513397977,-0.0544629349470499,0.12689999999999999,-0.0138,0.0034000000000000002,0.0015,0.024900000000000002,0.147,0.1945,0.0275,0.054400000000000004,0.0281,0.11410000000000001,0.0953,0.0837,0.0928,0.030699999999999998,-0.017,0.0571,0.1117,0.056100000000000004,0.1328,0.126,0.1195,-0.0097,0.1752,0.1845,0.1661,-0.0007000000000000001,0.1039,0.1462,0.244,0.0739,-0.0046,0.045599999999999995,0.1036,0.0697,0.122,0.1812,0.0613,0.056100000000000004,0.1308,0.0909,0.0060999999999999995,-0.0109,0.0271,-0.0159,0.042300000000000004,0.0992,0.1058
1980-12,0.0131,-0.0315,-0.0028000000000000004,0.027999999999999997,-0.0669,37.0,12.84,0.026756047120455914,0.0016387205793921243,-0.1392,-0.059800000000000006,0.020499999999999997,0.083,-0.0405,0.0083,-0.086,-0.0034000000000000002,0.0172,-0.008199999999999999,-0.0146,0.0305,0.020499999999999997,0.0556,-0.0196,-0.048,-0.027000000000000003,-0.031400000000000004,-0.08470000000000001,-0.0435,-0.0666,-0.0404,-0.0462,-0.0007000000000000001,0.0593,0.0218,0.0512,-0.1744,-0.04,-0.0969,-0.106,-0.0192,0.012199999999999999,-0.051500000000000004,-0.024300000000000002,0.0079,-0.044199999999999996,-0.023799999999999998,-0.027000000000000003,-0.0268,-0.0565,-0.0677,0.003,0.0012,0.0977,0.032799999999999996,0.0084,0.0004,0.0194
1981-01,0.0104,-0.0402,0.0291,0.0674,-0.079,38.0,12.57,-0.0037321440369184906,0.025669976290793487,0.03531598513011147,0.0235,0.0159,0.045599999999999995,0.0458,-0.010700000000000001,-0.08539999999999999,-0.0144,-0.0083,-0.009899999999999999,0.0783,0.0034999999999999996,-0.0333,-0.0139,0.0077,0.0158,0.0725,-0.0001,-0.11560000000000001,0.0070999999999999995,-0.041299999999999996,-0.0676,-0.0248,-0.011899999999999999,-0.0683,-0.1183,-0.0897,-0.11019999999999999,-0.0709,-0.0803,-0.1018,-0.0256,0.0555,0.0027,-0.023700000000000002,-0.08199999999999999,-0.07769999999999999,-0.0966,0.019299999999999998,0.0036,0.022000000000000002,-0.030600000000000002,0.0042,0.0086,-0.0086,-0.016,-0.005,-0.042300000000000004,-0.0667
1981-02,0.010700000000000001,0.016800000000000002,-0.004699999999999999,0.0097,-0.0138,38.0,13.19,-0.03128308061743304,-0.024273507877373625,-0.10233393177737882,-0.0584,0.0124,0.0699,0.0317,0.032400000000000005,0.0070999999999999995,0.052300000000000006,0.026000000000000002,0.08990000000000001,0.0239,-0.0298,0.0378,0.018600000000000002,0.039599999999999996,-0.0159,0.011899999999999999,0.0415,0.0003,0.026000000000000002,-0.0144,0.0355,0.0206,0.0692,-0.0383,-0.0148,-0.0066,-0.0596,-0.0285,-0.0067,-0.0031,-0.0127,0.0213,0.0676,-0.0015,0.0028000000000000004,0.0096,0.0042,0.0692,0.07980000000000001,0.020099999999999996,-0.014199999999999999,0.0327,0.0727,0.0242,0.0169,-0.016,0.0182,0.0165
1981-03,0.0121,0.048799999999999996,0.0334,0.0060999999999999995,0.0083,38.0,13.12,0.027440857503739466,0.01481921202422955,-0.0020000000000000018,0.0438,0.0818,0.041100000000000005,0.07980000000000001,0.0546,0.1273,0.1416,0.07429999999999999,0.0301,0.0877,0.1625,0.0388,0.051699999999999996,0.0256,0.1032,0.048,0.0886,0.0535,0.19940000000000002,0.10369999999999999,0.0536,0.09359999999999999,0.07719999999999999,0.029300000000000003,0.016200000000000003,0.0525,0.1398,0.2775,0.043899999999999995,-0.0212,0.03,0.011699999999999999,0.059500000000000004,0.1079,0.0168,0.09480000000000001,0.0696,0.0767,0.050199999999999995,0.11779999999999999,0.129,0.1367,0.09630000000000001,0.027000000000000003,0.1209,0.1549,0.0694,0.0557
1981-04,0.0108,-0.0108,0.045,0.022799999999999997,-0.0108,38.0,13.68,-0.04277136897014675,-0.019771989358805114,-0.006012024048096198,0.0426,0.0039000000000000003,-0.019299999999999998,-0.020499999999999997,0.01,0.0454,0.0075,0.06,-0.0048,-0.0329,0.0446,0.0217,0.0308,-0.0232,0.0434,0.1066,-0.0095,-0.0762,-0.0161,0.0078000000000000005,-0.0005,0.049100000000000005,0.0172,0.0106,0.0034999999999999996,-0.0121,0.005600000000000001,-0.0848,-0.0649,-0.0781,-0.0269,0.062,0.063,0.0397,-0.0216,0.0215,0.0385,-0.044500000000000005,-0.0275,0.0197,-0.0131,0.0406,0.044199999999999996,0.0037,0.024,-0.011899999999999999,0.0017000000000000001,0.0265
1981-05,0.0115,0.012799999999999999,0.0194,-0.0043,0.0355,38.0,14.1,0.04393241182562579,-0.011126794956538996,-0.032258064516129004,0.050199999999999995,0.014199999999999999,0.061799999999999994,0.0131,0.0187,0.0581,0.058600000000000006,0.0554,-0.0017000000000000001,0.0166,0.1206,0.050499999999999996,0.0182,-0.0134,0.0354,0.0064,0.0087,-0.038599999999999995,-0.005,0.0369,-0.011000000000000001,0.034,0.0291,-0.0069,-0.0191,0.005,0.0187,-0.0086,0.0034000000000000002,-0.04,0.0184,0.0721,-0.0013,0.0347,0.0342,0.0464,0.0718,0.0,-0.0103,0.0527,0.0197,0.026099999999999998,0.0315,0.0524,0.0152,-0.0083,0.0209,0.0464
1981-06,0.013500000000000002,-0.009899999999999996,-0.0083,0.051399999999999994,-0.056900000000000006,36.0,13.47,-0.008195438651876207,0.04499185253367344,-0.039583333333333304,-0.0023,-0.0058,-0.0172,0.0059,0.013300000000000001,-0.0958,-0.042199999999999994,-0.0083,-0.0163,0.0159,-0.0924,-0.0725,-0.045700000000000005,0.0227,-0.025099999999999997,-0.0033,-0.011699999999999999,-0.0424,-0.054000000000000006,-0.0161,-0.031200000000000002,-0.0463,-0.0274,-0.027999999999999997,-0.015,-0.066,-0.1971,0.037599999999999995,0.0116,0.0475,0.0346,-0.0191,0.021,-0.05,-0.0582,-0.0746,-0.0941,-0.0023,0.004699999999999999,-0.0702,-0.0255,-0.011699999999999999,-0.0125,0.0268,0.025699999999999997,0.0115,0.0086,-0.0553
1981-07,0.0124,-0.0031000000000000003,-0.0207,-0.0060999999999999995,-0.0245,36.0,14.28,-0.03159018367637611,-0.03257885025703045,-0.11279826464208242,-0.0028000000000000004,-0.0103,-0.0246,-0.0109,0.0222,-0.0659,-0.0694,-0.0151,-0.0286,0.0055000000000000005,-0.030299999999999997,-0.034300000000000004,-0.0418,-0.038900000000000004,-0.0111,-0.03,-0.055999999999999994,-0.038900000000000004,0.0014000000000000002,0.0466,0.0060999999999999995,-0.0545,-0.0344,-0.0664,-0.08470000000000001,-0.0392,0.0616,0.0437,0.0909,0.0793,0.027999999999999997,0.0034000000000000002,-0.0438,-0.0363,-0.0449,-0.0292,-0.022000000000000002,-0.032799999999999996,-0.0414,-0.045,-0.0368,-0.028399999999999998,-0.061799999999999994,-0.037200000000000004,-0.0479,-0.0246,-0.021,-0.0115
1981-08,0.0128,-0.0574,-0.0195,0.0471,-0.0109,36.0,14.94,-0.025972641155990704,-0.022683045348939203,0.0024449877750611915,-0.059699999999999996,-0.0496,-0.034300000000000004,-0.0575,-0.0572,-0.0316,-0.07980000000000001,-0.039900000000000005,-0.0622,-0.054000000000000006,-0.1586,-0.1082,-0.0558,-0.0646,-0.0916,-0.0632,-0.0638,-0.0582,-0.07400000000000001,-0.057800000000000004,-0.0682,-0.0451,-0.0897,-0.1099,-0.1481,-0.0828,0.0885,-0.0159,-0.12369999999999999,-0.06269999999999999,-0.0085,-0.0077,-0.0602,-0.0617,-0.051399999999999994,-0.09519999999999999,-0.1001,-0.08560000000000001,-0.0519,-0.0788,-0.032400000000000005,-0.061399999999999996,-0.1033,-0.0537,-0.0471,-0.0654,-0.0521,-0.0766
1981-09,0.0124,-0.059500000000000004,-0.0268,0.051100000000000007,0.0213,36.0,15.32,-0.008738922950027594,-0.0069638047406347155,0.08292682926829276,-0.0268,-0.0331,0.013999999999999999,-0.005699999999999999,0.0026,-0.0207,-0.0166,-0.051399999999999994,-0.0233,-0.032,-0.009300000000000001,0.0169,-0.0218,-0.0897,-0.0666,-0.022400000000000003,-0.0827,-0.1297,-0.0944,-0.1144,-0.0969,-0.0537,-0.0395,-0.0471,-0.0521,-0.062,-0.1424,-0.1162,-0.0876,-0.1234,-0.0554,0.028399999999999998,-0.025099999999999997,-0.0718,-0.0339,-0.038,-0.048499999999999995,-0.0786,-0.051699999999999996,-0.056799999999999996,-0.0849,-0.0275,-0.0305,-0.01,-0.0005,-0.0949,-0.0398,-0.08810000000000001
1981-10,0.0121,0.0613,0.0213,-0.0409,0.0393,35.0,15.15,0.072955089484906,0.021327544526063107,-0.013513513513513487,0.0666,0.0815,0.1153,0.083,0.0587,0.1128,0.1166,0.08529999999999999,0.0155,0.0128,0.14880000000000002,0.09480000000000001,0.0655,0.062,0.0689,0.058600000000000006,0.0105,-0.0366,0.0137,0.147,0.0373,0.0397,-0.087,0.0691,0.1167,0.0759,-0.0632,0.0181,0.139,0.0956,0.0489,0.0602,0.055,0.1143,0.0187,0.0836,0.0781,0.0070999999999999995,0.029300000000000003,0.0898,0.08529999999999999,0.0557,0.1092,0.0592,0.0837,0.0677,0.079,0.0967
1981-11,0.010700000000000001,0.044700000000000004,-0.0109,0.0191,-0.002,36.0,13.39,0.08973807627717002,0.10182711437082759,-0.057077625570776225,0.0382,0.019799999999999998,0.006999999999999999,0.0335,0.0375,-0.0385,0.033,0.056900000000000006,0.0594,0.0023,-0.0467,0.0704,0.0431,0.039,0.024,0.0028000000000000004,0.055,0.1012,0.044000000000000004,0.0158,0.0674,0.0352,0.0288,-0.016399999999999998,-0.0533,-0.07150000000000001,-0.013600000000000001,0.0431,0.0541,0.0687,0.059500000000000004,0.027000000000000003,0.0572,0.0304,0.028999999999999998,0.0171,-0.0363,0.10490000000000001,0.07440000000000001,0.048,0.0161,0.0116,0.0152,0.0507,0.0564,0.057999999999999996,0.0596,0.024300000000000002
1981-12,0.0087,-0.0276,0.0118,0.0079,0.0127,35.0,13.72,-0.03564617036526336,-0.006743942206101519,-0.007263922518159771,0.019299999999999998,0.0154,-0.029300000000000003,-0.0213,-0.059500000000000004,-0.0031,-0.021099999999999997,-0.034300000000000004,-0.0128,-0.0264,-0.055999999999999994,-0.011200000000000002,0.0005,-0.025,-0.024900000000000002,0.010700000000000001,-0.0181,-0.0189,-0.0268,0.006500000000000001,-0.0281,-0.0054,0.0323,-0.0038,0.0268,0.0036,-0.0894,-0.059000000000000004,-0.059000000000000004,-0.0642,-0.0235,-0.014499999999999999,-0.0075,-0.0199,0.0209,-0.0231,-0.0181,-0.032,-0.0005,-0.039,-0.0265,-0.0171,-0.0342,-0.0546,-0.0447,-0.0146,-0.028999999999999998,-0.0346
1982-01,0.008,-0.024300000000000002,-0.0125,0.0319,0.0176,33.85,14.59,0.003168197462775812,-0.03515636063760322,-0.06341463414634141,-0.077,0.0077,-0.022099999999999998,0.018500000000000003,0.0069,-0.0034999999999999996,0.0722,-0.045899999999999996,0.0472,-0.015600000000000001,-0.033,0.0191,0.0192,-0.0482,-0.0371,0.022799999999999997,-0.061,-0.08199999999999999,-0.0886,-0.067,-0.0541,-0.0212,-0.009899999999999999,-0.044000000000000004,0.0254,-0.0288,-0.1134,-0.1617,-0.07490000000000001,-0.0848,-0.0067,0.0067,-0.0326,-0.0405,0.06269999999999999,-0.0271,0.0421,-0.0501,-0.0121,-0.0349,-0.0216,0.0121,-0.0067,-0.0102,0.006999999999999999,-0.037200000000000004,-0.0374,-0.0398
1982-02,0.0092,-0.049400000000000006,0.0046,0.060899999999999996,0.0487,31.56,14.43,0.01757847457857233,0.020442648423148142,-0.02604166666666663,-0.0366,0.0187,-0.0688,-0.0155,-0.0366,-0.08839999999999999,-0.0475,-0.012199999999999999,-0.0334,-0.0406,-0.0527,-0.014199999999999999,-0.0139,-0.0728,-0.0031,-0.0443,-0.051500000000000004,-0.09759999999999999,-0.0472,-0.0649,-0.0825,-0.0393,-0.0331,-0.0565,-0.08929999999999999,0.0054,-0.08349999999999999,-0.0791,-0.1293,-0.1118,-0.0034000000000000002,-0.056900000000000006,-0.0252,-0.0545,-0.0418,-0.0547,-0.08789999999999999,-0.025,-0.0255,-0.048,-0.0353,-0.0058,-0.0275,-0.0217,0.0004,-0.044199999999999996,-0.0458,-0.0496
1982-03,0.0098,-0.008400000000000001,-0.0019,0.037599999999999995,0.0291,28.48,13.86,0.0037554107395763696,0.04171991221684554,-0.11764705882352944,-0.053899999999999997,0.0212,0.08130000000000001,0.0473,0.0365,0.061399999999999996,0.047400000000000005,0.0014000000000000002,0.01,0.006,-0.0252,-0.0148,-0.028900000000000002,-0.0132,-0.0192,0.0044,-0.0235,-0.0666,-0.051500000000000004,-0.10710000000000001,-0.038599999999999995,0.0242,0.0446,0.0045000000000000005,0.0067,-0.0911,-0.060899999999999996,-0.1423,-0.06570000000000001,-0.0338,0.0166,0.020499999999999997,0.0163,-0.0291,-0.0557,-0.0079,-0.0276,-0.0252,-0.006,0.0095,-0.0037,0.050300000000000004,0.0721,-0.0095,0.0155,-0.0066,-0.0219,-0.0069
1982-04,0.0113,0.0437,0.016399999999999998,-0.0308,-0.0046,33.45,13.87,0.02812314925706693,0.011017405139797884,0.06060606060606055,0.09880000000000001,0.0634,0.058499999999999996,0.0993,0.0713,0.0771,0.021,0.0499,0.0208,0.0658,0.10490000000000001,0.08220000000000001,0.0677,0.0492,0.0276,0.10220000000000001,0.034,0.0121,0.016,0.0393,0.0039000000000000003,0.0665,0.0508,0.0509,0.1405,0.0757,-0.0246,0.0049,0.0333,0.0433,0.0385,-0.013600000000000001,0.0755,0.0757,0.06570000000000001,0.0776,0.1035,0.04650000000000001,0.0226,0.036699999999999997,0.0332,0.059500000000000004,0.052000000000000005,0.0369,0.0005,0.0349,0.0437,0.0635
1982-05,0.0106,-0.028700000000000003,0.0017000000000000001,0.0178,0.025099999999999997,35.93,13.62,0.020076530433620947,0.024868016302532825,-0.04571428571428571,-0.0556,-0.0276,-0.0118,-0.0256,-0.047400000000000005,-0.0664,-0.057800000000000004,-0.0574,-0.0199,-0.002,-0.06860000000000001,-0.0187,-0.0292,-0.0446,-0.031400000000000004,-0.0292,-0.0557,-0.06860000000000001,-0.07,-0.024,-0.0843,-0.0349,-0.0011,-0.0435,-0.09179999999999999,-0.030699999999999998,-0.1048,-0.0576,-0.1013,0.0248,-0.0054,0.002,-0.08900000000000001,-0.0418,-0.0526,-0.061500000000000006,-0.0388,-0.0673,-0.0395,-0.0642,-0.0227,-0.0264,-0.044199999999999996,-0.0731,-0.061900000000000004,-0.0048,-0.0444,-0.0426
1982-06,0.0096,-0.021200000000000004,-0.0043,0.015600000000000001,0.048799999999999996,35.07,14.3,-0.027682791168105493,-0.025207745389276434,-0.05688622754491013,-0.0352,0.019,0.0355,0.020499999999999997,0.027000000000000003,-0.011000000000000001,0.0416,-0.0007000000000000001,0.015600000000000001,0.028300000000000002,0.0002,0.0173,-0.0159,-0.0487,-0.0308,-0.0308,-0.0254,-0.046900000000000004,-0.0687,-0.1726,-0.0547,-0.020099999999999996,0.038599999999999995,-0.0183,0.0348,-0.0391,-0.1275,-0.07139999999999999,-0.0587,-0.06269999999999999,-0.022099999999999998,-0.0245,-0.0311,-0.0246,-0.021099999999999997,-0.017,-0.04650000000000001,-0.0053,0.0123,0.0054,-0.011399999999999999,0.034300000000000004,0.018000000000000002,-0.0215,-0.0275,-0.08070000000000001,-0.026000000000000002,-0.0334
1982-07,0.0105,-0.0215,0.0091,0.0007000000000000001,0.044000000000000004,34.16,13.95,0.051611311056339704,0.030242001616139956,0.07619047619047614,-0.0546,-0.0033,0.046799999999999994,0.08529999999999999,-0.055,0.0461,-0.039900000000000005,-0.0219,0.0165,-0.015700000000000002,0.084,-0.0097,0.0028000000000000004,-0.043899999999999995,-0.0353,0.015600000000000001,-0.0127,-0.0803,-0.045700000000000005,-0.0362,-0.0599,-0.0172,-0.0371,0.039,0.0103,0.0146,0.0418,-0.11259999999999999,-0.10779999999999999,-0.0809,-0.0259,0.012,0.0048,-0.0088,0.0388,0.001,-0.0208,-0.0337,-0.0054,-0.0592,-0.0167,0.005699999999999999,-0.0013,-0.0377,-0.0344,-0.0432,-0.0258,-0.0014000000000000002
1982-08,0.0076,0.1199,-0.042800000000000005,0.0109,-0.0356,33.95,13.06,0.0580626466956882,0.05886010488344863,0.07374631268436582,0.009399999999999999,0.0722,0.0784,0.0412,0.1359,0.0802,-0.0012,0.12279999999999999,0.1245,0.11449999999999999,0.18510000000000001,0.1386,0.1108,0.1531,0.0548,0.0919,0.1401,0.192,0.1349,0.016399999999999998,0.1173,0.15439999999999998,0.15810000000000002,0.2051,0.1435,0.3064,0.39640000000000003,0.1351,0.10769999999999999,0.10039999999999999,0.1208,0.1085,0.1405,0.111,0.12539999999999998,0.1105,0.1961,0.15539999999999998,0.1487,0.1175,0.1628,0.1168,0.11789999999999999,0.1109,0.0814,0.0877,0.12789999999999999,0.056900000000000006
1982-09,0.0051,0.0182,0.0287,0.0023,0.0414,35.63,12.34,0.07062656655589973,0.05045560883032377,0.2005494505494505,0.077,0.0232,0.0599,0.0444,0.043899999999999995,-0.0024,-0.0037,0.0902,0.003,0.10980000000000001,0.030299999999999997,-0.019,0.0213,-0.0042,0.0351,0.0265,0.0059,0.0227,-0.052300000000000006,-0.056900000000000006,-0.0473,-0.025,-0.0152,0.0075,-0.0197,0.0051,0.0754,-0.0308,-0.0263,0.0189,0.010700000000000001,0.01,0.073,0.055099999999999996,0.0163,0.0001,-0.0058,-0.013999999999999999,0.0194,-0.030299999999999997,0.039,0.057,0.0127,0.0653,0.08130000000000001,0.0264,0.052300000000000006,0.0346
1982-10,0.0059,0.1189,0.023799999999999998,-0.0362,0.0,35.68,10.91,0.06891811911734727,0.0911733694182798,-0.034324942791762014,0.10980000000000001,0.08539999999999999,0.0179,0.0747,0.1216,0.1937,0.2114,0.16829999999999998,0.1195,0.1276,0.17010000000000003,0.0697,0.0718,0.1251,0.1173,0.1679,0.1859,0.2426,0.0929,0.0975,0.114,0.1794,0.1721,0.1624,0.0216,0.1512,0.18109999999999998,0.10339999999999999,0.0919,0.0546,0.0473,0.0812,0.1202,0.1813,0.1493,0.1887,0.1772,0.1789,0.1326,0.1841,0.1784,0.1722,0.124,0.20440000000000003,0.1058,0.19579999999999997,0.1459,0.154
1982-11,0.0063,0.053099999999999994,0.0463,-0.018000000000000002,0.0591,34.15,10.55,0.004086809801225909,0.0306828942448319,-0.016587677725118488,0.0462,0.0407,0.0707,0.0707,-0.0209,0.11460000000000001,0.057800000000000004,0.1099,0.087,0.099,0.121,0.0771,0.0317,0.0305,0.087,0.039900000000000005,0.1105,0.1398,0.0364,0.0322,0.0484,0.073,0.08449999999999999,0.0433,-0.035699999999999996,0.0593,0.1211,-0.0102,-0.004,-0.0462,0.0012,0.06,0.0741,0.10769999999999999,0.1032,0.09300000000000001,0.1456,0.057,0.0429,0.115,0.1117,0.1198,0.0625,0.0634,0.0761,0.1588,0.0594,0.0932
1982-12,0.0067,0.012300000000000002,-0.0031,-0.0006,0.0,31.72,10.54,0.034910310311808794,0.009400500523457343,0.07228915662650603,0.0317,0.0179,-0.0076,-0.0397,-0.0040999999999999995,-0.0843,-0.1732,0.0366,-0.0123,0.0073,0.0392,0.0206,-0.0054,-0.0202,0.0263,0.0455,0.0403,-0.0165,0.0572,0.0452,0.0464,0.0154,0.0593,0.0209,0.0434,-0.040999999999999995,0.2304,0.061399999999999996,0.013999999999999999,0.0557,0.0434,-0.0123,-0.0073,0.0025,0.057699999999999994,-0.011000000000000001,0.0062,-0.0013,0.0175,-0.008,0.0014000000000000002,-0.0298,-0.014199999999999999,-0.048499999999999995,-0.0074,0.0223,-0.0207,0.011399999999999999
1983-01,0.0069,0.042800000000000005,0.0282,-0.0072,-0.016399999999999998,31.19,10.46,-0.018369871970440477,0.013656045222331391,0.08089887640449445,0.009000000000000001,0.0007000000000000001,-0.030600000000000002,0.0151,-0.0141,0.10300000000000001,0.014199999999999999,-0.0397,0.038,-0.0173,-0.031400000000000004,0.008,0.0254,0.0917,0.06849999999999999,0.042199999999999994,0.0264,0.0665,0.0814,0.052000000000000005,0.0604,0.0625,0.0235,0.07690000000000001,0.1324,0.018600000000000002,0.2302,0.12050000000000001,0.071,0.036000000000000004,0.036699999999999997,0.1244,0.0216,0.08310000000000001,0.0767,0.0862,0.1048,0.023799999999999998,0.0062,0.0664,0.045899999999999996,0.0073,-0.0001,0.0191,-0.0086,0.0363,0.004,0.0692
1983-02,0.0062,0.0321,0.0318,0.0066,0.0371,28.95,10.72,0.04093292639502117,-0.007172866179846912,0.02079002079002068,0.0776,0.009899999999999999,0.0016,0.0415,0.02,0.1263,0.06709999999999999,0.0784,0.0451,0.09789999999999999,0.0779,0.022000000000000002,0.0209,0.0418,0.11320000000000001,0.0592,0.0542,-0.0018,0.0387,-0.0026,0.0069,0.0519,0.005,0.0536,0.0757,0.0225,-0.255,-0.0603,-0.0796,-0.0051,0.0159,-0.0037,0.07519999999999999,0.0711,0.026600000000000002,0.0417,0.064,0.059000000000000004,0.057999999999999996,0.0582,0.0867,0.0748,0.0931,0.057699999999999994,0.08199999999999999,0.0699,0.043899999999999995,0.0441
1983-03,0.0063,0.0344,0.0175,0.0206,0.0088,28.82,10.51,-0.013003041822427086,0.021628282472142938,-0.14460285132382888,0.038599999999999995,0.0524,0.0699,0.1165,0.0571,-0.0922,0.0073,0.1012,0.0040999999999999995,0.1321,0.1429,0.0315,0.0302,0.0113,0.0828,0.0808,0.054299999999999994,0.0521,0.029300000000000003,0.023700000000000002,0.004699999999999999,-0.0191,-0.009000000000000001,0.0707,0.011699999999999999,0.06309999999999999,0.0482,0.026699999999999998,-0.0015,0.059800000000000006,0.0025,0.0064,0.014199999999999999,0.022099999999999998,0.0113,0.0173,-0.037599999999999995,0.025,0.025699999999999997,0.0178,0.0361,0.1057,0.0424,0.0797,0.06860000000000001,0.1173,0.061500000000000006,0.0063
1983-04,0.0070999999999999995,0.0737,0.0046,0.0043,0.016399999999999998,30.61,10.4,0.030096837107777642,0.01546674217435175,0.030952380952380842,-0.0317,0.061399999999999996,0.0412,0.0509,0.0454,0.0329,0.0664,0.08900000000000001,0.06,0.087,0.045599999999999995,0.0447,0.0535,0.0877,0.0608,0.0679,0.0361,0.0968,0.0305,0.0315,0.0582,0.008199999999999999,0.1588,0.0509,0.14150000000000001,0.1368,0.11449999999999999,0.0839,0.0269,0.0942,0.0478,0.051399999999999994,0.1235,0.057999999999999996,0.1128,0.036699999999999997,-0.0138,0.0812,0.0816,0.0317,0.06559999999999999,0.09699999999999999,0.0699,0.1233,0.0475,0.08460000000000001,0.09390000000000001,0.0836
1983-05,0.0069,0.012,0.062,-0.013999999999999999,-0.015600000000000001,30.0,10.38,-0.024707788335554287,0.009892022484604156,0.011547344110854452,0.0327,0.003,-0.0447,-0.0351,-0.049800000000000004,0.09210000000000002,0.0458,0.0001,-0.0588,0.0014000000000000002,0.0039000000000000003,-0.023399999999999997,-0.0358,0.043899999999999995,0.0633,0.022099999999999998,0.013600000000000001,0.0599,0.0962,0.061200000000000004,0.0487,0.0709,-0.0141,0.005,0.0415,0.0588,0.1306,0.0924,0.1128,0.0125,0.0254,-0.0131,-0.0141,0.0446,-0.0063,0.058899999999999994,0.1072,0.0137,0.027200000000000002,0.0446,0.0217,0.0,0.0341,-0.0096,-0.016399999999999998,0.054400000000000004,0.016399999999999998,0.0625
1983-06,0.0067,0.037399999999999996,0.009300000000000001,-0.038900000000000004,0.018600000000000002,31.0,10.85,-2.5523092060844577e-05,-0.020170081870994318,-0.057077625570776225,0.0059,0.0275,-0.0113,0.0007000000000000001,-0.004,0.1107,0.0017000000000000001,0.061200000000000004,0.0426,0.0895,0.048499999999999995,0.061900000000000004,0.07629999999999999,0.009399999999999999,0.026600000000000002,0.0736,-0.0064,-0.0084,-0.02,0.0335,0.0368,0.0694,0.1033,0.07519999999999999,0.0337,0.0426,-0.057800000000000004,0.0098,0.0931,0.064,-0.0055000000000000005,0.0018,0.0339,0.0403,0.063,0.0499,0.0981,-0.0248,-0.0028000000000000004,0.08220000000000001,0.0707,0.061900000000000004,0.0801,-0.011699999999999999,-0.0022,-0.0362,0.013000000000000001,0.041299999999999996
1983-07,0.0074,-0.03319999999999999,0.015,0.0555,-0.0308,31.66,11.38,-0.03874761558558742,-0.022824842173553215,-0.02421307506053272,0.060899999999999996,-0.0213,-0.055,-0.0129,0.0116,-0.0203,-0.09880000000000001,-0.0414,-0.060700000000000004,-0.056600000000000004,-0.08349999999999999,-0.09820000000000001,-0.0354,0.0,0.0046,-0.0054,-0.0329,-0.0565,-0.008199999999999999,0.0733,-0.0308,-0.0729,-0.0213,-0.059800000000000006,-0.0139,-0.0034000000000000002,-0.013999999999999999,0.0023,-0.015700000000000002,-0.022799999999999997,0.0102,-0.051699999999999996,-0.0437,-0.0815,-0.0438,-0.0408,-0.0737,-0.006999999999999999,-0.0339,-0.052199999999999996,-0.0717,-0.0222,-0.055,-0.0216,-0.068,-0.055,-0.0059,-0.0278
1983-08,0.0076,0.0026,-0.0429,0.0559,-0.0536,31.91,11.85,-0.0029407485908331567,-0.0181626361800337,0.032258064516129004,-0.027200000000000002,0.0109,0.058499999999999996,0.0466,0.0571,0.0015,-0.0425,-0.0199,-0.0125,-0.0652,-0.0493,-0.0358,0.0079,0.0688,-0.041299999999999996,-0.0032,-0.0391,-0.053200000000000004,0.075,-0.0848,-0.0115,-0.022000000000000002,-0.0304,-0.0518,-0.0858,-0.0248,0.0329,0.0079,0.0115,0.0693,0.0152,0.022000000000000002,-0.0239,-0.024700000000000003,-0.0054,-0.0231,0.0063,-0.001,-0.0059,-0.024900000000000002,-0.026099999999999998,-0.054299999999999994,-0.0358,0.0111,0.0175,-0.0301,0.0007000000000000001,-0.0639
1983-09,0.0076,0.0168,0.0060999999999999995,0.009899999999999999,-0.0001,31.11,11.65,0.040977276967554155,0.021415084236333405,-0.009615384615384581,0.008,0.0659,0.021,0.0574,0.0855,0.0233,0.023399999999999997,0.0384,0.0301,0.0109,-0.0219,0.0187,0.019299999999999998,-0.0022,0.0218,0.0178,0.038599999999999995,0.013999999999999999,-0.0226,0.0067,0.04190000000000001,0.0336,0.04650000000000001,0.0395,0.14679999999999999,0.054900000000000004,-0.1848,-0.0447,0.041299999999999996,-0.046799999999999994,0.0466,0.0226,0.0018,0.023700000000000002,0.0344,0.0152,-0.014199999999999999,0.015700000000000002,0.0493,0.013300000000000001,0.0263,0.0199,0.0369,0.029300000000000003,0.0191,0.0436,0.0141,0.020499999999999997
1983-10,0.0076,-0.026700000000000005,-0.0355,0.0496,-0.044800000000000006,30.41,11.54,-0.008069552147849055,0.01610739857252314,-0.043689320388349495,-0.043,0.0417,0.0273,-0.024700000000000003,0.026600000000000002,-0.054299999999999994,-0.04,-0.051,-0.011899999999999999,-0.046900000000000004,-0.11220000000000001,-0.048600000000000004,0.0068000000000000005,-0.028900000000000002,-0.048799999999999996,-0.040999999999999995,-0.0344,-0.1042,-0.052000000000000005,-0.0473,-0.0484,-0.025,0.0181,-0.0377,0.0017000000000000001,-0.014499999999999999,-0.1324,-0.10679999999999999,-0.0674,-0.02,0.0305,-0.0519,-0.0472,-0.1036,-0.048499999999999995,-0.0683,-0.1195,-0.0045000000000000005,0.0194,0.016,-0.0529,-0.0092,-0.030600000000000002,-0.0665,-0.0121,-0.0473,-0.0225,-0.0906
1983-11,0.006999999999999999,0.0287,0.0202,-0.0073,-0.0013,29.84,11.69,0.016158909478525062,0.0008512739848235626,-0.030456852791878153,0.0455,0.0208,0.07139999999999999,-0.039900000000000005,0.0079,0.046,-0.0006,0.0248,0.0836,0.015300000000000001,-0.0325,-0.026600000000000002,-0.031,0.024399999999999998,0.006999999999999999,0.0868,0.0794,0.0661,0.09539999999999998,0.0212,0.0625,0.10859999999999999,0.0025,0.10779999999999999,0.0616,0.0355,0.1789,0.0601,0.0327,-0.0049,-0.016399999999999998,0.0317,0.0759,0.0565,-0.0233,0.0796,0.09880000000000001,0.1247,0.041100000000000005,0.0712,0.0475,0.0414,0.0553,0.07200000000000001,0.0365,0.0484,0.0268,0.044199999999999996
1983-12,0.0073,-0.0104,-0.0025,0.0175,0.008199999999999999,29.24,11.83,-0.001370311322680633,0.0016107093814980433,0.015706806282722585,0.0116,0.0033,-0.0097,-0.029900000000000003,0.0339,-0.009899999999999999,0.0713,-0.0204,0.0028000000000000004,-0.0338,0.014499999999999999,-0.0363,-0.0463,-0.03,-0.0106,-0.019799999999999998,-0.0111,-0.0168,0.0108,-0.0031,0.0125,-0.004,0.0064,-0.0169,-0.0016,-0.0341,-0.0199,-0.019299999999999998,-0.061200000000000004,0.0218,-0.0364,-0.015300000000000001,-0.0012,-0.029500000000000002,0.0246,-0.0279,0.0262,-0.0199,-0.0187,-0.0062,-0.011000000000000001,-0.0596,-0.0449,-0.0037,-0.0116,-0.0385,-0.0059,-0.026600000000000002
1984-01,0.0076,-0.0116,-0.0034999999999999996,0.0748,-0.025699999999999997,29.69,11.67,0.018515646914947375,0.019097924583583267,-0.04381443298969068,0.0265,0.0281,-0.0356,-0.013600000000000001,0.0489,-0.0812,0.0176,-0.0536,-0.0565,-0.0719,0.0262,-0.0562,0.0029,-0.0426,0.0096,-0.040999999999999995,-0.0361,-0.0096,-0.0196,-0.019,-0.0091,-0.0458,-0.0394,-0.013999999999999999,-0.06849999999999999,-0.047,-0.0086,0.0175,0.0084,0.0993,0.0144,0.040999999999999995,-0.0703,-0.0747,-0.057,-0.06559999999999999,-0.058499999999999996,-0.0558,-0.0346,-0.042199999999999994,-0.0424,-0.0629,-0.042300000000000004,0.0301,-0.0393,-0.026699999999999998,0.0004,-0.0557
1984-02,0.0070999999999999995,-0.04059999999999999,-0.0168,0.0341,0.0045000000000000005,30.145,11.84,-0.011781532519271389,-0.00015637980615177544,0.040431266846361114,-0.0588,-0.053,0.0070999999999999995,-0.07780000000000001,-0.0768,-0.0605,-0.0907,-0.0832,-0.0541,-0.0168,-0.0424,-0.0646,-0.0033,-0.0706,-0.06280000000000001,-0.0781,-0.07339999999999999,-0.0317,-0.0764,-0.0681,-0.0746,-0.0736,-0.0665,-0.0681,-0.075,-0.10830000000000001,0.1384,-0.0019,-0.0466,0.0403,-0.0334,-0.0368,-0.0646,-0.0625,-0.043899999999999995,-0.0747,-0.0944,-0.0538,-0.0337,-0.07490000000000001,-0.046,-0.0436,-0.0576,-0.0655,-0.0183,-0.07519999999999999,-0.051,-0.062400000000000004
1984-03,0.0073,0.0138,0.001,0.0053,0.011200000000000002,30.761,12.32,-0.0180224048546136,-0.017840817765672805,0.020725388601036343,0.0369,0.0023,0.0594,-0.011899999999999999,-0.0176,0.0232,0.1093,0.0659,0.025,0.006,0.018500000000000003,-0.028300000000000002,-0.0058,0.0602,0.0291,-0.018799999999999997,0.045599999999999995,0.037599999999999995,0.057300000000000004,0.047599999999999996,0.047400000000000005,-0.0045000000000000005,-0.0239,-0.0387,-0.0259,0.0365,-0.0001,0.0699,0.025699999999999997,0.0025,-0.0031,-0.043,0.0043,0.0143,0.021,0.0147,0.032,0.0839,-0.003,0.015300000000000001,0.031400000000000004,0.0031,0.039900000000000005,-0.0223,0.06309999999999999,0.0204,0.0168,-0.0032
1984-04,0.008100000000000001,0.003000000000000001,-0.0116,0.011899999999999999,0.021400000000000002,30.618,12.63,-0.0058377636585707545,-0.007283074882527486,-0.032994923857868064,-0.0374,0.0014000000000000002,0.016200000000000003,0.0068000000000000005,-0.0139,0.0455,-0.059500000000000004,0.023399999999999997,-0.0013,-0.0040999999999999995,0.057,0.0326,0.013999999999999999,0.0116,0.016,0.0037,-0.0155,-0.0508,-0.0557,0.0167,-0.0155,0.0316,0.011200000000000002,0.0092,0.0758,0.028300000000000002,-0.0978,-0.0361,0.0213,0.04,-0.005,0.022000000000000002,-0.0319,-0.024300000000000002,0.0055000000000000005,-0.0066,-0.019,-0.015700000000000002,0.0277,-0.0382,-0.0075,0.0083,-0.018500000000000003,-0.006999999999999999,-0.0348,-0.0285,0.0014000000000000002,-0.0066
1984-05,0.0078000000000000005,-0.052000000000000005,0.0007000000000000001,0.0026,0.0152,30.52,13.41,-0.049799217150907786,-0.03308590597269545,-0.01049868766404205,-0.0443,-0.0268,0.0016,-0.003,-0.0075,-0.0993,-0.0215,-0.0323,-0.02,-0.0623,-0.0432,-0.1363,-0.0499,-0.06849999999999999,-0.0676,-0.039,-0.0888,-0.1052,-0.095,0.0128,-0.0787,-0.0866,-0.061500000000000006,-0.0147,-0.0764,-0.0802,-0.0393,-0.059699999999999996,-0.0347,-0.0513,-0.0083,-0.035699999999999996,-0.0325,-0.051100000000000007,-0.0519,-0.0507,-0.0654,-0.098,-0.025099999999999997,-0.0482,-0.0707,-0.0509,-0.032400000000000005,-0.1032,-0.0919,-0.0332,-0.0504,-0.07200000000000001
1984-06,0.0075,0.0256,-0.0024,-0.0275,-0.0055000000000000005,29.967,13.56,0.01531257555160609,0.003044007217514723,0.0026525198938991412,0.0286,0.0733,0.0556,0.0051,0.0675,-0.0101,0.0046,0.0848,0.033,0.044199999999999996,0.026000000000000002,-0.0059,0.0521,0.0015,0.0388,0.0215,0.0171,0.0038,-0.015,-0.005699999999999999,-0.0083,0.0518,0.04,0.0928,0.1257,0.0516,-0.08960000000000001,-0.10060000000000001,-0.048,-0.019799999999999998,0.0044,0.12210000000000001,0.0868,0.0662,-0.004699999999999999,0.046799999999999994,0.039900000000000005,0.0383,0.08779999999999999,0.025,0.062400000000000004,0.0762,0.0741,0.016,0.0421,-0.0034999999999999996,0.015300000000000001,0.050300000000000004
1984-07,0.008199999999999999,-0.019000000000000003,-0.022099999999999998,0.0031,0.0278,28.752,13.36,0.06110329322932803,0.0220776033350494,-0.07936507936507942,-0.006500000000000001,-0.0258,0.0316,-0.019799999999999998,0.004,0.020499999999999997,-0.0507,-0.0147,0.0001,-0.0495,0.0098,-0.024399999999999998,-0.0528,-0.0231,-0.0518,-0.0789,-0.0203,-0.0359,-0.0922,-0.07200000000000001,-0.050499999999999996,-0.024399999999999998,0.0406,0.0398,0.004699999999999999,0.0454,-0.1981,-0.1268,-0.0949,-0.0745,-0.0001,0.0281,0.028300000000000002,-0.0675,0.006999999999999999,-0.0519,-0.0392,0.0437,-0.0171,-0.026600000000000002,-0.0369,0.0102,-0.019,0.0084,-0.0213,-0.0316,-0.0062,-0.028999999999999998
1984-08,0.0083,0.111,-0.0028000000000000004,-0.018000000000000002,-0.055999999999999994,29.25,12.72,0.017393134383677986,0.045893953950169736,0.0,0.10980000000000001,0.0904,0.024900000000000002,0.0572,0.098,0.17420000000000002,0.06559999999999999,0.10830000000000001,0.0741,0.0958,0.161,0.1454,0.0788,0.13720000000000002,0.1116,0.08199999999999999,0.1344,0.09300000000000001,0.1402,0.1081,0.1277,0.1499,0.09699999999999999,0.1376,0.1894,0.1207,0.1392,0.2087,0.1263,0.1402,0.07780000000000001,0.0672,0.128,0.14550000000000002,0.1319,0.1545,0.1273,0.1051,0.1118,0.10859999999999999,0.1388,0.0908,0.0758,0.109,0.1383,0.1024,0.0992,0.1076
1984-09,0.0086,0.0005999999999999998,0.0012,0.052000000000000005,0.0364,29.311,12.52,0.02843593762920752,0.021742101462383347,-0.02298850574712641,-0.037200000000000004,0.0305,0.0344,0.0040999999999999995,0.0397,-0.0919,0.012,-0.021,-0.016200000000000003,-0.009399999999999999,-0.08,-0.049400000000000006,-0.0325,-0.030299999999999997,-0.0189,-0.0292,-0.002,0.035,-0.034,-0.04650000000000001,-0.0149,-0.0591,0.0236,-0.0236,-0.0434,-0.047,0.0388,-0.0467,0.0015,0.0227,0.048600000000000004,0.0292,-0.0064,-0.0292,-0.0177,-0.0703,-0.0643,-0.048,-0.0382,0.0059,-0.0022,0.0028000000000000004,-0.0111,0.0611,0.029500000000000002,0.0197,0.0232,-0.0055000000000000005
1984-10,0.01,0.0016000000000000007,-0.011200000000000002,0.0062,0.0329,28.765,12.16,0.048656194439075984,0.030650392617968023,0.002941176470588225,-0.0175,0.0131,0.0317,0.0473,0.0318,-0.032400000000000005,-0.018500000000000003,-0.0068000000000000005,0.015,-0.0116,-0.0033,-0.0143,0.030299999999999997,-0.0131,-0.0012,0.0163,0.0101,-0.0025,-0.0183,-0.0042,-0.032,0.0074,0.021,0.059000000000000004,0.0576,0.0794,-0.0795,-0.0771,-0.0886,-0.0431,0.0335,-0.008,0.0008,-0.0229,0.0086,-0.0131,-0.0259,0.029500000000000002,0.0315,0.0252,0.0066,-0.0115,0.0031,0.009300000000000001,0.0271,0.023700000000000002,0.0078000000000000005,-0.0173
1984-11,0.0073,-0.0104,-0.0072,0.038599999999999995,0.015700000000000002,28.098,11.57,0.02197175072851782,0.04375094471138124,0.0029325513196480912,0.0475,0.0055000000000000005,-0.0308,0.0042,0.016399999999999998,-0.0703,-0.002,0.0115,-0.0083,-0.0054,-0.057800000000000004,0.027200000000000002,0.0069,-0.0060999999999999995,-0.0137,0.0015,0.0038,-0.0113,-0.011899999999999999,-0.0458,-0.019299999999999998,-0.0431,-0.028300000000000002,-0.0704,0.0206,0.0016,-0.039599999999999996,0.0223,0.0384,-0.0104,0.030600000000000002,-0.0024,-0.083,-0.0323,-0.0264,-0.049400000000000006,-0.060899999999999996,-0.0052,-0.013600000000000001,-0.0187,-0.0189,-0.0282,-0.0421,0.004699999999999999,0.0066,-0.0354,0.0017000000000000001,-0.042199999999999994
1984-12,0.0064,0.0248,-0.0067,-0.0033,0.013999999999999999,25.429,11.5,0.011400207181481206,0.013727156804503239,-0.06432748538011701,0.0886,0.0274,0.0075,0.018799999999999997,0.0171,0.0331,-0.0015,0.0441,0.028300000000000002,0.0013,0.0128,0.0070999999999999995,0.0359,0.006,0.0013,0.026600000000000002,0.022799999999999997,-0.025099999999999997,0.022099999999999998,-0.0264,0.0128,0.0452,0.0453,0.040999999999999995,0.0521,0.07400000000000001,-0.1338,-0.0398,-0.0464,-0.0054,0.0265,0.0512,0.0331,0.0375,0.0263,0.0159,0.0304,0.0339,0.011699999999999999,0.039599999999999996,0.0337,-0.0009,0.023799999999999998,0.0593,0.0558,0.011200000000000002,0.0362,0.024
1985-01,0.006500000000000001,0.0862,0.0331,-0.051399999999999994,-0.0677,25.641,11.38,0.03182156027721127,0.0166071617677884,-0.05312499999999998,0.0263,0.0179,-0.0222,0.046,0.0226,0.10890000000000001,0.1628,0.1223,0.075,0.12359999999999999,0.16879999999999998,0.10490000000000001,0.0575,0.0711,0.1216,0.08449999999999999,0.10869999999999999,0.1775,0.1061,0.1056,0.1186,0.1344,0.0889,0.1005,0.1042,0.0397,0.1051,0.13449999999999998,0.085,0.0653,0.024,0.058600000000000006,0.1402,0.1466,0.11460000000000001,0.125,0.129,0.0596,0.0775,0.09849999999999999,0.1563,0.1275,0.10640000000000001,0.0943,0.1,0.1112,0.0816,0.1407
1985-02,0.0058,0.018,0.0068000000000000005,-0.0028000000000000004,0.018600000000000002,27.271,11.51,-0.03459792953872444,0.001836575808359552,-0.01320132013201325,0.058600000000000006,0.0574,0.0716,0.013300000000000001,0.0984,-0.0124,0.0576,0.013999999999999999,0.0067,0.0176,0.0381,0.042300000000000004,0.0337,0.0217,0.0073,0.031,0.0011,-0.0062,-0.0043,-0.0036,0.0018,-0.0111,-0.0232,0.0677,0.0218,0.0365,-0.056299999999999996,-0.0101,-0.0098,0.0392,0.0137,0.0269,-0.0054,0.0311,-0.0166,-0.0206,-0.0143,0.006,0.0004,0.026099999999999998,0.0019,0.0236,0.0406,0.0054,0.047599999999999996,0.0034000000000000002,0.0177,0.0345
1985-03,0.0062,-0.0021000000000000003,-0.011200000000000002,0.0395,0.0179,28.238,11.86,0.024890522212991192,-0.010886095856643243,0.050167224080267525,0.0092,0.0562,0.11810000000000001,0.0455,0.0313,-0.022099999999999998,0.029300000000000003,0.046799999999999994,-0.0298,0.0066,-0.0017000000000000001,0.022400000000000003,0.041299999999999996,-0.021,-0.0297,-0.0364,-0.051500000000000004,-0.0292,-0.0339,-0.0074,-0.045,-0.0536,-0.0489,-0.038599999999999995,-0.053,-0.0611,0.2119,0.0172,-0.0341,0.015,0.0613,0.0548,-0.037000000000000005,-0.031,-0.068,-0.027200000000000002,-0.076,-0.0321,-0.0048,-0.0315,-0.0079,-0.0072,0.013000000000000001,0.009000000000000001,-0.008100000000000001,-0.0315,0.0023,0.0025
1985-04,0.0072,-0.0023999999999999994,0.0013,0.0361,0.029500000000000002,28.805,11.43,0.023669930218838134,0.034684413725984575,0.04140127388535042,0.0537,-0.0229,-0.018000000000000002,0.0165,-0.08130000000000001,-0.0487,0.02,0.0031,-0.010700000000000001,0.0008,-0.0452,-0.018600000000000002,-0.010700000000000001,0.0078000000000000005,-0.0231,-0.0292,-0.023399999999999997,-0.0044,-0.049800000000000004,-0.025,-0.0338,-0.0241,-0.0431,-0.0217,-0.09,-0.0332,-0.06309999999999999,-0.0066,-0.0242,0.038599999999999995,0.016,0.009000000000000001,-0.0032,-0.0225,-0.027200000000000002,-0.0492,-0.048799999999999996,0.0138,-0.0229,-0.0338,-0.0053,0.0027,0.0064,0.0315,0.0348,-0.0054,0.0206,-0.0089
1985-05,0.0066,0.057300000000000004,-0.023,-0.0097,0.0406,27.623,10.85,0.07589434172434839,0.043571232843649124,-0.033639143730886834,0.0339,0.15380000000000002,0.0318,0.08410000000000001,0.001,0.0782,0.047599999999999996,0.071,0.0463,0.0962,0.0967,0.06269999999999999,0.1011,0.0783,0.0674,0.0366,0.0722,0.0311,0.0171,-0.0207,0.0374,0.0702,0.0753,0.09449999999999999,0.057999999999999996,0.1099,0.0161,-0.0151,0.053899999999999997,0.0058,0.0538,0.0663,0.0953,0.0404,0.0323,0.021400000000000002,0.0305,0.0581,0.0115,0.1125,0.0521,0.11349999999999999,0.0658,0.06,0.0728,0.045899999999999996,0.058600000000000006,0.0601
1985-06,0.0055000000000000005,0.0182,0.0045000000000000005,0.0033,0.0339,27.143,10.16,0.010414005858988554,0.05052825364733021,0.0031645569620253333,-0.0146,0.0331,0.039599999999999996,0.0385,0.0271,0.0206,0.09630000000000001,0.020099999999999996,0.0259,0.0111,0.06849999999999999,0.026699999999999998,0.0109,0.0134,0.021,0.0364,0.018600000000000002,0.0095,-0.0074,-0.0128,0.0018,0.015300000000000001,0.0067,0.0083,0.0311,0.0151,-0.0213,-0.0368,-0.048499999999999995,-0.006,0.0362,0.040999999999999995,0.06309999999999999,0.0134,-0.0292,0.025099999999999997,0.028900000000000002,0.0232,0.0358,0.027200000000000002,0.0281,0.0138,0.0034999999999999996,0.042199999999999994,0.024300000000000002,-0.0017000000000000001,0.028300000000000002,0.0342
1985-07,0.0062,-0.001,0.028300000000000002,-0.016200000000000003,-0.0385,27.329,10.31,-0.01118821834707406,-0.0008169146215892039,0.0,0.0379,-0.0458,0.0054,0.0116,-0.052199999999999996,0.0021,-0.0148,-0.035,0.0253,0.0177,-0.031200000000000002,0.0232,-0.0042,0.0412,0.029900000000000003,0.037599999999999995,0.03,0.029500000000000002,0.0783,0.0337,0.0391,0.042,0.013600000000000001,0.0362,0.025099999999999997,0.0421,0.1463,0.0857,0.0365,-0.0063,-0.04650000000000001,-0.045700000000000005,0.0149,0.012199999999999999,0.0519,0.025,0.061799999999999994,0.0443,0.028300000000000002,0.036699999999999997,0.0026,-0.056900000000000006,-0.0034999999999999996,-0.021400000000000002,-0.0121,0.017,-0.0121,0.0317
1985-08,0.0055000000000000005,-0.004599999999999999,-0.003,0.023399999999999997,0.0178,27.755,10.33,0.02644973179527027,0.007361662573622892,0.04100946372239744,-0.019299999999999998,0.0369,0.0067,0.0206,-0.0229,0.0012,0.0542,-0.019299999999999998,-0.0229,0.0239,-0.0662,0.0132,0.0024,-0.011699999999999999,-0.0077,0.009000000000000001,-0.0218,-0.0354,-0.0189,-0.0483,-0.024,0.0037,-0.0227,-0.0040999999999999995,0.0178,-0.0296,0.0127,-0.0212,0.0169,0.0158,0.0192,0.0053,-0.012199999999999999,-0.0187,-0.022000000000000002,-0.0169,-0.0557,-0.0178,-0.0096,-0.0146,-0.0102,-0.0033,-0.0192,-0.0049,-0.011200000000000002,-0.022799999999999997,0.0024,0.0087
1985-09,0.006,-0.0391,-0.016200000000000003,0.0121,0.0159,28.289,10.37,0.006719327474344605,0.006150395664000983,-0.021212121212121238,-0.08560000000000001,0.0678,-0.0021,-0.0089,-0.058600000000000006,-0.0516,-0.0197,-0.055099999999999996,-0.0308,-0.0277,-0.11560000000000001,-0.0383,-0.0194,-0.0341,-0.0226,-0.0087,-0.037599999999999995,-0.073,-0.045,-0.0085,-0.0462,-0.0332,-0.021400000000000002,-0.07719999999999999,-0.0969,-0.0581,-0.09820000000000001,-0.1001,0.004,-0.0131,-0.0538,-0.0408,-0.0771,-0.0643,-0.0317,-0.0637,-0.0825,-0.0436,-0.0313,-0.0664,-0.0447,-0.0424,-0.0401,-0.0626,-0.044500000000000005,-0.0271,-0.0387,-0.0821
1985-10,0.006500000000000001,0.0465,-0.015,0.0077,0.048600000000000004,29.538,10.24,0.027041728062324157,0.01661653147473046,0.009287925696594534,0.034300000000000004,0.0403,0.039,0.055,-0.0139,-0.038599999999999995,0.085,0.031200000000000002,0.045599999999999995,0.0717,-0.050300000000000004,0.0424,0.0438,0.050499999999999996,0.0074,0.0809,0.0354,-0.013000000000000001,-0.0437,0.0088,0.020099999999999996,0.046799999999999994,0.0183,0.0078000000000000005,-0.061,0.0067,-0.019299999999999998,-0.027999999999999997,0.0207,0.0599,0.0633,0.0416,0.0452,0.04650000000000001,0.0426,0.0183,-0.0275,0.0187,0.046,0.020499999999999997,0.0404,0.08220000000000001,0.026600000000000002,0.10210000000000001,0.0863,0.033,0.0644,0.0436
1985-11,0.0060999999999999995,0.0707,0.0019,-0.0291,-0.0058,30.813,9.78,0.0345012168799441,0.036907005680180516,-0.012269938650306789,0.047,0.08259999999999999,0.1346,0.0258,0.1014,0.1033,0.0455,0.0708,0.1157,0.08470000000000001,0.0366,0.0858,0.1116,0.058600000000000006,0.0746,0.038599999999999995,0.0919,0.0877,0.0601,0.021099999999999997,0.0775,0.07400000000000001,0.081,0.0594,0.0774,0.0796,0.0337,0.0733,0.0235,0.0031,0.040999999999999995,0.0741,0.08470000000000001,0.0851,0.0863,0.0737,0.1192,0.0821,0.0932,0.0654,0.0876,0.0741,0.09230000000000001,0.0705,0.0933,0.044000000000000004,0.0721,0.0699
1985-12,0.006500000000000001,0.0453,-0.0053,-0.0146,-0.0023,27.228,9.26,0.04540270047532384,0.04085609916477257,0.0,0.0916,0.0206,0.031400000000000004,0.1245,0.0989,0.061399999999999996,0.0403,0.0722,0.0593,0.0196,0.060700000000000004,0.0504,0.0263,0.0666,0.0538,0.0758,0.052000000000000005,0.034300000000000004,0.0274,0.0159,0.0382,0.031200000000000002,0.052199999999999996,0.033,0.0072,0.053099999999999994,-0.049,-0.023700000000000002,-0.0298,-0.0268,0.049800000000000004,0.0603,0.0365,0.0593,0.0959,0.0721,0.0447,0.052199999999999996,0.0446,0.0151,0.06269999999999999,0.0414,0.0391,0.0729,0.0239,0.026600000000000002,0.052000000000000005,0.069
1986-01,0.005600000000000001,0.012100000000000001,0.0115,0.0046,0.0296,22.945,9.19,0.0022968254194184667,0.0122185895036169,0.07763975155279512,0.0818,0.0233,-0.0124,-0.0098,0.0555,0.022000000000000002,0.035699999999999996,-0.0096,-0.009399999999999999,0.048799999999999996,-0.041299999999999996,0.0332,0.0169,0.0182,0.0644,0.0313,0.0184,0.0216,0.0271,0.0166,0.0209,0.0022,0.0462,-0.0060999999999999995,0.0311,-0.0111,0.1002,-0.0069,-0.025099999999999997,-0.0684,0.0379,-0.0378,0.0212,0.0068000000000000005,-0.0111,0.008100000000000001,0.0373,0.0495,0.0178,0.057,0.026600000000000002,0.016399999999999998,0.009399999999999999,0.0281,0.06559999999999999,0.024900000000000002,0.0252,0.039
1986-02,0.0053,0.07669999999999999,-0.005699999999999999,-0.0063,0.0259,15.442,8.7,0.06914076155960745,0.0392670451683986,-0.023054755043227626,0.1426,0.0794,0.1174,0.0736,0.1225,0.1124,0.0808,0.146,0.10710000000000001,0.0962,0.0409,-0.009399999999999999,0.0816,0.1207,0.0889,0.1018,0.1211,0.1388,0.053099999999999994,0.0803,0.08779999999999999,0.0877,0.10619999999999999,0.11019999999999999,0.0815,0.0559,-0.09609999999999999,-0.016,-0.027000000000000003,0.0091,0.0659,0.0739,0.0784,0.07490000000000001,0.027000000000000003,0.0827,0.09939999999999999,0.0898,0.1063,0.0707,0.0902,0.0719,0.0962,0.1103,0.0755,0.08220000000000001,0.0817,0.11380000000000001
1986-03,0.006,0.0551,-0.0054,-0.0039000000000000003,0.024,12.618,7.78,0.056771022321253736,0.06787188831030383,0.020648967551622377,0.0282,0.0782,0.1108,0.09949999999999999,0.1158,0.055099999999999996,0.0661,0.052000000000000005,0.0553,0.060700000000000004,0.0694,0.1217,0.131,0.0592,0.0603,0.0815,0.09210000000000002,0.1446,0.0395,0.0594,0.04769999999999999,0.039,0.1059,0.058899999999999994,0.0701,0.028900000000000002,-0.075,0.0593,0.1225,0.008100000000000001,0.0398,0.0418,0.0542,0.049400000000000006,-0.0009,0.0006,-0.0118,0.042699999999999995,0.057300000000000004,0.032799999999999996,0.07200000000000001,0.0909,0.067,0.0726,0.0527,0.1012,0.054299999999999994,0.06570000000000001
1986-04,0.0052,-0.007600000000000001,0.0276,-0.0281,-0.0034000000000000002,12.847,7.3,0.006856576733505949,0.03942013491511252,-0.017341040462427793,0.0545,-0.0055000000000000005,0.045899999999999996,-0.028999999999999998,0.0365,0.038900000000000004,0.0824,-0.0139,-0.0163,-0.026099999999999998,-0.0124,0.0795,-0.004699999999999999,0.013999999999999999,0.0231,-0.0168,-0.018600000000000002,-0.0074,-0.0546,-0.0078000000000000005,-0.0070999999999999995,-0.0086,-0.0728,-0.044800000000000006,-0.0591,0.0302,-0.0967,-0.0275,-0.049699999999999994,0.0083,-0.0393,0.024300000000000002,0.0286,0.0331,0.0385,0.0358,0.026699999999999998,-0.026099999999999998,-0.0086,-0.026000000000000002,0.0187,-0.0064,0.0452,-0.0059,-0.061799999999999994,-0.0169,-0.0305,-0.0462
1986-05,0.0049,0.0511,-0.013600000000000001,-0.0014000000000000002,0.0209,15.444,7.71,-0.040653302538472956,-0.022660581903436918,0.00588235294117645,0.0113,0.0849,0.0789,0.0696,0.1018,0.0304,0.0599,0.1112,0.0458,0.0943,0.030899999999999997,0.0437,0.087,0.059699999999999996,0.098,0.0408,0.0384,0.0559,0.0161,0.0138,0.009399999999999999,0.0159,0.0316,0.0215,0.0233,0.057800000000000004,0.0096,0.0475,0.0171,0.0741,0.0363,0.045899999999999996,-0.011699999999999999,0.0533,0.0101,-0.008100000000000001,0.024900000000000002,0.0604,0.0538,0.006999999999999999,0.0542,0.1177,0.0579,0.042,0.0574,-0.0335,0.052199999999999996,0.0635
1986-06,0.0052,0.0158,-0.009300000000000001,0.012,0.0495,13.469,7.8,0.05416935015021608,0.00023007406294677565,0.0029239766081872176,0.09539999999999998,0.0706,0.0584,0.0895,0.095,-0.0666,0.0799,0.027999999999999997,0.0175,0.042,-0.0334,0.0424,0.0761,0.0011,-0.026099999999999998,0.051100000000000007,-0.0058,-0.024300000000000002,-0.0334,0.0131,-0.038900000000000004,-0.0394,-0.0026,0.0155,-0.0054,-0.0219,-0.0693,-0.0373,-0.0368,-0.0203,0.050499999999999996,0.0538,0.0256,-0.0019,-0.0446,-0.0124,-0.0827,-0.0040999999999999995,0.0334,-0.021400000000000002,0.0089,0.0479,0.0194,0.023,-0.0046,0.0064,0.0301,0.0229
1986-07,0.0052,-0.0591,-0.034300000000000004,0.0466,0.019,11.575,7.3,0.006824498067691729,0.04077866300231353,0.014577259475218707,-0.1286,-0.037000000000000005,-0.07139999999999999,-0.032400000000000005,-0.027000000000000003,-0.0706,-0.1543,-0.0783,-0.0786,-0.08779999999999999,-0.0775,-0.0745,-0.0454,-0.0713,-0.085,-0.0733,-0.0747,-0.11,-0.16260000000000002,-0.0877,-0.0904,-0.0707,-0.0825,-0.0868,-0.0898,-0.1167,0.069,-0.0955,-0.0354,-0.051399999999999994,0.051500000000000004,-0.0298,-0.0874,-0.10779999999999999,-0.0761,-0.0861,-0.0679,-0.059800000000000006,-0.024300000000000002,-0.0968,-0.0959,-0.0915,-0.11230000000000001,-0.06480000000000001,-0.0412,-0.0669,-0.0557,-0.051500000000000004
1986-08,0.0046,0.0653,-0.0416,0.0354,-0.0516,15.092,7.17,0.03340934466523918,0.015197257676699464,0.08333333333333326,0.018500000000000003,0.035,0.0095,-0.0158,0.044800000000000006,0.0837,-0.018500000000000003,0.0259,0.0434,0.0297,0.030299999999999997,0.0717,0.035,0.06480000000000001,0.0227,0.0106,0.09210000000000002,0.0412,0.09820000000000001,0.010700000000000001,0.0712,0.0818,0.06709999999999999,0.0526,0.042300000000000004,0.1056,0.1555,0.16260000000000002,0.09119999999999999,0.1684,0.07919999999999999,0.0684,0.0824,0.04769999999999999,0.0666,0.0638,0.1197,0.0981,0.0582,0.063,0.0233,0.014499999999999999,0.011699999999999999,0.0679,0.0832,0.015300000000000001,0.06849999999999999,0.09820000000000001
1986-09,0.0045000000000000005,-0.0814,0.024,0.0323,-0.056900000000000006,14.913,7.45,-0.029819850781519407,-0.013770196429658287,0.10875331564986745,-0.08410000000000001,-0.11869999999999999,-0.1329,-0.084,-0.11220000000000001,-0.09910000000000001,-0.1036,-0.10300000000000001,-0.0949,-0.0969,-0.0705,-0.1056,-0.1386,-0.050499999999999996,-0.1174,-0.0654,-0.062,-0.0403,0.0478,0.0086,-0.0661,-0.0753,-0.0692,-0.0796,-0.0516,-0.049800000000000004,0.08109999999999999,0.0215,-0.046900000000000004,-0.0083,-0.0911,-0.0944,-0.042300000000000004,-0.0943,-0.055,-0.08199999999999999,-0.12140000000000001,-0.059000000000000004,-0.0875,0.0236,-0.0862,-0.08410000000000001,-0.0812,-0.0993,-0.114,-0.0737,-0.1012,-0.1097
1986-10,0.0046,0.051,-0.0253,-0.014199999999999999,0.0446,14.852,7.43,0.013868377397043557,0.007601068617644318,0.014354066985645897,-0.023399999999999997,0.127,0.0756,0.079,0.10779999999999999,0.0078000000000000005,0.1008,0.061799999999999994,0.0818,0.08220000000000001,0.0449,0.0722,0.08710000000000001,0.083,0.0946,0.0562,0.067,-0.0066,0.0382,-0.025,0.0269,0.0435,0.08070000000000001,0.0158,0.018600000000000002,-0.025,-0.0034000000000000002,-0.0051,-0.0103,0.0194,0.0521,0.0463,0.0732,0.0706,-0.03,0.050199999999999995,0.0501,0.0683,0.059699999999999996,0.0622,0.061399999999999996,0.0784,0.0672,0.0248,0.0128,0.052000000000000005,0.04650000000000001,0.13849999999999998
1986-11,0.0039000000000000003,0.0156,-0.0187,-0.0002,-0.0025,15.207,7.25,0.019413099537766033,0.01873752382173158,-0.061320754716981174,0.0026,0.0053,0.004699999999999999,0.0033,-0.0009,0.0024,-0.0495,0.004699999999999999,0.0625,0.0058,-0.0443,-0.015300000000000001,0.028900000000000002,0.0388,0.008,0.0867,0.0302,-0.0076,-0.07429999999999999,0.0184,0.0209,0.030299999999999997,0.0182,0.028399999999999998,0.0184,0.047599999999999996,0.0374,0.0055000000000000005,0.0226,0.0326,0.0055000000000000005,0.0398,0.0171,0.025,0.0391,0.022400000000000003,0.062,0.0158,0.035699999999999996,-0.003,0.012,0.0173,0.0072,-0.0095,-0.0182,-0.042199999999999994,-0.0042,0.026099999999999998
1986-12,0.0049,-0.027699999999999995,0.0019,0.0036,0.0046,16.076,7.11,0.0003117593029695479,0.01587875801704549,-0.017587939698492483,-0.0352,-0.0415,0.0004,-0.021099999999999997,-0.0246,-0.0762,-0.037200000000000004,-0.032400000000000005,0.0104,-0.0718,-0.095,-0.0286,0.0028000000000000004,-0.037599999999999995,-0.0154,0.0040999999999999995,-0.0173,-0.0358,-0.023399999999999997,-0.0292,0.0026,-0.0576,-0.0509,-0.0322,-0.0724,-0.1406,-0.0339,-0.0027,-0.044800000000000006,-0.0042,-0.033,-0.0371,-0.0182,-0.0126,-0.0433,-0.0279,-0.0236,-0.0226,0.0218,-0.056100000000000004,-0.0354,-0.0675,-0.0421,-0.011699999999999999,-0.0152,-0.013600000000000001,-0.0311,-0.0301
1987-01,0.0042,0.1287,-0.0189,-0.0318,0.0206,18.656,7.08,0.009541410832569389,0.00804628990924643,0.04347826086956519,0.08199999999999999,0.1164,0.1509,0.2208,0.21359999999999998,0.2039,0.1877,0.1465,0.1421,0.1165,0.0689,0.1366,0.1383,0.1523,0.1499,0.0682,0.1777,0.1142,0.13,0.1036,0.1409,0.1677,0.1907,0.0355,0.0969,0.1158,0.1052,0.17629999999999998,0.06559999999999999,0.1423,0.09300000000000001,0.053,0.24670000000000003,0.1643,0.158,0.1566,0.1604,0.2445,0.1447,0.0784,0.1148,0.1033,0.11130000000000001,0.0924,0.09230000000000001,0.1007,0.11380000000000001,0.2028
1987-02,0.0043,0.0481,0.0345,-0.058600000000000006,-0.0223,17.726,7.25,0.005278465512095392,-0.006136935574026905,-0.01715686274509809,0.0782,0.0418,0.0484,0.0334,-0.028399999999999998,0.09050000000000001,0.0941,0.10679999999999999,0.0388,0.1344,0.091,0.1277,0.1103,0.0524,0.0521,0.0641,0.0415,0.0789,0.0738,0.10099999999999999,0.0732,0.0493,0.035699999999999996,0.0713,0.0579,0.055,0.1955,0.1076,-0.0015,-0.0179,-0.0215,0.0003,0.0195,0.0682,0.1005,0.0859,0.0877,0.0073,0.0231,0.049699999999999994,0.0541,0.11689999999999999,0.099,0.0533,0.07769999999999999,0.0591,0.0176,0.0398
1987-03,0.004699999999999999,0.020999999999999998,0.005,0.0166,0.0166,18.305,7.25,-0.016553941892022937,0.0060416666666666665,0.01995012468827939,0.024,0.023,0.0246,0.0084,0.0075,0.0516,0.0085,-0.0076,0.0206,0.011899999999999999,0.0673,-0.0001,-0.0058,0.054400000000000004,0.013600000000000001,0.0206,0.042699999999999995,0.060599999999999994,0.0843,0.036699999999999997,0.0147,0.0006,0.0645,-0.018500000000000003,-0.07139999999999999,0.046799999999999994,0.2647,0.1155,-0.0058,0.11960000000000001,-0.0168,0.0139,-0.0733,0.0203,0.039900000000000005,-0.0073,0.018000000000000002,0.0623,0.0078000000000000005,-0.0218,0.0158,0.0191,0.041100000000000005,-0.015,-0.0562,0.013999999999999999,0.0022,0.0444
1987-04,0.0044,-0.016499999999999997,-0.0172,-0.0036,0.0021,18.643,8.02,-0.04235662075501265,-0.048062335760416915,0.07090464547677255,-0.0219,-0.0548,-0.06849999999999999,0.043,-0.029300000000000003,0.0613,0.006,-0.030600000000000002,-0.024,-0.04650000000000001,-0.06480000000000001,-0.027200000000000002,-0.0189,0.0121,-0.026699999999999998,0.0616,-0.031200000000000002,-0.0746,0.0313,-0.092,0.001,-0.0060999999999999995,0.0803,-0.1065,-0.0958,0.0204,0.0426,0.0403,-0.0113,0.0013,-0.0433,-0.024700000000000003,-0.045599999999999995,-0.0166,0.06480000000000001,0.0111,0.005600000000000001,-0.0322,-0.030899999999999997,-0.013000000000000001,-0.0425,-0.0242,-0.0084,-0.0398,-0.0662,-0.045700000000000005,-0.0463,-0.0425
1987-05,0.0038,0.0049,-0.0053,0.0022,-0.008,19.415,8.61,-0.012009106037078724,-0.03337265207283256,0.05022831050228316,-0.0038,0.0387,0.0331,-0.0461,0.012199999999999999,-0.0338,0.015,0.047,0.0134,-0.013600000000000001,0.0344,-0.0036,0.013300000000000001,0.0066,0.0308,0.0867,-0.0273,-0.0137,0.0437,-0.009000000000000001,0.0347,-0.0025,-0.0219,0.0058,-0.0008,-0.0006,-0.0708,-0.013000000000000001,0.0466,0.03,-0.018500000000000003,0.0329,-0.0417,0.0248,-0.0059,-0.023399999999999997,0.0922,-0.0559,-0.0076,0.0712,-0.006999999999999999,0.0054,-0.0007000000000000001,-0.012199999999999999,-0.0189,-0.0189,-0.0005,0.10550000000000001
1987-06,0.0048,0.0439,-0.0203,0.0113,-0.0022,20.034,8.4,0.014390104695325295,0.021067074050935664,-0.021739130434782594,0.0449,0.07719999999999999,0.046900000000000004,0.021099999999999997,0.057800000000000004,-0.0098,0.08410000000000001,0.0837,0.052199999999999996,0.09519999999999999,0.0613,0.0546,0.044800000000000006,0.050300000000000004,0.024300000000000002,0.0060999999999999995,0.062400000000000004,0.0206,0.0356,-0.0064,0.0382,0.043,0.020499999999999997,0.0536,0.0412,0.0313,-0.044199999999999996,0.0039000000000000003,0.0189,0.0587,0.034,0.0695,0.07429999999999999,0.0212,0.0023,0.023399999999999997,-0.0351,0.049400000000000006,0.0904,0.0553,0.0369,0.075,0.0209,0.0593,0.0575,0.0425,0.042800000000000005,-0.019
1987-07,0.0046,0.043,-0.005699999999999999,0.009399999999999999,0.0258,21.355,8.45,-0.011726984619513312,0.0036618041717813394,0.0022222222222221255,-0.0334,0.0194,0.0629,0.0837,0.0928,0.0437,0.0689,0.0909,0.050499999999999996,0.0499,0.048799999999999996,0.0207,0.0666,0.055999999999999994,0.0506,0.044500000000000005,0.0771,0.041100000000000005,0.1942,0.04650000000000001,0.11789999999999999,0.046900000000000004,0.0644,0.11539999999999999,0.0521,0.0458,0.2118,0.1551,0.054299999999999994,0.0317,-0.0167,0.0584,0.0165,0.013000000000000001,-0.0006,0.0552,0.018799999999999997,0.0436,0.042800000000000005,0.04190000000000001,0.0461,0.0668,0.0268,-0.0006,0.011000000000000001,0.0424,0.0315,0.0978
1987-08,0.004699999999999999,0.039900000000000005,-0.0085,-0.0098,-0.0095,20.274,8.76,-0.015226205365462868,-0.013609799753105806,0.022172949002217335,0.024,0.023,0.0484,0.0213,0.1863,0.08869999999999999,0.038900000000000004,-0.006,0.055099999999999996,0.0101,-0.0337,0.0519,0.023700000000000002,0.025,0.045,-0.0179,0.026699999999999998,-0.0046,-0.0433,0.0596,0.011899999999999999,0.0472,0.048499999999999995,0.0104,0.0088,0.026000000000000002,0.0195,-0.0581,0.0554,0.019,0.0371,0.0508,0.057800000000000004,0.0583,0.077,0.0575,0.0679,0.066,0.0675,0.0001,0.023399999999999997,0.0336,0.0253,0.046799999999999994,0.0882,0.0305,0.050199999999999995,0.02
1987-09,0.0045000000000000005,-0.0213,0.0058,0.0026,0.008,19.526,9.42,-0.0334749998220792,-0.0360760473930347,-0.002169197396963085,-0.0012,-0.037000000000000005,-0.015600000000000001,0.0079,0.0036,-0.0203,-0.0219,-0.0296,-0.0103,-0.0817,-0.028399999999999998,-0.046,-0.021400000000000002,-0.0039000000000000003,-0.0086,-0.0086,-0.006500000000000001,-0.024300000000000002,0.0405,-0.011200000000000002,0.0388,0.022099999999999998,-0.0662,-0.024399999999999998,-0.0069,-0.0275,0.0548,0.0493,-0.058600000000000006,-0.0384,-0.0231,0.0334,-0.042199999999999994,0.0181,-0.06309999999999999,0.0187,0.0316,0.003,0.0137,-0.02,-0.0342,-0.0713,-0.0472,-0.047599999999999996,-0.0217,0.0067,-0.0128,-0.041100000000000005
1987-10,0.006,-0.22590000000000002,-0.0827,0.0418,-0.07719999999999999,19.848,9.52,0.05550013602823488,0.0014627845650830446,0.010869565217391353,-0.2676,-0.1776,-0.15960000000000002,-0.1813,-0.21789999999999998,-0.33399999999999996,-0.31920000000000004,-0.2257,-0.2162,-0.3091,-0.3157,-0.1934,-0.1911,-0.2796,-0.3041,-0.32630000000000003,-0.2784,-0.3166,-0.3066,-0.2644,-0.3164,-0.3207,-0.27440000000000003,-0.3019,-0.32280000000000003,-0.275,-0.30870000000000003,-0.33240000000000003,-0.30260000000000004,-0.18739999999999998,-0.0693,-0.1216,-0.2823,-0.2751,-0.2379,-0.2733,-0.3013,-0.263,-0.2833,-0.284,-0.2875,-0.2889,-0.2364,-0.225,-0.1685,-0.2275,-0.22820000000000001,-0.26940000000000003
1987-11,0.0034999999999999996,-0.0741,0.0268,0.031400000000000004,-0.0123,18.92,8.86,0.00020829334445011255,0.049908554009389455,0.006451612903225712,-0.0242,-0.08109999999999999,-0.08289999999999999,-0.0481,-0.0825,-0.1114,-0.0649,-0.0791,-0.1033,-0.1217,-0.0591,-0.0691,-0.10099999999999999,-0.056799999999999996,-0.0562,-0.051699999999999996,-0.0421,-0.0978,0.025699999999999997,0.011899999999999999,-0.0134,-0.0666,-0.0583,-0.09380000000000001,-0.0683,-0.0118,0.1991,-0.009300000000000001,-0.0287,-0.1073,-0.0255,-0.08900000000000001,-0.1116,-0.08689999999999999,-0.0965,-0.1074,-0.0922,-0.0329,-0.0287,-0.0771,-0.0453,-0.0956,-0.0687,-0.0795,-0.0849,-0.0825,-0.0605,-0.09269999999999999
1987-12,0.0039000000000000003,0.0721,0.0003,-0.044199999999999996,0.0587,17.241,8.99,0.017902525905411117,-0.0011233450888591756,0.03846153846153855,0.0621,0.0764,0.0499,0.1277,0.042800000000000005,0.1698,0.11720000000000001,0.0866,0.0719,0.07780000000000001,0.049400000000000006,0.0638,0.052000000000000005,0.1463,0.1483,0.1369,0.08839999999999999,0.0679,0.10640000000000001,0.0704,0.11630000000000001,0.1351,0.0959,0.0545,0.1329,0.037200000000000004,-0.0088,0.096,0.1094,0.0672,0.005600000000000001,0.0391,0.1765,0.1531,0.0862,0.1359,0.2082,0.1048,0.11289999999999999,0.0711,0.10490000000000001,0.08,0.0819,0.0499,0.0276,0.028399999999999998,0.0342,0.1429
1988-01,0.0029,0.045,-0.0075,0.0493,-0.0736,17.16,8.67,0.044705520792634554,0.028313385144155562,-0.01851851851851849,0.0327,0.0415,0.0189,-0.0031,0.0297,-0.061,0.02,0.018799999999999997,0.0105,0.0828,0.0286,0.0557,0.069,-0.0231,0.021,0.0143,0.0331,0.0594,-0.0341,0.0053,0.022099999999999998,-0.002,0.06860000000000001,0.1454,0.07490000000000001,0.11359999999999999,-0.16649999999999998,-0.0363,0.0015,0.0851,0.0977,0.1003,0.029300000000000003,-0.0172,-0.0294,-0.011200000000000002,-0.013000000000000001,-0.0227,-0.04019999999999999,0.0414,0.0338,0.0707,0.0436,0.11320000000000001,0.0834,0.0298,0.0827,-0.0064
1988-02,0.0046,0.05229999999999999,0.0333,-0.015300000000000001,-0.0147,16.765,8.21,0.013600940335824766,0.037575637338215416,-0.07337526205450728,0.013300000000000001,0.054400000000000004,0.0173,0.0556,0.0613,0.1033,0.1041,0.065,0.0296,0.1174,0.0274,0.0688,0.0387,0.0825,0.069,0.22690000000000002,0.1191,0.1476,0.09630000000000001,0.0454,0.11130000000000001,0.076,0.0788,0.0512,0.0385,0.0301,0.0849,0.07919999999999999,0.08900000000000001,0.0356,-0.0141,0.0124,0.0644,0.0695,0.0682,0.0787,0.0965,0.1158,0.0381,0.08710000000000001,0.0836,0.1192,0.0587,0.0337,0.005600000000000001,0.0528,0.042,0.025
1988-03,0.0044,-0.018199999999999997,0.0601,0.0086,0.005600000000000001,16.217,8.37,-0.020863845544318048,-0.003930203449759217,0.004524886877828038,0.0478,-0.0098,0.001,0.0068000000000000005,-0.0346,-0.019,-0.0404,-0.0479,-0.0617,-0.0049,0.09720000000000001,-0.021400000000000002,-0.0381,-0.02,0.024,0.08800000000000001,0.0151,-0.0021,-0.0352,0.065,0.0444,-0.042,0.015300000000000001,-0.0046,0.032,-0.0209,0.0323,0.1231,0.051699999999999996,0.026000000000000002,-0.0318,-0.039599999999999996,-0.0182,-0.0079,-0.07780000000000001,-0.0144,0.0044,-0.0462,-0.009000000000000001,0.037200000000000004,0.0236,-0.013600000000000001,-0.0191,-0.0391,-0.0315,0.0252,-0.0192,-0.013600000000000001
1988-04,0.0046,0.0103,0.0091,0.0151,0.022099999999999998,17.875,8.72,-0.012738884149737239,-0.016423170862055855,0.018018018018018056,-0.045899999999999996,0.0085,-0.0016,-0.0232,-0.0006,0.0415,0.0219,-0.0076,0.0024,-0.0011,0.0046,-0.033,-0.0204,0.0178,0.0184,0.0008,0.016200000000000003,0.0015,0.056799999999999996,0.051100000000000007,0.023399999999999997,0.0138,0.033,0.014499999999999999,0.0506,0.033,-0.011200000000000002,0.0258,0.061399999999999996,0.0461,-0.003,0.0074,-0.0373,-0.003,0.0391,0.0212,0.0008,0.0095,0.0128,-0.0168,0.0076,0.0219,0.0033,0.0043,-0.015600000000000001,0.053099999999999994,-0.0063,-0.0215
1988-05,0.0051,0.0024000000000000002,-0.0254,0.024399999999999998,0.0066,17.438,9.09,-0.014192828259908183,-0.017092625336425686,-0.0022123893805309214,-0.011699999999999999,0.0044,0.0058,-0.0239,-0.0384,0.0070999999999999995,-0.014499999999999999,0.0105,0.018500000000000003,-0.0208,0.005600000000000001,0.0051,-0.0066,-0.021,-0.011200000000000002,0.024300000000000002,-0.0141,-0.0087,-0.0059,-0.0354,-0.0048,-0.0106,0.0086,0.024700000000000003,-0.0054,-0.0118,0.0613,-0.0191,-0.0008,-0.0040999999999999995,0.0362,0.023399999999999997,-0.0471,-0.0172,-0.0074,-0.0092,-0.0528,-0.0199,0.018000000000000002,-0.015300000000000001,-0.018000000000000002,-0.014499999999999999,-0.0062,0.030899999999999997,0.021,0.0085,0.0147,-0.0245
1988-06,0.0049,0.052700000000000004,0.0202,-0.013500000000000002,-0.0302,16.53,8.92,0.0321689720026571,0.018588758229803555,0.0,0.12789999999999999,-0.0076,0.0401,0.091,0.0195,0.12,0.065,0.057300000000000004,0.042,0.07400000000000001,0.0553,0.0444,0.021,0.09630000000000001,0.0695,0.0381,0.0875,0.1333,0.0643,0.0608,0.0587,0.0859,0.0765,0.0554,-0.0084,0.0479,-0.0006,0.0259,0.0028000000000000004,-0.021099999999999997,0.0323,0.0291,0.07339999999999999,0.0784,0.1119,0.07429999999999999,0.022799999999999997,0.1462,0.0816,0.1128,0.0731,0.0676,0.055999999999999994,0.0755,0.0321,0.0397,0.0591,0.0728
1988-07,0.0051,-0.0074,-0.0024,0.0218,0.006500000000000001,15.498,9.06,-0.012314964951973068,-0.0017038647148602364,-0.02882483370288247,-0.0315,0.0342,-0.036000000000000004,-0.0294,0.06559999999999999,-0.0222,-0.0036,0.0003,0.0184,-0.0768,-0.046900000000000004,-0.002,0.0116,-0.0385,-0.0149,0.0027,-0.0336,-0.0097,0.013600000000000001,0.0106,-0.029300000000000003,-0.0391,-0.005,0.0016,-0.0504,-0.0276,-0.003,-0.0327,-0.0351,0.036699999999999997,-0.0022,0.0015,-0.0436,-0.0258,-0.0501,-0.044199999999999996,-0.061200000000000004,-0.0323,0.0015,-0.0269,-0.0246,-0.0038,-0.0182,0.0019,0.0043,0.0053,0.0008,-0.023
1988-08,0.0059,-0.0272,0.0008,0.0216,0.0036,15.524,9.26,-0.0008113706782047272,-0.005424187717551506,-0.01598173515981738,-0.0031,0.0104,-0.056299999999999996,0.013000000000000001,-0.0015,-0.0613,-0.0298,-0.0308,-0.0256,-0.0021,-0.0479,0.0077,-0.0092,-0.042199999999999994,-0.0661,-0.030899999999999997,-0.037000000000000005,-0.039,-0.050300000000000004,0.0369,-0.0591,-0.063,-0.06559999999999999,-0.032799999999999996,-0.0638,-0.0678,-0.0572,-0.0176,-0.0509,-0.0146,-0.0012,-0.028999999999999998,-0.0345,-0.0512,-0.08990000000000001,-0.07150000000000001,-0.039599999999999996,-0.0382,-0.018500000000000003,-0.025099999999999997,-0.0218,-0.023,-0.0297,-0.0141,0.021,-0.03,-0.0028000000000000004,0.0148
1988-09,0.0062,0.039299999999999995,-0.0137,-0.0079,0.0029,14.467,8.98,0.03215787521073991,0.025724358014467416,-0.04176334106728541,0.0248,0.0558,0.015600000000000001,0.1014,0.08289999999999999,0.050499999999999996,0.026000000000000002,0.0709,0.044500000000000005,0.0155,0.08560000000000001,-0.0014000000000000002,0.0375,0.0208,0.0533,0.0341,-0.0040999999999999995,0.0124,0.006999999999999999,0.0365,0.020099999999999996,0.0616,0.0381,0.0604,-0.0383,0.042199999999999994,-0.0579,0.0235,0.0356,-0.0253,0.026699999999999998,0.0707,0.011000000000000001,0.054299999999999994,0.0313,0.0192,0.0024,0.0355,0.0255,0.0716,0.0405,0.0897,0.1007,0.039,0.051100000000000007,0.024399999999999998,0.0204,0.1144
1988-10,0.0060999999999999995,0.0177,-0.0294,0.02,0.0131,13.798,8.8,0.021781329951049717,0.019200627114610725,-0.014527845036319653,0.0098,0.1942,0.0339,0.0042,0.0039000000000000003,0.0015,0.0207,0.015700000000000002,0.0236,0.0424,0.018799999999999997,-0.0259,0.0165,0.0104,-0.013500000000000002,0.016200000000000003,0.0029,-0.0131,0.044000000000000004,0.035,-0.0064,-0.008,0.044000000000000004,0.0161,-0.0034999999999999996,0.025699999999999997,-0.0125,0.0121,0.0199,0.0189,0.025099999999999997,0.0297,0.0067,-0.0078000000000000005,0.0118,-0.0155,-0.0196,-0.0115,0.0639,0.0138,-0.0059,0.0217,-0.0042,-0.006,0.0012,0.005699999999999999,0.0001,-0.0437
1988-11,0.005699999999999999,-0.017,-0.0166,0.0144,0.002,13.977,8.96,-0.01986694602961094,-0.003163777429692165,0.03194103194103204,-0.008,-0.0072,0.004,-0.0004,0.0176,-0.0378,-0.0447,-0.0382,-0.042800000000000005,-0.0725,-0.049400000000000006,-0.048499999999999995,-0.015600000000000001,-0.0254,-0.0315,-0.0601,-0.0336,0.0027,-0.0209,-0.028999999999999998,-0.0064,0.0141,-0.0006,-0.0305,-0.0433,-0.048,0.0388,-0.0258,-0.059800000000000006,-0.0023,-0.005,0.0005,-0.0429,-0.025699999999999997,-0.0281,-0.0404,-0.033,-0.024399999999999998,0.0175,0.0034000000000000002,-0.0351,-0.026000000000000002,-0.016,-0.026099999999999998,-0.031,-0.0146,-0.018600000000000002,-0.0265
1988-12,0.0063,0.0211,0.0191,-0.0183,0.0032,16.266,9.11,0.0023603249129793436,-0.0023062149735859844,-0.0023809523809523725,0.061399999999999996,0.023399999999999997,0.1002,0.0054,0.08449999999999999,0.051699999999999996,0.0478,0.0291,0.031400000000000004,0.0455,0.0286,0.030600000000000002,0.0152,0.049400000000000006,0.049,0.0751,0.0315,0.0501,0.042300000000000004,0.0123,0.0315,0.0168,-0.0045000000000000005,-0.0029,0.034300000000000004,-0.0151,-0.0454,0.0475,0.0176,0.0183,0.0104,0.0125,0.0308,0.040999999999999995,0.0458,0.0358,0.0435,0.0353,0.035699999999999996,0.0291,0.0356,0.01,0.031,-0.009300000000000001,0.0060999999999999995,0.0168,0.0003,0.0436
1989-01,0.0055000000000000005,0.06620000000000001,-0.022000000000000002,0.0059,-0.002,17.983,9.09,0.01602077246006736,0.008886283075696728,-0.03579952267303099,0.0308,0.0507,0.064,0.052199999999999996,0.0513,0.1002,0.0901,0.0721,0.056100000000000004,0.0516,0.0848,0.0526,0.0682,0.10439999999999999,0.04,0.09029999999999999,0.0658,0.0529,0.1183,0.0438,0.0409,0.07690000000000001,0.0837,0.0593,0.059800000000000006,0.0591,-0.0058,0.0481,0.16579999999999998,0.0616,0.026699999999999998,0.0836,0.049,0.0731,0.0753,0.0633,0.0241,0.0675,0.0296,0.0951,0.0574,0.063,0.051100000000000007,0.0653,0.0678,0.0414,0.0724,0.053
1989-02,0.0060999999999999995,-0.0162,0.028300000000000002,0.0101,0.0101,17.826,9.17,-0.012645235570668146,0.0023920549506806004,-0.03960396039603964,-0.0064,-0.0206,-0.0365,0.0005,-0.0070999999999999995,0.042300000000000004,0.0037,-0.031,-0.0101,0.0187,0.0359,-0.0209,-0.016,-0.0225,0.0132,0.06570000000000001,0.0199,-0.024,-0.0356,0.0294,-0.016,-0.04769999999999999,-0.0455,-0.0086,0.0449,0.0467,0.10220000000000001,-0.0149,-0.0092,-0.0129,-0.0178,-0.0137,-0.025699999999999997,-0.0233,-0.0446,-0.0296,-0.006,-0.028999999999999998,-0.0431,-0.0058,-0.0256,-0.017,-0.0184,-0.0066,0.0004,-0.0039000000000000003,-0.0063,-0.0342
1989-03,0.0067,0.022400000000000003,0.006999999999999999,0.0052,0.035,19.445,9.36,0.009049611908426859,-0.004625356136984835,0.005154639175257714,0.0313,0.0443,0.0353,0.0781,0.1025,0.0728,0.08,0.0341,0.0036,0.07400000000000001,0.058600000000000006,0.029900000000000003,0.050199999999999995,0.0258,0.0231,0.0576,0.0151,0.02,-0.0189,0.0222,0.0167,-0.0101,-0.0263,0.039,0.0031,0.0014000000000000002,-0.0461,0.0111,0.0332,0.038900000000000004,0.0055000000000000005,0.0529,0.0086,-0.0118,-0.0803,-0.0113,0.009399999999999999,0.0042,0.0275,-0.0105,0.0148,0.0304,0.0259,0.057800000000000004,0.0495,0.013600000000000001,0.0292,0.0362
1989-04,0.0067,0.050199999999999995,-0.006500000000000001,-0.0144,0.018000000000000002,21.04,9.18,0.025726699320926256,0.019326660970104687,-0.01538461538461533,0.0501,0.055,0.0095,0.0693,0.049800000000000004,0.0484,0.084,0.0721,0.0562,0.0347,0.0748,0.0711,0.051,0.048499999999999995,0.0552,0.0501,0.0667,0.0421,0.0339,0.0728,0.043,0.0781,-0.004699999999999999,0.044199999999999996,0.07519999999999999,0.0019,-0.057699999999999994,0.0403,0.0786,0.024399999999999998,0.0397,0.09539999999999998,0.0168,0.075,0.042300000000000004,0.0592,0.073,0.057800000000000004,0.0040999999999999995,0.0567,0.0424,0.0567,0.0742,0.0373,0.04650000000000001,0.0048,0.0302,0.0746
1989-05,0.0079,0.0407,-0.0008,-0.009000000000000001,0.0146,20.032,8.86,0.034809678386026915,0.028301333603879833,-0.03385416666666663,0.0274,0.038,0.04769999999999999,0.0892,0.07490000000000001,0.0768,0.0519,0.0172,0.018000000000000002,0.054299999999999994,0.025099999999999997,0.059000000000000004,0.0317,0.0083,0.0265,0.0245,0.031,0.054299999999999994,0.0116,0.0483,0.0506,0.1158,0.0144,0.0245,0.032,0.031,-0.07629999999999999,0.0111,-0.0069,0.0274,0.0528,0.0592,0.0524,0.0604,0.0049,0.051399999999999994,0.0362,0.025699999999999997,0.0713,0.0317,0.035,0.0538,0.10710000000000001,0.063,0.0248,0.0222,0.022000000000000002,0.08130000000000001
1989-06,0.0070999999999999995,-0.0062000000000000015,-0.0095,0.0223,0.0044,20.005,8.28,0.04025749040838793,0.04533620629388424,-0.008086253369272267,-0.0168,0.0269,-0.051100000000000007,-0.014499999999999999,0.0025,0.0795,0.0347,0.056799999999999996,0.018500000000000003,-0.0121,0.0115,-0.043899999999999995,-0.031200000000000002,-0.0282,-0.018799999999999997,-0.013500000000000002,-0.0207,0.027200000000000002,-0.0385,-0.005699999999999999,-0.0341,-0.0431,0.006500000000000001,-0.0453,-0.053200000000000004,-0.0187,0.0925,-0.0374,-0.0121,-0.0101,0.0342,0.0018,-0.011200000000000002,-0.0204,-0.023,-0.0393,-0.0393,-0.0395,-0.0323,-0.0128,-0.0177,-0.0252,0.015700000000000002,0.0018,0.022000000000000002,-0.0019,0.005,-0.016200000000000003
1989-07,0.006999999999999999,0.07880000000000001,-0.041100000000000005,-0.027999999999999997,0.053200000000000004,19.644,8.02,0.025692494841199395,0.02435040929658208,0.01902173913043481,0.1654,0.1263,0.0359,0.16649999999999998,0.1432,0.10210000000000001,0.0828,0.060599999999999994,0.0722,0.0916,0.105,0.0885,0.1442,0.0669,0.0825,0.0722,0.0987,0.07980000000000001,0.0663,0.0432,0.0727,0.1105,0.0429,0.0738,-0.013600000000000001,0.0513,-0.022099999999999998,0.019,0.025699999999999997,0.0378,0.0581,0.0913,0.0556,0.0426,0.0215,0.0441,0.0617,0.0731,0.10769999999999999,0.079,0.0584,0.10439999999999999,0.08410000000000001,0.07730000000000001,0.0932,-0.0044,0.0728,0.1264
1989-08,0.0074,0.0217,0.005699999999999999,0.0062,-0.004699999999999999,18.522,8.11,-0.023621747565492568,0.0005730982713758387,-0.026666666666666616,-0.047,-0.0447,-0.0616,-0.04190000000000001,0.026000000000000002,-0.0167,0.0313,-0.0121,0.0246,0.0527,0.0235,0.0296,-0.0009,0.07139999999999999,0.0334,0.0298,0.0233,0.053,0.0797,0.015600000000000001,0.0346,0.0,0.0805,0.032,-0.0059,0.044500000000000005,0.062400000000000004,0.0897,0.07400000000000001,0.035,-0.008,0.008,0.0086,0.0223,0.0274,0.011399999999999999,0.011000000000000001,0.057,0.056299999999999996,0.12380000000000001,0.0166,0.0366,-0.0052,0.0144,0.0208,0.0054,0.030899999999999997,0.0089
1989-09,0.006500000000000001,-0.0010999999999999994,0.003,-0.0127,0.0349,19.594,8.19,0.0035245298320874764,0.001348582188130499,-0.008219178082191747,-0.0034000000000000002,-0.0096,0.032,0.015,0.0084,0.0032,0.0276,-0.0282,-0.0407,0.0381,-0.0037,0.0108,0.0275,-0.0341,-0.0129,-0.029300000000000003,-0.014499999999999999,-0.0263,-0.0242,-0.0268,-0.0229,-0.0141,-0.057,-0.008,0.0027,-0.0165,0.061399999999999996,-0.012199999999999999,0.0068000000000000005,0.013600000000000001,0.0048,0.0403,-0.0269,0.0176,-0.057,0.013300000000000001,-0.0333,-0.039900000000000005,-0.053,-0.04019999999999999,-0.0197,-0.028300000000000002,-0.0042,0.0282,0.0263,-0.0139,-0.0017000000000000001,0.08800000000000001
1989-10,0.0068000000000000005,-0.029699999999999997,-0.032400000000000005,-0.0116,0.013600000000000001,20.091,8.01,0.0330660906130928,0.018954042946079833,0.013812154696132506,-0.10099999999999999,-0.0258,-0.0864,0.0166,0.0197,-0.0335,-0.0207,-0.07980000000000001,-0.0151,-0.0542,-0.0075,-0.0248,0.0083,-0.0584,-0.060899999999999996,-0.0596,-0.0758,-0.0872,-0.09210000000000002,-0.0424,-0.0541,-0.028900000000000002,-0.0659,-0.047,-0.1368,-0.0199,0.029900000000000003,-0.0696,-0.0524,0.0078000000000000005,0.0101,-0.0196,-0.0926,-0.0305,-0.0526,-0.0335,-0.0839,-0.0276,-0.027999999999999997,-0.1047,-0.0454,-0.0437,-0.0273,-0.0861,0.0158,-0.0799,-0.0414,-0.0325
1989-11,0.0069,0.0173,-0.011899999999999999,-0.0113,0.0268,19.82,7.87,0.012055436032361552,0.01618401788181343,0.07356948228882842,0.0424,0.0368,-0.0074,0.0375,-0.0028000000000000004,-0.0068000000000000005,0.023399999999999997,-0.01,0.011000000000000001,-0.019799999999999998,0.0239,0.0559,0.0463,0.024900000000000002,0.0143,0.015300000000000001,0.0222,0.062,0.023399999999999997,-0.0421,0.0525,0.09519999999999999,-0.0194,-0.0024,-0.08199999999999999,-0.1137,0.1491,0.031,0.0637,0.0398,0.032400000000000005,0.021099999999999997,0.019799999999999998,-0.0161,-0.021400000000000002,-0.0462,-0.0054,0.0316,0.0354,-0.0052,0.0049,0.0098,0.0177,-0.028300000000000002,0.0258,-0.0187,-0.014199999999999999,-0.006
1989-12,0.0060999999999999995,0.0179,-0.023700000000000002,0.0015,0.0277,21.088,7.84,0.00037413415437665635,0.008608666014795424,0.03906091370558373,0.0123,0.0366,0.0149,0.016,-0.0049,0.0005,-0.0883,-0.0005,0.022799999999999997,-0.0189,0.0591,0.0143,0.0055000000000000005,0.0426,0.0378,0.0038,-0.0078000000000000005,0.0322,0.0059,0.0281,0.0182,0.039900000000000005,-0.023799999999999998,-0.0004,-0.0405,0.0875,0.010700000000000001,0.0297,0.0338,0.0602,0.048,0.058499999999999996,-0.0058,0.026099999999999998,-0.028900000000000002,0.0137,0.0336,0.0346,0.0537,0.0262,0.031,0.0058,-0.0060999999999999995,-0.028900000000000002,-0.0216,-0.005600000000000001,-0.0252,0.0528
1990-01,0.005699999999999999,-0.0723,-0.011399999999999999,0.0083,-0.03,22.641,8.21,-0.027473024607432804,-0.01878781884682201,0.0014900217396613957,-0.11460000000000001,-0.1023,-0.10619999999999999,-0.0902,-0.08650000000000001,-0.0355,-0.1069,-0.0934,-0.0779,-0.094,-0.1536,-0.09570000000000001,-0.0623,-0.07339999999999999,-0.1005,-0.1017,-0.07919999999999999,-0.0058,-0.08779999999999999,-0.0084,-0.0352,-0.0383,-0.0339,-0.04,-0.1422,-0.0355,0.079,-0.039599999999999996,-0.0304,-0.042800000000000005,-0.0535,-0.1304,-0.10710000000000001,-0.0581,0.0066,-0.0317,-0.0855,-0.07919999999999999,-0.0489,-0.0848,-0.0766,-0.055999999999999994,-0.1252,-0.0962,-0.1058,-0.0736,-0.0782,-0.0977
1990-02,0.005699999999999999,0.016900000000000002,0.0097,0.006500000000000001,-0.0051,22.108,8.47,0.0016909128575116504,-0.010662622272525537,0.017073170731707332,0.09140000000000001,-0.009300000000000001,-0.0092,0.0048,-0.0256,0.0021,0.0189,-0.0018,0.0014000000000000002,0.0197,-0.015,0.0171,-0.026099999999999998,0.025699999999999997,0.0464,0.019799999999999998,0.0256,0.0719,0.0332,0.0321,0.0526,0.0176,0.061200000000000004,0.0454,-0.0873,-0.026699999999999998,-0.0216,0.049100000000000005,0.0721,0.030899999999999997,0.0021,-0.0026,0.031400000000000004,0.0409,0.042,0.023799999999999998,0.0069,0.0161,0.0447,0.0576,0.0233,0.0209,0.0045000000000000005,0.038,0.0138,0.0014000000000000002,0.0098,0.0223
1990-03,0.0064,0.0247,0.0147,-0.028999999999999998,0.0173,20.418,8.59,-0.0022103148845579092,-0.000928777204759426,-0.05755395683453235,0.0273,0.0528,0.0989,0.0622,0.06849999999999999,0.0704,0.0111,-0.006500000000000001,0.0415,0.0754,0.054400000000000004,0.032400000000000005,0.0373,0.0143,0.0664,0.0231,0.0481,0.0106,0.0629,0.041299999999999996,0.0368,0.0412,0.0356,0.0823,0.1505,0.0337,-0.0915,0.0452,0.0557,-0.0062,-0.0075,0.042199999999999994,0.0493,0.0537,0.037000000000000005,0.048600000000000004,0.0564,0.021400000000000002,0.0409,0.0285,0.0338,0.060599999999999994,-0.0032,-0.0301,0.0009,0.0126,-0.0216,0.0484
1990-04,0.0069,-0.026699999999999998,-0.004699999999999999,-0.025699999999999997,0.0231,18.582,8.79,-0.01854620069483313,-0.006083782726711034,-0.04834605597964381,-0.0202,-0.0001,-0.0475,0.0232,0.04769999999999999,-0.06480000000000001,0.0123,-0.0695,-0.019,-0.0113,-0.0137,-0.0274,0.009000000000000001,-0.0345,-0.04650000000000001,-0.0259,-0.026699999999999998,-0.0564,-0.0702,-0.0091,-0.0254,-0.0072,-0.0453,-0.055999999999999994,0.0196,0.0003,-0.11810000000000001,-0.0182,-0.0911,-0.0354,-0.0552,-0.0329,-0.0037,-0.028999999999999998,-0.0012,-0.0482,-0.0362,-0.0319,0.0143,-0.0398,-0.0219,-0.0168,-0.053200000000000004,-0.0431,-0.044800000000000006,-0.0358,-0.0335,0.0362
1990-05,0.0068000000000000005,0.0911,-0.0256,-0.038900000000000004,0.031200000000000002,18.237,8.76,0.03610126322279514,0.009294064991847506,-0.013368983957219305,0.013999999999999999,0.0922,0.0837,0.1592,0.011200000000000002,0.1284,0.1326,0.1042,0.09849999999999999,0.07719999999999999,0.14980000000000002,0.1377,0.1251,0.0738,0.0825,0.0416,0.0842,0.1338,0.0738,0.1014,0.0584,0.09960000000000001,0.0805,0.1074,0.013300000000000001,0.09570000000000001,0.0977,0.0342,0.1318,0.0601,0.054299999999999994,0.092,0.1073,0.11810000000000001,0.11630000000000001,0.12179999999999999,0.098,0.0604,0.048799999999999996,0.046,0.09,0.1188,0.1306,0.10550000000000001,0.1051,0.0034999999999999996,0.044000000000000004,0.1164
1990-06,0.0063,-0.0046,0.013500000000000002,-0.02,0.025099999999999997,16.871,8.48,0.01841754673885187,0.025701959500075287,-0.046070460704607075,-0.0611,0.0281,0.0015,0.0102,0.0915,-0.050199999999999995,-0.0375,-0.022400000000000003,0.020099999999999996,-0.0213,0.0545,0.043899999999999995,0.0434,-0.0226,0.0138,-0.048600000000000004,-0.0294,-0.0323,-0.0146,0.0547,-0.023799999999999998,0.0002,-0.029300000000000003,0.0033,0.041299999999999996,-0.0223,-0.0704,-0.029900000000000003,-0.0666,-0.0202,0.0075,-0.047400000000000005,0.040999999999999995,0.028300000000000002,-0.0199,-0.035,0.0321,0.0046,-0.0518,-0.0159,0.0027,0.0169,0.0116,-0.0365,-0.0066,-0.0066,-0.0063,0.0282
1990-07,0.0068000000000000005,-0.012199999999999999,-0.030899999999999997,-0.0006,0.0604,18.638,8.47,0.011692326249677375,0.007731967602516685,0.03125,0.0688,0.004,0.0131,0.0001,0.0564,-0.0902,-0.07719999999999999,-0.0553,-0.0183,-0.049699999999999994,-0.0017000000000000001,-0.0007000000000000001,0.0326,0.0087,-0.011399999999999999,-0.012,0.0194,0.0268,0.0571,-0.032799999999999996,-0.0178,0.0154,-0.027000000000000003,-0.0271,-0.0425,-0.0695,0.1209,0.0725,-0.009000000000000001,0.0837,0.009000000000000001,-0.044199999999999996,-0.0417,-0.08789999999999999,-0.0699,-0.06,-0.039599999999999996,0.0159,-0.0084,-0.024700000000000003,-0.0414,-0.0371,-0.0733,-0.07629999999999999,-0.0123,-0.0808,-0.055,-0.0155
1990-08,0.0066,-0.0946,-0.035,0.015600000000000001,0.0196,27.174,8.75,-0.026473977651904974,-0.011578257922216437,0.0881542699724518,-0.0924,-0.0704,-0.1036,-0.049,-0.030600000000000002,-0.1477,-0.1536,-0.0935,-0.0906,-0.1666,-0.078,-0.0724,-0.0649,-0.129,-0.135,-0.14029999999999998,-0.1226,-0.1282,-0.10220000000000001,-0.1232,-0.1321,-0.13470000000000001,-0.1458,-0.133,-0.09539999999999998,-0.0915,-0.0593,-0.08449999999999999,-0.11019999999999999,-0.0124,-0.0664,-0.1038,-0.111,-0.1005,-0.1211,-0.1267,-0.11470000000000001,-0.1127,-0.0888,-0.1292,-0.09699999999999999,-0.1268,-0.1249,-0.11460000000000001,-0.1051,-0.1219,-0.1096,-0.10800000000000001
1990-09,0.006,-0.0551,-0.0364,0.0059,0.0576,33.687,8.89,0.01000077284785407,-0.00191332157132697,-0.015189873417721489,-0.1364,-0.0103,-0.1036,-0.0666,0.009300000000000001,-0.08560000000000001,-0.0348,-0.0617,-0.0747,-0.1294,-0.0608,-0.0241,-0.044000000000000004,-0.0665,-0.0622,-0.1704,-0.1024,-0.0672,-0.061399999999999996,-0.1697,-0.095,-0.10099999999999999,-0.1107,-0.1017,-0.0416,0.0073,-0.0083,-0.038900000000000004,0.0344,-0.0165,0.0048,0.0182,-0.12210000000000001,-0.0731,-0.0594,-0.0559,-0.10529999999999999,-0.07490000000000001,-0.051100000000000007,-0.0776,-0.0521,-0.09359999999999999,-0.1243,-0.1255,-0.1065,-0.09480000000000001,-0.1075,-0.1207
1990-10,0.0068000000000000005,-0.012399999999999998,-0.0552,0.0008,0.06709999999999999,35.922,8.72,0.0184934801394514,0.018517962693134316,-0.020565552699228773,-0.0273,0.0327,0.049400000000000006,0.0751,0.0644,-0.0143,-0.013600000000000001,-0.038900000000000004,0.0199,-0.0719,-0.0134,0.0091,0.0176,0.005600000000000001,-0.0587,-0.1099,-0.0409,-0.1101,-0.1142,0.008199999999999999,-0.109,-0.0302,-0.027200000000000002,0.031200000000000002,-0.19469999999999998,-0.0042,-0.1734,-0.1548,-0.095,-0.0394,0.0722,0.0302,-0.0259,-0.0215,-0.0363,-0.053399999999999996,0.0060999999999999995,-0.0034999999999999996,0.0173,-0.025099999999999997,-0.036000000000000004,-0.0304,-0.036699999999999997,-0.09140000000000001,-0.054299999999999994,-0.07429999999999999,-0.0694,-0.030899999999999997
1990-11,0.005699999999999999,0.0692,0.0042,-0.0297,-0.0546,32.3,8.39,0.03296286736149998,0.028992521696451754,0.002624671916010568,0.0825,0.0525,0.09849999999999999,0.0526,0.0797,0.0987,0.1244,0.10779999999999999,0.0756,0.1551,0.08220000000000001,0.12480000000000001,0.09480000000000001,0.10099999999999999,0.1056,0.0851,0.0703,0.1092,0.029300000000000003,0.12359999999999999,0.08800000000000001,0.0638,0.029500000000000002,0.021400000000000002,0.0783,0.10099999999999999,-0.0518,0.0572,-0.0443,0.016399999999999998,0.0231,0.0212,0.06559999999999999,0.1066,0.12269999999999999,0.061900000000000004,0.0911,0.0716,0.036699999999999997,0.0546,0.0617,0.1175,0.08529999999999999,0.16210000000000002,0.1553,0.0342,0.0779,-0.030699999999999998
1990-12,0.006,0.030600000000000002,0.0079,-0.015700000000000002,0.0024,27.337,8.08,0.01897502593781804,0.02769756819222573,-0.01308900523560208,-0.0216,0.0489,0.0264,0.0236,0.0536,0.0212,0.0279,0.056900000000000006,0.0332,0.079,0.0279,0.037000000000000005,0.0277,0.0342,0.056100000000000004,0.0833,0.052199999999999996,-0.01,0.0795,0.0032,0.052000000000000005,0.0552,-0.0125,0.039,0.0394,0.051500000000000004,0.1495,0.0033,0.0209,-0.0206,0.0079,0.0151,0.0616,0.053899999999999997,0.039900000000000005,0.0395,0.0318,0.0689,0.062400000000000004,0.0527,0.0451,0.0288,0.049800000000000004,0.075,0.051500000000000004,0.0241,0.0219,0.0707
1991-01,0.0052,0.05210000000000001,0.0378,-0.0148,-0.0645,24.959,8.09,0.01011891244728608,0.006056217510542765,0.018567639257294433,0.06860000000000001,0.0305,0.0558,0.04650000000000001,0.0268,0.1185,0.042699999999999995,0.09380000000000001,0.0079,0.1827,0.1081,0.0931,0.037599999999999995,0.0567,0.0696,0.1106,0.10460000000000001,0.07139999999999999,0.0817,0.10529999999999999,0.0603,0.11560000000000001,0.0737,0.06709999999999999,0.0163,0.0708,-0.1661,0.0848,-0.039,-0.0203,-0.0137,0.0002,0.0533,0.1437,0.15439999999999998,0.12710000000000002,0.0947,0.0471,0.122,0.1241,0.0344,0.11720000000000001,0.0108,0.08289999999999999,0.06280000000000001,0.0374,0.0732,0.125
1991-02,0.0048,0.0767,0.0401,-0.0062,-0.049,20.523,7.85,0.007370281315449836,0.02298526625213518,-0.05208333333333337,0.1048,0.1204,0.07400000000000001,0.10869999999999999,0.07719999999999999,0.1765,0.1017,0.0317,0.0625,0.1578,0.0785,0.09720000000000001,0.1041,0.0605,0.060899999999999996,0.1191,0.0702,0.22510000000000002,0.0668,0.06570000000000001,0.07629999999999999,0.0707,0.10490000000000001,0.0151,0.09820000000000001,-0.0147,0.0594,0.1183,0.1317,0.08539999999999999,0.0484,0.030299999999999997,0.0803,0.053399999999999996,0.051699999999999996,0.0559,0.16399999999999998,0.0518,0.0552,0.055999999999999994,0.0868,0.07690000000000001,0.1573,0.12380000000000001,0.09210000000000002,0.0554,0.1155,0.0682
1991-03,0.0044,0.031000000000000003,0.0388,-0.013000000000000001,0.0274,19.86,8.11,0.004646588312680772,-0.011243672800165902,-0.0027472527472527375,0.0242,0.0616,0.0605,0.057,0.0137,0.0438,-0.023,0.0051,0.0414,0.0462,0.1217,0.09,0.054000000000000006,-0.0025,0.0834,0.034300000000000004,0.0288,-0.0622,0.0052,0.045700000000000005,-0.0215,0.022000000000000002,-0.0055000000000000005,0.0024,-0.0013,0.0625,-0.022000000000000002,-0.0004,-0.036699999999999997,0.0132,0.0172,0.023,0.0403,0.0501,-0.0279,0.0437,0.0304,0.0088,0.085,-0.0189,0.0313,0.09380000000000001,0.09720000000000001,0.0479,0.0528,0.1333,0.0949,-0.038
1991-04,0.0053,0.0024999999999999996,0.005,0.0149,-0.0233,20.823,8.04,0.008742376911199794,0.0114918655853858,-0.01377410468319562,-0.0054,-0.0088,-0.0178,-0.04019999999999999,-0.0348,0.0305,-0.0365,0.0308,-0.014499999999999999,0.015,-0.019799999999999998,-0.0227,-0.0101,0.0331,0.0108,0.0275,0.0060999999999999995,-0.0421,-0.0013,0.0022,-0.0285,0.0097,-0.0273,-0.0064,0.0666,-0.0131,-0.013999999999999999,0.0344,0.06,0.0239,-0.0005,0.0113,-0.0044,-0.0096,-0.0541,0.0242,-0.0039000000000000003,0.0216,0.0002,0.0379,0.018600000000000002,0.026099999999999998,-0.0178,0.060700000000000004,-0.018799999999999997,-0.025099999999999997,0.0105,0.0002
1991-05,0.004699999999999999,0.0413,-0.0039000000000000003,-0.0052,-0.001,21.24,8.07,0.003967673305796586,0.004665056534421665,-0.0027932960893854997,0.1066,0.0265,0.029900000000000003,0.0383,0.039599999999999996,0.042699999999999995,0.038900000000000004,0.045599999999999995,0.04,0.0235,0.0587,0.0537,0.0424,0.1003,0.062400000000000004,0.045700000000000005,0.07690000000000001,0.0473,0.0424,0.0678,0.0848,0.10460000000000001,0.1611,0.0625,-0.0663,0.0403,0.0382,-0.006999999999999999,-0.0735,-0.0139,0.0015,-0.0146,0.0928,0.0421,0.021,0.061,0.0576,0.09449999999999999,0.055,0.07919999999999999,0.06509999999999999,0.0825,0.06280000000000001,0.0704,0.0262,0.0038,0.04,0.042699999999999995
1991-06,0.0042,-0.045200000000000004,0.0018,0.0108,0.0042,20.195,8.28,-0.005482199029786948,-0.00750071905814046,0.028011204481792618,-0.0518,-0.0415,-0.0633,-0.0575,-0.0637,-0.0546,-0.0412,-0.0707,-0.0754,-0.0282,-0.0718,-0.0472,-0.038599999999999995,-0.032400000000000005,-0.0369,0.014499999999999999,-0.045899999999999996,-0.1009,-0.047400000000000005,-0.0282,-0.0691,-0.046900000000000004,-0.0277,-0.0349,-0.0707,-0.006500000000000001,0.10039999999999999,0.042300000000000004,0.0356,-0.037000000000000005,-0.023700000000000002,-0.0149,-0.0408,-0.0654,-0.0965,-0.0978,-0.030600000000000002,-0.0331,0.0053,-0.052300000000000006,-0.0273,-0.044000000000000004,-0.0724,-0.0676,-0.0458,-0.0417,-0.0359,-0.0818
1991-07,0.0049,0.0473,-0.0096,-0.013000000000000001,0.0426,21.42,8.27,0.009556077023478502,0.007571169588330097,0.0027247956403269047,0.0556,0.0574,-0.0646,0.091,0.07429999999999999,0.0088,0.0493,0.0179,0.049400000000000006,0.037200000000000004,0.09970000000000001,0.081,0.0842,0.0492,0.04190000000000001,0.105,0.071,0.0096,0.0446,0.0691,0.0087,0.0037,-0.013600000000000001,0.057699999999999994,0.0616,0.014199999999999999,-0.0385,0.0147,-0.013000000000000001,0.0507,0.04,0.0311,0.0395,0.046900000000000004,0.0587,0.0206,0.0058,-0.006500000000000001,0.057300000000000004,0.056100000000000004,0.056600000000000004,0.056299999999999996,0.0121,0.094,0.0102,0.0138,0.0736,0.0184
1991-08,0.0046,0.0278,0.0158,-0.0079,0.0158,21.688,7.9,0.03242780405334607,0.031735873414450375,-0.03260869565217395,0.0583,0.0649,-0.008199999999999999,0.059500000000000004,0.0696,0.0129,-0.0037,0.0187,0.0438,0.0861,-0.0023,0.036000000000000004,0.0317,0.0076,0.06860000000000001,0.0042,0.0383,0.0052,0.0079,0.065,0.0007000000000000001,0.0203,-0.0348,0.0318,-0.0737,-0.0414,-0.0933,-0.0191,0.0373,0.0161,0.0352,0.0066,0.0087,0.0613,0.0022,0.0297,0.035,0.0043,0.057300000000000004,0.013600000000000001,-0.0168,0.049400000000000006,0.0054,0.07980000000000001,0.0015,0.0217,0.0463,0.0318
1991-09,0.0046,-0.011300000000000001,0.0168,-0.0123,0.0174,21.857,7.65,0.030490405260429787,0.023646703168808555,-0.0196629213483146,-0.0482,-0.033,-0.0992,-0.0463,-0.0207,0.08529999999999999,-0.0154,-0.042199999999999994,0.0086,0.0276,-0.0196,0.0,-0.0023,-0.0315,0.0184,0.042300000000000004,-0.0495,-0.0481,-0.0333,0.022000000000000002,-0.0335,-0.0591,-0.0233,0.0032,-0.0975,-0.0178,0.0451,0.030600000000000002,-0.0039000000000000003,-0.0069,0.037200000000000004,0.0037,0.0189,0.0070999999999999995,0.0038,-0.0727,-0.0288,-0.0178,0.0033,-0.0027,-0.0207,-0.0415,0.0196,-0.010700000000000001,0.0029,-0.047400000000000005,0.009899999999999999,-0.054900000000000004
1991-10,0.0042,0.0171,0.0077,-0.0043,0.0318,23.228,7.53,0.0062250000000000005,0.014657025511630423,0.02865329512893977,-0.0241,-0.0118,-0.0177,0.0209,-0.0574,0.1164,0.012199999999999999,0.0001,0.0115,-0.0437,-0.0148,0.0902,0.0692,0.0176,0.0138,-0.0132,-0.0297,-0.0151,-0.009399999999999999,-0.0111,-0.0084,0.005,-0.023799999999999998,0.033,0.0121,0.0337,0.027200000000000002,-0.004699999999999999,0.048499999999999995,0.0204,0.0125,0.019299999999999998,0.0034000000000000002,0.0676,-0.0212,0.0321,0.0429,0.0385,0.059000000000000004,0.0745,0.0269,-0.031200000000000002,0.0209,0.0083,0.048499999999999995,-0.022400000000000003,-0.0022,0.0017000000000000001
1991-11,0.0039000000000000003,-0.0381,-0.0051,-0.0177,0.0118,22.465,7.42,0.012486696441232618,0.013907660526664326,0.0027855153203342198,-0.0414,0.0001,-0.0043,0.030299999999999997,-0.0334,0.0183,-0.085,-0.052300000000000006,-0.020099999999999996,-0.0353,-0.0647,-0.0195,-0.022799999999999997,-0.0588,-0.0366,-0.0475,-0.0182,-0.0848,-0.0771,-0.0621,-0.09380000000000001,-0.058499999999999996,-0.0882,-0.0594,-0.0504,-0.0276,0.0335,-0.049,-0.1097,-0.0774,0.019,-0.0475,-0.0311,-0.0259,-0.0516,-0.0436,-0.057,-0.0727,-0.0464,-0.0849,-0.039,-0.0044,-0.0435,-0.08410000000000001,-0.0203,-0.0629,-0.0358,-0.022400000000000003
1991-12,0.0038,0.1123,-0.0226,-0.042300000000000004,0.0827,19.517,7.09,0.05295330253847306,0.029194384685349965,0.005555555555555536,0.0902,0.155,0.1427,0.1543,0.149,0.1216,0.0728,0.1268,0.121,0.15130000000000002,0.1953,0.16329999999999997,0.1641,0.10289999999999999,0.132,0.1341,0.1863,0.1267,0.07,0.1315,0.0855,0.18109999999999998,0.0596,0.0977,0.1575,0.07200000000000001,-0.019299999999999998,0.0268,0.0089,0.0215,0.0501,0.09849999999999999,0.1043,0.1448,0.041299999999999996,0.1067,0.12300000000000001,0.1045,0.0471,0.14279999999999998,0.1152,0.1331,0.1268,0.1547,0.1137,0.11689999999999999,0.125,0.15539999999999998
1992-01,0.0034000000000000002,-0.0024999999999999996,0.0848,0.0467,-0.024900000000000002,18.82,7.03,-0.037610414311454114,0.01015474546181229,-0.02209944751381221,0.009000000000000001,-0.0567,-0.0169,-0.030600000000000002,-0.0493,0.009300000000000001,0.1384,0.026600000000000002,0.0785,0.0378,-0.0092,-0.0286,-0.062,0.0105,-0.0064,0.10099999999999999,0.0246,0.07919999999999999,0.032400000000000005,0.0789,0.057699999999999994,-0.0116,0.1069,0.0398,0.0611,-0.0319,0.08810000000000001,0.0521,-0.09380000000000001,-0.041100000000000005,-0.045700000000000005,-0.0288,0.0144,0.0294,0.0642,0.1082,0.0392,0.034300000000000004,-0.1041,-0.010700000000000001,-0.0176,-0.0039000000000000003,0.10300000000000001,0.0166,-0.017,0.0633,0.0373,0.0571
1992-02,0.0028000000000000004,0.013600000000000001,0.0083,0.06509999999999999,-0.0069,18.995,7.34,0.008894690976364649,-0.01614102232913705,0.0,-0.0325,-0.0078000000000000005,0.0273,0.0149,0.0024,0.0647,0.1116,0.0592,-0.013000000000000001,0.0219,-0.053200000000000004,-0.053899999999999997,-0.021099999999999997,0.0281,0.030899999999999997,0.0825,0.0189,-0.0044,0.0706,0.0171,0.0495,0.0344,0.1445,-0.0329,-0.0086,0.0168,-0.029900000000000003,0.0371,0.0665,-0.0058,-0.0124,-0.014499999999999999,0.032400000000000005,0.0265,0.057300000000000004,0.0401,0.0001,0.0254,0.0691,0.051100000000000007,0.0315,0.0296,-0.0005,0.0508,0.0018,0.0012,0.0334,-0.0092
1992-03,0.0034000000000000002,-0.0231,-0.0097,0.0349,-0.0024,18.916,7.54,-0.012896137549554668,-0.007879578460806473,-0.02824858757062143,-0.0285,-0.0291,-0.0604,0.0138,-0.0383,-0.0274,-0.0108,-0.0113,-0.02,-0.0395,-0.0593,-0.0458,-0.0564,0.0074,-0.0039000000000000003,0.0384,-0.0123,-0.0877,-0.013000000000000001,-0.048,-0.0163,-0.030899999999999997,0.0144,-0.0085,-0.0024,-0.0535,-0.1253,-0.0026,-0.0489,-0.0271,-0.0053,-0.0087,-0.0274,-0.0434,-0.0516,-0.0623,-0.01,0.0009,-0.0137,-0.0242,-0.0043,-0.013600000000000001,-0.0139,-0.0165,-0.0106,-0.0354,0.0138,-0.1183
1992-04,0.0032,0.0141,-0.061200000000000004,0.0436,-0.025099999999999997,20.243,7.48,0.0014283574634233603,0.010444741221827484,-0.014534883720930258,-0.0405,-0.0126,0.0048,0.0191,0.0786,0.011200000000000002,-0.025,0.047,0.0111,-0.0526,-0.057800000000000004,-0.0452,-0.0167,0.063,0.0052,0.0128,0.0074,-0.0046,0.0369,-0.07980000000000001,0.0254,-0.0003,0.1117,0.0212,0.17170000000000002,0.0358,-0.0388,0.0143,-0.0546,0.09539999999999998,0.0269,0.071,-0.023799999999999998,-0.0313,0.0058,-0.0023,-0.005,0.0321,0.07730000000000001,0.0277,-0.0106,-0.0461,0.03,0.0282,-0.0055000000000000005,-0.045,-0.004699999999999999,-0.0148
1992-05,0.0028000000000000004,0.0058000000000000005,0.0040999999999999995,0.0111,0.0007000000000000001,20.94,7.39,0.025700922520870785,0.012492226399239099,-0.005899705014749235,0.0316,0.0079,-0.021099999999999997,0.0361,0.0014000000000000002,0.066,0.0118,-0.0043,0.0031,-0.013500000000000002,-0.0354,0.030899999999999997,0.012,-0.0088,-0.028999999999999998,-0.019799999999999998,0.005,0.0058,0.0096,-0.0677,-0.0013,-0.0028000000000000004,-0.019,-0.0197,-0.0747,-0.034,0.10980000000000001,0.04019999999999999,-0.0034000000000000002,0.0317,0.0254,-0.026099999999999998,-0.0179,0.0209,-0.0049,-0.0102,-0.0127,-0.0102,0.0013,-0.0037,0.015700000000000002,-0.0018,0.0108,0.030899999999999997,0.016,-0.013300000000000001,0.0302,-0.0647
1992-06,0.0032,-0.0201,-0.031,0.032400000000000005,-0.005699999999999999,22.375,7.26,0.019410739761448095,0.015235497535578315,0.011869436201780381,0.0078000000000000005,0.0,-0.0262,-0.055,-0.0928,-0.0189,-0.0403,-0.031200000000000002,-0.0642,-0.0504,-0.061799999999999994,-0.045700000000000005,-0.0471,-0.046799999999999994,-0.061500000000000006,-0.0733,-0.053099999999999994,-0.0616,0.019299999999999998,-0.04650000000000001,-0.0579,0.012,0.0454,-0.047,-0.0828,-0.013000000000000001,0.1002,0.06480000000000001,-0.09720000000000001,-0.0346,0.0054,0.0149,0.0027,-0.0626,-0.0241,-0.0241,-0.047,-0.013500000000000002,-0.0077,-0.0397,-0.031400000000000004,-0.0178,-0.0229,0.0049,0.031,-0.0373,-0.0052,-0.0471
1992-07,0.0031,0.0409,-0.0045000000000000005,-0.0051,0.015300000000000001,21.759,6.84,0.03560788653614696,0.03554799884938667,0.035190615835777095,-0.0027,0.0565,-0.0002,0.0455,0.0461,0.024399999999999998,0.0169,0.0274,0.0677,0.0555,0.0621,0.0394,0.060599999999999994,0.042,0.047400000000000005,0.0719,0.0447,0.0725,-0.0014000000000000002,0.0989,0.0222,-0.005699999999999999,-0.0092,0.032400000000000005,-0.0592,0.0594,0.016200000000000003,-0.0348,0.0643,0.0528,0.0673,0.0546,0.02,0.0356,0.0168,0.0484,0.0217,-0.0088,-0.0176,0.0078000000000000005,0.0417,0.0426,0.0052,0.0167,0.0632,-0.0546,0.0296,0.060599999999999994
1992-08,0.0026,-0.021199999999999997,-0.001,-0.0109,-0.0049,21.35,6.59,0.012797069902048742,0.02359479416217813,-0.028328611898016942,0.0034999999999999996,0.021,-0.0741,0.0127,-0.0021,-0.0369,-0.0191,-0.011399999999999999,-0.028900000000000002,-0.0106,-0.0339,-0.0286,-0.0356,-0.0481,-0.0378,-0.0146,0.0036,-0.01,-0.0916,-0.0115,-0.0375,-0.0281,-0.1108,-0.0453,-0.039599999999999996,0.020099999999999996,-0.0592,-0.029300000000000003,-0.012,0.0256,-0.004699999999999999,-0.0097,-0.0227,-0.0165,-0.0791,-0.018600000000000002,-0.0169,-0.036000000000000004,-0.0124,-0.059800000000000006,-0.0202,0.0011,-0.027999999999999997,-0.0418,-0.0209,-0.019299999999999998,-0.0345,-0.0431
1992-09,0.0026,0.014499999999999999,0.0055000000000000005,-0.0019,0.0141,21.902,6.42,0.02359151255738182,0.017799398081391242,0.005830903790087438,-0.0345,0.028399999999999998,0.0462,-0.021099999999999997,0.0137,0.061500000000000006,0.055,-0.0078000000000000005,0.0339,0.0546,-0.057999999999999996,-0.0254,-0.051399999999999994,0.0005,0.0471,0.023,0.030899999999999997,0.023,-0.0049,-0.0467,0.020499999999999997,0.0677,-0.0177,-0.0219,-0.0195,0.011200000000000002,-0.013600000000000001,0.0219,0.1317,0.0007000000000000001,0.0083,0.0191,-0.0060999999999999995,0.0415,-0.0101,0.0699,0.0588,0.0068000000000000005,0.026699999999999998,0.042,0.025,0.0434,0.0588,0.0165,0.061500000000000006,0.049,0.0174,0.0632
1992-10,0.0023,0.0125,0.021099999999999997,-0.019799999999999998,0.0259,21.688,6.59,-0.026137921861979493,-0.007053780787492535,-0.0028985507246376274,-0.024300000000000002,-0.0269,-0.025,0.020499999999999997,-0.0421,0.0147,0.0475,0.0074,0.025,0.0092,0.048499999999999995,0.0415,0.0305,0.0079,-0.0064,0.0014000000000000002,0.0124,-0.0028000000000000004,0.0154,0.10220000000000001,-0.0132,-0.0134,0.0027,0.0344,0.0726,-0.0032,-0.0915,0.0179,0.0002,-0.0352,-0.0042,-0.0055000000000000005,0.052199999999999996,0.0593,-0.0316,0.0583,-0.0166,0.030299999999999997,-0.0027,0.060700000000000004,0.0275,0.0449,0.0374,0.027999999999999997,0.026099999999999998,0.030600000000000002,0.033,0.0297
1992-11,0.0023,0.0437,0.0368,-0.0152,-0.0023,20.342,6.87,-0.00508973349340342,-0.01477989095758547,-0.026162790697674465,0.0286,0.036000000000000004,0.0756,0.0070999999999999995,0.0197,0.0548,0.0828,0.07400000000000001,0.0438,0.10490000000000001,0.1061,0.0435,0.0434,0.0219,0.0487,0.057300000000000004,0.0152,0.0375,0.0709,0.0454,0.0275,0.0828,0.0816,0.0097,0.1036,0.0646,-0.1184,0.0297,-0.105,-0.0269,-0.0023,0.0388,0.06849999999999999,0.0535,0.0742,0.0632,0.054299999999999994,0.0391,0.0554,0.0536,0.0653,0.0697,0.0866,0.07400000000000001,0.051500000000000004,-0.0032,0.07690000000000001,0.0764
1992-12,0.0028000000000000004,0.0181,0.0165,0.0264,0.0446,19.407,6.77,0.023597425390759753,0.01287317869057849,0.0,0.0681,-0.0123,0.0149,0.028900000000000002,-0.028399999999999998,-0.0426,0.0391,-0.008100000000000001,-0.0105,-0.0095,-0.004699999999999999,0.0226,-0.0207,0.0095,0.0076,0.0513,0.0039000000000000003,-0.0242,0.0404,-0.0282,0.0231,0.0253,0.0318,0.0875,0.0697,0.0984,0.0373,0.0349,-0.0015,0.020099999999999996,0.0271,0.0564,0.024300000000000002,0.0037,-0.0432,0.06570000000000001,0.0254,-0.0045000000000000005,0.0073,0.013000000000000001,0.0279,0.0022,-0.0032,0.0466,0.0425,0.1084,0.0504,0.0177
1993-01,0.0023,0.011600000000000001,0.0189,0.059000000000000004,0.0484,19.075,6.6,0.027914573798594515,0.01784888758967311,-0.017910447761193993,0.0189,-0.0327,-0.0152,0.0086,-0.0575,0.0527,0.0643,0.0478,0.0233,-0.0138,-0.0169,-0.031,-0.081,-0.022799999999999997,0.02,0.0253,0.0017000000000000001,0.036699999999999997,0.0653,-0.0242,0.0403,0.009399999999999999,0.0974,-0.036699999999999997,-0.0084,-0.005699999999999999,-0.0591,0.0173,-0.0365,0.0279,0.0246,0.013300000000000001,0.0028000000000000004,0.023399999999999997,0.0409,0.0801,0.0092,0.0087,-0.0108,0.028399999999999998,0.0226,-0.0027,0.0111,0.0438,0.0294,0.0253,0.0362,0.0059
1993-02,0.0022,0.0034000000000000002,-0.0339,0.06480000000000001,0.031200000000000002,20.053,6.26,0.03162796601771533,0.03010423114810826,0.0,-0.0139,-0.0231,0.0698,-0.023700000000000002,-0.0317,-0.0966,-0.035,-0.003,0.0344,-0.0684,-0.1539,-0.1219,-0.0766,0.009899999999999999,0.024700000000000003,0.0325,0.0678,0.0394,-0.0052,-0.0248,0.0392,-0.0216,-0.0005,0.0207,-0.0034000000000000002,0.032799999999999996,0.0582,0.0229,-0.0191,0.0604,0.0623,0.055999999999999994,0.0029,-0.0269,-0.021099999999999997,0.04019999999999999,0.022099999999999998,0.016,-0.0516,0.0046,-0.016200000000000003,-0.0171,-0.0014000000000000002,0.0189,-0.0074,0.0189,0.0172,-0.0489
1993-03,0.0025,0.025699999999999997,0.0029,0.0126,0.037200000000000004,20.347,5.98,0.005025,0.025796980181819675,0.003039513677811634,0.0144,-0.0259,0.0859,0.0246,-0.0089,0.0278,0.042300000000000004,0.0104,0.011000000000000001,0.0483,0.053,-0.01,0.0055000000000000005,0.0212,0.0426,0.0277,0.0248,-0.0115,-0.0078000000000000005,0.0495,0.0229,0.061500000000000006,0.061399999999999996,0.0375,-0.031400000000000004,0.053399999999999996,0.177,0.0106,-0.019,0.041100000000000005,0.0176,0.0335,-0.009300000000000001,0.0347,-0.0106,0.0463,0.017,-0.022000000000000002,0.0203,0.0409,0.022400000000000003,0.028999999999999998,0.0401,0.0369,0.0438,0.0765,0.0584,-0.0207
1993-04,0.0024,-0.0281,-0.0062,0.0255,0.0036,20.27,5.97,0.0035393136639116133,0.005727895290702729,0.036363636363636376,-0.0409,-0.1247,-0.1165,-0.09179999999999999,-0.1586,0.0123,-0.0362,-0.0183,-0.0513,-0.0591,0.0,-0.0969,0.0339,0.0334,-0.0478,-0.047,-0.0232,-0.0095,-0.022099999999999998,0.0023,0.0326,-0.0022,0.0392,0.020499999999999997,-0.0691,0.037000000000000005,0.09210000000000002,-0.1008,-0.046900000000000004,0.011200000000000002,-0.0015,-0.0288,-0.0384,-0.0518,-0.0366,-0.0199,-0.0128,0.0013,0.006999999999999999,0.0043,-0.0365,-0.0928,-0.0637,-0.0481,-0.0277,-0.0165,-0.0305,-0.052199999999999996
1993-05,0.0022,0.031100000000000003,0.0206,-0.0346,0.002,19.94,6.04,-0.003122063415686301,-0.00023934490093293487,0.07309941520467844,0.0239,0.0253,0.046900000000000004,0.0318,0.0479,0.0732,0.11470000000000001,0.0175,0.013999999999999999,0.0288,0.0992,0.0693,0.0239,0.0169,0.0285,0.0002,0.012199999999999999,0.0239,0.0424,-0.0124,0.0438,0.029900000000000003,0.0042,0.0475,0.0802,-0.0209,0.0962,-0.0197,0.0819,0.0181,-0.0004,0.0416,0.0554,0.0625,0.09759999999999999,0.0969,0.0592,0.0089,-0.0231,0.0253,0.049100000000000005,0.0592,0.0722,-0.009399999999999999,0.0147,0.018500000000000003,0.018600000000000002,0.0541
1993-06,0.0025,0.0055,-0.003,0.0264,0.0455,19.07,5.96,0.03171578532380774,0.010973334197648225,0.013623978201634968,0.0004,-0.018000000000000002,0.005,0.0202,-0.0027,0.0346,-0.0241,-0.0095,0.0183,-0.1114,0.013300000000000001,-0.0108,-0.0379,-0.04190000000000001,-0.0067,-0.0462,-0.0072,0.004699999999999999,0.0121,-0.0625,0.019799999999999998,0.028300000000000002,0.0401,0.0176,-0.0947,0.0692,0.0297,0.0355,-0.0433,-0.0109,0.0319,0.0464,0.0475,-0.0063,-0.0443,0.0418,-0.0088,-0.0206,-0.009399999999999999,-0.0129,-0.0037,-0.0344,-0.042300000000000004,0.0512,0.0202,-0.0154,0.049100000000000005,-0.0407
1993-07,0.0024,-0.0010000000000000005,0.0096,0.0287,0.0323,17.866,5.81,0.0025809391358063405,0.016145433241254014,0.053763440860215006,0.0131,-0.051699999999999996,0.0786,0.0004,-0.04650000000000001,0.0116,-0.019299999999999998,0.0058,-0.0213,-0.04769999999999999,0.0233,-0.045700000000000005,-0.07400000000000001,0.0106,0.012,-0.029300000000000003,-0.0079,0.015600000000000001,-0.021099999999999997,-0.0263,-0.0003,0.021,0.025099999999999997,0.0355,0.0187,0.0203,0.0889,0.0196,0.0695,0.0046,0.0194,0.021400000000000002,0.0336,-0.0393,-0.07780000000000001,0.0149,-0.0019,-0.0232,-0.0371,0.037599999999999995,0.0132,0.0012,0.0227,0.011899999999999999,0.0344,0.048799999999999996,0.0348,-0.0639
1993-08,0.0025,0.039700000000000006,0.0012,0.0018,0.0259,18.009,5.68,0.03334896320440102,0.014597511639338367,-0.03316326530612246,0.049400000000000006,0.0537,0.1553,0.0215,-0.0128,0.08130000000000001,0.0721,0.0345,0.037000000000000005,0.025,-0.0371,-0.003,0.046900000000000004,0.032799999999999996,0.08800000000000001,0.0917,0.045700000000000005,0.0703,0.0288,0.0987,0.0803,0.0049,-0.008199999999999999,0.032,0.0516,0.0447,-0.1107,-0.0052,0.0592,0.042800000000000005,0.037000000000000005,0.0525,0.028999999999999998,0.0395,0.0466,0.1097,0.0689,0.0292,-0.006500000000000001,0.0433,0.0453,0.0364,0.0484,0.0108,0.0463,0.0215,0.0546,0.0601
1993-09,0.0026,0.0014,0.030699999999999998,-0.0024,0.0344,17.514,5.36,0.00835738891290983,0.028893269935215675,-0.0633245382585752,0.0040999999999999995,-0.022099999999999998,-0.0864,-0.015,-0.038599999999999995,0.0315,0.0736,-0.008199999999999999,-0.0168,-0.0354,0.0601,-0.0168,0.005699999999999999,-0.0236,0.003,-0.0315,-0.0055000000000000005,-0.0356,-0.043899999999999995,-0.021,-0.0144,-0.0127,0.009300000000000001,-0.0134,0.09179999999999999,0.0104,-0.107,-0.0398,0.0655,0.013300000000000001,-0.0064,-0.0048,0.024300000000000002,0.0363,-0.0258,0.0279,-0.026699999999999998,-0.036699999999999997,0.0313,-0.011000000000000001,-0.0079,-0.005,0.013999999999999999,0.0331,0.005600000000000001,0.06280000000000001,0.039599999999999996,-0.032799999999999996
1993-10,0.0022,0.016399999999999998,0.0199,-0.0278,-0.0269,18.145,5.33,0.0022052028535880664,0.00676576805739189,0.025352112676056304,-0.0138,0.0931,-0.0078000000000000005,0.021099999999999997,0.0984,0.0168,0.0325,0.0782,0.0758,0.0645,0.0916,0.0583,0.0552,0.0259,0.0383,0.0204,0.038,-0.0092,0.0388,0.1366,0.026099999999999998,0.013500000000000002,0.0946,0.0055000000000000005,0.038,0.0213,0.09029999999999999,0.035699999999999996,-0.0073,-0.0196,-0.0197,0.0242,0.031400000000000004,0.0281,0.06269999999999999,-0.0246,-0.0091,0.0129,-0.09519999999999999,0.0323,0.025,0.0458,0.0662,-0.0472,-0.029300000000000003,-0.0163,-0.032400000000000005,-0.099
1993-11,0.0025,-0.016200000000000003,-0.0126,-0.0078000000000000005,-0.048,16.699,5.72,-0.026029355606820716,-0.025488718263647618,0.027472527472527375,-0.0171,0.0091,-0.024300000000000002,-0.0045000000000000005,0.0591,-0.0019,-0.0339,0.0038,0.014199999999999999,0.0196,-0.0062,-0.014199999999999999,0.016200000000000003,0.011699999999999999,-0.016,0.0023,0.04190000000000001,-0.015600000000000001,0.0072,-0.0275,-0.021099999999999997,0.0022,0.0155,0.0246,-0.0483,-0.0288,-0.0273,-0.0245,-0.003,-0.0599,-0.0552,-0.0596,-0.054900000000000004,-0.0161,0.0574,-0.0473,-0.0213,0.0712,0.053899999999999997,0.0155,-0.011000000000000001,0.0163,-0.0058,-0.0316,-0.0484,-0.0011,-0.0352,0.011699999999999999
1993-12,0.0023,0.0188,0.0118,0.0025,0.0236,14.51,5.77,0.004858333333333333,0.0009986955378814585,0.02406417112299475,0.0622,-0.006999999999999999,0.11410000000000001,0.042699999999999995,-0.009399999999999999,-0.06309999999999999,0.019,0.0317,0.0176,0.006500000000000001,0.1188,0.0215,0.0106,0.0297,0.04190000000000001,0.0027,0.0097,0.0348,0.0674,-0.0006,0.0481,0.0655,0.0443,0.0683,0.0226,0.043899999999999995,0.125,0.1073,0.047599999999999996,0.0059,0.0161,-0.0053,0.0484,0.0092,0.0466,0.03,0.0675,0.0282,0.0603,0.021099999999999997,0.0294,-0.0393,0.0582,0.0342,0.014499999999999999,0.0026,0.0092,0.018000000000000002
1994-01,0.0025,0.0312,0.0034000000000000002,0.011000000000000001,0.001,15.0,5.75,0.014605127762909093,0.006312023022991216,0.010443864229765065,0.0521,0.015600000000000001,0.0434,-0.0495,0.1023,0.0248,0.04650000000000001,-0.006500000000000001,0.024700000000000003,-0.0003,0.0908,0.064,-0.0016,0.0796,0.030899999999999997,-0.0693,0.0287,0.0526,0.1039,0.0451,0.061500000000000006,0.0218,0.08800000000000001,0.0236,0.0091,0.026000000000000002,-0.0183,0.0785,-0.0336,0.0489,-0.012,0.0217,0.002,0.039900000000000005,0.0501,0.0464,0.024399999999999998,0.07339999999999999,0.0206,0.0473,0.0278,0.0014000000000000002,0.0562,0.0483,0.0336,-0.0044,0.0395,0.08529999999999999
1994-02,0.0021,-0.023399999999999997,0.0276,-0.0152,-0.0038,14.78,5.97,-0.02919330402039329,-0.011764298777817199,-0.012919896640826822,0.0263,-0.0262,0.0346,0.0163,-0.07150000000000001,0.055999999999999994,-0.0192,-0.0348,-0.011399999999999999,0.0292,0.0212,-0.06480000000000001,-0.0646,-0.0091,-0.023399999999999997,0.0040999999999999995,-0.008100000000000001,-0.0397,-0.030699999999999998,-0.0155,0.011200000000000002,-0.0152,-0.049800000000000004,0.0196,0.0103,0.030699999999999998,-0.0039000000000000003,-0.0124,-0.0203,-0.0296,-0.049800000000000004,-0.055,0.0063,0.0054,0.0073,0.0229,0.0235,-0.0178,-0.0296,-0.0452,-0.0087,0.0278,0.0144,-0.037200000000000004,-0.0449,-0.006999999999999999,-0.0401,-0.0774
1994-03,0.0027,-0.0452,-0.0108,0.0167,-0.0131,14.66,6.48,-0.04067698728706259,-0.033015227135368294,0.005235602094240788,-0.0797,-0.0378,-0.1081,-0.032,-0.1105,-0.065,-0.1067,-0.0391,-0.0501,-0.0044,-0.0454,-0.0662,-0.0711,-0.0317,-0.0575,-0.0069,-0.062,-0.035,-0.0564,-0.062400000000000004,-0.0319,-0.0429,-0.0689,-0.039599999999999996,-0.0839,-0.0347,0.052300000000000006,-0.0377,-0.0993,-0.0356,-0.0394,-0.0361,-0.049699999999999994,-0.04650000000000001,-0.0452,-0.0235,-0.056100000000000004,-0.0758,0.0168,-0.0603,-0.0564,-0.0435,-0.0832,-0.0279,-0.0346,-0.0472,-0.04,-0.06
1994-04,0.0027,0.009500000000000001,-0.009300000000000001,0.0166,0.0034000000000000002,16.38,6.97,-0.015182416084344407,-0.030254001113217445,-0.01822916666666663,-0.0169,0.0104,0.023,0.0182,0.11259999999999999,0.0032,-0.032400000000000005,-0.015700000000000002,0.0163,-0.013600000000000001,-0.0051,-0.02,0.0347,0.025699999999999997,0.012199999999999999,0.0286,0.003,-0.0231,-0.009399999999999999,0.006999999999999999,-0.0161,-0.0353,-0.0007000000000000001,-0.0029,-0.0452,-0.0149,-0.1282,-0.0436,-0.0038,0.042,0.0213,0.0159,-0.021,0.008,-0.0231,-0.0271,-0.0178,-0.0064,-0.0204,-0.0028000000000000004,-0.0052,0.0027,0.0137,0.045700000000000005,-0.0009,-0.01,0.0255,0.038900000000000004
1994-05,0.0032,0.009,-0.0208,0.006,-0.0207,17.88,7.18,-0.0019123120227589833,-0.009134964886277758,0.010610079575596787,-0.0079,-0.006999999999999999,-0.0174,-0.0219,-0.0684,0.0063,0.0154,0.0128,0.0097,-0.0218,0.0281,0.0379,0.0462,0.0358,-0.0106,-0.0528,0.021,-0.038,0.0349,0.0729,-0.029900000000000003,0.0305,-0.0196,0.030299999999999997,0.0482,-0.0352,0.0126,0.0203,-0.0177,0.009399999999999999,-0.0536,0.0163,0.0,0.0443,0.0031,0.009000000000000001,0.008100000000000001,0.026699999999999998,0.041100000000000005,-0.020099999999999996,0.0053,-0.0254,-0.0034999999999999996,0.0538,0.037200000000000004,-0.0003,0.029300000000000003,-0.0043
1994-06,0.0031,-0.0273,-0.0042,0.0177,-0.0088,19.07,7.1,-0.006013154975149639,0.011622275903236768,0.013123359580052396,-0.0388,0.013000000000000001,-0.0591,-0.0458,0.0311,-0.055999999999999994,-0.0447,-0.0464,-0.0323,-0.0274,-0.06709999999999999,-0.0317,-0.03,-0.0265,-0.0203,-0.0555,-0.0416,0.0049,0.0076,0.0024,-0.022799999999999997,-0.0493,-0.034300000000000004,-0.0191,-0.0326,0.0276,-0.0352,-0.0212,0.0555,-0.027200000000000002,-0.0315,0.0062,-0.0383,-0.043899999999999995,-0.07150000000000001,-0.035,-0.029300000000000003,-0.0178,-0.0245,-0.022099999999999998,-0.0412,-0.016200000000000003,-0.0679,-0.0196,-0.0329,-0.022000000000000002,-0.0287,-0.0195
1994-07,0.0028000000000000004,0.031,-0.0177,0.0059,0.0012,19.65,7.3,0.021512536306887063,-0.008231651113733491,-0.002590673575129543,0.0045000000000000005,0.0253,0.0053,0.055099999999999996,0.0553,0.016,0.024,0.0168,0.0277,0.030299999999999997,0.035699999999999996,0.0217,0.0044,0.0415,0.0481,-0.013999999999999999,0.049400000000000006,0.0241,0.07200000000000001,-0.006,0.0426,0.0719,0.0409,0.004,-0.0294,-0.0087,-0.0106,0.0274,-0.0079,0.0327,0.0519,0.031,0.0296,0.0096,0.0406,0.0644,0.033,0.0739,-0.0146,0.015600000000000001,0.02,0.0102,-0.0042,0.0203,0.0455,-0.0027,0.016399999999999998,0.023399999999999997
1994-08,0.0037,0.043899999999999995,0.015300000000000001,-0.026000000000000002,0.0154,18.38,7.24,0.000985890156001085,0.01028975995334841,-0.012987012987012991,0.051100000000000007,0.081,-0.0791,0.0518,0.0978,0.042800000000000005,0.028399999999999998,0.0365,0.07,0.0527,0.0828,0.11259999999999999,0.11320000000000001,0.061,0.0421,0.0492,0.0662,-0.012199999999999999,0.054400000000000004,0.0554,0.0429,0.0045000000000000005,-0.0163,0.0443,0.0951,0.0512,0.051699999999999996,0.0446,0.0555,-0.0011,0.0066,0.0102,0.07919999999999999,0.07690000000000001,0.1217,0.0726,0.0676,0.061900000000000004,0.0053,0.019299999999999998,0.034,0.043899999999999995,0.0417,0.0369,0.023399999999999997,0.046,0.0584,0.039900000000000005
1994-09,0.0037,-0.0191,0.030299999999999997,-0.0179,0.0131,17.46,7.46,-0.02430399483407253,-0.00943191138405658,0.03157894736842115,-0.0262,0.0043,-0.0149,0.0252,-0.0281,-0.0171,-0.026600000000000002,-0.0331,-0.013999999999999999,-0.0233,0.0218,0.0212,0.0155,-0.011000000000000001,-0.0285,-0.057,-0.0236,-0.0504,0.0032,-0.051699999999999996,-0.028999999999999998,-0.0179,-0.0553,-0.0537,-0.0327,-0.0762,0.0819,0.0336,-0.0013,-0.021,-0.0279,-0.0115,-0.0089,0.0068000000000000005,0.0044,-0.0242,-0.0038,0.0007000000000000001,0.0403,-0.069,-0.006,-0.0253,-0.0378,-0.063,-0.0254,0.0152,-0.0478,-0.0232
1994-10,0.0038,0.017300000000000003,-0.0216,-0.0167,0.0143,17.71,7.74,-0.006780774367902303,-0.013272894111096358,-0.005102040816326481,-0.024300000000000002,0.0233,0.0507,0.0375,-0.0242,0.0629,-0.0131,0.0098,0.0147,0.016399999999999998,-0.016,-0.0163,0.018500000000000003,0.0012,0.0253,0.0124,-0.0132,0.010700000000000001,-0.0401,-0.0286,0.0404,0.0087,-0.0154,0.024700000000000003,-0.0414,0.0271,-0.1074,-0.06860000000000001,-0.032400000000000005,0.07429999999999999,0.0159,-0.0013,-0.0095,0.0596,0.09609999999999999,0.0605,0.0034999999999999996,-0.0398,0.0172,0.022400000000000003,-0.0006,0.013000000000000001,0.04,0.0014000000000000002,0.0053,-0.023,0.005699999999999999,-0.0024
1994-11,0.0037,-0.0366,0.0033,-0.0074,-0.0015,18.1,7.96,-0.000344351759290395,-0.008672932043335267,-0.01538461538461533,-0.0219,-0.0202,-0.0362,0.0086,-0.020099999999999996,-0.079,0.0063,-0.0207,-0.0213,-0.04190000000000001,-0.059699999999999996,0.01,0.0152,-0.0738,-0.04019999999999999,-0.0294,-0.0403,-0.0801,-0.0863,0.0032,-0.0754,-0.0556,-0.050300000000000004,-0.0288,-0.0394,-0.0258,-0.11939999999999999,-0.0721,-0.0834,-0.0484,0.0028000000000000004,-0.0542,-0.0966,-0.024700000000000003,-0.0155,-0.0262,-0.038599999999999995,-0.0416,-0.0637,-0.0446,-0.0391,-0.024700000000000003,-0.0558,-0.0684,-0.0353,-0.034300000000000004,-0.0481,-0.0863
1994-12,0.0044,0.013000000000000001,0.0015,-0.001,0.0346,17.16,7.81,0.011367291008687042,0.016844153119028937,-0.01302083333333337,0.0031,0.016,0.0139,0.019,-0.0204,-0.0478,0.049400000000000006,0.027999999999999997,0.009000000000000001,0.0095,-0.0062,0.0337,0.003,0.0375,0.0339,0.011200000000000002,0.013300000000000001,-0.0044,0.043899999999999995,-0.0044,0.0202,0.0891,0.04769999999999999,0.051699999999999996,0.0626,0.0483,0.0187,0.0336,0.0571,-0.0101,0.0034999999999999996,0.0086,0.0507,0.0194,0.0291,0.0242,0.035,0.0393,0.0124,-0.0024,0.0165,-0.0471,0.013000000000000001,-0.0024,0.0395,0.0178,0.0021,0.0203
1995-01,0.0042,0.0222,-0.0349,0.0258,-0.0181,17.99,7.78,0.022957864477217833,0.008564138861120413,0.0,0.0795,0.020099999999999996,0.062,0.0282,0.045899999999999996,0.0005,0.0785,0.0022,0.0271,-0.0387,0.0518,0.0489,0.0642,-0.0274,-0.008,-0.011699999999999999,0.0078000000000000005,0.0407,-0.0637,0.0471,-0.008100000000000001,0.009300000000000001,-0.061,0.0025,-0.016200000000000003,0.0278,-0.1072,-0.0184,-0.0327,0.0038,0.0622,0.0416,0.0015,-0.009399999999999999,-0.026699999999999998,0.0084,0.019,-0.0155,0.0268,0.0335,0.009399999999999999,0.008100000000000001,0.0692,0.0602,0.0592,-0.022099999999999998,0.038599999999999995,0.0388
1995-02,0.004,0.0403,-0.005699999999999999,0.0098,-0.0043,18.53,7.47,0.032618343976038064,0.027755017688232374,-0.00527704485488123,-0.0513,0.0139,0.051100000000000007,0.0487,-0.0125,0.0424,0.039599999999999996,0.0493,0.0329,0.027200000000000002,0.0263,0.0274,0.0219,0.059500000000000004,0.0555,0.0253,0.056600000000000004,0.0454,0.0319,0.0441,0.0555,0.058499999999999996,0.049699999999999994,0.0622,0.0524,0.0417,0.0512,0.0412,-0.06509999999999999,0.0452,0.008199999999999999,0.0151,0.035,0.0663,0.052000000000000005,0.08130000000000001,0.0605,0.0864,0.0605,0.0731,0.05,0.0209,0.0349,0.0666,0.0209,0.06309999999999999,0.06309999999999999,-0.0397
1995-03,0.0046,0.0265,-0.0018,-0.0216,0.0043,18.55,7.2,0.007423864416594482,0.02501008932369786,0.013262599469495928,0.0611,0.0364,0.0174,0.024399999999999998,0.0593,0.021099999999999997,0.0453,0.0134,0.019,0.016,0.050499999999999996,0.06309999999999999,0.0178,0.0567,0.0354,-0.028399999999999998,0.0151,-0.0226,0.0227,0.0571,0.0602,-0.0025,0.0167,0.0787,0.009399999999999999,0.0354,0.1861,0.044199999999999996,0.024900000000000002,0.0528,-0.0175,0.0024,0.0673,0.047,0.0547,0.0332,0.040999999999999995,0.022000000000000002,0.0652,0.0319,0.022000000000000002,0.04019999999999999,0.0222,0.0048,0.023,0.011399999999999999,0.0075,0.0321
1995-04,0.0044,0.0255,-0.0052,0.0167,0.0179,19.87,7.06,0.015155028028470362,0.01585926095373733,0.023560209424083878,0.0425,0.0395,0.0256,0.0322,-0.0433,-0.048600000000000004,0.0346,-0.024,0.0379,-0.0159,-0.0229,0.0342,0.0382,0.030899999999999997,-0.002,0.0084,0.0219,0.038900000000000004,0.0018,-0.0342,0.048499999999999995,0.029300000000000003,0.0253,0.0416,-0.004,0.0852,-0.0297,-0.0012,-0.0584,0.022400000000000003,0.023799999999999998,0.016200000000000003,0.0045000000000000005,0.0416,0.094,0.1016,0.0483,0.016399999999999998,-0.041299999999999996,0.0265,0.0311,-0.035699999999999996,0.0222,0.0406,-0.0204,-0.013600000000000001,0.04,0.0015
1995-05,0.0054,0.0344,-0.0253,0.022799999999999997,-0.0054,19.74,6.63,0.060436535987987136,0.03635721972533045,-0.01534526854219953,0.0194,0.0344,-0.027999999999999997,0.08380000000000001,0.0392,0.0601,0.0137,0.038,0.0258,0.003,-0.050199999999999995,0.0073,0.0278,0.031400000000000004,0.0369,0.0392,0.0163,0.042300000000000004,0.0161,0.0525,0.0366,0.0308,0.055099999999999996,0.060599999999999994,-0.04769999999999999,0.0537,-0.0031,-0.024399999999999998,0.0179,0.0408,0.0604,0.0091,-0.0421,0.0097,0.0163,0.048799999999999996,0.0354,0.0227,0.005699999999999999,-0.0058,0.0215,0.027999999999999997,0.0382,0.0809,0.0449,0.051399999999999994,0.039900000000000005,0.0508
1995-06,0.004699999999999999,0.0319,0.031400000000000004,-0.0252,0.0302,18.42,6.17,0.01185295345021765,0.03876755122984976,0.007792207792207684,0.047,0.026099999999999998,0.038,-0.0009,-0.0091,0.0179,0.0070999999999999995,0.0294,-0.0021,0.048600000000000004,0.0177,0.0661,0.044800000000000006,0.0134,0.0134,-0.015300000000000001,0.0451,0.0116,0.0703,0.0046,0.030299999999999997,-0.0055000000000000005,0.0102,0.051100000000000007,0.010700000000000001,0.0036,-0.0058,0.0192,0.023399999999999997,-0.030899999999999997,-0.0046,0.0387,0.0863,0.07339999999999999,0.083,0.12300000000000001,0.079,0.0393,0.0414,0.0436,0.0446,0.0513,0.027200000000000002,0.014499999999999999,0.0095,0.0596,0.048499999999999995,0.0409
1995-07,0.0045000000000000005,0.0416,0.021099999999999997,-0.015700000000000002,0.0254,17.3,6.28,-0.01250588299433306,-0.0029770085997019554,-0.005154639175257714,0.0347,-0.01,-0.0098,0.023700000000000002,-0.036000000000000004,0.0449,0.0398,0.034300000000000004,-0.009399999999999999,0.07150000000000001,0.10400000000000001,0.0667,0.0444,0.0287,0.0576,0.0425,0.0199,0.058600000000000006,0.0682,0.066,0.0842,0.036699999999999997,0.0245,0.0625,0.11699999999999999,0.0088,0.0204,0.1043,-0.0063,0.023,-0.0037,0.0507,0.0246,0.0499,0.0858,0.0958,0.0493,0.0277,-0.021400000000000002,0.09230000000000001,0.030699999999999998,0.0409,0.018799999999999997,0.04769999999999999,0.0301,0.042,0.0507,0.08070000000000001
1995-08,0.004699999999999999,0.0102,0.0131,0.0268,0.0014000000000000002,18.03,6.49,0.017761750956773993,-0.010187720363279338,-0.005181347150259086,0.0335,0.011399999999999999,0.0583,-0.0161,0.0454,0.0088,-0.0059,0.0229,0.008100000000000001,0.0077,-0.0038,0.038900000000000004,0.006999999999999999,-0.0036,0.019799999999999998,-0.0104,0.0029,0.0374,-0.0062,-0.0008,-0.011399999999999999,0.0006,0.003,-0.016200000000000003,0.029500000000000002,-0.0039000000000000003,0.022799999999999997,-0.0155,0.0507,-0.016,0.009899999999999999,0.0438,0.0407,0.011200000000000002,0.0063,-0.0089,0.002,0.0104,-0.0075,0.0034000000000000002,-0.011699999999999999,-0.0346,-0.0315,0.0525,0.054400000000000004,-0.0033,0.0464,-0.053200000000000004
1995-09,0.0043,0.037899999999999996,-0.0217,-0.0011,0.0287,18.23,6.2,0.013311028126797228,0.026500029842641357,-0.0026041666666666297,0.07919999999999999,0.083,0.054000000000000006,0.0924,0.0297,-0.031400000000000004,-0.013600000000000001,0.023399999999999997,0.053899999999999997,0.0403,0.026600000000000002,0.08259999999999999,0.08,0.0276,-0.0222,-0.032799999999999996,0.0335,-0.0084,-0.049699999999999994,-0.0078000000000000005,-0.0264,0.061200000000000004,-0.0040999999999999995,0.0558,0.015,0.0417,-0.0089,0.0158,0.011200000000000002,0.0129,0.063,0.0575,0.0538,0.021400000000000002,0.0085,0.016200000000000003,0.0159,0.0076,-0.1114,0.0278,0.0049,0.0335,0.026600000000000002,0.0553,0.0655,0.038,0.0472,-0.0302
1995-10,0.004699999999999999,-0.010400000000000001,-0.0381,-0.0048,0.0418,17.44,6.04,0.015474526096590255,0.01695934821185627,0.0,0.0285,0.0009,0.0529,0.0391,0.028399999999999998,-0.0579,-0.0215,-0.0258,0.027200000000000002,-0.035,-0.031400000000000004,-0.0165,0.0225,-0.0555,-0.0391,-0.0932,-0.0173,0.0066,-0.061500000000000006,-0.0414,-0.0338,-0.005699999999999999,-0.0555,-0.0177,-0.0414,-0.0567,-0.1278,-0.054000000000000006,-0.1304,-0.0023,0.0148,0.0015,-0.0085,0.0363,0.0599,-0.049400000000000006,-0.0079,-0.0253,-0.0821,-0.017,-0.009000000000000001,-0.0814,0.0118,-0.023,-0.0102,-0.042300000000000004,-0.0275,-0.037200000000000004
1995-11,0.0042,0.0438,-0.011200000000000002,0.0052,-0.0072,17.99,5.93,0.02508176553719335,0.013200834521766316,0.005221932114882533,0.0557,0.0383,0.0626,0.0481,0.0308,0.044800000000000006,0.0118,0.0754,0.062400000000000004,0.0009,0.060700000000000004,0.0341,0.050499999999999996,0.0655,0.060700000000000004,0.073,0.048499999999999995,0.0433,0.0857,0.0444,0.0499,0.056299999999999996,0.054400000000000004,0.0911,0.057,0.0999,0.1246,0.0525,0.0241,0.048,0.0158,0.0279,0.0601,0.0265,0.0026,-0.0403,0.038900000000000004,0.0554,0.1401,0.0622,0.03,0.0692,0.056100000000000004,0.0711,0.07440000000000001,-0.0499,0.038599999999999995,0.0365
1995-12,0.0049,0.0153,0.0066,0.0024,0.025,19.04,5.71,0.01833949642026627,0.021359971416896578,0.0051948051948051965,0.0279,0.0321,-0.0192,-0.0078000000000000005,0.049699999999999994,0.0005,-0.024700000000000003,0.0088,-0.0189,0.0352,0.0268,0.04769999999999999,0.0662,0.019799999999999998,-0.03,-0.0013,-0.0194,0.0797,-0.0163,0.0165,-0.0025,0.0655,0.044800000000000006,0.0415,-0.0002,0.06280000000000001,0.03,0.0013,0.0713,0.057999999999999996,0.051,0.0412,-0.011899999999999999,-0.009000000000000001,-0.037000000000000005,-0.0668,0.0127,-0.0005,0.0319,-0.0146,0.0199,-0.015600000000000001,0.0,0.0088,0.0255,0.056600000000000004,-0.011399999999999999,0.013000000000000001
1996-01,0.0043,0.0269,-0.0282,0.0045000000000000005,0.0055000000000000005,18.88,5.65,0.0031329514708976257,0.009282002229802942,0.03100775193798455,-0.0116,0.037000000000000005,-0.0253,0.0326,0.018000000000000002,0.0817,0.0322,0.0051,0.026600000000000002,-0.0302,0.0729,0.0521,0.0603,0.052000000000000005,0.031400000000000004,-0.0298,0.0347,0.0194,0.042699999999999995,0.0013,0.0206,0.0525,0.031,0.0070999999999999995,-0.0019,0.0983,0.2534,0.0325,-0.0248,-0.0040999999999999995,0.018600000000000002,0.022799999999999997,-0.004,0.0163,0.0507,-0.0073,0.0125,0.015700000000000002,-0.004,-0.0018,-0.0036,-0.014199999999999999,0.0623,0.042800000000000005,0.0313,0.0176,0.041299999999999996,0.0034000000000000002
1996-02,0.0039000000000000003,0.0172,0.0178,-0.0105,0.005699999999999999,19.07,5.81,-0.03549763928146549,-0.007388520639134678,0.015037593984962516,0.0866,0.0134,0.056299999999999996,0.0562,0.0326,0.0147,0.0191,0.030699999999999998,-0.0039000000000000003,0.032799999999999996,0.0148,-0.009000000000000001,-0.0155,0.028300000000000002,0.0287,0.0049,-0.019299999999999998,0.0037,-0.009899999999999999,0.0759,0.0356,-0.0064,0.0173,0.0317,0.022099999999999998,-0.0072,0.0091,0.0274,0.0321,0.0103,-0.026699999999999998,-0.023799999999999998,-0.0025,0.0443,0.11320000000000001,0.0409,-0.015600000000000001,-0.0235,0.0731,0.0415,0.0313,0.0553,0.038,0.0268,0.0131,0.047599999999999996,0.0212,0.0167
1996-03,0.0039000000000000003,0.011300000000000001,0.0144,0.0042,-0.018500000000000003,21.36,6.27,-0.010419549529787991,-0.029679015544325386,-0.022222222222222254,-0.0127,-0.0421,0.0745,0.019299999999999998,-0.0776,-0.0024,0.0177,0.0097,0.016,0.1066,0.0194,0.0022,-0.0006,0.056900000000000006,0.0365,0.0263,0.021400000000000002,0.0183,0.060700000000000004,-0.0218,0.0174,0.0297,0.0599,0.04019999999999999,-0.0026,0.0322,-0.0021,0.0048,0.0369,0.0501,-0.0052,-0.020099999999999996,0.047400000000000005,0.0091,-0.0779,-0.022099999999999998,0.0199,0.030600000000000002,0.043899999999999995,0.0327,0.0254,0.0824,0.0096,0.0316,-0.0254,0.06709999999999999,0.024,0.0682
1996-04,0.0046,0.0252,0.052000000000000005,-0.039599999999999996,-0.0096,23.57,6.51,-0.018150760404438054,-0.01240716231277516,-0.007575757575757569,0.0591,-0.0044,-0.0105,-0.0091,-0.0158,0.008100000000000001,0.031200000000000002,0.0288,0.038599999999999995,0.0558,0.0058,-0.0159,-0.0060999999999999995,-0.006999999999999999,0.0101,0.0322,0.0455,-0.0026,0.013999999999999999,0.0889,0.036000000000000004,0.0063,0.0294,0.0053,0.1052,-0.0048,0.0096,-0.0016,-0.004,0.0347,-0.026600000000000002,0.0288,0.0747,0.0735,0.1011,0.1223,0.0547,0.03,-0.0026,0.026000000000000002,0.050300000000000004,0.043899999999999995,0.0259,-0.012199999999999999,-0.013300000000000001,0.022799999999999997,0.0031,0.0493
1996-05,0.0042,0.0278,0.0321,-0.0091,0.016,21.25,6.74,-0.008161852533982775,-0.011287604051140022,-0.0025445292620864812,-0.0204,0.0582,0.049400000000000006,0.0968,0.054900000000000004,0.0392,0.0223,0.031,0.0317,0.0739,0.0134,0.0263,0.045599999999999995,-0.0034999999999999996,0.0405,0.0536,0.0216,0.0121,-0.0034000000000000002,0.0545,0.0088,0.061799999999999994,0.0152,0.0287,-0.0123,0.014199999999999999,0.048600000000000004,0.0004,0.1454,0.0049,0.0132,-0.0002,0.062,0.0311,0.038599999999999995,0.0525,0.0246,0.0076,0.045700000000000005,-0.0042,0.042199999999999994,0.0504,0.0037,0.0202,0.0015,0.042,0.026099999999999998,0.046799999999999994
1996-06,0.004,-0.007299999999999999,-0.04,0.0233,0.01,20.45,6.91,0.014293936332730076,-0.006607221816765021,-0.017857142857142905,-0.0046,0.0231,0.0406,0.06559999999999999,0.0368,-0.0169,-0.029500000000000002,0.0026,0.0138,0.0021,-0.0191,-0.0332,0.005699999999999999,-0.0239,0.0132,0.001,0.0060999999999999995,-0.011899999999999999,-0.06480000000000001,0.0070999999999999995,-0.0462,0.0297,-0.0526,0.010700000000000001,-0.0087,-0.020099999999999996,-0.1702,-0.0319,0.0797,0.0096,0.0527,0.0055000000000000005,-0.024900000000000002,-0.008,-0.0683,-0.0678,-0.015700000000000002,-0.0143,-0.0101,-0.014199999999999999,-0.042,-0.0116,-0.0053,-0.0005,0.016399999999999998,0.0022,0.0109,-0.026600000000000002
1996-07,0.0045000000000000005,-0.055099999999999996,-0.0431,0.0519,-0.0015,21.32,6.87,0.000572676713039664,0.008612422844431434,-0.0051948051948051965,-0.051,-0.0219,-0.020499999999999997,-0.0579,0.0018,-0.0989,-0.12050000000000001,-0.0655,-0.032799999999999996,-0.051100000000000007,-0.09939999999999999,-0.09480000000000001,-0.0509,-0.0304,-0.0373,-0.031400000000000004,-0.0416,-0.0802,-0.0669,-0.0483,-0.0827,-0.0481,-0.0429,-0.0109,-0.0165,-0.0429,-0.0038,-0.060599999999999994,-0.0818,-0.0463,-0.0581,-0.0849,-0.0641,-0.0759,-0.06480000000000001,-0.08650000000000001,-0.07440000000000001,-0.0143,-0.023,-0.07200000000000001,-0.0788,-0.07690000000000001,-0.07519999999999999,-0.0044,-0.0507,-0.0901,-0.039,-0.1094
1996-08,0.0040999999999999995,0.031799999999999995,0.0245,-0.008,-0.0001,21.96,6.64,-0.005806826837408012,0.022165810988330488,0.010443864229765065,0.0316,-0.0113,0.09519999999999999,0.0216,-0.1317,0.0129,-0.0013,0.0344,0.0155,0.0567,0.0725,0.0536,0.037000000000000005,0.0318,0.0359,0.042300000000000004,0.03,0.032400000000000005,0.0621,0.0771,0.0467,0.017,0.032799999999999996,0.040999999999999995,0.0361,0.0111,0.050300000000000004,0.0042,0.0045000000000000005,0.0294,0.028900000000000002,-0.0132,0.0323,0.0285,0.0475,0.0571,0.0405,0.0447,0.013999999999999999,0.0356,0.0382,0.0722,0.037599999999999995,0.0458,0.0394,0.0655,0.0344,0.0902
1996-09,0.0044,0.0545,-0.0102,-0.0275,0.026600000000000002,23.99,6.83,0.022885789155207288,-0.008191025967777432,-0.01033591731266148,0.0401,0.0969,0.0902,0.0070999999999999995,0.0138,0.0666,0.0802,0.0262,0.0636,0.0639,0.0364,0.0999,0.0746,0.06269999999999999,0.0281,0.013999999999999999,0.0753,-0.0098,0.0204,0.0209,0.06280000000000001,0.09960000000000001,-0.0067,0.0492,0.0796,0.0739,-0.08380000000000001,0.031200000000000002,0.1177,0.039900000000000005,0.0068000000000000005,0.016200000000000003,0.08199999999999999,0.0867,0.1204,0.1059,0.0438,0.050499999999999996,0.0225,0.0103,0.048799999999999996,0.0349,0.0040999999999999995,0.0644,0.051100000000000007,0.0269,0.049699999999999994,0.0518
1996-10,0.0042,0.012899999999999998,-0.043899999999999995,0.0487,0.0379,24.9,6.53,0.030789744657170496,0.027175171686240538,-0.005221932114882533,0.0574,0.0191,-0.024700000000000003,0.008100000000000001,0.032799999999999996,-0.0143,-0.0161,0.0066,0.01,-0.0059,-0.0696,-0.0526,0.0085,0.0151,0.0046,0.011699999999999999,0.0097,0.0252,-0.0268,-0.0225,-0.005600000000000001,0.0537,0.048799999999999996,0.028399999999999998,0.001,-0.0179,-0.03,0.0104,-0.0127,0.059699999999999996,0.0361,-0.0031,-0.0425,-0.035,-0.0129,-0.0063,-0.0381,0.032400000000000005,-0.0051,0.0212,0.0013,-0.020499999999999997,-0.0355,0.071,0.0363,-0.0311,0.0279,0.019299999999999998
1996-11,0.0040999999999999995,0.06659999999999999,-0.04019999999999999,0.0138,-0.023399999999999997,23.71,6.2,0.027978889404372913,0.029398707418329766,-0.007874015748031482,0.01,0.063,0.0298,0.027000000000000003,0.1076,0.0608,0.0962,0.056100000000000004,0.054000000000000006,0.0023,0.0526,0.022400000000000003,0.0754,0.051100000000000007,0.0975,0.0032,0.0231,0.0483,0.0767,0.0366,0.0917,0.0691,0.0688,0.0449,0.0676,0.0781,0.004699999999999999,0.0385,0.0524,0.0554,0.026000000000000002,0.054900000000000004,0.058600000000000006,0.061,0.14279999999999998,0.1431,0.111,0.0437,0.0797,0.068,0.048600000000000004,0.0212,0.039,0.09269999999999999,0.0701,0.026000000000000002,0.08,0.0373
1996-12,0.0046,-0.012400000000000001,0.0313,0.0127,0.0058,25.39,6.3,-0.022397143322034425,-0.002203759299076855,-0.023809523809523836,0.0069,-0.028399999999999998,0.0466,0.0053,0.0926,-0.0676,-0.057300000000000004,-0.018500000000000003,0.0039000000000000003,0.019799999999999998,0.02,0.016399999999999998,-0.0392,-0.0207,-0.023799999999999998,0.024300000000000002,0.0287,-0.009399999999999999,-0.0124,-0.0006,-0.0095,-0.028900000000000002,-0.024700000000000003,0.057300000000000004,-0.023700000000000002,0.0143,-0.0152,-0.0339,0.1185,0.0077,0.0013,0.028999999999999998,-0.0351,-0.029500000000000002,-0.049699999999999994,-0.002,0.0007000000000000001,-0.0029,0.079,-0.0132,-0.0013,-0.0424,-0.0297,-0.0341,0.0028000000000000004,0.061,0.0202,-0.044500000000000005
1997-01,0.0045000000000000005,0.054099999999999995,-0.0194,-0.0143,0.0192,25.17,6.58,-0.001934666874949218,-0.015292521845121601,-0.03794037940379402,0.0493,0.0265,0.1121,0.1137,0.045899999999999996,0.0369,0.0385,0.0077,0.0673,0.0521,0.0298,0.0444,0.11380000000000001,0.0378,0.0027,0.055999999999999994,0.04769999999999999,0.1082,0.044800000000000006,0.0451,0.0564,0.0408,0.0353,0.0171,0.0239,0.0108,-0.0625,-0.006500000000000001,0.09789999999999999,0.0434,0.0092,0.0229,0.0404,0.057999999999999996,0.0632,0.15560000000000002,0.0484,0.0125,0.0012,0.022099999999999998,-0.0003,0.0028000000000000004,0.0176,0.0771,0.0483,0.054000000000000006,0.057699999999999994,0.1469
1997-02,0.0039000000000000003,-0.0008999999999999993,-0.0317,0.0562,-0.0208,22.21,6.42,0.003263753871060967,0.01707236959728549,-0.022535211267605604,0.005699999999999999,0.0263,0.07,0.0274,0.1245,-0.0055000000000000005,-0.0002,0.0277,0.0281,0.0317,0.0213,-0.0126,0.0113,0.010700000000000001,-0.0003,0.022000000000000002,-0.02,-0.0753,0.0019,-0.0302,-0.019299999999999998,-0.0088,0.0023,-0.0168,0.0102,-0.0382,0.2191,0.1125,-0.024700000000000003,-0.0575,-0.005699999999999999,0.025699999999999997,-0.0326,-0.0501,-0.08130000000000001,-0.09480000000000001,-0.0095,0.047400000000000005,0.0269,-0.0113,-0.0084,0.0574,-0.028399999999999998,0.0417,0.0304,0.0392,0.052300000000000006,-0.077
1997-03,0.0043,-0.045899999999999996,-0.0033,0.0337,0.009000000000000001,20.99,6.69,-0.020632489661194343,-0.014350122427194002,0.014409221902017322,-0.0579,-0.008199999999999999,-0.0392,-0.0653,-0.1361,-0.017,-0.038900000000000004,0.0006,-0.0625,-0.0495,-0.10490000000000001,-0.07490000000000001,-0.0709,-0.0217,-0.039,-0.0222,-0.0554,-0.045599999999999995,-0.0436,-0.0291,-0.0173,-0.0298,-0.0405,-0.0084,-0.0241,-0.0447,-0.1575,-0.0565,-0.0478,0.0526,-0.0279,-0.0783,-0.030899999999999997,-0.0594,-0.0755,-0.025699999999999997,-0.07490000000000001,-0.055099999999999996,0.0189,-0.0012,-0.0673,-0.0074,0.012,-0.0779,-0.041299999999999996,-0.020499999999999997,-0.0705,-0.044199999999999996
1997-04,0.0043,0.0447,-0.0576,0.0003,0.0484,19.72,6.89,0.020030647594677667,-0.008838814568742127,-0.022727272727272707,0.0581,0.0368,0.0171,0.1139,0.0321,0.0338,0.0353,-0.0092,0.0873,-0.027000000000000003,0.0181,0.0196,0.0724,0.0331,0.0412,-0.050499999999999996,0.0888,0.0204,0.008100000000000001,0.0025,0.0404,0.0986,0.0429,0.0069,0.0537,0.0659,-0.10949999999999999,-0.0173,0.0479,0.0002,-0.0139,0.024900000000000002,0.049,0.0928,0.0641,0.054900000000000004,0.0702,0.03,0.0684,0.0574,0.0038,0.016399999999999998,0.059000000000000004,0.062,0.059699999999999996,-0.0374,0.056100000000000004,-0.0363
1997-05,0.0049,0.0722,0.0513,-0.041299999999999996,-0.052000000000000005,20.83,6.71,0.009198534951024372,0.018596721085043448,0.0,0.0519,0.022000000000000002,0.0536,0.0642,0.0999,0.057999999999999996,0.045899999999999996,0.066,0.08039999999999999,0.059500000000000004,0.0931,0.0928,0.0641,0.0454,0.08460000000000001,0.0555,0.066,0.0678,0.0874,0.0858,0.1197,0.0908,0.0608,0.0695,0.0746,0.060599999999999994,0.09210000000000002,0.0518,-0.035699999999999996,0.07339999999999999,0.0363,0.06559999999999999,0.07719999999999999,0.1027,0.1316,0.0786,0.08449999999999999,0.0785,0.0762,0.0616,0.0873,0.064,0.0108,0.042699999999999995,0.0758,0.0482,0.0736,0.0874
1997-06,0.0037,0.0447,0.011899999999999999,0.0147,0.026000000000000002,19.17,6.49,0.01709989581350755,0.021432429691977558,-0.008720930232558155,0.0839,0.0687,0.06570000000000001,0.0006,0.0265,0.055099999999999996,-0.0067,0.0687,0.0415,0.045,0.0728,0.0588,0.095,0.061399999999999996,0.0321,0.0060999999999999995,0.056600000000000004,0.051100000000000007,0.0352,0.07150000000000001,0.0689,0.0662,0.030600000000000002,0.0391,0.0296,0.0978,-0.0291,0.0526,0.0103,0.0128,0.031400000000000004,0.0346,0.0349,0.0332,0.0089,0.0077,0.0202,0.031200000000000002,0.0317,0.022400000000000003,0.0172,0.06709999999999999,0.0111,0.0541,0.0663,0.0684,0.0706,0.031200000000000002
1997-07,0.0043,0.0774,-0.0273,0.0013,0.0369,19.63,6.22,0.0410301129785155,0.025045430083378742,-0.04985337243401755,-0.0189,0.048799999999999996,0.2676,0.018500000000000003,0.015700000000000002,0.038,0.0131,0.045899999999999996,0.0462,0.0346,-0.0326,0.06480000000000001,0.0208,0.0709,0.0203,0.0132,0.0864,0.136,0.09369999999999999,0.0103,0.1038,0.08710000000000001,0.0801,0.0795,0.1285,0.0392,0.0418,0.006,0.0968,0.07429999999999999,0.028300000000000002,0.0225,0.0158,0.0848,0.2177,0.1852,0.0653,0.0557,0.056900000000000006,0.0806,0.049800000000000004,0.0895,0.0727,0.1189,0.0784,0.0781,0.11810000000000001,0.0361
1997-08,0.0040999999999999995,-0.036899999999999995,0.07150000000000001,0.0113,-0.0264,19.93,6.3,-0.018765300066680934,-0.0007075830556101627,0.0,0.0859,-0.0471,-0.0922,-0.1264,-0.030699999999999998,-0.0166,-0.022400000000000003,-0.0269,-0.0839,-0.056100000000000004,-0.021400000000000002,-0.0151,-0.0733,-0.0458,-0.0003,0.0046,-0.0765,0.0245,-0.0161,0.0207,0.0138,-0.0929,0.0129,-0.0663,-0.043,-0.011899999999999999,0.024,-0.009000000000000001,-0.0492,0.003,-0.0116,-0.0241,-0.0259,-0.0231,-0.0115,-0.008,0.0128,-0.024300000000000002,-0.037000000000000005,-0.0414,0.0149,-0.0285,-0.0499,-0.0524,-0.071,-0.0072,-0.0346,-0.0064
1997-09,0.0044,0.0578,0.0254,0.0024,0.0148,19.79,6.21,0.021394272778051077,0.01185295345021765,-0.0030864197530864335,0.0678,0.0688,0.011200000000000002,0.081,-0.0316,0.023399999999999997,0.0593,0.07919999999999999,0.0526,0.059800000000000006,0.0262,0.0334,0.0768,0.005600000000000001,0.0319,0.060899999999999996,0.0444,0.0504,0.006,0.0288,0.011399999999999999,0.08220000000000001,0.056900000000000006,0.0216,0.14679999999999999,0.0316,0.0858,0.017,-0.041299999999999996,0.06269999999999999,0.0462,0.0965,0.1461,0.029500000000000002,0.0526,0.024700000000000003,0.0446,0.034300000000000004,-0.0644,0.08650000000000001,0.0435,0.054299999999999994,0.0572,0.0771,0.0676,0.1198,0.146,0.0765
1997-10,0.0042,-0.0338,-0.0070999999999999995,0.0233,-0.0054,21.26,6.03,0.025813391178048022,0.01843566224574982,0.006191950464396356,-0.0184,-0.015700000000000002,0.0213,-0.059699999999999996,-0.0432,0.0322,-0.013999999999999999,-0.004,-0.0356,-0.07629999999999999,-0.027000000000000003,-0.0691,0.015700000000000002,-0.042800000000000005,-0.038,-0.042300000000000004,-0.0337,-0.019299999999999998,-0.0775,-0.033,-0.0857,-0.0521,-0.0384,-0.12380000000000001,-0.0337,-0.0933,-0.2069,-0.0816,-0.159,-0.02,0.0089,0.0288,-0.0421,-0.0301,-0.0859,-0.12689999999999999,-0.109,-0.0636,-0.0493,-0.014499999999999999,-0.021099999999999997,-0.0124,-0.055099999999999996,-0.011200000000000002,-0.0318,-0.0737,-0.0364,-0.13570000000000002
1997-11,0.0039000000000000003,0.033800000000000004,-0.051100000000000007,0.012199999999999999,0.0042,20.17,5.88,0.003367855318242756,0.01616764752066298,-0.058461538461538454,0.0649,0.07400000000000001,0.0693,0.0733,0.092,0.0192,0.0891,0.042199999999999994,0.0536,0.009399999999999999,0.0055000000000000005,0.04,0.028300000000000002,0.0313,0.0601,-0.0215,0.0356,-0.0222,-0.0466,-0.059500000000000004,-0.0308,0.11710000000000001,-0.0223,0.0699,0.014499999999999999,0.0182,-0.1745,-0.030699999999999998,-0.07780000000000001,-0.0348,0.0718,0.10679999999999999,0.008,0.0263,0.025699999999999997,-0.0129,0.0044,0.0354,-0.0045000000000000005,-0.0076,0.0124,0.0647,0.0345,0.037200000000000004,0.025099999999999997,0.0204,0.054900000000000004,-0.0029
1997-12,0.0048,0.0181,-0.0248,0.0374,0.0393,18.32,5.81,0.013119153179245058,0.010136119408543066,-0.05555555555555558,0.022799999999999997,0.0254,0.1268,0.042199999999999994,0.0557,-0.0455,0.0436,0.0647,0.029900000000000003,-0.08259999999999999,0.0116,0.0223,0.0398,-0.0014000000000000002,0.0698,0.015600000000000001,0.04,0.034300000000000004,-0.0083,0.0129,-0.009000000000000001,-0.0018,0.0462,-0.0207,-0.024399999999999998,0.0039000000000000003,-0.0254,-0.0861,0.0171,-0.0147,0.0801,0.0416,0.0518,-0.009899999999999999,-0.0443,-0.0645,0.0258,-0.0659,-0.030299999999999997,0.02,0.0031,-0.0064,-0.013999999999999999,0.061399999999999996,0.0493,0.009300000000000001,0.066,0.08960000000000001
1998-01,0.0043,0.0058,-0.0101,-0.0168,0.0008,16.71,5.54,0.021347632111150584,0.025103806225292475,0.0,-0.0599,-0.026099999999999998,-0.08689999999999999,-0.0199,-0.0759,0.023,0.0655,-0.0058,0.0064,0.0022,-0.10039999999999999,0.032400000000000005,0.0766,-0.024700000000000003,-0.025699999999999997,-0.005600000000000001,-0.009300000000000001,0.076,0.032,-0.0277,-0.033,0.048499999999999995,0.0074,0.012,-0.019,0.0512,-0.0091,-0.0131,-0.08800000000000001,-0.056600000000000004,-0.0438,0.0509,-0.009000000000000001,0.038900000000000004,0.0416,0.073,-0.0109,0.034,-0.0452,-0.0017000000000000001,-0.009300000000000001,0.0175,-0.023399999999999997,-0.0358,-0.0023,-0.0002,-0.0462,-0.07339999999999999
1998-02,0.0039000000000000003,0.0742,0.0013,-0.009300000000000001,-0.011899999999999999,16.06,5.57,-0.002234334394267899,0.0023368421636964956,0.02768166089965396,0.1369,0.0319,0.0453,0.046900000000000004,0.0463,0.0946,0.057999999999999996,0.059000000000000004,0.0916,0.1085,0.11259999999999999,0.0708,0.0481,0.0812,0.08109999999999999,0.0699,0.087,0.0814,0.039599999999999996,0.08900000000000001,0.1162,0.0159,0.1233,0.135,0.0279,0.1191,0.0187,0.0239,0.0814,0.0678,0.0264,0.0241,0.049400000000000006,0.11109999999999999,0.0983,0.09449999999999999,0.09630000000000001,0.0487,0.1148,0.0395,0.0727,0.1112,0.10769999999999999,0.0862,0.0885,-0.015700000000000002,0.1108,0.043
1998-03,0.0039000000000000003,0.0515,-0.011899999999999999,0.0138,0.021400000000000002,15.02,5.65,0.0008977789095354987,-0.0014293590262002102,-0.0033670033670033517,-0.004,0.043899999999999995,0.1043,0.12480000000000001,-0.0329,-0.0024,0.0024,0.055999999999999994,0.0408,0.047599999999999996,0.051100000000000007,0.0212,0.0365,0.0556,0.031200000000000002,0.0608,0.0885,0.0683,0.0236,0.0507,0.023399999999999997,0.096,0.0601,-0.0042,0.028399999999999998,-0.019299999999999998,0.0673,0.1346,0.052000000000000005,0.048,0.067,0.1009,0.0742,0.0812,-0.0269,-0.0204,0.0004,0.0219,0.0542,0.06849999999999999,0.032400000000000005,0.0747,0.0642,0.0582,0.0591,0.0351,0.06269999999999999,0.1042
1998-04,0.0043,0.0117,0.0006,0.0103,0.0068000000000000005,15.44,5.64,0.0039696504357098865,0.005464386706612607,0.04054054054054057,0.056600000000000004,-0.0473,0.022099999999999998,-0.0308,-0.10949999999999999,0.0466,0.1052,0.0138,0.0109,0.0154,0.0167,0.0063,0.0212,0.0282,0.0379,0.038,-0.0147,-0.0365,0.0443,-0.0077,0.013600000000000001,-0.0087,0.0149,0.011699999999999999,-0.019,-0.0011,0.057699999999999994,0.0163,-0.0039000000000000003,0.0374,-0.024900000000000002,-0.0321,-0.0944,0.0053,0.1018,0.0643,-0.0048,0.0347,-0.0362,-0.029900000000000003,0.017,-0.0031,0.0051,0.0202,0.0166,-0.0034999999999999996,0.0384,0.07400000000000001
1998-05,0.004,-0.026699999999999998,-0.034,0.0341,0.0197,14.86,5.65,0.013793309559039225,0.0039435943628223875,-0.02922077922077926,0.0475,0.0070999999999999995,0.0168,0.028999999999999998,0.0063,-0.0545,-0.071,-0.0086,-0.011899999999999999,-0.0073,-0.0623,-0.0183,-0.0226,0.0113,-0.026600000000000002,-0.03,-0.0256,-0.0621,-0.0931,-0.0603,-0.0622,-0.0253,0.09630000000000001,-0.0359,0.0146,0.0022,-0.1985,-0.054400000000000004,-0.0252,-0.042699999999999995,-0.0109,-0.0182,-0.0593,-0.060700000000000004,-0.044500000000000005,-0.10189999999999999,-0.0635,-0.0556,0.008,-0.0471,-0.0368,0.038,0.0088,-0.028399999999999998,-0.0143,-0.045899999999999996,-0.020099999999999996,-0.056600000000000004
1998-06,0.0040999999999999995,0.036,-0.0317,-0.0203,0.0805,13.66,5.5,0.013744122132163606,0.016049133932522122,-0.02341137123745818,0.0527,-0.0023,0.046799999999999994,0.0677,0.0588,0.0192,-0.0348,0.0623,0.0369,0.0192,-0.0415,0.0473,0.0731,-0.034300000000000004,-0.0042,-0.0697,-0.0204,0.0673,-0.0594,-0.0625,-0.056799999999999996,0.0599,0.0223,-0.019799999999999998,-0.053099999999999994,-0.0603,-0.0467,-0.0679,-0.0252,-0.0123,0.03,0.029300000000000003,0.0066,0.1429,0.056100000000000004,0.0512,-0.0424,-0.0664,-0.077,0.01,0.0023,0.0689,0.006500000000000001,0.027200000000000002,0.0464,-0.0108,0.060599999999999994,0.0286
1998-07,0.004,-0.0202,-0.0482,-0.0181,0.0379,14.08,5.46,-4.767595348827581e-05,0.007628783760088442,0.003424657534246478,-0.1392,-0.071,-0.141,-0.0449,0.10550000000000001,-0.0981,-0.0108,-0.0263,-0.0344,-0.10980000000000001,-0.0797,0.013000000000000001,0.0018,-0.08789999999999999,-0.0421,-0.0913,-0.06269999999999999,-0.005,-0.0633,-0.062,-0.10210000000000001,-0.0231,-0.004699999999999999,-0.055,-0.042699999999999995,-0.059000000000000004,-0.1703,0.024900000000000002,0.08259999999999999,-0.068,-0.0541,0.0384,-0.0787,-0.0507,0.049800000000000004,0.0434,-0.0679,-0.0645,-0.0801,-0.061,-0.0397,-0.021400000000000002,-0.0431,0.009000000000000001,-0.049800000000000004,-0.0842,-0.021400000000000002,0.044199999999999996
1998-08,0.0043,-0.1562,-0.0546,0.0359,0.0187,13.36,5.34,0.038844650634328536,0.013703451131677709,-0.030716723549488067,-0.023799999999999998,-0.0828,-0.26030000000000003,-0.1974,-0.051500000000000004,-0.16010000000000002,-0.23800000000000002,-0.0999,-0.10859999999999999,-0.2213,-0.2346,-0.1617,-0.1094,-0.1191,-0.17670000000000002,-0.1656,-0.18309999999999998,-0.23829999999999998,-0.1776,-0.1986,-0.1977,-0.11359999999999999,-0.1981,-0.20559999999999998,-0.0998,-0.1159,-0.24670000000000003,-0.1492,-0.2484,-0.10039999999999999,0.0196,-0.12359999999999999,-0.2024,-0.1802,-0.1448,-0.2122,-0.1507,-0.1408,-0.215,-0.1681,-0.1793,-0.1315,-0.1483,-0.2408,-0.15789999999999998,-0.1797,-0.2594,-0.2257
1998-09,0.0046,0.0665,0.0,-0.0351,-0.0069,14.95,4.81,0.05164318695436147,0.0451055567260499,0.01760563380281699,-0.08460000000000001,0.0554,0.0471,-0.0508,0.1253,-0.0738,-0.0012,-0.0021,-0.0501,0.042199999999999994,-0.030299999999999997,0.0817,0.1365,0.0068000000000000005,-0.029300000000000003,-0.0872,-0.0298,0.0907,0.091,0.038599999999999995,0.022000000000000002,0.0002,0.019,0.0616,0.0416,0.13419999999999999,0.6898000000000001,0.047599999999999996,0.0518,0.13119999999999998,0.0817,0.1027,0.0388,0.1597,0.1739,0.09230000000000001,0.060700000000000004,0.0625,-0.0278,0.016200000000000003,0.10830000000000001,-0.0043,0.0089,0.0437,0.027999999999999997,-0.0677,-0.0942,0.12119999999999999
1998-10,0.0032,0.073,-0.0297,-0.023700000000000002,-0.053399999999999996,14.39,4.53,-0.01230953274004466,0.026030297072333883,0.02422145328719716,-0.0233,0.0855,0.389,0.1575,0.1079,0.1784,0.0527,0.07490000000000001,0.18710000000000002,0.06,0.0348,0.053899999999999997,0.0364,0.0177,0.14800000000000002,0.028300000000000002,0.13,0.0909,0.08220000000000001,0.0452,0.1396,0.09949999999999999,0.10769999999999999,0.1391,0.1707,0.0902,-0.0042,0.0922,0.0298,0.011000000000000001,-0.0177,0.0674,0.0361,0.0066,0.0745,0.1291,0.1366,0.0843,0.1898,0.08130000000000001,0.042800000000000005,0.12359999999999999,0.10619999999999999,0.0882,0.0708,0.0070999999999999995,0.17920000000000003,0.0227
1998-11,0.0031,0.06380000000000001,0.012199999999999999,-0.0317,0.011399999999999999,12.85,4.83,-0.004062100338471977,-0.020136310032845477,-0.006756756756756799,0.0676,0.0417,0.0496,0.057800000000000004,0.092,0.005600000000000001,0.1485,0.0877,0.0088,0.0545,0.0722,0.0588,0.0617,0.0443,0.0584,0.0868,0.0363,0.0479,-0.0212,-0.0029,0.0298,0.039599999999999996,0.051500000000000004,0.1012,0.015600000000000001,-0.0481,-0.08039999999999999,0.042800000000000005,0.061,0.005,0.013300000000000001,0.0366,0.16269999999999998,0.12359999999999999,0.08789999999999999,0.1353,0.0206,0.0608,0.0895,0.0302,0.0197,0.1104,0.036000000000000004,0.0564,0.0548,0.048499999999999995,0.11460000000000001,-0.013300000000000001
1998-12,0.0038,0.06530000000000001,-0.004699999999999999,-0.0425,0.0888,11.28,4.65,0.01105204303964329,0.01816855851196144,-0.006802721088435382,-0.0599,-0.014199999999999999,-0.029900000000000003,-0.0034000000000000002,-0.0316,-0.17350000000000002,-0.006999999999999999,0.0993,0.053099999999999994,0.0426,0.0181,0.0906,0.046,-0.045599999999999995,0.0322,0.0453,0.0279,0.1401,-0.0076,-0.038,0.003,0.11689999999999999,0.0373,-0.06709999999999999,0.0401,-0.1516,-0.0533,0.0215,0.2242,-0.0172,0.0286,0.1439,0.0454,0.1516,0.15960000000000002,0.1367,0.0102,-0.0040999999999999995,0.022000000000000002,0.0378,0.0443,0.1051,0.0727,0.039599999999999996,0.0191,0.0371,0.0219,0.047
1999-01,0.0034999999999999996,0.0383,0.0066,-0.044199999999999996,0.0285,12.47,4.72,0.0030825005482683545,-0.001672496162121687,-0.017123287671232834,0.0235,-0.042199999999999994,-0.0434,-0.0165,-0.1223,0.0108,0.0917,0.0002,-0.0204,0.0584,-0.1689,0.0194,0.0098,-0.052199999999999996,0.024399999999999998,-0.07150000000000001,0.106,0.06849999999999999,0.037000000000000005,0.0055000000000000005,0.058899999999999994,0.0226,0.0781,0.006,-0.0287,-0.1449,-0.0085,-0.0301,0.1902,-0.0559,-0.0625,0.0913,-0.0906,0.1545,0.1576,0.11449999999999999,0.0375,-0.0338,0.0236,0.0087,-0.006999999999999999,0.0332,0.0183,-0.0034000000000000002,-0.027999999999999997,0.0069,0.1249,-0.0654
1999-02,0.0034999999999999996,-0.0373,-0.0599,0.0189,-0.0008,12.01,5.0,-0.04602038184125399,-0.01818291416749996,0.0,-0.1155,-0.0319,-0.1084,-0.0132,-0.16,0.0479,0.0483,0.0008,-0.013600000000000001,0.0131,-0.1128,-0.0472,0.0129,0.0111,-0.0536,-0.0859,-0.0703,-0.0559,-0.053099999999999994,-0.1307,-0.0326,-0.043899999999999995,-0.054299999999999994,0.042,-0.0154,0.0506,-0.0273,-0.0128,0.0621,-0.0359,-0.0363,-0.028900000000000002,-0.12140000000000001,-0.0975,-0.13849999999999998,-0.1125,-0.0467,-0.0146,-0.0204,-0.012,-0.0594,-0.01,0.0711,-0.0043,0.029500000000000002,-0.0866,0.0051,0.0001
1999-03,0.0043,0.039099999999999996,-0.0387,-0.0256,-0.0121,14.66,5.23,0.007483882915454123,-0.013760869961827144,-0.0034843205574912606,0.2832,-0.05,-0.0326,-0.0167,-0.0913,0.022799999999999997,-0.0582,0.0342,0.0481,0.0113,-0.0209,0.059000000000000004,0.0229,0.0359,-0.0058,-0.0673,0.058899999999999994,0.0556,-0.0253,-0.0281,0.0287,0.0906,-0.0089,0.0453,0.028900000000000002,0.0017000000000000001,-0.0425,0.0276,0.2982,0.1471,-0.016399999999999998,-0.0068000000000000005,0.0111,0.122,0.057699999999999994,0.050300000000000004,-0.0127,0.0070999999999999995,0.0697,0.029900000000000003,-0.0319,0.035,0.036000000000000004,0.018000000000000002,0.0241,-0.0301,0.0983,-0.0258
1999-04,0.0037,0.0471,0.0388,0.023799999999999998,-0.0892,17.34,5.18,-0.004098662700397424,0.00821361956511377,-0.010489510489510523,0.0265,0.008,0.1121,0.050499999999999996,0.0009,0.1324,0.0366,0.054900000000000004,0.0418,0.0851,0.19899999999999998,0.006,-0.0722,0.22010000000000002,0.1948,0.0848,0.0103,0.1588,0.3024,0.2552,0.16210000000000002,-0.024,0.0933,0.1506,0.09880000000000001,0.1394,0.25920000000000004,0.19260000000000002,0.2291,0.1545,0.0735,0.0775,0.0604,-0.0273,0.0381,0.08449999999999999,0.1175,0.2306,0.0315,0.1173,0.0529,-0.0051,-0.0077,0.0801,0.0245,0.0659,0.0803,0.18739999999999998
1999-05,0.0034000000000000002,-0.0212,0.0334,0.025,-0.0528,17.75,5.54,-0.016991612980101944,-0.023506735216903666,-0.02473498233215543,-0.0124,0.0393,0.0454,-0.0060999999999999995,0.1,-0.0475,-0.054900000000000004,-0.015600000000000001,-0.029900000000000003,-0.026000000000000002,0.0271,-0.013500000000000002,-0.0235,-0.059800000000000006,0.0115,0.0248,-0.0208,0.0079,-0.0738,0.08310000000000001,-0.0222,-0.0258,-0.05,-0.02,-0.0132,-0.0356,-0.22210000000000002,-0.047400000000000005,-0.1222,-0.026699999999999998,0.0673,0.0066,-0.016,-0.0242,0.0175,-0.022799999999999997,0.0239,-0.0433,-0.0274,-0.049100000000000005,0.0264,-0.0348,-0.0691,-0.06269999999999999,0.0039000000000000003,0.028900000000000002,-0.0262,0.0087
1999-06,0.004,0.051699999999999996,0.0321,-0.0322,0.0466,17.89,5.9,-0.008158895832019047,-0.022741227368975277,-0.05434782608695654,0.0269,0.015700000000000002,-0.1438,-0.0435,0.0481,-0.0115,0.0655,0.0437,0.0116,0.0174,-0.035699999999999996,0.0458,0.0481,0.0262,0.0315,0.0347,-0.0626,-0.0962,0.08800000000000001,0.1204,0.0946,0.10369999999999999,-0.0146,0.0663,0.0725,-0.0646,0.0782,0.08810000000000001,-0.2302,-0.0055000000000000005,-0.0449,0.0588,0.0392,0.0895,0.10400000000000001,0.16190000000000002,0.1051,0.021099999999999997,0.1356,0.009899999999999999,0.0604,0.0906,0.0379,0.0458,-0.0017000000000000001,0.013300000000000001,0.0222,0.0737
1999-07,0.0038,-0.0311,0.024900000000000002,-0.0018,0.017,20.07,5.79,-0.003413279079440169,0.013137232454394663,-0.019157088122605415,-0.025,-0.041299999999999996,-0.0024,0.0026,-0.0691,-0.0665,-0.0647,-0.0067,-0.0097,-0.0908,-0.0842,0.0031,-0.048799999999999996,-0.001,-0.0286,-0.0326,-0.004,-0.056600000000000004,-0.0113,-0.0682,-0.0137,-0.0276,-0.0767,0.0005,-0.0183,-0.0489,-0.0622,-0.0907,-0.10710000000000001,0.0216,-0.0058,-0.0172,-0.0697,-0.0629,0.013000000000000001,0.0375,-0.0059,0.0126,-0.0699,-0.0219,-0.005,-0.061500000000000006,-0.0252,-0.0564,-0.0262,-0.0646,-0.1174,-0.2357
1999-08,0.0039000000000000003,-0.0098,-0.009399999999999999,-0.0192,0.029300000000000003,21.26,5.94,0.0004535400971802557,-0.006442201327371528,0.00390625,-0.022400000000000003,-0.0152,-0.0684,-0.038599999999999995,0.005600000000000001,-0.0787,-0.0034000000000000002,-0.0986,0.0263,-0.1165,-0.043899999999999995,-0.0064,0.0475,-0.0574,-0.0746,-0.0868,-0.0191,-0.0786,-0.004699999999999999,-0.1011,-0.0182,0.022799999999999997,0.04190000000000001,-0.0177,-0.058600000000000006,0.027200000000000002,0.0722,-0.0287,0.1151,0.016,0.0058,-0.0825,-0.1027,0.0172,0.07690000000000001,0.0867,0.0031,-0.035699999999999996,-0.0694,-0.0827,-0.04650000000000001,-0.063,-0.0408,-0.05,-0.050199999999999995,-0.0833,-0.057699999999999994,-0.1013
1999-09,0.0039000000000000003,-0.023799999999999998,0.0313,-0.028999999999999998,0.064,23.88,5.92,0.010939828992287924,0.006441882374701568,0.03112840466926059,-0.035,-0.0349,-0.1691,-0.15,-0.0705,-0.06570000000000001,-0.022099999999999998,0.015600000000000001,-0.1,0.039,-0.0855,-0.086,-0.068,-0.0541,-0.0379,-0.1354,-0.11560000000000001,-0.016399999999999998,-0.0255,-0.0206,-0.0146,0.045700000000000005,-0.0672,-0.0665,-0.0126,-0.10060000000000001,0.2167,-0.0388,-0.1112,-0.0369,-0.042800000000000005,0.04650000000000001,-0.07519999999999999,0.0326,-0.0143,-0.037000000000000005,0.0121,-0.0282,-0.0911,-0.06480000000000001,-0.052000000000000005,0.0252,0.0209,-0.036699999999999997,-0.10710000000000001,0.0021,-0.0414,-0.060700000000000004
1999-10,0.0039000000000000003,0.0648,-0.0693,-0.0288,0.0541,22.64,6.11,-0.004051223283581969,-0.009252678581151329,0.17358490566037732,0.0282,0.09539999999999998,0.0866,0.1646,-0.24960000000000002,-0.1133,0.0286,0.1139,0.11699999999999999,0.0052,0.0282,-0.0371,0.1298,0.022099999999999998,-0.058499999999999996,0.024,0.0166,-0.0633,0.0105,-0.1134,0.025699999999999997,0.1219,0.0278,0.009300000000000001,-0.0801,-0.3089,-0.12960000000000002,0.016,0.24850000000000003,-0.0255,0.0216,0.083,-0.044000000000000004,0.0269,0.0059,0.0599,-0.0203,0.0481,0.0204,0.0776,-0.0641,0.059699999999999996,-0.0451,0.149,0.13470000000000001,-0.0545,0.1173,-0.01
1999-11,0.0036,0.0377,0.0684,-0.0565,0.055,24.97,6.03,-0.006874316700007107,0.011012508094532497,-0.05787781350482313,-0.08199999999999999,-0.064,-0.1204,0.0886,0.035,0.0784,0.057699999999999994,-0.0859,0.0027,-0.09720000000000001,0.1067,0.067,0.0060999999999999995,-0.0062,0.0288,0.0215,0.028399999999999998,0.0248,0.0735,-0.0334,0.0027,-0.0341,-0.0347,-0.0452,-0.039,-0.0028000000000000004,0.039900000000000005,-0.009899999999999999,-0.0144,0.0403,-0.0736,0.0461,0.0052,0.1023,0.184,0.11230000000000001,0.0701,-0.0064,-0.0207,-0.051100000000000007,0.0449,0.0406,0.0475,-0.0567,-0.0354,0.0118,0.0513,-0.034300000000000004
1999-12,0.0044,0.081,0.0652,-0.0767,0.1315,26.08,6.28,-0.014768482154169902,-0.013546079201105012,-0.03412969283276446,-0.0592,-0.0587,-0.047599999999999996,-0.0883,-0.1032,-0.0223,0.0828,0.1346,0.037200000000000004,0.038,0.0626,-0.0105,-0.0661,0.06559999999999999,0.0362,0.0255,0.0368,0.0409,0.22399999999999998,0.021099999999999997,0.11699999999999999,0.17329999999999998,0.033,0.0401,-0.011000000000000001,0.0695,-0.0124,0.1103,0.19820000000000002,-0.0023,-0.023700000000000002,0.0453,-0.0001,0.24710000000000001,0.19010000000000002,0.1576,0.16920000000000002,0.0721,0.0385,-0.0032,0.0797,0.0821,-0.0712,-0.0519,0.0165,0.0027,0.10869999999999999,0.1211
2000-01,0.0040999999999999995,-0.043300000000000005,0.0512,-0.011000000000000001,0.0184,27.18,6.66,-0.011383545412106032,-0.022671430498632558,0.0035335689045936647,-0.0315,-0.1042,0.2046,-0.0229,-0.0877,-0.13720000000000002,0.0464,-0.0052,-0.06570000000000001,-0.1183,0.0034000000000000002,0.0886,0.07780000000000001,-0.0925,-0.0858,-0.0759,-0.11320000000000001,-0.0764,-0.0233,-0.0143,-0.0055000000000000005,-0.1247,-0.0118,-0.091,-0.1076,-0.1273,-0.15710000000000002,-0.0196,0.4075,-0.0129,0.0554,-0.0385,-0.083,-0.1002,-0.0319,-0.0036,0.09720000000000001,-0.0848,-0.1305,-0.0933,0.08789999999999999,-0.1429,-0.0732,-0.0253,-0.07400000000000001,-0.0026,-0.0682,0.0022
2000-02,0.0043,0.028900000000000002,0.2134,-0.0973,0.1805,29.35,6.52,0.024313162785586817,0.015653470288198003,0.05633802816901401,0.06849999999999999,-0.07139999999999999,-0.08650000000000001,-0.1166,-0.04,0.0040999999999999995,-0.0333,-0.0029,-0.1168,-0.1057,-0.18510000000000001,0.0654,-0.0304,-0.07400000000000001,0.056299999999999996,-0.06,-0.0761,0.0167,0.0726,0.0077,0.0933,-0.0072,-0.0872,-0.0725,-0.057999999999999996,-0.0593,0.053899999999999997,-0.08779999999999999,-0.0345,-0.0581,-0.0707,-0.0369,-0.0848,0.07780000000000001,0.2304,0.2656,0.2139,-0.1162,-0.1272,-0.053,0.0144,-0.0416,-0.1204,-0.1131,-0.1311,0.020099999999999996,0.0677,-0.0148
2000-03,0.004699999999999999,0.0568,-0.1739,0.0848,-0.06860000000000001,29.89,6.26,0.03380573239483565,0.024317207008130295,-0.046666666666666634,0.043899999999999995,0.1036,-0.0039000000000000003,0.0018,0.0521,0.0783,0.111,0.1265,-0.1476,0.2494,0.2072,0.0074,-0.0083,0.1247,-0.0518,0.0521,0.1189,0.1476,0.0347,0.0608,0.0599,0.1698,0.0992,0.09939999999999999,0.1255,0.1309,-0.0217,0.08539999999999999,-0.0723,0.1376,0.058899999999999994,0.0827,0.1056,0.0279,0.054000000000000006,0.044000000000000004,0.011899999999999999,0.0828,0.1276,0.12689999999999999,0.0725,0.1441,0.1609,0.1509,0.23260000000000003,0.040999999999999995,0.1478,-0.0191
2000-04,0.0046,-0.0593,-0.0603,0.0645,-0.0859,25.74,5.99,-0.00983186336088397,0.025061968984849955,-0.020979020979020935,-0.0583,-0.051100000000000007,-0.0060999999999999995,0.0369,0.0383,0.0013,0.044500000000000005,-0.0768,0.046799999999999994,0.0365,0.08800000000000001,0.0105,0.0547,-0.0384,0.0179,0.0637,0.0113,0.018000000000000002,-0.0105,-0.032,0.0513,0.006500000000000001,0.1173,0.0436,0.1344,0.1936,0.024399999999999998,-0.068,-0.1536,-0.013000000000000001,0.0742,-0.0833,0.0070999999999999995,-0.16570000000000001,-0.0724,-0.0508,-0.042699999999999995,-0.0052,-0.08259999999999999,0.0344,-0.0323,-0.055,0.037200000000000004,-0.0285,-0.0002,-0.0241,-0.1124,0.0919
2000-05,0.005,-0.0389,-0.060700000000000004,0.0458,-0.08929999999999999,28.78,6.44,0.0007755114589612002,-0.028498131346852862,-0.017857142857142905,-0.011200000000000002,0.1736,-0.0733,0.11900000000000001,0.1946,0.011200000000000002,0.0134,-0.0643,0.028999999999999998,-0.0537,-0.060899999999999996,-0.0101,0.0482,0.0005,-0.0482,-0.039599999999999996,-0.0758,-0.04019999999999999,-0.0449,-0.09539999999999998,-0.09880000000000001,0.0024,-0.1499,-0.0092,0.0069,-0.0013,0.0223,0.0111,-0.1276,0.11019999999999999,0.039599999999999996,-0.09970000000000001,-0.07,-0.0924,-0.1437,-0.0915,-0.0849,-0.0187,-0.025,-0.0364,0.014499999999999999,-0.0313,-0.0425,0.0796,0.0625,-0.0318,-0.0672,0.1048
2000-06,0.004,0.0508,0.12689999999999999,-0.0803,0.1664,31.83,6.1,0.02432562971112265,0.03015151415641033,0.040000000000000036,0.0022,0.0177,0.013300000000000001,0.0608,0.0304,-0.0168,-0.0098,-0.0029,-0.0292,-0.0774,0.1016,0.008100000000000001,0.12390000000000001,-0.0637,0.027200000000000002,-0.08929999999999999,-0.0183,-0.0038,0.16079999999999997,-0.0076,0.0108,0.0068000000000000005,-0.121,-0.0987,-0.0851,-0.0322,-0.0291,-0.0708,0.1481,-0.0617,-0.046799999999999994,0.039900000000000005,0.01,0.1142,0.1822,0.0842,0.115,-0.0608,-0.0296,-0.018600000000000002,-0.022099999999999998,-0.019799999999999998,-0.0394,-0.0989,-0.0277,-0.0143,0.1449,0.0302
2000-07,0.0048,-0.02,-0.0282,0.081,-0.0018,29.77,6.05,0.004282156831955781,0.00878556641925956,-0.013986013986013957,-0.0443,-0.0178,0.1335,0.06570000000000001,-0.043899999999999995,-0.099,-0.011699999999999999,-0.0152,-0.024,0.0556,0.11630000000000001,0.0111,-0.0812,0.0086,0.0078000000000000005,0.0455,-0.0213,-0.024399999999999998,-0.062,0.0661,-0.0639,0.0002,0.049,0.071,0.0765,0.11939999999999999,-0.192,-0.004699999999999999,0.11380000000000001,-0.027000000000000003,0.0387,-0.0727,0.0395,-0.0802,0.0008,-0.054900000000000004,-0.1217,0.048799999999999996,0.002,0.09699999999999999,0.042699999999999995,-0.0196,-0.020099999999999996,0.0836,0.094,0.03,0.08439999999999999,-0.0161
2000-08,0.005,0.0753,-0.005,-0.013999999999999999,0.056100000000000004,31.22,5.83,0.028050836682553468,0.02136912683137255,-0.02670212765957436,-0.009899999999999999,-0.029500000000000002,-0.022000000000000002,-0.10949999999999999,0.19039999999999999,0.019799999999999998,0.0562,0.0219,0.0385,0.0304,0.0673,0.068,0.0291,0.0265,0.0231,-0.0337,0.0322,0.14429999999999998,0.2505,0.1945,0.0915,0.073,0.0594,0.10300000000000001,0.1002,0.014499999999999999,0.038900000000000004,0.046,0.1794,0.0874,0.1166,-0.0149,0.11789999999999999,0.1112,0.1286,0.12380000000000001,0.1882,0.0208,0.0158,-0.028399999999999998,0.1036,-0.0529,-0.0070999999999999995,0.1023,0.042699999999999995,-0.0006,0.1861,0.1369
2000-09,0.0051,-0.049300000000000004,-0.0172,0.0722,0.0189,33.88,5.8,-0.0004977071161776942,0.007107593586312374,-0.0017123911538602377,0.0441,0.0599,-0.0992,0.0546,0.0095,0.0024,-0.0947,0.0060999999999999995,-0.0147,-0.0063,0.105,-0.0148,0.0409,-0.0349,-0.10800000000000001,0.0591,-0.0392,-0.0248,-0.12269999999999999,-0.1219,-0.16440000000000002,-0.1061,-0.051399999999999994,0.0843,0.0092,0.15130000000000002,-0.0791,-0.067,-0.1373,0.0462,0.08800000000000001,-0.044500000000000005,-0.0231,-0.09029999999999999,-0.1153,-0.2414,-0.0906,-0.05,-0.12140000000000001,-0.0291,0.0364,0.0245,0.016200000000000003,0.0382,0.07429999999999999,-0.0139,-0.07519999999999999,-0.012199999999999999
2000-10,0.005600000000000001,-0.022199999999999998,-0.0383,0.0564,-0.0451,33.08,5.74,0.0070857275308603244,0.009338121728387265,-0.014598540145985384,-0.1033,0.060899999999999996,0.13419999999999999,0.0895,0.228,0.0682,-0.0431,-0.023,0.0953,0.039,0.061799999999999994,-0.0129,0.0231,0.0258,-0.133,-0.0279,0.0675,0.0397,-0.1215,-0.0359,-0.0487,-0.1093,0.0292,0.1431,0.12869999999999998,0.08449999999999999,-0.20309999999999997,0.0327,0.0716,-0.028399999999999998,-0.0167,-0.0017000000000000001,-0.0478,-0.0766,-0.057300000000000004,-0.0767,-0.065,0.1103,0.0076,0.0802,-0.025699999999999997,-0.0208,0.0426,-0.0113,0.041299999999999996,-0.0031,-0.0564,-0.0536
2000-11,0.0051,-0.10189999999999999,-0.030699999999999998,0.1225,-0.0218,34.4,5.72,0.02661183383337347,0.006289120852997387,-0.014814814814814836,-0.010700000000000001,0.0361,0.155,0.04190000000000001,0.0407,-0.0666,-0.1331,-0.059000000000000004,0.0025,0.0418,0.05,-0.0045000000000000005,0.0068000000000000005,0.0092,0.0031,-0.008199999999999999,-0.0333,0.0013,-0.1565,-0.0333,-0.1003,-0.0953,-0.1336,-0.015300000000000001,0.0613,-0.0391,0.16620000000000001,0.0096,0.09300000000000001,-0.0255,0.0296,-0.1653,-0.052000000000000005,-0.2007,-0.2408,-0.25370000000000004,-0.1514,0.0151,-0.1481,0.0143,-0.0683,-0.0023,0.0508,-0.035,-0.0062,0.018000000000000002,-0.1795,-0.0839
2000-12,0.005,0.0168,0.0085,0.0754,0.0662,28.46,5.24,0.032001352787397616,0.040939189503005124,0.018796992481203034,0.1182,0.0604,-0.048600000000000004,-0.0259,0.1707,0.0256,-0.0989,0.1085,0.0304,0.1459,0.11900000000000001,0.054900000000000004,0.0279,0.10099999999999999,0.1389,0.057800000000000004,0.12619999999999998,0.11599999999999999,0.0189,-0.08839999999999999,0.0998,0.0641,-0.0012,-0.0031,0.0225,0.0079,0.014499999999999999,0.0712,0.4409,0.0738,0.0647,-0.042699999999999995,0.1306,-0.0666,-0.1438,-0.0397,0.1359,0.1065,0.18760000000000002,0.0418,0.1284,0.0433,0.0241,0.0975,0.0675,0.0359,0.16690000000000002,-0.0124
2001-01,0.0054,0.0379,0.0639,-0.0506,-0.2536,29.58,5.16,-0.001158743039426589,0.01053222655180909,-0.022140221402214055,0.0521,-0.0518,0.0223,-0.0472,0.0007000000000000001,0.0981,0.22460000000000002,0.0231,-0.036699999999999997,0.034300000000000004,-0.13570000000000002,-0.0431,-0.0876,-0.048499999999999995,0.1182,0.0889,-0.0236,0.0359,0.061500000000000006,0.1081,0.1112,0.0232,0.1509,-0.0559,-0.0682,0.025,-0.0101,0.0255,-0.0248,-0.034300000000000004,-0.1023,0.155,0.0722,0.17850000000000002,0.10859999999999999,0.18350000000000002,0.0302,-0.043,0.0706,0.058600000000000006,-0.0187,0.09759999999999999,-0.0377,0.0187,-0.0973,0.0388,0.0855,-0.0383
2001-02,0.0038,-0.0965,-0.0064,0.1222,0.1268,29.61,5.1,0.025182736833512877,0.008941600166659982,-0.01132075471698113,-0.0495,0.0109,0.0732,-0.0632,0.0947,0.049800000000000004,-0.0785,0.0,-0.0116,-0.1106,0.062,-0.0014000000000000002,-0.0097,-0.018600000000000002,-0.0171,-0.025,0.0096,-0.003,-0.2384,-0.0694,-0.0908,-0.1424,-0.006500000000000001,0.042,-0.0277,0.0894,0.1047,-0.0084,0.23079999999999998,-0.0013,0.061799999999999994,-0.10300000000000001,0.0183,-0.1653,-0.3276,-0.31620000000000004,-0.20679999999999998,0.030899999999999997,-0.057300000000000004,-0.0519,-0.0478,-0.0617,-0.0006,-0.044800000000000006,-0.0031,0.0192,-0.15560000000000002,0.012199999999999999
2001-03,0.0042,-0.0683,0.0027,0.0649,0.0858,27.24,4.89,0.003317588630440441,0.020541574904177153,0.003816793893129722,0.025099999999999997,-0.030699999999999998,-0.1344,-0.09480000000000001,-0.0018,-0.0084,-0.0943,-0.0653,-0.0895,-0.0109,-0.06,-0.0605,-0.0909,-0.045700000000000005,0.0125,-0.0435,-0.0368,0.0513,-0.084,0.0258,-0.021,-0.1188,-0.0212,-0.0949,-0.0782,-0.0407,-0.053200000000000004,-0.011399999999999999,0.1892,-0.0019,0.0105,-0.06,-0.039,-0.1318,-0.19079999999999997,-0.0901,-0.1861,-0.060599999999999994,-0.0369,-0.0222,-0.0611,-0.02,-0.05,-0.0177,-0.0172,-0.0159,-0.1293,-0.0805
2001-04,0.0039000000000000003,0.0832,0.004699999999999999,-0.0467,-0.0796,27.41,5.14,-0.028737402289520972,-0.015513075814074823,-0.011406844106463865,-0.0161,-0.02,0.0233,-0.0213,0.056799999999999996,-0.0006,0.16519999999999999,0.052000000000000005,0.016200000000000003,0.0717,0.045,-0.0001,0.0483,0.0608,0.0472,0.0525,0.0146,0.0703,0.1333,-0.0191,0.1537,0.0969,0.0747,0.11460000000000001,0.2205,-0.0031,0.1489,0.0393,0.08439999999999999,0.1002,0.0541,0.0401,0.0387,0.1907,0.1252,0.18460000000000001,0.1805,0.0579,0.0668,0.0365,0.08109999999999999,0.049699999999999994,0.0675,0.0282,0.0282,0.0363,0.1292,0.1341
2001-05,0.0032,0.01,0.024900000000000002,0.0339,0.024300000000000002,28.64,5.39,-0.0016754781090357182,-0.015074886138259677,0.04615384615384621,0.0753,0.0282,-0.0026,0.0467,0.022400000000000003,0.095,0.1011,0.030299999999999997,0.0546,0.0401,0.0202,0.0264,0.028300000000000002,0.011899999999999999,-0.0077,0.024700000000000003,0.036000000000000004,-0.0219,0.0021,-0.0169,-0.0018,0.0447,-0.032799999999999996,0.0259,0.0079,0.07919999999999999,0.0932,0.1197,-0.1369,0.0019,0.004699999999999999,-0.0163,0.1059,0.012,-0.0352,-0.09140000000000001,-0.0134,0.0123,0.044500000000000005,0.0495,-0.004,0.0168,0.042199999999999994,0.0443,0.0212,0.0391,0.0371,0.011200000000000002
2001-06,0.0028000000000000004,-0.0166,0.0632,-0.012,0.0060999999999999995,27.6,5.28,0.0052888588901704855,0.012909864385887601,-0.007352941176470562,0.0351,-0.0042,-0.0535,-0.0492,-0.005,0.0269,-0.0599,0.0031,0.0076,-0.0189,0.1503,0.0262,-0.0481,-0.028300000000000002,0.0096,0.0433,0.008,-0.0197,-0.073,0.0759,-0.0483,-0.08070000000000001,0.0461,-0.1549,-0.0001,-0.0297,0.0132,-0.061399999999999996,-0.1655,-0.0742,-0.061500000000000006,-0.0268,0.0833,0.0385,-0.024399999999999998,-0.0037,-0.0527,-0.0436,-0.0127,-0.0345,-0.0204,-0.026099999999999998,-0.037000000000000005,0.008100000000000001,0.0199,0.0349,-0.0252,-0.0075
2001-07,0.003,-0.0183,-0.0406,0.0495,0.0547,26.45,5.24,0.031264243345872036,0.007476993676403166,-0.007407407407407418,-0.0024,0.0346,-0.0097,0.0079,-0.0919,-0.0316,-0.08289999999999999,-0.0116,0.0464,0.0009,0.023799999999999998,0.014499999999999999,0.023799999999999998,-0.0294,-0.071,0.1005,-0.0012,0.0137,-0.0231,-0.0688,-0.0235,-0.0583,0.0379,0.0326,0.042300000000000004,0.0693,-0.0073,-0.09,-0.1649,-0.0212,-0.0384,-0.0096,0.0385,-0.10060000000000001,-0.0815,-0.0137,-0.0519,0.0552,0.0633,0.0024,0.002,0.054299999999999994,0.0383,0.008,-0.0187,-0.008199999999999999,-0.0412,-0.09630000000000001
2001-08,0.0031,-0.0609,0.0219,0.0286,0.054900000000000004,27.47,4.97,0.021316520367495536,0.025175431279022355,0.014925373134328401,0.0572,0.0356,0.042800000000000005,0.0613,0.0467,0.015300000000000001,-0.015300000000000001,-0.0824,0.0108,-0.0451,-0.018799999999999997,-0.0144,-0.0341,-0.0121,0.034300000000000004,-0.0362,0.024700000000000003,-0.0713,-0.0633,-0.1186,-0.0527,-0.0226,-0.1377,-0.0633,-0.0126,0.0108,0.0897,-0.010700000000000001,0.0676,-0.035699999999999996,0.0053,-0.0864,-0.031200000000000002,-0.1313,-0.1612,-0.0842,-0.0558,-0.019299999999999998,-0.0083,-0.0478,-0.0421,-0.0839,0.011399999999999999,-0.0604,-0.0334,-0.0014000000000000002,-0.059699999999999996,-0.0571
2001-09,0.0028000000000000004,-0.0896,-0.0623,0.0152,0.114,25.88,4.73,0.02366688720717206,0.022875195073132903,0.040441176470588314,-0.08560000000000001,-0.0046,0.014199999999999999,-0.0322,0.028999999999999998,-0.1754,-0.1761,-0.11380000000000001,-0.05,-0.17739999999999997,-0.0127,-0.0154,-0.0046,-0.0951,-0.08410000000000001,-0.1555,-0.12619999999999998,-0.17329999999999998,-0.22,-0.1793,-0.19879999999999998,-0.1338,-0.1787,-0.2919,0.0803,0.1036,0.13369999999999999,-0.1047,-0.15689999999999998,-0.061200000000000004,-0.066,-0.0235,-0.06509999999999999,-0.1313,-0.2486,-0.2504,-0.1862,-0.0858,-0.12480000000000001,-0.17800000000000002,-0.08560000000000001,-0.0977,-0.13419999999999999,-0.0596,-0.0040999999999999995,-0.0716,-0.1419,-0.1231
2001-10,0.0022,0.027,0.07490000000000001,-0.0731,-0.084,22.21,4.57,0.027664982373088454,0.01657351960294778,0.0,-0.013000000000000001,0.015600000000000001,0.06559999999999999,0.013600000000000001,-0.0282,0.1475,0.0467,0.003,0.012199999999999999,0.0759,-0.0741,-0.0125,0.022400000000000003,0.0361,0.1097,0.0567,0.0461,0.050199999999999995,0.025,0.0482,0.1058,0.0036,-0.0172,0.0642,-0.0473,0.1052,-0.0529,-0.0305,0.3,0.0496,0.0176,-0.09570000000000001,-0.0297,0.1103,0.2445,0.1752,0.1215,0.0095,0.0654,0.0507,-0.073,0.0344,0.0286,-0.0172,-0.0286,0.0183,0.0246,-0.0176
2001-11,0.0017000000000000001,0.07700000000000001,-0.005699999999999999,0.0217,-0.0862,19.67,4.65,-0.03509792191883816,-0.002555864618026757,-0.02473498233215543,0.06269999999999999,0.0102,-0.0424,-0.0003,0.011899999999999999,0.051500000000000004,0.1414,0.12279999999999999,0.060700000000000004,0.0977,0.0182,0.08789999999999999,0.0475,0.11109999999999999,-0.0084,0.0724,0.0719,0.1065,0.1574,0.009300000000000001,0.0796,0.10619999999999999,0.17379999999999998,0.0934,0.0146,-0.0462,-0.11380000000000001,0.11710000000000001,-0.1409,-0.0412,-0.0143,0.058499999999999996,0.0655,0.11449999999999999,0.2297,0.195,0.1124,0.09630000000000001,0.0818,0.1201,-0.0359,0.1305,0.059000000000000004,0.06280000000000001,0.0535,0.0506,0.1202,0.0658
2001-12,0.0015,0.0176,0.0472,0.0083,0.0005,19.33,5.09,-0.018857612228022028,-0.030994975876193803,0.0,0.058499999999999996,0.0216,0.0746,0.0161,-0.0173,0.0062,0.0808,0.0323,0.0183,0.0705,0.0179,0.0466,-0.041100000000000005,-0.0137,0.0638,0.1223,0.064,0.1331,-0.027200000000000002,0.054900000000000004,0.0662,0.043899999999999995,-0.0341,0.0693,-0.0256,0.0058,0.0223,0.055099999999999996,0.10220000000000001,0.0593,0.0404,0.026000000000000002,0.0604,0.032799999999999996,-0.0593,-0.038900000000000004,0.0697,0.0189,0.08259999999999999,0.030899999999999997,0.0105,0.0496,0.0414,0.0332,0.015,0.0797,0.0581,0.045
2002-01,0.0014000000000000002,-0.013,0.011699999999999999,0.0342,0.0366,19.67,5.04,0.0042250000000000005,0.008122441831384471,0.021739130434782705,-0.012,0.021099999999999997,-0.0858,-0.037599999999999995,0.08439999999999999,0.0603,0.054299999999999994,-0.0366,0.0268,0.053899999999999997,0.0095,-0.014499999999999999,-0.0279,-0.0173,0.0040999999999999995,0.0425,0.0149,0.0236,-0.0026,-0.0745,0.0227,0.018500000000000003,0.030899999999999997,0.044800000000000006,0.09910000000000001,0.12689999999999999,0.142,-0.0281,-0.09449999999999999,-0.0279,-0.0433,-0.07150000000000001,0.0277,-0.042,0.0493,0.0336,-0.0461,-0.004,0.0839,0.06860000000000001,0.0337,0.0209,0.06309999999999999,-0.0055000000000000005,-0.0177,0.013500000000000002,-0.0279,-0.077
2002-02,0.0013,-0.0217,-0.0108,0.023399999999999997,0.0688,20.74,4.91,0.018985858499200686,0.014313838273672712,0.049645390070921946,-0.0105,0.0088,0.08130000000000001,0.0817,0.0504,-0.015700000000000002,0.0242,0.0702,0.026699999999999998,-0.0073,-0.0513,-0.0479,0.0053,0.048,0.0796,0.0572,0.046900000000000004,0.0536,0.0003,0.022099999999999998,0.0361,-0.0034000000000000002,0.059699999999999996,0.09539999999999998,0.0116,0.0635,0.113,0.0203,-0.0118,0.056100000000000004,-0.0036,-0.0275,0.0356,-0.0808,-0.1997,-0.1635,-0.013600000000000001,0.051500000000000004,0.0675,0.018000000000000002,-0.026699999999999998,0.0034000000000000002,-0.0132,-0.0138,0.014199999999999999,0.0074,-0.053399999999999996,0.021400000000000002
2002-03,0.0013,0.0437,0.0409,0.0108,-0.0166,24.42,5.28,-0.038263614556412806,-0.024871255093376107,-0.006756756756756799,0.0535,0.012,0.0605,0.08349999999999999,0.0159,0.08529999999999999,0.0901,0.0301,0.045,0.0478,0.1305,0.039,-0.0079,0.0513,0.09880000000000001,0.0072,0.020099999999999996,0.0085,0.0604,0.1018,0.1033,0.051,0.07490000000000001,0.030299999999999997,0.0388,0.034,0.1515,0.0471,0.149,0.0764,0.10289999999999999,0.0036,0.0206,0.038599999999999995,0.0942,0.1013,0.08410000000000001,0.0103,0.1114,0.0298,0.0527,0.015300000000000001,0.0546,0.0797,0.0109,0.0282,0.1056,-0.011000000000000001
2002-04,0.0015,-0.0506,0.0582,0.0401,0.07690000000000001,26.27,5.21,0.0282073774396771,0.009784738933705567,0.030612244897959107,0.04769999999999999,0.0095,0.0719,0.0504,0.0329,0.0223,0.0471,-0.0475,0.0009,0.028900000000000002,0.0858,-0.0294,-0.0949,-0.0484,0.004699999999999999,0.09630000000000001,0.0246,0.08199999999999999,-0.0713,0.0182,-0.0268,-0.014199999999999999,0.0168,-0.044800000000000006,0.0361,0.0863,0.040999999999999995,-0.0226,-0.0645,-0.0455,-0.0042,-0.1276,-0.016200000000000003,-0.1393,-0.0859,-0.081,-0.1106,0.0229,0.0098,-0.0608,-0.0060999999999999995,-0.022099999999999998,0.039900000000000005,-0.0062,0.0255,0.027999999999999997,-0.10300000000000001,-0.1406
2002-05,0.0014000000000000002,-0.0122,-0.0327,0.0152,0.031200000000000002,27.02,5.16,0.006584604673491091,0.008200579227149729,0.03630363036303641,0.0335,0.013300000000000001,0.11460000000000001,-0.005,0.0452,-0.027200000000000002,-0.046799999999999994,0.0015,-0.002,-0.016,-0.005699999999999999,0.0062,-0.028999999999999998,0.0208,0.029900000000000003,0.0005,-0.0027,-0.0482,0.0036,-0.1444,-0.0447,0.0348,0.0063,0.0021,0.0212,-0.0115,0.1109,0.042,0.0558,-0.008,-0.0692,0.03,-0.008,-0.0426,-0.004699999999999999,-0.0359,-0.0693,0.0077,-0.0358,-0.0011,-0.051399999999999994,-0.0127,-0.0002,0.0084,-0.0171,-0.0173,-0.013600000000000001,-0.0144
2002-06,0.0013,-0.07100000000000001,0.0408,0.0037,0.0622,25.52,4.93,0.021316796117304346,0.022092800638863194,0.022292993630573354,-0.0536,-0.027999999999999997,-0.0304,-0.0024,-0.22089999999999999,-0.0374,-0.0848,-0.0567,-0.0294,-0.0163,-0.048,-0.08789999999999999,-0.10099999999999999,-0.0096,0.0033,-0.052300000000000006,-0.0364,0.0213,-0.0518,0.0189,-0.0748,-0.0688,-0.0946,-0.013999999999999999,0.056600000000000004,0.09699999999999999,-0.14400000000000002,-0.0641,-0.0613,0.0006,-0.0581,-0.14400000000000002,0.013300000000000001,-0.0611,-0.11630000000000001,-0.2415,-0.1017,-0.0259,-0.046900000000000004,-0.0088,-0.060700000000000004,-0.0512,-0.0429,-0.053200000000000004,-0.037000000000000005,-0.0317,-0.045,-0.0603
2002-07,0.0015,-0.0804,-0.0524,-0.0358,0.0365,26.94,4.65,0.03151229468648128,0.02600549041523611,-0.024922118380062308,-0.0803,-0.08779999999999999,-0.15560000000000002,-0.0729,0.0392,-0.1085,-0.1545,-0.052300000000000006,-0.0242,-0.1002,-0.0823,-0.056100000000000004,-0.0168,-0.0925,-0.1572,-0.2286,-0.0787,-0.179,-0.2039,-0.2891,-0.1422,-0.09119999999999999,-0.1251,-0.051399999999999994,-0.22510000000000002,-0.0754,-0.0839,-0.10949999999999999,-0.302,-0.1165,-0.1219,-0.1167,-0.0622,-0.1056,-0.0793,-0.0934,-0.1429,-0.0564,-0.1282,-0.0836,-0.1054,-0.1199,-0.094,-0.0736,-0.053899999999999997,-0.0751,-0.1003,0.071
2002-08,0.0014000000000000002,0.0064,-0.0279,0.0296,0.0184,28.38,4.26,0.03327710742449777,0.03478247861753552,-0.009584664536741228,-0.0553,-0.0181,0.1097,0.024,0.0891,0.0435,0.051399999999999994,0.0379,0.0176,-0.011000000000000001,-0.0384,0.011699999999999999,0.0101,0.018600000000000002,0.0755,-0.0245,-0.0286,0.0058,-0.0483,-0.0066,-0.0079,0.0007000000000000001,-0.0147,-0.10890000000000001,-0.026600000000000002,-0.0011,0.17309999999999998,-0.0008,0.09880000000000001,0.0058,0.034,0.002,0.038,0.0141,0.0103,-0.0644,-0.064,-0.0132,0.049800000000000004,-0.0213,0.0452,0.0191,-0.0392,0.0326,-0.0040999999999999995,0.0226,0.0444,-0.046900000000000004
2002-09,0.0014000000000000002,-0.102,0.0242,0.0127,0.09,29.67,3.87,0.04486585607381908,0.03503887509798553,0.029032258064516148,-0.025099999999999997,-0.041299999999999996,-0.0592,-0.0556,-0.21530000000000002,-0.1075,-0.040999999999999995,-0.0347,-0.0256,-0.0603,0.0213,-0.0227,-0.0728,-0.1115,-0.10339999999999999,-0.0658,-0.1059,-0.0767,-0.18460000000000001,-0.11599999999999999,-0.09970000000000001,-0.0974,-0.1329,-0.1192,0.028999999999999998,0.0196,-0.0382,-0.1175,-0.0814,-0.0785,-0.10880000000000001,-0.09849999999999999,-0.026099999999999998,-0.1472,-0.1883,-0.17579999999999998,-0.0935,-0.10800000000000001,-0.0426,-0.0638,-0.0636,-0.0949,-0.1363,-0.1104,-0.0799,-0.038599999999999995,-0.1421,-0.16329999999999997
2002-10,0.0014000000000000002,0.0798,-0.034,-0.0374,-0.0547,28.85,3.94,-0.021945728410488516,-0.0025340631758942124,-0.006269592476489061,-0.0304,0.08039999999999999,0.127,-0.0043,0.0492,0.0165,0.13,0.06559999999999999,0.031400000000000004,0.0965,-0.1456,0.0256,0.0837,0.0564,-0.0044,0.0393,0.034300000000000004,0.0265,0.0642,-0.0883,0.09949999999999999,0.0533,-0.0858,0.0038,-0.021099999999999997,-0.1072,-0.099,-0.0796,0.0416,0.031400000000000004,-0.0060999999999999995,0.2194,-0.0108,0.2009,0.17079999999999998,0.1563,0.0805,0.0436,0.0139,0.0451,0.0541,0.0646,-0.0036,0.0806,0.049100000000000005,-0.012199999999999999,0.10439999999999999,0.0252
2002-11,0.0012,0.0608,0.0325,-0.0123,-0.16449999999999998,26.27,4.05,-0.02051485515086421,-0.005736045761913736,0.006309148264984188,0.0941,0.0017000000000000001,-0.0288,-0.030699999999999998,-0.06570000000000001,0.1175,0.0909,-0.0159,-0.0194,0.0528,-0.1047,0.045,0.048499999999999995,0.0946,0.0199,0.1206,0.0571,0.029300000000000003,0.182,0.0999,0.1213,0.1127,0.17489999999999997,0.0791,0.0379,-0.08929999999999999,-0.0483,0.13699999999999998,0.1033,0.029500000000000002,0.0158,0.11810000000000001,-0.019,0.1092,0.2059,0.22870000000000001,0.1642,0.0757,0.10300000000000001,0.0365,-0.0333,0.0292,0.0567,0.023700000000000002,0.0165,0.022799999999999997,0.13570000000000002,0.0762
2002-12,0.0011,-0.0565,-0.0003,0.0216,0.0971,29.42,4.03,0.035066064607457835,0.0050062052911177945,0.040752351097178785,-0.0195,0.005600000000000001,-0.042300000000000004,-0.0319,0.0897,-0.0659,-0.1435,-0.011899999999999999,-0.0003,-0.0483,-0.0163,-0.0026,-0.0492,-0.042699999999999995,-0.022400000000000003,-0.049100000000000005,-0.0167,-0.0302,-0.1027,-0.049400000000000006,-0.09230000000000001,-0.0449,-0.0774,-0.028399999999999998,-0.026699999999999998,0.0999,0.24359999999999998,0.0125,0.1211,0.0074,0.0383,-0.0951,0.0173,-0.0894,-0.1175,-0.2039,-0.09269999999999999,-0.0535,-0.0322,-0.01,-0.0268,-0.0803,-0.056299999999999996,-0.0337,-0.0377,0.0204,-0.109,-0.0861
2003-01,0.001,-0.024699999999999996,0.0134,-0.0084,0.015300000000000001,32.94,4.05,-0.010821736657460512,0.0017255544682164374,0.07530120481927716,-0.0168,-0.042199999999999994,-0.0013,-0.0584,-0.061900000000000004,0.0173,-0.09910000000000001,0.0134,-0.026600000000000002,-0.043899999999999995,0.005,-0.0072,-0.0066,-0.0591,-0.0674,-0.048,-0.0556,0.025699999999999997,-0.0478,-0.0756,-0.057800000000000004,-0.046900000000000004,-0.029900000000000003,-0.009000000000000001,-0.155,-0.1157,-0.008199999999999999,-0.0132,-0.1424,-0.0239,-0.0321,-0.041100000000000005,-0.0168,-0.021099999999999997,0.0004,-0.0113,-0.053099999999999994,-0.008100000000000001,-0.0882,-0.0513,-0.0227,-0.051,-0.0593,-0.0053,-0.0319,-0.021,-0.034300000000000004,-0.044000000000000004
2003-02,0.0009,-0.017899999999999996,-0.0040999999999999995,-0.014199999999999999,0.0121,35.87,3.9,0.027042911682999164,0.01560903968338354,0.0056022408963585235,-0.057800000000000004,-0.0472,-0.0802,-0.008199999999999999,0.013000000000000001,0.0258,-0.0326,-0.0449,-0.0276,-0.031200000000000002,-0.0359,0.0256,-0.0265,-0.0416,-0.0064,-0.0416,0.0021,0.0006,0.022799999999999997,-0.0506,0.018600000000000002,-0.0009,-0.058899999999999994,-0.084,-0.0983,-0.1017,-0.0588,-0.0764,0.146,0.018500000000000003,-0.0398,-0.0645,-0.006500000000000001,-0.0141,0.022099999999999998,0.0444,-0.004,-0.0137,-0.037599999999999995,-0.0342,-0.0345,-0.0052,-0.0483,-0.021099999999999997,-0.062400000000000004,-0.004699999999999999,-0.0167,0.0275
2003-03,0.001,0.0119,0.0116,-0.0206,0.014199999999999999,33.55,3.81,-0.006857872011797021,0.010643772936651872,-0.05013927576601673,0.0388,0.0095,-0.1259,0.0105,-0.19870000000000002,0.0365,-0.0037,-0.0216,0.0647,0.057,0.0226,-0.0137,0.0481,0.0342,0.012,-0.0147,0.0034999999999999996,0.026099999999999998,-0.0326,-0.0528,-0.0182,-0.0446,-0.0368,-0.0542,-0.0571,0.0449,-0.0454,-0.0116,-0.035,0.0154,0.0431,-0.0043,0.053899999999999997,0.006999999999999999,-0.0252,-0.021,-0.0106,0.005699999999999999,0.0271,0.0434,-0.0051,0.055099999999999996,0.0518,-0.0097,0.0227,0.0204,0.0152,0.0529
2003-04,0.001,0.0828,0.0075,0.012,-0.0932,28.25,3.96,-0.001754240388907658,-0.0092017516688256,-0.038123167155425186,-0.015,0.0406,0.0764,0.0218,0.027000000000000003,0.0432,0.17309999999999998,0.0814,0.0342,0.0754,-0.0771,0.0535,0.049100000000000005,0.09939999999999999,0.0855,0.1264,0.054299999999999994,0.1363,0.10220000000000001,0.0786,0.0873,0.1005,0.1882,0.0861,0.11779999999999999,0.0473,0.0351,0.08529999999999999,0.022799999999999997,-0.005,0.0723,0.11259999999999999,0.0736,0.0802,0.1096,0.1008,0.1058,0.0319,0.022000000000000002,0.1081,0.0608,0.0973,0.0951,0.1121,0.1051,0.0646,0.12789999999999999,0.1463
2003-05,0.0009,0.061399999999999996,0.0461,0.0063,-0.1072,28.14,3.57,0.045981907624196794,0.03524692114105542,0.08536585365853666,0.12269999999999999,0.055,-0.0168,0.10220000000000001,0.32530000000000003,0.0245,0.07780000000000001,0.0601,0.0288,0.0401,0.0971,0.061900000000000004,0.031400000000000004,0.008199999999999999,-0.0058,0.038599999999999995,0.0805,0.16699999999999998,0.13140000000000002,0.08789999999999999,0.061500000000000006,0.0582,0.037000000000000005,0.12029999999999999,0.07719999999999999,-0.0669,0.0967,0.14,0.2551,0.085,0.1016,0.0632,0.0435,0.0582,0.1346,0.1456,0.11800000000000001,0.027999999999999997,0.0218,0.047,0.0693,0.0252,0.08410000000000001,0.0581,0.039900000000000005,0.0898,0.0892,-0.0060999999999999995
2003-06,0.001,0.015199999999999998,0.0169,0.002,-0.0124,30.72,3.33,-0.011522307553026833,0.02300999692726718,0.0,-0.0027,0.0095,-0.0239,0.008100000000000001,0.1092,-0.0252,0.06559999999999999,-0.0175,-0.025699999999999997,-0.0040999999999999995,-0.0354,0.030299999999999997,0.049100000000000005,-0.0116,0.0105,-0.0239,-0.0072,0.0177,0.0215,-0.040999999999999995,0.0254,-0.0068000000000000005,0.026000000000000002,0.061200000000000004,0.0802,0.0259,0.0933,0.0462,0.0070999999999999995,-0.009899999999999999,0.0106,0.0209,0.0513,0.006,0.024700000000000003,-0.0183,0.0206,0.0085,0.0455,-0.0003,0.0431,0.027999999999999997,0.0673,0.0095,-0.004,0.0206,0.016200000000000003,0.0066
2003-07,0.0007000000000000001,0.024,0.0493,-0.0154,-0.0028000000000000004,30.76,3.98,-0.07647117214872193,-0.052125960802782444,-0.014044943820224698,0.0212,0.002,0.011399999999999999,-0.0184,-0.1125,0.042800000000000005,-0.0146,-0.0139,0.0076,0.036699999999999997,0.10529999999999999,0.0547,-0.0101,0.0789,-0.0436,0.1366,0.0229,-0.026000000000000002,0.0692,0.1041,0.1001,0.06509999999999999,0.0625,0.0317,0.1059,0.0966,0.1242,0.10039999999999999,-0.1255,-0.0252,-0.054299999999999994,-0.0171,0.0765,0.025699999999999997,0.061500000000000006,0.1074,0.0794,0.0524,-0.0019,0.0199,-0.0129,0.0433,0.0232,0.0364,0.048499999999999995,0.031200000000000002,0.0722,-0.0024
2003-08,0.0007000000000000001,0.024,0.024399999999999998,0.016399999999999998,-0.0058,31.59,4.45,0.006935933847494377,-0.03514630953485528,0.02564102564102555,0.027000000000000003,-0.0052,0.0795,-0.0206,0.0241,0.0337,0.048,0.0077,0.0118,0.0496,0.041100000000000005,-0.0063,-0.0369,0.017,0.0252,0.0667,0.049800000000000004,0.0691,0.0464,0.0146,0.07690000000000001,0.06570000000000001,0.08710000000000001,0.0787,0.087,-0.0215,0.1023,0.0748,0.07519999999999999,0.061799999999999994,0.0192,0.0126,0.030899999999999997,0.0351,0.0144,0.1431,0.0735,0.0373,0.0313,0.011000000000000001,0.0316,0.0791,0.0074,-0.0037,-0.0165,0.0316,0.014199999999999999,0.0407
2003-09,0.0008,-0.0116,0.0085,0.0014000000000000002,-0.0007000000000000001,28.29,4.27,0.04291294620066375,0.018110027856026195,0.05277777777777781,0.0086,0.021099999999999997,-0.0347,-0.015600000000000001,0.0814,-0.0083,-0.033,-0.0015,0.0217,-0.013300000000000001,-0.0116,-0.0003,0.004699999999999999,-0.0603,-0.0825,-0.034300000000000004,-0.0203,0.0375,-0.0316,0.011399999999999999,-0.0789,-0.044199999999999996,-0.0507,-0.0652,-0.0814,-0.09380000000000001,-0.0138,0.0245,-0.0233,-0.0218,0.0384,-0.0552,-0.0003,0.0064,-0.0018,-0.0429,-0.0455,-0.0219,-0.017,-0.0141,0.0054,-0.057999999999999996,0.0199,0.012199999999999999,-0.0070999999999999995,0.0173,0.0048,0.008
2003-10,0.0007000000000000001,0.0615,0.0259,0.022099999999999998,0.04,30.33,4.29,-0.027008617492796174,0.001944293815268968,0.0,0.11289999999999999,0.0384,0.060899999999999996,0.0571,0.0616,0.121,0.0325,0.07730000000000001,0.0438,0.1223,0.0571,0.0351,0.0,0.0662,0.061799999999999994,0.0341,0.0742,0.16570000000000001,0.19210000000000002,0.0126,0.1281,0.10060000000000001,0.0932,0.12,0.0638,0.0161,0.1202,0.1534,0.09759999999999999,0.015600000000000001,0.0151,0.0683,0.0366,0.0331,0.0999,0.1606,0.1017,0.08199999999999999,0.0463,0.0929,0.0464,0.09849999999999999,0.0693,0.0753,0.048600000000000004,0.0464,0.0935,-0.0132
2003-11,0.0007000000000000001,0.0142,0.0206,0.0172,0.0137,31.09,4.3,0.0028036317136649193,0.0027687540254332493,0.029023746701847042,0.0603,0.0223,0.0321,0.0235,0.1142,0.0167,0.0579,0.0179,-0.0089,0.0347,0.0728,0.035,0.010700000000000001,0.0302,0.0045000000000000005,-0.008199999999999999,0.026099999999999998,0.0596,0.0356,0.0287,0.04,0.073,0.037200000000000004,0.0009,-0.0245,-0.0032,0.1174,0.0751,0.0158,0.0064,0.0095,-0.0063,0.07690000000000001,0.0048,0.0189,0.0382,0.038900000000000004,0.0109,-0.0060999999999999995,-0.0123,0.043899999999999995,-0.0045000000000000005,0.0391,0.0087,0.0175,0.0401,-0.0054,0.0003
2003-12,0.0008,0.0437,-0.0268,0.0151,-0.0553,32.15,4.27,0.009246880061371834,0.006000911786594062,0.04358974358974366,0.0478,0.0128,0.0584,0.0664,0.057,-0.0026,0.0705,0.0294,0.0226,0.009000000000000001,0.0118,0.0455,0.0623,0.094,0.04019999999999999,0.0109,0.0733,-0.0004,0.1065,0.0947,0.0345,0.0604,0.1472,0.107,0.1213,0.1174,0.018500000000000003,0.055,0.2648,0.13470000000000001,0.058600000000000006,0.0757,-0.032799999999999996,0.0483,0.0195,-0.0177,0.0315,0.0883,0.1059,0.0138,0.031200000000000002,-0.0317,-0.0040999999999999995,0.0331,0.058899999999999994,0.0278,0.0424,0.0816
2004-01,0.0007000000000000001,0.022199999999999998,0.0254,0.0242,0.0256,34.27,4.15,0.012435550682687061,0.013242570441719188,0.017199017199017286,-0.0292,0.0102,0.056100000000000004,-0.028900000000000002,0.0206,-0.0006,0.0026,0.0092,0.0215,-0.020099999999999996,0.046,0.0635,0.023,-0.019299999999999998,0.0458,0.013300000000000001,-0.0078000000000000005,-0.04769999999999999,0.0005,0.0694,-0.016,-0.0084,-0.026099999999999998,0.025699999999999997,0.0158,-0.044500000000000005,-0.1371,-0.052000000000000005,-0.0738,0.0031,0.0191,0.0165,0.0986,0.0365,0.0475,0.042800000000000005,0.09230000000000001,-0.0359,-0.011200000000000002,-0.04,0.03,-0.002,0.006,0.026000000000000002,0.0489,0.0547,0.0363,0.0687
2004-02,0.0006,0.014599999999999998,-0.015700000000000002,0.0095,-0.0118,34.74,4.08,0.017258678502320476,0.00914012886549821,-0.021739130434782594,0.0218,0.0637,0.0576,0.025699999999999997,0.0388,0.0373,0.0103,0.0105,0.0298,0.055099999999999996,-0.029500000000000002,-0.0027,0.0144,0.026600000000000002,0.0304,0.105,0.0472,0.10619999999999999,0.0637,0.024300000000000002,0.0046,-0.032400000000000005,-0.0124,-0.0085,-0.0004,-0.0319,0.0545,0.0695,0.07139999999999999,0.0452,0.021099999999999997,-0.0042,-0.027000000000000003,-0.0302,-0.044800000000000006,-0.011200000000000002,-0.04019999999999999,0.032799999999999996,0.0662,0.002,0.023799999999999998,0.0672,0.0723,0.0218,0.0432,0.0292,0.0297,-0.021
2004-03,0.0009,-0.0123,0.0173,0.0023,0.002,36.76,3.83,0.01395856182384305,0.0237606128674171,0.004938271604938205,0.042800000000000005,0.0143,0.0404,-0.0019,-0.0406,-0.030600000000000002,0.022000000000000002,-0.0014000000000000002,0.015,0.030600000000000002,-0.0296,0.0098,-0.050300000000000004,-0.0166,-0.045899999999999996,-0.021099999999999997,0.026600000000000002,0.0495,-0.044800000000000006,-0.0756,0.0125,0.0073,-0.0207,-0.049800000000000004,-0.0331,-0.0068000000000000005,0.07,-0.0259,0.0696,-0.0006,0.011399999999999999,-0.0203,0.0572,-0.019,-0.0009,-0.0462,-0.0092,0.006999999999999999,-0.0015,-0.0046,0.0192,-0.0011,0.008,-0.0038,-0.008,0.02,-0.0227,-0.0501
2004-04,0.0008,-0.017300000000000003,-0.0173,-0.0323,-0.0537,36.69,4.35,-0.05193247564203462,-0.03967286114831055,-0.009828009828009798,0.0027,0.0305,0.0473,0.0038,0.018500000000000003,-0.0626,-0.0168,-0.0007000000000000001,0.022099999999999998,-0.015700000000000002,0.013300000000000001,0.0274,0.0385,-0.0063,-0.0043,-0.038,-0.0032,-0.1125,-0.0872,-0.028999999999999998,-0.025699999999999997,-0.024700000000000003,0.036699999999999997,0.018600000000000002,0.0604,0.0391,-0.21100000000000002,-0.1282,0.0292,0.026600000000000002,-0.035699999999999996,-0.0043,0.0059,-0.0058,-0.0873,-0.0787,-0.0583,0.0154,-0.0236,0.0017000000000000001,0.0092,-0.0321,-0.0101,-0.054000000000000006,-0.0048,-0.0467,-0.0819,-0.0183
2004-05,0.0006,0.0124,-0.0023,-0.0018,0.0149,40.28,4.72,-0.006586567680899718,-0.026120448690793892,-0.04714640198511166,0.0121,-0.0174,0.021400000000000002,0.0226,-0.126,0.0294,0.005600000000000001,0.004,0.015300000000000001,0.0042,-0.0095,-0.0023,-0.0042,0.0060999999999999995,0.011200000000000002,-0.046,0.0256,0.013500000000000002,0.058499999999999996,-0.0138,0.0218,0.0069,-0.0281,0.0079,0.0166,0.0382,0.0643,0.0326,0.0665,0.0048,0.0126,-0.0296,0.013000000000000001,0.0213,0.0501,0.08800000000000001,0.0379,0.0029,0.0499,0.020099999999999996,0.0016,0.0074,-0.029500000000000002,0.0254,0.0009,-0.0060999999999999995,0.0055000000000000005,0.0352
2004-06,0.0008,0.0193,0.0225,0.0121,0.0206,38.02,4.73,0.00705182318568812,0.003143467351160694,0.02083333333333326,0.035699999999999996,0.0209,0.0462,-0.0024,0.0611,0.0331,0.0351,-0.0258,0.022000000000000002,0.0434,0.0363,0.0311,-0.0163,0.054400000000000004,0.0417,0.0279,0.0239,-0.0003,0.0942,0.124,0.059500000000000004,0.0662,0.056900000000000006,0.0973,0.048,0.0576,-0.031200000000000002,0.043899999999999995,0.1381,0.0536,0.0203,0.008,-0.0467,0.0397,0.034300000000000004,-0.012,0.0637,0.0501,0.0672,0.0635,0.0281,-0.0034000000000000002,-0.0058,0.0070999999999999995,0.0054,0.0452,-0.0049,0.0496
2004-07,0.001,-0.0394,-0.0375,0.0322,-0.022400000000000003,40.69,4.5,0.013373583752242159,0.022099955262570824,0.015306122448979664,-0.0496,-0.0393,-0.204,-0.10039999999999999,-0.0375,-0.056299999999999996,-0.067,-0.0438,-0.0519,-0.0519,-0.061500000000000006,-0.0695,-0.0567,-0.0331,-0.0732,-0.0178,-0.04650000000000001,-0.018500000000000003,-0.0019,-0.0673,-0.0621,-0.0727,-0.0366,0.0121,-0.0075,-0.0044,0.028900000000000002,0.0245,-0.015,0.034,0.0106,-0.01,-0.077,-0.0601,-0.0781,-0.1209,-0.1137,-0.055099999999999996,-0.0292,-0.0454,-0.11359999999999999,-0.0347,0.026099999999999998,-0.011200000000000002,-0.0311,0.0088,-0.0642,0.0053
2004-08,0.0011,0.0018000000000000002,-0.0151,0.010700000000000001,-0.015600000000000001,44.94,4.28,0.03328286788445542,0.021310083606973434,0.007537688442211143,0.019,-0.001,0.001,0.018799999999999997,0.0322,0.0128,-0.017,0.0028000000000000004,0.0467,0.0,0.0004,-0.0098,0.023700000000000002,0.0301,0.0128,0.0121,0.0406,0.0393,-0.0023,0.0017000000000000001,-0.024399999999999998,0.010700000000000001,-0.034,0.0039000000000000003,-0.018000000000000002,0.0029,0.0947,0.037200000000000004,-0.050199999999999995,-0.013300000000000001,0.036699999999999997,0.011699999999999999,-0.038900000000000004,-0.0281,-0.053200000000000004,-0.0667,-0.045599999999999995,0.0014000000000000002,0.001,-0.0083,-0.0245,-0.008100000000000001,-0.0259,0.0404,0.0095,0.0666,0.0321,-0.0095
2004-09,0.0011,0.0171,0.029900000000000003,-0.0005,0.055,45.95,4.13,0.002629200252779042,0.015666157657119893,0.009975062344139696,0.0298,-0.0069,-0.0406,-0.0795,-0.0252,0.08130000000000001,0.0408,0.011000000000000001,-0.0288,0.0277,0.0125,0.0622,-0.0335,0.044800000000000006,-0.0151,0.0352,0.028399999999999998,0.081,0.0797,-0.0134,0.0608,0.0208,0.0209,-0.0022,0.0526,0.0472,0.0455,0.0742,0.08779999999999999,0.0882,0.0138,0.013300000000000001,0.0101,0.044199999999999996,0.0229,0.0262,0.030899999999999997,-0.0032,0.0383,0.030299999999999997,-0.0003,0.028900000000000002,0.0482,-0.006500000000000001,0.013300000000000001,0.0213,0.014499999999999999,0.019299999999999998
2004-10,0.0011,0.0153,0.0014000000000000002,-0.0026,-0.0149,53.13,4.1,0.010758680483615115,0.005879065908329482,0.03703703703703698,0.0248,0.0342,0.0683,0.0108,0.029500000000000002,0.0028000000000000004,0.031,0.0256,-0.036000000000000004,0.0507,-0.003,-0.0255,-0.025699999999999997,0.0032,0.036699999999999997,0.0633,0.0068000000000000005,0.0096,-0.0358,-0.0178,-0.0096,0.0276,-0.0432,-0.028999999999999998,0.0073,-0.0134,0.0363,-0.0735,-0.0012,0.006500000000000001,0.0424,0.0331,-0.0204,0.0444,0.0467,0.0617,0.057,-0.0393,0.0342,0.0693,0.027200000000000002,0.0331,0.029500000000000002,0.0229,-0.0504,0.039,0.0482,0.0067
2004-11,0.0015,0.0468,0.0373,0.015700000000000002,0.0311,48.46,4.19,-0.021908682012325948,-0.0039060974544995763,0.0452380952380953,0.0052,0.036000000000000004,0.0095,-0.006999999999999999,0.17309999999999998,0.0664,0.0699,0.018799999999999997,0.0406,0.0405,0.0839,0.0128,-0.001,0.0876,0.0824,0.0507,0.061900000000000004,0.07429999999999999,0.1305,0.1341,0.07690000000000001,0.0806,0.08070000000000001,0.0666,0.07440000000000001,0.1235,-0.0063,0.08039999999999999,0.257,0.06309999999999999,0.0489,0.0363,0.1131,0.0616,0.0736,0.037200000000000004,0.038,0.054000000000000006,0.1054,0.056799999999999996,0.084,0.024700000000000003,0.07429999999999999,0.0294,0.081,0.0604,0.057,0.030600000000000002
2004-12,0.0016,0.0358,-0.0004,-0.0022,-0.0285,43.33,4.23,0.013275887239036667,0.00025116405959586287,0.006833712984054774,0.0435,0.0545,-0.0073,0.0436,0.0738,0.0484,0.0824,0.0121,0.0412,0.056100000000000004,0.042800000000000005,0.0478,0.0601,0.0279,0.0387,0.042,0.0291,0.1073,-0.016200000000000003,0.07519999999999999,0.031400000000000004,0.039599999999999996,0.050199999999999995,0.0108,-0.0276,-0.0674,-0.0681,0.0207,-0.0302,-0.0231,0.0248,0.0418,0.0305,0.0321,0.039599999999999996,0.0225,0.030699999999999998,0.0352,0.0431,0.04190000000000001,0.059500000000000004,0.030699999999999998,0.0508,0.0353,0.047599999999999996,0.1316,0.0555,0.042800000000000005
2005-01,0.0016,-0.0259,-0.0169,0.021,0.031200000000000002,46.84,4.22,0.011615157828221328,0.004333570550865581,-0.040723981900452455,-0.0281,0.0039000000000000003,0.0308,-0.0067,0.0441,-0.0218,-0.0507,-0.033,-0.0126,-0.0256,0.019299999999999998,-0.0009,-0.055999999999999994,-0.014499999999999999,-0.0796,-0.0332,0.032,0.030899999999999997,-0.0037,-0.052300000000000006,-0.051100000000000007,-0.0034999999999999996,-0.0801,-0.009399999999999999,-0.0246,0.0055000000000000005,-0.06480000000000001,0.0111,0.0455,0.029900000000000003,0.0176,-0.0424,-0.0118,-0.0591,-0.0499,-0.0768,-0.044500000000000005,-0.0319,-0.0412,-0.0688,-0.0273,-0.009399999999999999,0.0037,-0.0302,-0.008,0.022000000000000002,-0.0049,-0.0060999999999999995
2005-02,0.0016,0.020399999999999998,-0.0059,0.0144,0.034300000000000004,47.97,4.17,-0.014415663404392548,0.007561461274460359,-0.002358490566037763,0.029300000000000003,-0.0103,-0.0037,0.0147,0.0316,0.0002,-0.0111,-0.0009,0.0002,0.0209,0.0444,0.013500000000000002,0.0254,0.0827,0.025,0.008100000000000001,-0.0036,0.0926,0.0977,0.0286,0.0625,0.029900000000000003,-0.0034000000000000002,0.0475,0.0174,0.019,0.08039999999999999,0.1052,0.142,0.1957,0.0236,-0.0044,-0.022799999999999997,-0.0147,-0.009000000000000001,0.039900000000000005,0.0226,0.0163,0.0974,0.0248,0.031200000000000002,0.0007000000000000001,0.0113,-0.015300000000000001,0.0259,0.0787,-0.0052,-0.0072
2005-03,0.0021,-0.0173,-0.014199999999999999,0.0208,0.0043,54.31,4.5,-0.0076163128899872125,-0.023284859145191284,0.026004728132387633,0.008199999999999999,-0.013600000000000001,-0.003,-0.009899999999999999,0.0032,-0.0644,0.0008,-0.011699999999999999,-0.0059,-0.0108,0.0653,-0.0487,0.0002,-0.0204,0.0033,-0.0642,-0.0079,-0.071,-0.0755,-0.0368,-0.0291,-0.024399999999999998,-0.0855,0.024399999999999998,0.018500000000000003,0.0255,-0.059500000000000004,-0.0461,-0.0358,-0.0344,0.0060999999999999995,-0.0004,-0.003,-0.022099999999999998,-0.0115,-0.0315,-0.0643,-0.0037,-0.0199,-0.0097,-0.018000000000000002,0.0070999999999999995,0.0029,-0.0315,-0.0434,-0.0434,-0.011899999999999999,0.0045000000000000005
2005-04,0.0021,-0.023999999999999997,-0.0395,0.0009,-0.006999999999999999,53.04,4.34,0.02689738293646505,0.016520969895980696,-0.011520737327188946,-0.0126,-0.0006,0.0128,0.022099999999999998,-0.0138,-0.1148,-0.0364,-0.0301,-0.025699999999999997,-0.073,0.0077,0.0301,0.045,-0.0745,-0.047599999999999996,-0.0593,-0.0062,-0.0345,-0.0971,-0.0679,-0.054000000000000006,-0.0793,-0.1118,-0.0042,-0.032400000000000005,-0.0109,-0.1045,-0.09390000000000001,-0.0608,-0.0558,0.0213,-0.02,-0.03,-0.045599999999999995,-0.0636,-0.024,-0.0545,-0.0824,-0.0493,-0.0629,-0.0269,-0.056600000000000004,-0.0584,0.0039000000000000003,-0.0189,-0.0102,-0.044000000000000004,-0.0058
2005-05,0.0024,0.0389,0.0287,-0.0060999999999999995,0.0037,49.83,4.14,0.020504632130953524,0.01970299065153844,-0.01631701631701632,0.048,0.0194,0.0388,0.0241,0.031,0.032799999999999996,0.045700000000000005,-0.0121,0.0169,0.0663,0.0196,0.004699999999999999,0.0169,0.0022,0.0584,0.059000000000000004,0.0256,0.1026,0.0019,-0.013300000000000001,0.0575,0.07339999999999999,0.1023,0.0554,0.0385,0.0706,-0.0141,0.0572,0.10339999999999999,0.0195,0.0166,0.015,0.05,0.0506,0.1042,0.1051,0.08839999999999999,0.0070999999999999995,0.0005,0.051100000000000007,0.042699999999999995,0.0667,0.081,0.024900000000000002,0.0593,0.092,0.0137,0.0089
2005-06,0.0023,0.0081,0.0252,0.0286,0.0208,56.26,4.0,0.008238763336712498,0.014819058530067968,0.021327014218009532,-0.0062,-0.0245,0.0218,-0.0394,-0.022400000000000003,0.018799999999999997,-0.011200000000000002,-0.006999999999999999,-0.0256,0.0581,0.035,-0.0158,-0.0073,-0.0096,0.0139,0.0165,-0.0066,0.0889,-0.027000000000000003,0.016,0.005699999999999999,-0.0286,0.0291,-0.0014000000000000002,0.0217,-0.003,0.0487,0.0672,0.073,0.0575,0.0556,0.0019,0.0461,-0.013999999999999999,-0.0106,-0.0115,-0.0139,-0.0315,-0.034,-0.031,0.015,0.0304,-0.0246,0.0092,0.0397,0.0655,0.0591,-0.029500000000000002
2005-07,0.0024,0.0416,0.0287,-0.0078000000000000005,0.0005,58.7,4.18,-0.024594747506521207,-0.011382956676804046,-0.016241299303944357,0.0454,0.021400000000000002,0.042800000000000005,0.0166,0.0378,0.029900000000000003,0.0362,0.0264,0.0344,0.032799999999999996,-0.0425,0.0635,0.0387,0.0463,0.026000000000000002,0.0281,0.0812,0.1116,0.1315,0.11259999999999999,0.10369999999999999,0.0667,0.0756,0.0174,0.06559999999999999,-0.0219,-0.0388,0.1038,0.20920000000000002,0.0554,0.0298,0.0313,0.0168,0.0554,0.0313,0.09269999999999999,0.0874,0.051500000000000004,0.047400000000000005,0.0814,0.0521,0.0603,0.0455,0.0052,0.032400000000000005,-0.013300000000000001,0.047400000000000005,-0.0021
2005-08,0.003,-0.009000000000000001,-0.010700000000000001,0.0134,0.020499999999999997,64.97,4.26,0.024539117716785575,-0.003000787482331458,0.03301886792452824,-0.0401,-0.0187,-0.0217,0.005,0.0447,0.0273,-0.013999999999999999,0.0139,-0.010700000000000001,-0.039599999999999996,-0.0006,0.0040999999999999995,-0.0052,-0.0605,-0.061399999999999996,-0.022000000000000002,-0.013999999999999999,-0.034,-0.0078000000000000005,-0.034,0.0123,0.0039000000000000003,-0.0414,-0.0002,-0.0012,0.0,0.0472,0.015600000000000001,0.0877,0.057300000000000004,0.0125,-0.012,-0.0087,0.0051,-0.0233,-0.006500000000000001,0.0108,-0.0359,0.0103,-0.0346,-0.0139,-0.066,-0.0482,-0.0171,-0.009000000000000001,-0.035699999999999996,-0.0118,-0.0206
2005-09,0.0029,0.007699999999999999,-0.0062,0.0078000000000000005,0.0346,65.57,4.2,-0.022787063573298526,0.008394442322766975,0.041095890410958846,0.0158,0.020099999999999996,-0.0832,0.0054,0.047400000000000005,-0.0359,-0.0165,-0.037000000000000005,0.015300000000000001,-0.018500000000000003,-0.011000000000000001,-0.0412,-0.0144,-0.018500000000000003,-0.0141,-0.045700000000000005,0.042199999999999994,0.011200000000000002,0.0308,0.0012,-0.0019,0.0227,-0.0518,0.009899999999999999,0.0458,-0.0227,0.1938,0.1073,0.0949,0.07200000000000001,0.0438,-0.0147,-0.0645,0.0011,0.0231,0.0111,-0.0042,0.0070999999999999995,-0.0526,0.038,-0.0008,-0.022000000000000002,-0.0027,-0.0147,0.0435,-0.0141,0.0681,0.0040999999999999995
2005-10,0.0027,-0.0177,-0.013000000000000001,0.0043,-0.0127,62.37,4.46,-0.014882605915935886,-0.01755314826645294,0.030701754385964897,-0.0447,-0.0301,-0.0095,0.0052,0.0173,-0.0717,-0.0358,-0.0629,-0.032799999999999996,-0.023,-0.045599999999999995,-0.0149,-0.0359,0.0233,0.0038,-0.0407,-0.0381,-0.1097,-0.0433,-0.0109,-0.0466,-0.0391,-0.0786,-0.048,-0.027999999999999997,-0.0158,-0.1007,-0.029900000000000003,-0.0974,-0.1017,-0.06849999999999999,-0.030299999999999997,0.0024,0.012199999999999999,-0.0189,-0.0655,-0.035,0.0089,-0.009399999999999999,0.025699999999999997,-0.0199,0.0219,0.0016,0.028399999999999998,0.020499999999999997,-0.08410000000000001,0.0326,0.012199999999999999
2005-11,0.0031,0.0392,0.0105,-0.011899999999999999,0.0029,58.3,4.54,0.010172531284693424,-0.0026810285954280318,0.014893617021276562,-0.0353,-0.006500000000000001,0.04650000000000001,0.0154,-0.026000000000000002,0.06280000000000001,0.0525,0.0265,0.031,0.0625,0.053399999999999996,0.0236,0.0104,0.0342,0.04019999999999999,0.0519,0.0331,0.0729,0.1291,0.0013,0.0713,0.0644,-0.0108,0.056600000000000004,-0.0067,0.0105,0.0862,0.06559999999999999,0.0066,0.0102,-0.0022,0.0264,0.0351,0.054000000000000006,0.028900000000000002,0.1081,0.08130000000000001,0.0748,0.0764,0.0748,0.0455,0.0368,0.0683,0.0444,0.046900000000000004,0.0321,0.0433,0.0487
2005-12,0.0032,0.0008000000000000004,-0.0044,0.0015,0.008,59.43,4.47,0.011727334618736051,0.009359978136117325,0.0691823899371069,-0.0031,0.0005,-0.0033,-0.021099999999999997,0.042699999999999995,-0.0113,-0.0101,-0.0208,0.0155,-0.0024,-0.015700000000000002,0.011399999999999999,0.0311,0.0058,0.019299999999999998,0.009000000000000001,0.0008,-0.0042,0.036699999999999997,-0.027000000000000003,0.0069,-0.0063,-0.0151,0.030699999999999998,0.0062,0.043899999999999995,0.1471,0.026600000000000002,0.0152,0.0040999999999999995,0.0124,-0.0173,-0.0339,-0.021099999999999997,0.0019,-0.0268,-0.0165,0.016200000000000003,-0.0007000000000000001,0.0177,0.0106,-0.0106,0.01,0.0034000000000000002,0.001,-0.0034000000000000002,0.0074,-0.0078000000000000005
2006-01,0.0034999999999999996,0.0338,0.0546,0.009899999999999999,0.0253,65.51,4.42,-0.0075751700091187535,0.007721649698103832,0.07843137254901955,0.026699999999999998,0.015300000000000001,0.0342,-0.0074,-0.0233,0.0697,0.0359,0.0058,0.026600000000000002,0.0248,0.0067,0.0311,0.0209,0.032400000000000005,0.0398,-0.0305,0.07629999999999999,0.10800000000000001,0.1493,0.09369999999999999,0.1159,0.0658,0.050300000000000004,0.0143,0.050199999999999995,0.0637,0.16620000000000001,0.1745,0.1514,0.12480000000000001,0.030299999999999997,0.038599999999999995,-0.0017000000000000001,0.031200000000000002,0.05,0.0447,0.057699999999999994,-0.0302,0.0003,0.0493,0.0691,0.006999999999999999,0.0434,0.0054,-0.0104,0.0004,0.0977,-0.0285
2006-02,0.0034000000000000002,0.0004000000000000002,-0.0040999999999999995,-0.0031,-0.0182,61.63,4.57,0.002180912664476979,-0.008335303041305569,0.009090909090909038,0.0066,0.016200000000000003,0.0042,0.0194,-0.0004,0.0102,0.0103,0.0147,0.011000000000000001,0.0024,0.0073,-0.020499999999999997,0.0189,-0.0029,0.0319,0.0341,0.026000000000000002,-0.0738,-0.0296,0.024700000000000003,-0.0086,0.0323,-0.0231,0.048799999999999996,0.06,0.0703,-0.1286,-0.0574,-0.08529999999999999,-0.0814,0.0023,0.033,-0.0084,-0.0232,0.0155,-0.004,0.0252,0.0113,-0.0038,0.011399999999999999,0.015600000000000001,0.0128,0.0213,0.020099999999999996,0.0051,0.0203,0.021400000000000002,0.0062
2006-03,0.0037,0.0184,0.0339,0.0060999999999999995,0.0127,62.9,4.72,-0.020893127452288003,-0.00812453782546676,0.003603603603603567,0.0466,0.0263,0.069,0.0027,0.0008,0.0415,0.0336,-0.002,-0.004,0.0337,-0.0125,-0.012,-0.009399999999999999,0.0131,0.0321,-0.020099999999999996,0.0431,0.021,0.12140000000000001,0.0401,0.0316,0.0509,0.0232,0.038,0.0296,0.0327,0.0023,0.11380000000000001,0.0581,0.0395,-0.0365,0.018000000000000002,0.0379,0.027000000000000003,0.0287,0.032,0.027200000000000002,0.0322,0.0165,0.0466,0.0387,0.0223,0.023399999999999997,0.003,-0.0034000000000000002,0.0776,0.0329,0.0526
2006-04,0.0036,0.0109,-0.0138,0.0226,0.0060999999999999995,69.69,4.99,-0.012427376811888734,-0.01739304818532732,0.09694793536804314,-0.0168,0.0229,0.0064,0.0097,0.034300000000000004,-0.07690000000000001,0.0363,-0.0319,0.014499999999999999,-0.0116,-0.0124,-0.0058,-0.0223,0.029300000000000003,0.03,0.0115,0.014199999999999999,-0.0134,0.0765,0.0719,0.0592,0.0076,-0.0108,0.053099999999999994,0.0444,0.0108,0.1152,0.0538,0.2078,0.0405,0.0182,0.0147,0.0183,-0.0167,-0.0223,0.01,0.0154,0.07200000000000001,-0.0362,0.0039000000000000003,-0.0321,-0.013500000000000002,-0.0016,0.0512,-0.0072,0.0045000000000000005,0.0102,-0.0022
2006-05,0.0043,-0.0313,-0.0301,0.023799999999999998,-0.036699999999999997,70.94,5.11,0.0003405635528419336,-0.005199583278908406,0.10474631751227492,-0.058499999999999996,0.036000000000000004,0.0348,0.0362,-0.0109,-0.0245,0.0175,-0.0232,-0.042,-0.054400000000000004,0.0002,-0.0434,-0.019,-0.0226,-0.0315,0.0137,-0.0722,-0.0943,-0.0463,-0.0226,-0.0368,-0.042800000000000005,0.0256,-0.0088,-0.0346,-0.0414,-0.1173,-0.1149,-0.016399999999999998,-0.0353,0.0151,0.0,-0.0371,-0.0592,-0.0572,-0.09,-0.0504,-0.0236,-0.0395,-0.0165,-0.0213,-0.013999999999999999,-0.0371,-0.0268,-0.0356,-0.0808,-0.0683,0.0008
2006-06,0.004,0.0005000000000000004,-0.0034999999999999996,0.0085,0.0155,70.96,5.11,0.0019414910783409705,0.004258333333333334,-0.11703703703703705,0.002,-0.0069,0.0305,-0.008100000000000001,0.0315,0.0123,0.0074,-0.0018,0.0088,-0.0024,0.0007000000000000001,-0.0424,0.0079,-0.0111,-0.0095,0.0147,-0.0362,-0.0354,0.028999999999999998,-0.0608,-0.0088,0.0129,0.0179,-0.006500000000000001,0.0199,-0.012,0.0138,0.0104,-0.060599999999999994,0.030600000000000002,0.0242,0.029500000000000002,-0.0064,0.006500000000000001,-0.028399999999999998,-0.0362,-0.0176,-0.033,0.008100000000000001,0.0434,-0.0118,0.004699999999999999,0.016399999999999998,-0.006999999999999999,-0.0013,0.017,-0.0009,-0.021400000000000002
2006-07,0.004,-0.0037,-0.039599999999999996,0.0262,-0.020499999999999997,74.41,5.09,0.016675095122445686,0.005809180893438505,0.06375838926174504,0.0285,0.0149,0.0331,0.044500000000000005,0.0911,-0.0387,-0.07490000000000001,-0.0068000000000000005,0.0042,-0.0308,0.013999999999999999,0.044800000000000006,0.0429,-0.0431,0.0052,-0.031200000000000002,-0.08410000000000001,-0.0665,-0.0412,0.0279,-0.06,-0.0613,-0.0375,-0.0349,-0.018799999999999997,0.0953,-0.0317,-0.0149,-0.1259,0.056799999999999996,0.0483,0.024399999999999998,-0.0382,-0.0294,-0.0373,-0.0599,-0.0255,-0.0565,0.0102,-0.1148,-0.02,-0.047400000000000005,-0.060599999999999994,0.0218,0.0031,-0.059800000000000006,0.0078000000000000005,-0.008
2006-08,0.0042,0.024499999999999997,0.009899999999999999,-0.0195,-0.0337,73.05,4.88,0.023653992942170146,0.020540922358481466,-0.001577287066246047,0.1005,0.022099999999999998,-0.0361,0.0225,0.0421,0.0374,0.0233,0.029900000000000003,0.0675,0.04190000000000001,0.0547,0.0118,0.023,0.0387,0.0473,0.0137,0.023700000000000002,0.0124,-0.0259,-0.065,-0.0066,0.013999999999999999,0.031200000000000002,-0.0097,0.0115,0.0333,0.0147,0.030899999999999997,-0.1042,-0.0305,0.022799999999999997,0.022799999999999997,-0.0115,0.048,0.11630000000000001,0.0808,0.0358,0.0232,0.0397,-0.0121,0.0161,0.023799999999999998,0.0297,0.0084,0.0374,-0.0603,0.0043,0.0404
2006-09,0.0040999999999999995,0.0225,-0.013000000000000001,0.0007000000000000001,-0.0098,63.87,4.72,0.011841158932937065,0.016608972214245746,-0.05529225908372826,-0.0127,0.0052,-0.011899999999999999,-0.0013,-0.0638,0.0508,0.0483,0.011000000000000001,0.017,0.0909,-0.0182,-0.0066,0.0232,0.0246,0.039599999999999996,0.0192,0.0102,-0.0355,0.0007000000000000001,0.0323,0.0015,0.0346,0.0333,0.0364,0.0437,0.042800000000000005,-0.15689999999999998,-0.016399999999999998,-0.1505,-0.0351,-0.0212,0.0366,0.0246,0.0425,0.039900000000000005,0.0226,0.0086,0.0197,0.024700000000000003,0.041299999999999996,0.0139,0.06309999999999999,0.0717,0.029300000000000003,0.0204,-0.0025,0.09390000000000001,0.0296
2006-10,0.0040999999999999995,0.0363,0.0177,-0.0033,-0.0024,58.88,4.73,0.0062452967682081984,0.003143467351160694,-0.02006688963210701,-0.0454,0.0194,-0.0584,0.0043,0.054000000000000006,0.12689999999999999,0.08259999999999999,0.0629,0.0321,0.08039999999999999,-0.044500000000000005,0.0387,0.0178,0.057699999999999994,0.06,0.0026,0.043,0.0582,0.1076,0.1219,0.0301,0.0492,0.038900000000000004,0.0322,0.017,0.0084,0.0596,0.09949999999999999,0.145,0.049800000000000004,0.0536,0.052000000000000005,-0.006999999999999999,0.06280000000000001,0.0483,-0.0092,0.06570000000000001,0.048499999999999995,0.0547,0.062,0.0473,0.0317,0.077,0.013300000000000001,0.0086,0.0664,0.0634,0.0278
2006-11,0.0042,0.0212,0.0063,0.0003,-0.0101,59.37,4.6,0.015751816814272332,0.014205047177395107,0.07167235494880542,0.0797,0.0017000000000000001,-0.0033,-0.0046,0.0355,0.0096,0.052000000000000005,0.0177,0.0046,0.0425,0.0269,0.0197,-0.005699999999999999,0.0282,0.0394,0.036699999999999997,0.0475,0.0765,0.0883,-0.0172,0.042300000000000004,0.020099999999999996,0.01,0.044199999999999996,0.0496,0.0403,0.0452,0.08800000000000001,0.058499999999999996,0.08650000000000001,0.030600000000000002,0.0063,0.0406,0.0203,0.0731,0.016,0.0128,0.023,0.056900000000000006,0.021,0.0233,-0.0226,0.0175,-0.0005,0.024,0.0334,0.0159,0.010700000000000001
2006-12,0.004,0.0125,-0.0116,0.0275,0.0079,62.03,4.56,-0.01627613102737923,0.007010886538634048,0.0031847133757962887,0.0711,0.0043,0.0258,0.024300000000000002,0.0304,-0.0129,0.0487,0.0183,0.0126,0.0016,0.028900000000000002,0.0268,-0.0063,0.0106,0.0161,-0.0147,0.0209,-0.022799999999999997,-0.0262,0.0231,0.0005,-0.0054,0.0152,0.0029,-0.015,0.013300000000000001,-0.035,-0.0253,-0.1266,-0.0167,0.0073,0.0433,0.0064,-0.0014000000000000002,-0.0029,-0.028300000000000002,0.0167,0.0076,0.0322,-0.0223,-0.0036,0.0176,0.0216,0.0415,0.0347,0.022099999999999998,0.0296,0.0441
2007-01,0.0044,0.0182,0.0009,-0.0068000000000000005,0.0025,54.57,4.76,-0.005557896973659652,-0.012118081631007563,0.0015873015873015817,0.0417,0.0053,0.0321,0.0165,0.014199999999999999,0.0151,0.0666,-0.0108,0.0203,0.0301,0.0101,0.056100000000000004,0.032,0.0374,-0.0077,0.0765,0.0504,0.011399999999999999,0.09720000000000001,-0.0525,0.0138,0.0352,0.061200000000000004,0.0393,0.049100000000000005,0.0542,-0.0126,0.11109999999999999,0.0151,-0.013999999999999999,0.0048,0.0273,0.0725,0.030899999999999997,0.0077,0.0139,0.018600000000000002,0.0070999999999999995,0.0632,0.044000000000000004,0.04019999999999999,0.039599999999999996,0.0103,-0.0026,-0.0086,0.11359999999999999,0.0403,-0.0182
2007-02,0.0038,-0.015799999999999998,0.0123,-0.0009,-0.0131,59.26,4.72,0.02524033776794227,0.0071201340158234296,0.0538827258320127,-0.023799999999999998,0.0021,-0.034,-0.0264,-0.0323,0.0268,-0.052300000000000006,0.0005,-0.0143,0.015700000000000002,0.0296,-0.0286,-0.0326,0.021099999999999997,0.015700000000000002,0.0507,0.0217,-0.0341,0.0195,-0.0559,0.0262,-0.0154,0.009399999999999999,-0.016399999999999998,-0.013500000000000002,0.0073,0.008199999999999999,0.09820000000000001,0.019299999999999998,-0.022099999999999998,0.0416,-0.0278,-0.0088,-0.0327,-0.0316,0.0070999999999999995,-0.0067,0.013600000000000001,0.0233,-0.0067,0.0004,-0.0045000000000000005,-0.0158,-0.0277,0.0018,0.019799999999999998,-0.06309999999999999,-0.029300000000000003
2007-03,0.0043,0.0114,0.0009,-0.0089,0.0259,60.56,4.56,-0.0033631367339534927,0.016571189048095233,-0.015037593984962405,0.0447,0.0276,0.0464,0.024900000000000002,0.0492,0.004,-0.0014000000000000002,-0.0197,-0.009300000000000001,0.006999999999999999,-0.0059,0.0046,-0.0039000000000000003,0.020499999999999997,0.0252,-0.0382,-0.0408,-0.0444,0.0603,-0.0022,0.026099999999999998,-0.0026,0.025,0.0058,0.0018,0.0007000000000000001,-0.0555,0.0513,0.024,0.0599,0.0433,0.0231,-0.008199999999999999,0.0125,0.011000000000000001,-0.009899999999999999,0.026000000000000002,0.0102,0.026000000000000002,-0.0034999999999999996,0.0275,0.0042,0.0115,-0.0113,0.0051,0.0147,0.005600000000000001,0.0152
2007-04,0.0044,0.0393,-0.022099999999999998,-0.0144,-0.0021,63.97,4.69,0.005459998903463403,-0.006546753060154982,0.03664122137404591,0.0638,0.032799999999999996,0.0524,0.048499999999999995,0.0273,0.0941,0.008199999999999999,0.0208,0.036000000000000004,0.0158,0.031400000000000004,0.0391,0.0774,0.0182,0.0335,0.08539999999999999,0.0363,0.042800000000000005,0.0337,0.0791,0.066,0.0629,0.0583,0.0679,0.0381,-0.0038,-0.0077,0.0756,0.14400000000000002,0.0492,0.0392,0.0174,0.034300000000000004,0.0426,0.045,0.0599,0.0268,0.050300000000000004,0.08560000000000001,0.029900000000000003,0.0141,0.0215,0.024,0.0281,0.0382,0.031400000000000004,0.061200000000000004,0.0298
2007-05,0.0040999999999999995,0.0364,0.0016,-0.0058,-0.0034000000000000002,63.46,4.75,-0.017559530327206002,-0.0008376250017898207,-0.0176730486008837,0.0381,0.0038,0.049,0.0341,0.026099999999999998,-0.0031,0.0166,0.0645,-0.009300000000000001,0.0495,0.0232,0.011000000000000001,0.0106,0.0504,0.016,0.0974,0.058899999999999994,0.08289999999999999,0.10490000000000001,0.0637,0.057999999999999996,0.0751,0.039900000000000005,0.0682,0.027200000000000002,0.0305,-0.034300000000000004,0.09380000000000001,0.1328,0.0699,0.011899999999999999,0.0731,0.06,0.0418,0.06269999999999999,0.022799999999999997,0.0305,0.0414,0.0513,0.04769999999999999,0.0298,0.0196,0.0363,0.0207,0.0354,0.051399999999999994,0.038,0.0216
2007-06,0.004,-0.0156,0.0072,-0.0104,0.004699999999999999,67.48,5.1,-0.006097645571582224,-0.023647609936759868,-0.016491754122938573,0.0672,-0.0108,0.0034000000000000002,-0.0206,-0.0007000000000000001,-0.0495,-0.0146,-0.0315,-0.031400000000000004,-0.0053,-0.0092,-0.0143,-0.04,0.019299999999999998,-0.04650000000000001,0.0009,-0.0262,-0.0737,-0.0333,0.0662,0.0158,-0.011699999999999999,0.051,-0.0155,-0.0298,-0.0297,-0.0296,0.024900000000000002,-0.08560000000000001,0.0111,-0.0482,-0.018000000000000002,0.0194,-0.013999999999999999,0.014199999999999999,0.0277,0.0151,-0.0085,-0.0048,-0.0231,-0.0171,-0.0177,-0.0405,-0.0379,-0.0313,-0.0675,-0.0406,0.0128
2007-07,0.004,-0.03320000000000001,-0.0269,-0.0371,0.0294,74.18,5.0,0.02365053716148225,0.01200789281151289,0.013719512195121908,-0.0333,-0.048,-0.0197,-0.0116,-0.0495,-0.0705,-0.009899999999999999,-0.08310000000000001,-0.0029,-0.0455,-0.053899999999999997,-0.0192,-0.0443,-0.0072,-0.0672,-0.0375,-0.0438,-0.0732,-0.046,-0.0139,0.0124,0.0019,-0.0787,0.0472,-0.009300000000000001,0.0436,0.0634,0.07429999999999999,-0.1381,-0.0078000000000000005,-0.0373,-0.0311,-0.0687,-0.0278,0.0212,-0.021,-0.0017000000000000001,-0.0233,-0.018600000000000002,-0.0129,-0.048,-0.0554,-0.0195,-0.0737,-0.0767,-0.096,-0.0742,0.0024
2007-08,0.0042,0.013599999999999998,-0.0013,-0.0189,-0.0002,72.39,4.67,0.02288618483238604,0.029888784437983866,0.0,0.0737,0.0181,0.0536,0.0344,0.0406,-0.0414,0.042300000000000004,-0.0617,0.024,-0.0277,-0.0009,0.0242,0.024700000000000003,0.021,-0.0123,-0.0265,-0.011399999999999999,-0.0354,-0.0235,-0.044500000000000005,0.0131,0.0121,-0.0149,-0.015700000000000002,-0.0178,0.0126,-0.0039000000000000003,-0.0495,-0.0106,0.0026,0.0184,-0.0086,0.0066,0.011899999999999999,0.055,0.0227,0.0184,-0.0033,0.0031,-0.0197,0.018600000000000002,0.0131,0.0263,0.0288,0.0199,-0.043899999999999995,-0.026000000000000002,0.025099999999999997
2007-09,0.0032,0.0354,-0.022799999999999997,-0.0213,0.0444,79.93,4.52,-0.00019998438294085942,0.0157678526822269,0.07218045112781946,0.20579999999999998,0.021,0.07919999999999999,0.0684,0.0123,-0.0475,0.12029999999999999,-0.0161,0.056600000000000004,0.0232,0.0333,0.0473,0.0326,0.0519,0.0245,-0.0533,-0.0029,-0.026699999999999998,0.0758,0.038,0.0467,0.04650000000000001,0.0604,0.0796,0.04769999999999999,0.0859,0.0766,0.1483,0.1361,0.0771,0.0348,0.020499999999999997,0.0329,0.0387,0.0397,0.0318,0.0516,0.0184,0.0034000000000000002,-0.0002,0.0103,-0.0177,0.0276,0.0013,0.0279,-0.0045000000000000005,0.061500000000000006,0.0519
2007-10,0.0032,0.0211,0.0014000000000000002,-0.0282,0.049800000000000004,86.2,4.53,0.012567435394253888,0.0029692426116734736,0.058906030855540026,0.1361,-0.019299999999999998,0.1134,0.0416,0.045599999999999995,-0.0291,0.002,-0.0034000000000000002,0.0127,-0.015,-0.0168,-0.0174,0.023799999999999998,0.032799999999999996,0.0359,0.0554,0.0253,0.0713,0.0273,0.0347,-0.012,-0.0025,0.0052,-0.0192,0.0622,0.005,0.1272,0.10400000000000001,0.1918,0.0241,0.06559999999999999,-0.0218,0.0917,0.09609999999999999,0.07,0.0098,0.036000000000000004,0.0063,0.0318,0.0241,0.026699999999999998,-0.0012,0.046900000000000004,-0.037200000000000004,-0.020499999999999997,-0.006500000000000001,0.0637,0.029900000000000003
2007-11,0.0034000000000000002,-0.0446,-0.0281,-0.0109,0.0109,94.62,4.15,0.04447969334426125,0.03406265937493756,0.06754966887417213,0.0091,0.0147,-0.0762,0.021400000000000002,0.0652,-0.07400000000000001,-0.083,-0.08779999999999999,0.0363,-0.0823,-0.0032,-0.006999999999999999,0.0019,-0.043899999999999995,-0.0688,-0.0604,-0.06509999999999999,-0.1192,-0.0662,-0.0636,-0.0269,0.036699999999999997,-0.13390000000000002,-0.0345,-0.0537,0.0077,-0.012199999999999999,-0.138,0.0392,-0.045599999999999995,-0.0070999999999999995,-0.0625,-0.0759,-0.0746,-0.105,-0.054000000000000006,-0.029300000000000003,-0.0613,-0.0319,-0.0397,-0.0736,-0.0279,-0.050199999999999995,-0.083,-0.0096,-0.1184,-0.0819,-0.0274
2007-12,0.0027,-0.005999999999999999,0.0012,-0.0048,0.06570000000000001,91.73,4.1,-0.0024229612732121174,0.007516758713451166,-0.003722084367245637,0.1164,-0.0008,-0.0183,-0.0103,-0.022000000000000002,-0.0478,-0.0417,-0.015700000000000002,-0.0124,-0.0732,-0.0048,0.0077,-0.0525,0.042300000000000004,-0.0181,-0.0613,-0.0319,0.03,0.0219,0.022799999999999997,0.0323,0.0060999999999999995,-0.026600000000000002,0.0029,0.0019,-0.0483,-0.014199999999999999,-0.008199999999999999,0.1381,0.07519999999999999,0.009000000000000001,-0.0025,-0.0623,0.0213,-0.0013,0.0105,-0.0012,-0.0077,0.038,-0.0371,-0.005600000000000001,-0.0305,-0.0444,-0.0775,0.0023,-0.08109999999999999,-0.0116,-0.011699999999999999
2008-01,0.0021,-0.0612,-0.0096,0.04019999999999999,-0.07780000000000001,92.95,3.74,0.03355851505047813,0.032707723151331185,0.1083437110834371,-0.0051,-0.0781,-0.1362,-0.0788,-0.0060999999999999995,-0.0407,-0.09269999999999999,-0.0677,-0.0849,0.0001,-0.06849999999999999,-0.0345,-0.047400000000000005,-0.057699999999999994,-0.045,0.0137,-0.0292,-0.0124,-0.0984,-0.1317,-0.09849999999999999,-0.1056,-0.046,-0.07730000000000001,-0.034,0.0129,0.0929,-0.1003,-0.0319,-0.0929,-0.0693,-0.07780000000000001,-0.0108,-0.0959,-0.1664,-0.1222,-0.1137,-0.0472,-0.019799999999999998,0.0313,-0.0409,0.016,-0.0637,0.0397,-0.0622,0.0011,-0.0575,-0.044500000000000005
2008-02,0.0013,-0.029599999999999998,-0.0046,-0.0070999999999999995,0.0613,95.35,3.74,0.01468870259378562,0.003116666666666667,0.035955056179775235,0.0282,0.0304,0.0296,0.011399999999999999,-0.0291,-0.0802,-0.057999999999999996,-0.0981,0.0007000000000000001,-0.0453,-0.0353,0.005699999999999999,-0.0113,0.0418,-0.0385,-0.0182,-0.07730000000000001,-0.0365,0.0815,0.145,0.032,-0.0118,-0.06849999999999999,-0.023799999999999998,-0.0259,-0.0383,-0.0342,0.1444,0.087,0.0688,-0.030299999999999997,-0.0385,-0.135,-0.0525,-0.0096,-0.0329,0.0167,-0.0415,0.0096,-0.0433,-0.0209,-0.0583,-0.0046,-0.1206,-0.0803,-0.0604,-0.1211,-0.0202
2008-03,0.0017000000000000001,-0.0076999999999999985,0.0077,0.0034000000000000002,0.0425,105.56,3.51,0.00963302540052642,0.02215886916568491,0.049891540130151846,-0.037599999999999995,0.0223,-0.0209,0.037599999999999995,-0.0025,0.033,-0.0277,-0.057999999999999996,0.0355,0.0335,-0.0444,-0.009300000000000001,-0.0182,-0.0178,0.0323,-0.008100000000000001,0.0395,0.0063,0.0023,0.0182,-0.0068000000000000005,0.0034999999999999996,-0.038900000000000004,-0.046,0.012,-0.037200000000000004,-0.107,-0.06280000000000001,-0.0765,-0.0273,0.008100000000000001,-0.0005,-0.0675,0.0058,0.0032,0.005,-0.0003,-0.009399999999999999,0.0226,0.0297,-0.0219,0.0254,0.0298,-0.016399999999999998,-0.0641,0.0072,-0.063,0.0421
2008-04,0.0018,0.047900000000000005,-0.0174,-0.009899999999999999,-0.0031,112.57,3.68,-0.023995085242027876,-0.011308006983460496,-0.05991735537190079,0.0273,0.037200000000000004,-0.032,-0.0271,-0.09480000000000001,0.0525,-0.0172,0.024300000000000002,-0.0354,0.0259,0.0662,0.0166,-0.0025,0.0941,-0.0118,0.0819,0.0397,0.0394,0.06480000000000001,0.1516,0.095,0.0258,0.13849999999999998,0.09359999999999999,0.08800000000000001,0.0622,-0.0392,0.1371,0.21059999999999998,0.10289999999999999,0.0639,0.0462,0.14150000000000001,0.058899999999999994,0.0728,0.07139999999999999,0.0333,-0.0168,0.0451,0.0637,0.011200000000000002,0.056799999999999996,0.046900000000000004,0.0556,0.0375,-0.0024,0.08650000000000001,-0.0623
2008-05,0.0018,0.0205,0.029300000000000003,-0.015700000000000002,0.0338,125.39,3.88,-0.02083315523848352,-0.013540075919317407,-0.023076923076923106,0.1093,0.008,-0.07919999999999999,0.0144,0.1012,0.039599999999999996,-0.0126,0.004,0.0005,0.0356,0.0008,0.0004,0.0213,0.0317,0.0087,-0.0229,0.0378,0.0483,0.0925,0.056100000000000004,0.058600000000000006,0.11220000000000001,-0.0297,-0.004699999999999999,0.0361,0.029300000000000003,0.061900000000000004,0.036000000000000004,0.23600000000000002,0.0359,0.0359,0.0479,0.005,0.047,0.0646,0.061200000000000004,0.0571,0.015300000000000001,0.054400000000000004,0.0375,0.0694,0.0039000000000000003,-0.0124,-0.0632,-0.011899999999999999,0.0052,-0.0349,-0.0197
2008-06,0.0017000000000000001,-0.0826,0.0116,-0.024900000000000002,0.1273,133.93,4.1,0.009089800968824115,-0.014857824854205332,0.0,-0.0167,-0.09699999999999999,-0.1351,-0.050499999999999996,-0.062,-0.1003,-0.20989999999999998,-0.1175,-0.07919999999999999,-0.125,-0.0781,-0.014499999999999999,-0.030899999999999997,-0.045,-0.12269999999999999,-0.15109999999999998,-0.13720000000000002,-0.09230000000000001,-0.057999999999999996,0.0768,-0.0622,-0.12179999999999999,-0.22870000000000001,-0.1809,-0.09230000000000001,-0.0978,0.0868,-0.0178,0.2114,0.0203,-0.0040999999999999995,-0.1092,-0.09480000000000001,-0.0764,-0.10400000000000001,-0.10300000000000001,-0.0425,-0.1282,-0.1562,-0.10439999999999999,-0.0725,-0.0817,-0.1,-0.2091,-0.145,-0.15560000000000002,-0.1346,-0.1117
2008-07,0.0015,-0.006,0.026099999999999998,0.0521,-0.050199999999999995,133.44,4.01,0.0033250000000000003,0.010739430787832797,0.057367829021372385,-0.049100000000000005,0.061799999999999994,-0.0123,0.026000000000000002,0.0359,0.09720000000000001,-0.023700000000000002,-0.0451,0.0801,-0.0379,0.0385,0.0383,0.0754,-0.0062,0.051399999999999994,-0.1041,-0.0053,-0.026600000000000002,-0.1168,0.0441,-0.0516,-0.002,-0.0371,-0.0025,0.075,0.050499999999999996,-0.0723,-0.1483,-0.22940000000000002,-0.1528,-0.071,-0.030899999999999997,0.08900000000000001,-0.0148,-0.0108,0.0113,0.0262,0.0444,0.0332,0.061,0.0132,0.0076,0.015700000000000002,0.1193,0.023399999999999997,-0.06,0.0287,0.0048
2008-08,0.0013,0.0166,0.0339,0.0151,-0.045,116.61,3.89,0.016412460706268308,0.01314779444443001,-0.10744680851063826,-0.0363,-0.0048,0.0761,0.0118,0.0333,-0.0375,0.0579,0.0349,0.0592,0.08789999999999999,0.053200000000000004,0.0348,0.012199999999999999,-0.0277,0.0719,0.1445,0.045599999999999995,0.038900000000000004,-0.0678,-0.052000000000000005,0.0032,-0.013500000000000002,0.0011,0.0377,0.0282,0.11560000000000001,-0.0974,-0.0471,-0.061900000000000004,0.0026,-0.0046,0.04,0.024700000000000003,0.019299999999999998,0.0426,0.0206,0.0108,0.0281,0.0418,0.0168,0.0316,0.061500000000000006,0.0403,-0.0018,0.019,0.0605,-0.0053,0.0046
2008-09,0.0015,-0.092,-0.0106,0.0565,0.0078000000000000005,103.9,3.69,0.001543030981475244,0.019680220881101336,-0.010727056019070313,-0.1291,-0.0158,0.0072,0.0187,-0.0608,-0.052300000000000006,-0.1697,-0.1361,-0.0042,-0.0095,-0.0667,-0.0707,-0.0567,-0.18530000000000002,-0.09449999999999999,-0.053099999999999994,-0.0796,-0.1485,-0.3098,-0.2816,-0.2095,-0.1582,-0.1076,-0.1387,-0.1956,-0.062400000000000004,-0.1474,-0.2849,-0.38060000000000005,-0.1093,-0.1184,-0.1261,-0.0825,-0.08460000000000001,-0.1531,-0.17379999999999998,-0.1143,-0.038900000000000004,-0.17,-0.09699999999999999,-0.1009,-0.0519,-0.0478,0.031200000000000002,-0.1272,-0.0647,-0.1562,-0.0223
2008-10,0.0008,-0.1712,-0.0229,-0.0192,0.0784,76.65,3.81,-0.009967987000295933,-0.006884206548307086,-0.027710843373493943,-0.11019999999999999,-0.08689999999999999,-0.225,-0.16649999999999998,-0.0655,-0.23260000000000003,-0.3224,-0.24600000000000002,-0.1336,-0.21960000000000002,-0.1891,-0.1932,-0.0882,-0.21239999999999998,-0.1893,-0.2809,-0.32020000000000004,-0.2626,-0.32409999999999994,-0.2869,-0.2978,-0.24710000000000001,-0.3643,-0.1442,-0.21050000000000002,-0.2168,-0.336,-0.3486,-0.29309999999999997,-0.1638,-0.1112,-0.1553,-0.0725,-0.1938,-0.1686,-0.17079999999999998,-0.23129999999999998,-0.1833,-0.196,-0.107,-0.209,-0.14529999999999998,-0.1251,-0.1525,-0.2688,-0.3669,-0.2601,-0.1821
2008-11,0.0003,-0.0771,-0.029900000000000003,-0.0621,0.0726,57.44,3.53,0.09159681666653724,0.02627826978180791,-0.057001239157372985,-0.10710000000000001,-0.07400000000000001,-0.146,0.0554,-0.0733,-0.1161,-0.2445,-0.1074,-0.0245,-0.14300000000000002,-0.13570000000000002,-0.18899999999999997,-0.048799999999999996,-0.1603,-0.0504,-0.2793,-0.0209,-0.041299999999999996,-0.12240000000000001,-0.18469999999999998,-0.0809,-0.0013,-0.062,-0.1185,-0.1351,-0.0833,0.2608,-0.0492,-0.2929,0.009399999999999999,0.0126,-0.0158,-0.0286,-0.095,-0.09699999999999999,-0.1441,-0.0857,-0.042699999999999995,-0.0687,-0.1027,-0.11449999999999999,-0.0758,-0.0643,-0.17170000000000002,-0.060700000000000004,-0.2751,-0.1494,-0.1063
2008-12,0.0,0.0177,0.0349,0.0002,-0.0508,41.02,2.42,0.06101693848878365,0.09578426909897128,0.07227332457293034,-0.09720000000000001,0.0255,0.1812,-0.0167,0.013600000000000001,0.13,0.08380000000000001,-0.0322,-0.0208,0.037000000000000005,0.0747,0.061900000000000004,0.0679,-0.0236,-0.003,0.1308,0.012,0.0843,0.1666,-0.0434,0.030899999999999997,0.055999999999999994,-0.0301,0.0746,0.1059,0.08960000000000001,0.21969999999999998,0.1127,-0.0432,-0.024,-0.0204,0.0347,0.0326,0.0256,-0.0062,0.0564,-0.0245,-0.0836,0.1219,-0.0161,0.0646,0.0354,0.1112,-0.0432,0.1265,0.0898,0.0444,-0.0406
2009-01,0.0,-0.0809,-0.0001,-0.1101,-0.0216,41.74,2.52,-0.05336839020890207,-0.006818159026518646,0.052696078431372584,0.0717,-0.003,-0.0741,-0.0738,-0.0663,-0.1411,-0.12689999999999999,-0.10679999999999999,-0.1085,-0.11800000000000001,-0.0363,0.0273,-0.0291,-0.065,-0.1489,-0.2521,-0.16079999999999997,-0.1177,-0.1663,-0.0933,-0.0983,-0.11939999999999999,-0.09949999999999999,-0.0437,-0.045599999999999995,-0.0285,-0.0252,-0.1167,0.0213,-0.0364,-0.0084,-0.1032,-0.001,-0.038900000000000004,-0.0335,-0.0341,-0.0048,-0.09949999999999999,-0.1017,-0.15810000000000002,-0.014199999999999999,-0.08650000000000001,-0.0776,-0.2733,-0.1463,-0.0688,-0.09480000000000001,-0.1523
2009-02,0.0001,-0.1013,0.0014000000000000002,-0.0659,0.0434,39.16,2.87,-0.010567699049144728,-0.028668140644170115,0.09778812572759032,-0.0051,-0.1105,-0.032,-0.047400000000000005,-0.0855,-0.1421,-0.1558,-0.1322,-0.1108,-0.08470000000000001,-0.1007,-0.125,-0.1057,-0.08259999999999999,-0.2089,-0.2867,-0.1723,-0.1219,-0.1881,-0.2024,-0.1284,-0.1533,-0.10189999999999999,-0.1812,-0.21969999999999998,-0.20829999999999999,0.0412,-0.0051,-0.0496,-0.1266,-0.1252,-0.0695,-0.1097,-0.0374,-0.06849999999999999,-0.0647,-0.0864,-0.1449,-0.042199999999999994,-0.1234,-0.0864,-0.0121,-0.0746,-0.1624,-0.19879999999999998,-0.2465,-0.0393,-0.1868
2009-03,0.0002,0.0903,-0.0009,0.0347,-0.11800000000000001,47.98,2.82,0.029101842246181033,0.006711455238603798,-0.020148462354188768,0.0889,0.0096,0.1495,0.0709,0.0733,0.0526,0.08960000000000001,0.0823,0.0053,0.15689999999999998,0.0203,0.0454,0.0815,0.1648,0.0594,0.2981,0.1036,0.1523,0.1213,0.0553,0.11699999999999999,0.07730000000000001,0.11960000000000001,0.0666,-0.0334,0.08259999999999999,0.086,0.19149999999999998,0.0027,0.0404,0.0282,0.0795,0.042300000000000004,0.09789999999999999,0.1358,0.1401,0.06849999999999999,0.08,0.0646,0.0816,0.0417,0.1134,0.091,0.1543,0.1097,0.0019,0.19469999999999998,0.1103
2009-04,0.0001,0.1018,0.0537,0.0537,-0.3436,49.79,2.93,-0.03692895830540948,-0.007177062105235249,-0.03679653679653683,0.0311,0.0344,0.2861,-0.0144,0.0222,0.2311,0.4096,0.3057,0.08650000000000001,0.2164,0.1566,0.0655,-0.031200000000000002,0.1709,0.3209,0.5918,0.34590000000000004,0.147,0.2589,0.3951,0.19640000000000002,0.2271,0.4946,0.1518,0.2854,0.1399,-0.08380000000000001,0.0978,0.1522,0.0432,0.0209,0.0965,-0.048499999999999995,0.1099,0.1702,0.1253,0.0935,0.23399999999999999,0.1265,0.1516,0.1508,0.094,0.0917,0.1991,0.13449999999999998,0.6509999999999999,0.1432,0.1565
2009-05,0.0,0.0521,-0.0242,0.0043,-0.12539999999999998,59.16,3.29,-0.023769371166015598,-0.028568771356806973,0.043820224719101075,-0.0297,0.07690000000000001,0.0095,0.0949,0.12619999999999998,0.026600000000000002,0.0872,-0.0028000000000000004,0.045599999999999995,0.030299999999999997,0.0398,0.0542,0.065,0.0698,0.0235,-0.0706,-0.0388,0.0,0.09699999999999999,0.08259999999999999,0.042699999999999995,-0.0174,-0.032799999999999996,0.0941,0.0724,0.0681,0.2133,0.1634,0.3519,0.09939999999999999,0.0464,0.0105,-0.0087,0.0329,0.009399999999999999,0.0325,0.035,0.0327,0.0668,0.0222,0.0489,-0.0297,0.0579,0.1035,0.0824,0.0015,0.1211,0.0325
2009-06,0.0001,0.0043,0.0259,-0.0278,0.054000000000000006,69.68,3.72,-0.0021415585175770494,-0.033648635650814634,0.01829924650161474,-0.0808,0.0262,-0.0141,0.016,0.0121,-0.0229,-0.04650000000000001,-0.0144,0.0069,-0.0318,0.0373,0.0466,0.034,-0.0681,0.002,-0.07780000000000001,-0.0327,-0.0018,0.0335,0.0015,-0.024900000000000002,0.014499999999999999,0.051100000000000007,-0.0369,-0.0282,-0.0347,-0.1653,-0.051500000000000004,-0.1209,-0.0458,0.0464,0.0165,0.1406,0.0409,0.0603,0.0279,0.054299999999999994,0.0404,0.0258,0.0072,-0.0064,0.0,-0.031400000000000004,-0.0318,-0.0151,0.012,0.0129,-0.054400000000000004
2009-07,0.0001,0.0775,0.0175,0.0489,-0.056100000000000004,64.09,3.56,0.0037780865083991066,0.016359613075049184,-0.012684989429175508,0.1209,0.07150000000000001,0.06849999999999999,0.0371,0.0746,0.1091,0.15789999999999998,0.1586,0.10220000000000001,0.1192,0.0658,0.0236,0.0603,0.17010000000000003,0.1905,0.3616,0.17739999999999997,0.1065,0.037599999999999995,0.0582,0.1502,0.1274,0.16390000000000002,0.0541,0.1367,-0.0646,0.022099999999999998,0.1728,0.1547,0.0508,0.0441,0.055999999999999994,0.0132,0.054400000000000004,0.12300000000000001,0.091,0.0654,0.1585,0.11789999999999999,0.1128,0.0908,0.0724,0.023399999999999997,0.0885,0.0956,0.0977,0.0692,0.1048
2009-08,0.0001,0.033400000000000006,-0.011200000000000002,0.076,-0.0911,71.06,3.59,0.012975264899178936,0.00046107210537638544,0.016059957173447437,-0.0017000000000000001,-0.0004,0.061399999999999996,-0.0073,0.0033,0.0492,0.111,0.0702,-0.0078000000000000005,0.0346,0.0302,0.053,0.015700000000000002,0.0181,0.0702,0.0165,0.0617,0.063,0.0364,0.0794,0.017,0.022799999999999997,0.017,0.11130000000000001,0.12689999999999999,0.012199999999999999,-0.0195,0.051100000000000007,0.0128,0.0077,0.0025,0.0073,0.0329,0.0246,0.026099999999999998,0.0194,0.0118,0.0507,0.0046,0.0363,0.0467,0.0388,0.031400000000000004,0.12179999999999999,0.1082,0.1418,0.0253,0.0349
2009-09,0.0001,0.040900000000000006,0.024300000000000002,0.0115,-0.0483,69.46,3.4,0.010409024346222106,0.018837269470137908,0.05014752370916753,-0.0668,0.0212,0.0605,0.0774,0.0455,0.039599999999999996,0.12560000000000002,-0.0264,0.0642,0.1243,0.035,0.0218,0.0209,0.0687,0.0663,0.0116,0.0171,-0.0325,0.0645,0.09449999999999999,0.0872,0.07339999999999999,0.0256,0.056100000000000004,0.0875,0.0403,0.1188,0.094,0.16269999999999998,0.0481,0.022400000000000003,0.0649,0.063,0.0466,0.07980000000000001,0.0269,0.06849999999999999,0.0206,0.0592,0.0366,0.0404,0.021099999999999997,0.035699999999999996,0.0002,-0.0001,0.0723,0.073,0.0809
2009-10,0.0,-0.0253,-0.0426,-0.0417,0.0258,75.82,3.39,-0.005696242185386289,0.003675076779209883,0.046568799606658606,-0.12380000000000001,0.011000000000000001,-0.0405,0.0098,-0.0028000000000000004,0.0173,-0.13,-0.0079,0.0066,-0.026699999999999998,-0.0292,-0.054400000000000004,-0.0311,-0.0403,-0.042,-0.0663,-0.04769999999999999,-0.0902,-0.1211,-0.0913,-0.0005,-0.057800000000000004,-0.0254,-0.0435,-0.071,-0.1051,-0.0158,0.023399999999999997,-0.0002,0.0255,-0.0271,-0.0398,-0.1061,0.009000000000000001,-0.0161,-0.06709999999999999,-0.0338,-0.005600000000000001,-0.0541,-0.055999999999999994,-0.027999999999999997,0.0087,-0.0304,-0.0576,-0.0424,-0.1025,-0.0377,-0.069
2009-11,0.0,0.056299999999999996,-0.025,-0.0033,0.0039000000000000003,78.08,3.4,0.01966831093359206,0.001982845033053589,0.08053691275167796,0.1812,0.02,0.0034000000000000002,0.0527,0.0217,0.042199999999999994,0.0922,0.0322,0.0726,0.017,0.0392,0.09949999999999999,0.0796,0.0978,0.0404,0.0301,0.048499999999999995,-0.040999999999999995,0.0751,0.0365,0.0601,0.058600000000000006,0.11019999999999999,0.09390000000000001,0.055,0.121,0.24059999999999998,0.122,0.1058,0.03,0.0458,0.0684,0.0369,0.054299999999999994,0.0334,0.0572,0.0377,0.0917,0.005,0.1199,0.044800000000000006,0.0458,0.078,0.0556,0.0521,0.1,0.0168,0.0641
2009-12,0.0001,0.028099999999999997,0.0601,-0.0011,0.0297,74.3,3.59,-0.051700165571891964,-0.013159792138320643,0.00709849157054121,0.0195,0.030600000000000002,0.0557,-0.0072,0.0327,0.0365,-0.0152,0.1678,-0.0199,0.0454,0.07150000000000001,0.037000000000000005,0.018799999999999997,0.0236,0.019299999999999998,0.11019999999999999,0.07,0.062400000000000004,0.157,0.03,0.0384,0.0519,0.0639,0.0352,0.0548,-0.0138,-0.11699999999999999,-0.0184,0.073,-0.0077,0.0587,0.0642,0.0735,0.053399999999999996,0.0536,0.083,0.0604,0.0403,0.0556,0.04769999999999999,0.0507,0.0132,0.0269,-0.011000000000000001,0.0292,0.1139,0.009300000000000001,-0.0218
2010-01,0.0,-0.0335,0.0043,0.0033,-0.053099999999999994,78.22,3.73,0.02132577379207361,-0.008684040662206873,-0.0149779735682819,-0.0668,0.004699999999999999,-0.0242,-0.037000000000000005,-0.0332,-0.0217,0.0365,0.0369,0.0079,-0.0323,-0.0377,-0.0034999999999999996,0.0034000000000000002,-0.0397,-0.0741,-0.0848,-0.029300000000000003,-0.0017000000000000001,-0.1249,-0.0702,-0.0654,-0.0479,0.0096,0.0088,-0.0913,-0.0151,-0.1115,-0.1623,-0.0726,-0.047599999999999996,-0.044500000000000005,-0.0677,-0.0334,-0.0704,-0.0748,-0.0931,-0.053899999999999997,-0.0501,-0.0864,-0.0434,-0.025,-0.0192,-0.009399999999999999,0.011899999999999999,0.0074,-0.0368,-0.0774,0.0796
2010-02,0.0,0.0339,0.0118,0.0318,0.037000000000000005,76.42,3.69,0.00468971522736589,0.006421628101844398,-0.020572450805008913,-0.066,0.0302,0.1367,0.0025,0.043899999999999995,0.1424,0.026000000000000002,-0.0319,0.0353,0.065,0.022000000000000002,0.0219,-0.0015,0.054299999999999994,0.0654,0.15710000000000002,0.0406,0.0202,0.044800000000000006,0.08109999999999999,0.08349999999999999,0.1047,0.0676,0.0397,0.052000000000000005,0.0536,0.1434,0.1283,0.10640000000000001,0.0231,-0.0042,0.0276,0.0131,0.0308,0.0705,0.0516,0.0681,0.0216,0.0791,0.0676,0.0594,0.0432,0.0447,0.0219,0.036000000000000004,0.07339999999999999,0.0395,0.024300000000000002
2010-03,0.0001,0.0631,0.0146,0.0219,0.0358,81.24,3.73,-0.01615452577299662,-0.000244735516102343,0.016438356164383494,0.0204,0.042199999999999994,0.056100000000000004,0.0613,0.0611,0.0644,0.1506,0.0542,0.020099999999999996,0.11560000000000001,0.0708,0.0444,0.032,0.0731,0.046799999999999994,0.08039999999999999,0.0839,0.059500000000000004,0.1199,0.015600000000000001,0.0638,0.0708,0.0883,0.1091,0.1778,0.0608,0.0384,0.1091,0.0195,0.032400000000000005,0.031200000000000002,0.07629999999999999,0.0678,0.0501,0.08689999999999999,0.0771,0.0761,0.0591,0.060700000000000004,0.08,0.0599,0.061799999999999994,0.08470000000000001,0.0849,0.0843,0.1367,0.073,0.066
2010-04,0.0001,0.02,0.0484,0.0296,0.0319,84.48,3.85,0.015558781889623891,-0.0068315509721999165,0.032345013477088846,-0.102,0.0008,-0.0171,-0.0177,-0.0246,-0.009399999999999999,0.1636,0.0173,0.0118,0.0436,0.025699999999999997,0.0036,-0.031200000000000002,0.030600000000000002,0.0861,0.1142,0.1151,0.0958,-0.0294,0.0639,0.0602,0.0451,0.0473,0.0222,0.2214,0.016200000000000003,0.10800000000000001,-0.0382,-0.0197,0.043,0.0285,0.0341,0.0301,0.0059,0.051500000000000004,0.015700000000000002,0.065,0.0463,0.0184,0.0354,0.032,0.0183,0.0745,0.0304,-0.0154,0.0581,-0.0102,0.0040999999999999995
2010-05,0.0001,-0.0789,0.0013,-0.0248,-0.0018,73.84,3.42,0.034612487402972486,0.03861969422996203,0.048738033072236675,-0.1821,-0.0391,-0.0019,-0.038900000000000004,-0.0766,-0.055099999999999996,-0.0786,-0.10400000000000001,-0.042199999999999994,-0.059699999999999996,-0.0377,-0.08470000000000001,-0.0832,-0.1007,-0.049,-0.0975,-0.1061,-0.1072,-0.0748,-0.0947,-0.10339999999999999,-0.1012,-0.10039999999999999,-0.09609999999999999,-0.1133,-0.0634,-0.0516,-0.0596,-0.1512,-0.10060000000000001,-0.063,-0.058499999999999996,-0.0761,-0.08289999999999999,-0.0704,-0.0755,-0.0699,-0.0901,-0.0851,-0.0575,-0.0403,-0.058499999999999996,-0.0524,-0.107,-0.059500000000000004,-0.12029999999999999,-0.08470000000000001,-0.1003
2010-06,0.0001,-0.055499999999999994,-0.0179,-0.0473,-0.027000000000000003,75.35,3.2,0.03150389009698,0.02135026792053088,0.023236514522821494,-0.0855,-0.0131,-0.0070999999999999995,-0.0166,0.0331,-0.0393,-0.1082,-0.0754,-0.032,-0.09369999999999999,-0.07400000000000001,-0.0347,-0.0075,-0.0789,-0.0882,-0.1461,-0.1193,-0.134,-0.133,-0.0554,-0.0545,-0.0712,-0.0983,-0.0567,-0.1711,-0.0692,0.13269999999999998,-0.1276,-0.0934,-0.0616,-0.0070999999999999995,-0.0384,-0.125,-0.06480000000000001,-0.050300000000000004,-0.0745,-0.057,-0.026099999999999998,-0.0053,-0.0754,-0.052300000000000006,-0.106,-0.054000000000000006,-0.0736,-0.0473,-0.1293,-0.1041,-0.0016
2010-07,0.0001,0.0693,0.0023,-0.0049,0.0177,76.37,3.01,0.005054107868551871,0.018817217883063755,-0.032441200324412,0.1884,0.029300000000000003,0.06709999999999999,0.0836,0.1074,0.0207,0.0951,0.056100000000000004,0.0408,0.08289999999999999,-0.0533,0.0032,0.0311,0.1474,0.0812,0.0649,0.08869999999999999,0.06860000000000001,0.08259999999999999,0.0971,0.1419,0.1359,0.15990000000000001,0.10289999999999999,0.1255,0.013999999999999999,-0.0891,0.17010000000000003,0.1405,0.0745,0.0681,0.0959,0.07730000000000001,0.0808,0.06509999999999999,0.07690000000000001,0.0125,0.07769999999999999,0.07519999999999999,0.1076,0.0321,0.04650000000000001,0.0709,0.0583,0.056900000000000006,0.1419,0.1024,0.042
2010-08,0.0001,-0.0477,-0.0301,-0.0173,-0.0006,76.82,2.7,0.04291587192205266,0.02910661156099593,0.019279128248113953,-0.0924,0.0109,-0.004,-0.0002,0.0002,-0.0231,-0.009899999999999999,-0.10550000000000001,-0.0383,-0.07490000000000001,-0.044199999999999996,-0.0814,-0.0008,-0.0042,-0.0229,-0.0553,-0.054400000000000004,-0.0722,-0.0876,-0.0931,-0.0821,-0.0708,-0.10490000000000001,-0.0819,-0.09609999999999999,-0.06480000000000001,0.1164,-0.0203,-0.0621,-0.0333,0.0036,-0.0199,-0.19760000000000003,-0.0436,-0.0867,-0.0858,-0.0601,-0.0645,-0.041299999999999996,-0.05,-0.075,-0.04190000000000001,0.0037,-0.1039,-0.043,-0.07,-0.0794,-0.0408
2010-09,0.0001,0.0956,0.0382,-0.0302,0.013500000000000002,75.31,2.65,-0.003229360178280441,0.006606303637005032,0.04523026315789469,-0.0572,0.0242,0.04190000000000001,0.0496,0.0977,0.10710000000000001,0.1535,0.13970000000000002,0.0379,0.1773,0.124,0.1174,0.0823,0.0993,0.0958,0.1336,0.1075,0.0968,0.1216,0.1451,0.1602,0.1418,0.1362,0.10099999999999999,0.1941,0.0392,0.04650000000000001,0.1421,0.1349,0.0904,0.0365,0.0788,0.1865,0.1115,0.13699999999999998,0.1354,0.1539,0.0969,0.0602,0.102,0.0983,0.1364,0.075,0.06280000000000001,0.08710000000000001,0.1264,0.08070000000000001,0.0836
2010-10,0.0001,0.0388,0.0108,-0.0246,0.015,81.9,2.54,-0.006678188284003827,0.0118160132106293,0.0558615263571991,0.1957,0.0383,0.08960000000000001,0.0187,0.0535,0.021400000000000002,0.1563,0.0687,0.044000000000000004,0.034300000000000004,0.0304,0.0025,0.0222,0.08349999999999999,0.0209,0.0322,0.048,-0.0194,0.0466,0.09910000000000001,0.0453,0.049800000000000004,0.0989,0.0608,0.014499999999999999,0.0055000000000000005,-0.022799999999999997,0.1316,0.06849999999999999,0.044800000000000006,0.018600000000000002,0.045599999999999995,-0.07200000000000001,0.083,0.047599999999999996,0.0373,0.0603,0.0308,0.059500000000000004,0.0552,0.049100000000000005,0.0131,0.0601,0.0001,0.019,-0.0179,0.076,-0.0184
2010-11,0.0001,0.006,0.036699999999999997,-0.009000000000000001,0.0271,84.14,2.76,-0.013545615949017665,-0.017204061158210333,0.02086438152011927,0.0085,-0.027200000000000002,0.009300000000000001,0.0196,-0.039,0.0915,0.0704,-0.0187,-0.0252,0.091,0.015300000000000001,-0.0021,-0.0432,0.008199999999999999,0.030899999999999997,-0.0127,0.0321,0.026600000000000002,0.029300000000000003,0.0935,0.0665,0.0406,0.0652,-0.0051,-0.0028000000000000004,-0.0301,0.008199999999999999,0.0398,0.1457,0.051399999999999994,-0.013600000000000001,-0.0189,0.0016,-0.023399999999999997,-0.0098,0.0335,0.024900000000000002,0.005,-0.006999999999999999,0.0231,0.0019,0.049699999999999994,0.041299999999999996,0.0007000000000000001,-0.0078000000000000005,0.0012,-0.008100000000000001,-0.006
2010-12,0.0001,0.0683,0.0072,0.0356,-0.03,89.04,3.29,-0.04011806964179213,-0.043739677573685604,0.01532846715328473,0.1585,0.0461,0.0096,0.0353,0.042300000000000004,0.019299999999999998,-0.0124,0.08380000000000001,0.056900000000000006,0.0091,0.09140000000000001,0.0943,0.0433,0.0754,0.0721,0.041299999999999996,0.10529999999999999,0.1452,0.13269999999999998,0.1084,0.1041,0.056299999999999996,0.0867,0.0409,0.1636,0.0292,0.0603,0.16620000000000001,0.1446,0.09179999999999999,0.0323,0.0659,0.1148,0.0697,0.0424,0.0537,0.09570000000000001,0.0463,0.057300000000000004,0.031200000000000002,0.0679,0.0346,-0.0029,0.1242,0.0742,0.07719999999999999,0.09300000000000001,0.0801
2011-01,0.0001,0.019899999999999998,-0.0229,0.0060999999999999995,-0.003,89.42,3.39,-0.007400460167925492,-0.00572119433739875,-0.022286125089863384,0.0506,-0.0196,0.0189,-0.0359,-0.033,-0.0655,0.0375,0.028999999999999998,-0.0103,-0.0353,0.0172,0.024700000000000003,-0.016200000000000003,0.0158,0.0196,-0.0375,0.029500000000000002,0.0668,0.039,0.0783,0.0547,0.0377,0.0002,0.0506,0.0278,0.11380000000000001,-0.1085,-0.0636,0.0176,0.0718,0.0218,0.0005,-0.0037,0.0252,0.0394,0.0654,0.0273,0.0301,0.037000000000000005,-0.004699999999999999,0.0292,-0.0127,-0.0276,0.0258,0.0313,0.0222,0.0152,0.0536
2011-02,0.0001,0.0349,0.015,0.0118,0.0189,89.58,3.58,0.00285,-0.013175944371981342,0.011029411764705843,-0.012,0.06570000000000001,0.0319,0.005699999999999999,0.08650000000000001,0.06509999999999999,0.0103,0.0265,0.0138,0.0848,0.0689,0.0455,0.0277,0.05,0.039900000000000005,0.0713,0.0308,-0.0029,0.0394,0.0885,0.0405,0.0273,-0.030299999999999997,0.0281,0.0674,0.0027,0.0482,0.0001,0.0013,0.0797,0.0242,0.07400000000000001,0.1114,0.021,0.0182,0.0393,0.058499999999999996,0.0316,0.042800000000000005,0.0131,0.028900000000000002,0.013999999999999999,0.041299999999999996,0.0151,0.0512,0.0862,0.03,0.0504
2011-03,0.0001,0.004600000000000001,0.024900000000000002,-0.0184,0.0342,102.94,3.41,-0.0013546063455752025,0.017167881302485224,0.034909090909091,0.0033,0.0155,0.0454,0.0336,0.0638,0.015700000000000002,-0.0109,-0.0013,0.0013,-0.0407,0.0354,0.005600000000000001,0.0258,0.0195,0.0611,0.0443,0.0345,0.0149,0.0076,0.0942,0.0425,0.0096,0.0171,0.0217,0.1802,0.016200000000000003,0.0067,0.0009,0.0892,0.0182,0.0092,0.0168,0.023,0.0019,-0.028300000000000002,-0.032,0.0192,0.0176,0.0046,0.031400000000000004,0.0143,0.0051,0.0195,-0.0192,-0.0037,0.0106,-0.0246,-0.030299999999999997
2011-04,0.0,0.028999999999999998,-0.0042,-0.024399999999999998,0.0006,110.04,3.46,0.015474729627276045,-0.001364994400064682,0.04075895994378076,-0.0417,0.0576,0.0518,0.0393,0.0537,0.042699999999999995,0.067,0.0006,0.050300000000000004,0.081,0.0106,0.050300000000000004,0.0695,0.0449,0.044500000000000005,0.0495,0.0008,0.0008,0.0052,-0.0525,0.0171,0.0032,0.022799999999999997,0.0425,0.0168,-0.0105,0.062400000000000004,-0.0277,-0.0279,0.0178,0.04,0.0326,0.0146,0.0292,0.015300000000000001,0.0463,0.0407,0.0195,0.0066,0.030600000000000002,0.0416,0.051699999999999996,0.0115,-0.0062,0.042,0.0524,-0.0073,0.0139
2011-05,0.0,-0.0127,-0.0073,-0.018500000000000003,-0.0058,101.33,3.17,0.025582846939218525,0.027222464074272125,0.02160702228224176,0.0286,0.0231,0.036699999999999997,0.0054,0.0452,-0.0085,-0.0044,0.011699999999999999,0.029900000000000003,0.0064,0.0055000000000000005,-0.0018,0.0262,-0.0363,0.0176,0.0279,-0.018500000000000003,-0.0263,-0.053,-0.0326,-0.058499999999999996,-0.060899999999999996,-0.0335,-0.0166,-0.0626,-0.008100000000000001,-0.0581,-0.0559,-0.057800000000000004,-0.0446,0.0132,0.0077,-0.008100000000000001,-0.023700000000000002,-0.018500000000000003,-0.009000000000000001,-0.0014000000000000002,-0.0062,0.0571,-0.0042,0.0134,0.002,0.0449,-0.028300000000000002,-0.0151,-0.0333,-0.0404,-0.039900000000000005
2011-06,0.0,-0.0174,-0.0027,-0.002,0.0182,96.29,3.0,-0.008590494593142884,0.017113459319346765,0.010575016523463265,0.015,-0.0111,0.0403,0.0062,-0.0562,-0.0062,-0.0165,-0.0045000000000000005,-0.0269,0.0388,-0.0288,-0.0326,-0.0147,-0.0029,0.0024,-0.0646,-0.018600000000000002,-0.049699999999999994,-0.0194,0.0802,-0.005699999999999999,0.002,-0.0154,0.003,-0.0275,0.0286,-0.0506,-0.0067,-0.059000000000000004,-0.0216,-0.0034000000000000002,-0.0138,0.0187,-0.0115,-0.0335,-0.0417,-0.013500000000000002,0.0059,-0.066,-0.0045000000000000005,-0.0202,-0.0137,0.0165,-0.0223,-0.011699999999999999,-0.0346,-0.0444,-0.024300000000000002
2011-07,0.0,-0.0235,-0.0118,-0.009000000000000001,0.0017000000000000001,97.19,3.0,0.03328110365751105,0.0025,0.02877697841726623,0.0131,-0.0022,-0.0593,-0.0298,0.028399999999999998,-0.0507,0.061799999999999994,-0.0304,-0.0282,0.023700000000000002,-0.09210000000000002,-0.0438,-0.030299999999999997,-0.020499999999999997,-0.0553,-0.062400000000000004,-0.0751,-0.0461,-0.0623,-0.0387,-0.0467,-0.0933,-0.0981,-0.0596,-0.0605,-0.0581,0.0354,-0.0078000000000000005,0.0062,0.0048,-0.0033,-0.049800000000000004,-0.0092,0.0013,0.037000000000000005,-0.061399999999999996,-0.08220000000000001,-0.0704,-0.0463,-0.0509,-0.0453,-0.0008,-0.0011,-0.0362,-0.0521,-0.038599999999999995,-0.026699999999999998,-0.0466
2011-08,0.0001,-0.0595,-0.0296,-0.024300000000000002,-0.0026,86.33,2.3,0.0534496967462616,0.06259023574778642,0.11824539097266373,-0.0679,-0.014199999999999999,0.0217,0.0226,0.0034000000000000002,-0.0302,-0.0613,-0.0315,0.0064,-0.0581,-0.138,-0.0483,-0.018799999999999997,-0.08349999999999999,-0.0253,-0.0696,-0.0731,-0.1014,-0.1321,-0.0699,-0.0815,-0.07919999999999999,-0.12179999999999999,-0.0718,-0.08960000000000001,-0.0129,0.0974,-0.0596,-0.196,-0.09570000000000001,0.002,-0.0504,-0.1433,-0.0634,-0.0694,-0.0733,-0.083,-0.0536,-0.0808,-0.0724,-0.0406,-0.0333,-0.0068000000000000005,-0.0933,-0.0786,-0.12539999999999998,-0.11599999999999999,-0.050300000000000004
2011-09,0.0,-0.0758,-0.031200000000000002,-0.015300000000000001,-0.0236,85.61,1.98,0.029507713102282757,0.030358117695270297,0.007390562819783897,-0.1286,-0.037200000000000004,-0.0264,-0.0384,-0.049100000000000005,-0.0944,-0.2147,-0.08,-0.0374,-0.051399999999999994,-0.0925,-0.0774,-0.0277,-0.15869999999999998,-0.11960000000000001,-0.1435,-0.16390000000000002,-0.1533,-0.20579999999999998,-0.1814,-0.16390000000000002,-0.1374,-0.138,-0.0437,-0.18899999999999997,-0.0408,-0.051399999999999994,-0.3072,-0.2994,-0.1167,-0.0161,-0.0572,-0.1392,-0.0453,-0.042199999999999994,-0.0556,-0.10310000000000001,-0.09820000000000001,-0.1278,-0.0946,-0.0814,-0.0285,-0.0537,-0.1168,-0.0837,-0.1563,-0.14529999999999998,-0.050199999999999995
2011-10,0.0,0.1133,0.0305,0.0006,-0.014499999999999999,86.41,2.15,-0.021048048909289515,-0.013704175133589652,-0.05981941309255079,0.2104,0.0369,0.0256,0.0191,0.0759,0.16269999999999998,0.1536,0.08789999999999999,0.0426,0.1654,0.1164,0.06280000000000001,0.049400000000000006,0.18109999999999998,0.1343,0.1429,0.23870000000000002,0.1993,0.1815,0.24050000000000002,0.2293,0.1869,0.2377,0.1056,0.2933,0.0553,0.07980000000000001,0.2703,0.2837,0.1594,0.067,0.0761,0.1868,0.1166,0.1191,0.1241,0.11720000000000001,0.106,0.133,0.1553,0.1379,0.0908,0.1014,0.1325,0.1359,0.1634,0.1389,0.09369999999999999
2011-11,0.0,-0.0027,-0.0018,-0.0052,0.0385,97.21,2.01,0.009859753900847559,0.014328672892135042,0.043817527010804325,0.0017000000000000001,0.0054,-0.008100000000000001,0.0051,0.0716,-0.0069,-0.030699999999999998,0.0052,0.0074,-0.037200000000000004,0.0184,-0.005600000000000001,0.0166,-0.0084,-0.0013,-0.010700000000000001,0.0277,0.0282,-0.0146,0.09609999999999999,0.021099999999999997,0.057800000000000004,-0.08650000000000001,0.0174,0.0527,0.0405,0.024900000000000002,0.0046,-0.06309999999999999,0.0239,0.0101,0.003,-0.0342,-0.0175,-0.0327,-0.005,-0.009300000000000001,0.012199999999999999,0.0016,0.014199999999999999,0.0115,0.008199999999999999,0.0242,-0.0407,-0.0067,0.0037,-0.0471,-0.0167
2011-12,0.0,0.0075,-0.005600000000000001,0.0154,0.0183,98.57,1.98,0.01880776144524897,0.0043804707194242225,-0.05692926969522716,-0.04,0.0105,0.0256,0.0397,0.0362,-0.06480000000000001,-0.0431,0.05,0.0215,-0.0231,-0.0143,0.019,0.0415,0.0013,0.0066,0.008100000000000001,-0.0144,-0.0028000000000000004,-0.0525,-0.0812,-0.039,-0.0447,-0.0155,0.0029,0.0225,0.0288,-0.1284,-0.045899999999999996,-0.1366,-0.0001,0.0291,0.031200000000000002,0.0449,-0.0184,0.0019,-0.0175,-0.0178,0.0116,0.0058,0.0115,-0.0002,0.0033,0.0401,0.0313,0.0095,0.0146,-0.014199999999999999,0.039599999999999996
2012-01,0.0,0.050499999999999996,0.020099999999999996,-0.009300000000000001,-0.0801,100.24,1.97,0.007018763733891685,0.0025531867725640915,0.008536585365853666,0.16870000000000002,0.0079,0.0424,-0.0232,-0.0466,0.1108,0.1252,0.0342,-0.012,0.09699999999999999,0.0461,0.067,0.0268,0.113,0.0812,0.0703,0.0647,0.0967,0.1234,0.0437,0.1276,0.1027,0.1321,0.049,0.0472,0.022799999999999997,0.053399999999999996,0.1891,0.0143,0.01,-0.0271,0.023700000000000002,0.0739,0.057699999999999994,0.11019999999999999,0.0911,0.1499,0.038,0.08810000000000001,0.0677,0.061,0.04019999999999999,0.0323,0.07719999999999999,0.051500000000000004,0.10490000000000001,0.1012,0.0381
2012-02,0.0,0.044199999999999996,-0.0184,0.0042,-0.0026,102.25,1.97,-0.01212570209507872,0.0016416666666666665,0.05501813784764198,-0.0512,0.0207,0.0479,0.0078000000000000005,0.10529999999999999,0.062400000000000004,0.058600000000000006,0.013500000000000002,0.06559999999999999,0.0638,0.0662,0.009399999999999999,0.009300000000000001,0.0217,0.0215,0.0584,0.0513,0.060899999999999996,-0.0269,0.08289999999999999,0.0447,0.017,0.049699999999999994,0.042800000000000005,0.07490000000000001,0.0727,-0.0319,-0.058600000000000006,-0.0174,0.067,0.013000000000000001,0.0507,-0.0319,0.0555,0.10949999999999999,0.0378,0.0215,0.035699999999999996,0.0431,-0.0152,0.0154,0.0346,0.0282,0.0709,0.0528,0.0745,0.0666,0.0163
2012-03,0.0,0.031200000000000002,-0.0063,0.011899999999999999,0.0132,106.19,2.17,-0.02092966931410245,-0.016431169777174237,-0.03954154727793702,0.0296,0.0152,0.042300000000000004,0.060599999999999994,0.049400000000000006,0.029500000000000002,0.042300000000000004,0.0407,0.015600000000000001,0.0159,0.0002,0.0355,0.0433,0.028900000000000002,0.057,0.0451,0.031,0.0143,0.006500000000000001,0.0414,-0.023799999999999998,0.010700000000000001,0.0058,0.0004,-0.023799999999999998,0.0123,-0.1204,-0.0458,-0.12269999999999999,-0.0308,0.0148,0.023799999999999998,-0.015,0.035699999999999996,0.0681,0.035,0.0393,0.0154,0.0173,0.0077,0.029900000000000003,0.0524,0.039599999999999996,0.0935,0.0377,0.0571,0.0455,0.037599999999999995
2012-04,0.0,-0.0085,-0.0037,-0.0077,0.0378,103.33,2.05,0.026831966673029572,0.012543560756685643,-0.01610978520286399,-0.0405,0.0103,0.0317,0.0134,0.0183,0.0102,-0.0276,-0.0269,-0.0209,-0.0007000000000000001,-0.0067,0.0023,0.0077,0.0116,-0.0091,-0.0015,-0.0199,0.0212,-0.0426,-0.026099999999999998,-0.0161,-0.016399999999999998,-0.07719999999999999,0.0025,-0.0187,0.0132,-0.061799999999999994,0.0044,0.0242,-0.016399999999999998,0.017,0.0169,-0.0338,-0.0052,-0.0332,-0.0323,-0.0294,-0.0045000000000000005,-0.0204,0.0146,-0.0021,0.0132,0.0083,-0.0236,-0.008199999999999999,0.028399999999999998,-0.0535,-0.0158
2012-05,0.0001,-0.061599999999999995,0.0012,-0.0095,0.0645,94.7,1.8,0.03418890432184226,0.02420859614355976,-0.03638568829593691,0.0053,-0.0329,0.0159,-0.0025,-0.0361,-0.0783,-0.1322,-0.07769999999999999,-0.0464,-0.0567,-0.0623,-0.0548,-0.0256,-0.08439999999999999,-0.050199999999999995,-0.026000000000000002,-0.0556,-0.0805,-0.1457,-0.1391,-0.1109,-0.0765,-0.0739,-0.07519999999999999,-0.10779999999999999,-0.0827,-0.0368,-0.15789999999999998,-0.2371,-0.10310000000000001,-0.0088,-0.0077,-0.1007,-0.07490000000000001,-0.0753,-0.09359999999999999,-0.0639,-0.0513,-0.0942,-0.0203,-0.0616,-0.0206,-0.044800000000000006,-0.09480000000000001,-0.0726,-0.059800000000000006,-0.11789999999999999,-0.0276
2012-06,0.0,0.038900000000000004,0.0072,0.0055000000000000005,-0.0111,82.41,1.62,-0.006044418756009545,0.017905698109877095,0.006293266205160464,0.0689,0.0134,0.0217,0.0576,0.059800000000000006,0.0127,0.0016,0.06860000000000001,0.0,-0.1041,0.1449,0.0592,0.065,0.0313,0.0368,0.022000000000000002,0.0173,0.08130000000000001,0.0478,0.0189,0.0001,-0.020499999999999997,-0.0416,0.024399999999999998,0.0872,0.0541,0.04,0.08470000000000001,0.0241,0.0584,0.0342,0.0702,0.0371,0.045700000000000005,0.0163,0.0216,0.0024,0.0278,0.0176,0.039900000000000005,0.0276,0.030600000000000002,-0.0231,0.052300000000000006,0.0368,0.0407,0.042800000000000005,0.067
2012-07,0.0,0.0079,-0.0276,-0.0006,0.03,87.93,1.53,0.016070800322949927,0.009627979707657523,-0.0031269543464665928,0.0327,-0.027200000000000002,0.0277,0.020499999999999997,0.0394,0.0626,-0.121,0.0092,0.0359,0.0204,-0.0447,-0.0416,0.0323,-0.0096,-0.0371,-0.0075,-0.0254,-0.0195,-0.014499999999999999,-0.053899999999999997,0.015,0.0342,-0.0116,-0.014199999999999999,0.0246,0.0296,-0.08929999999999999,-0.0115,-0.1094,0.030699999999999998,0.035,0.0416,-0.11779999999999999,-0.0089,0.014199999999999999,-0.0043,0.006500000000000001,0.0091,0.0253,-0.0086,0.0046,0.0232,-0.0339,-0.0006,-0.032,-0.024,-0.0121,0.0089
2012-08,0.0001,0.0255,0.0048,0.0125,-0.023399999999999997,94.16,1.68,-0.00429124871128345,-0.012584851013716663,0.02258469259723972,0.021400000000000002,0.0441,-0.0698,0.0028000000000000004,-0.0294,0.0341,0.08460000000000001,0.0677,0.032,0.0815,0.0668,0.0354,0.0011,0.0296,0.0387,0.08070000000000001,0.0776,0.0796,-0.0123,0.09179999999999999,0.0408,0.0373,0.0424,0.031,-0.0073,0.0264,0.1575,0.028900000000000002,0.003,0.0239,-0.0346,0.0097,0.062400000000000004,0.039,0.0787,0.022000000000000002,0.028399999999999998,0.022099999999999998,0.0294,-0.0154,0.004,0.0346,0.0165,0.031,0.0613,0.0493,0.049,-0.0062
2012-09,0.0001,0.0274,0.0045000000000000005,0.0163,-0.011399999999999999,94.72,1.72,-0.006068575240573439,-0.0022679236878978166,0.07055214723926384,0.0466,0.011399999999999999,0.0176,-0.0104,-0.0004,0.0012,0.0702,0.0643,0.026099999999999998,-0.004,0.083,0.0588,0.042,0.0148,0.053200000000000004,0.0537,0.040999999999999995,0.06509999999999999,0.037599999999999995,0.0365,0.02,-0.0017000000000000001,0.0342,-0.0089,0.0397,0.0339,0.1366,0.086,0.0206,0.0384,0.021099999999999997,0.048600000000000004,0.0398,0.03,0.006,-0.0286,0.0253,0.022000000000000002,0.04190000000000001,-0.022799999999999997,0.0044,0.018000000000000002,0.037200000000000004,0.045899999999999996,0.0139,0.0332,0.0406,0.06309999999999999
2012-10,0.0001,-0.0175,-0.011000000000000001,0.0352,0.0007000000000000001,89.57,1.75,-0.005053637026848827,-0.0013120402494377968,0.0011461318051575464,-0.0484,-0.0059,-0.027000000000000003,-0.019,-0.0252,-0.0095,0.021099999999999997,-0.008,0.0106,-0.0111,-0.051399999999999994,-0.037200000000000004,-0.013300000000000001,-0.0246,0.0255,0.0473,0.037599999999999995,0.0296,-0.0077,-0.0179,-0.008,0.0129,0.064,0.0059,0.0286,0.0052,-0.0286,0.0226,0.205,-0.022000000000000002,0.0109,-0.024300000000000002,-0.0268,-0.0464,-0.10289999999999999,-0.039599999999999996,-0.0147,-0.0282,0.009300000000000001,0.0297,0.0258,-0.0096,-0.0492,0.0138,0.0287,-0.011000000000000001,0.0248,-0.0385
2012-11,0.0001,0.0079,0.006,-0.0087,0.0053,86.66,1.65,0.010584578609237026,0.010595690556110886,-0.014310246136233551,0.058499999999999996,0.038900000000000004,0.0325,0.0195,0.0327,0.0207,0.0209,-0.0262,0.0131,0.0394,0.04,0.0086,0.0147,0.0323,0.019799999999999998,0.0406,0.044500000000000005,-0.0097,0.0255,-0.0496,0.0168,0.0548,0.0278,0.0409,0.0202,0.0191,-0.1418,0.0141,-0.1127,-0.013300000000000001,-0.0379,0.0006,0.0438,0.011699999999999999,0.0092,0.0203,0.0407,0.043,-0.004699999999999999,0.0042,0.0232,0.0108,0.0265,-0.006500000000000001,-0.0219,0.0073,0.0007000000000000001,0.0089
2012-12,0.0001,0.011899999999999999,0.0149,0.0352,-0.029300000000000003,88.25,1.72,-0.013366408369168878,-0.005053637026848827,-0.021486643437862996,0.03,-0.0070999999999999995,-0.0363,-0.009300000000000001,-0.0559,-0.0116,0.0466,0.053200000000000004,-0.0171,-0.0017000000000000001,0.031,0.0036,-0.0096,0.0443,0.0018,0.0353,0.032400000000000005,0.061799999999999994,0.0655,0.07150000000000001,0.0414,0.037000000000000005,0.0834,0.0239,0.0546,-0.0143,-0.008199999999999999,-0.0149,0.0766,0.012199999999999999,0.0012,0.0115,0.038599999999999995,0.018000000000000002,-0.037200000000000004,0.0301,0.0348,0.0358,0.02,0.0315,0.0213,-0.022000000000000002,0.018000000000000002,0.0529,0.0171,0.0591,0.0572,0.0128
2013-01,0.0,0.0557,0.0028000000000000004,0.0101,-0.0177,94.69,1.91,-0.02041306427520627,-0.015954032690883718,-0.00771513353115727,0.0701,0.0737,0.0241,0.0512,0.056100000000000004,0.027000000000000003,0.1593,0.054299999999999994,0.08900000000000001,0.023,0.0967,0.1005,0.0758,0.049699999999999994,0.11380000000000001,0.092,0.0787,0.111,0.0403,0.04769999999999999,0.08070000000000001,0.0728,0.013300000000000001,0.024700000000000003,0.0901,-0.0394,-0.08529999999999999,0.0383,-0.037200000000000004,0.0766,0.050499999999999996,0.048499999999999995,0.0837,0.061900000000000004,-0.0565,0.0333,0.0747,0.058499999999999996,0.0447,0.085,0.064,0.0536,0.0535,0.044000000000000004,0.0644,0.058899999999999994,0.1304,0.071
2013-02,0.0,0.0128,-0.0029,0.0018,0.0124,95.32,1.98,0.013401141022438872,-0.004752986069760988,-0.02631578947368418,-0.0040999999999999995,0.0484,0.0354,0.0508,0.022000000000000002,0.0587,-0.0158,-0.084,0.0308,0.014499999999999999,0.0078000000000000005,-0.0123,0.0189,-0.0088,0.0229,0.0565,0.0229,-0.0347,-0.027200000000000002,0.0848,-0.0113,0.0097,-0.0103,0.0363,0.0636,0.0281,-0.08220000000000001,-0.0739,-0.0812,0.008,0.022000000000000002,0.0229,0.031400000000000004,0.0096,-0.0101,0.0195,0.015600000000000001,0.045700000000000005,0.0492,0.0361,0.0203,0.005600000000000001,0.0079,0.0126,0.0068000000000000005,0.0319,0.015700000000000002,0.0431
2013-03,0.0,0.0404,0.0083,-0.0021,0.0191,93.05,1.96,0.0033895879112972177,0.003456373545128183,-0.02149877149877155,0.046,0.07980000000000001,0.0482,0.053099999999999994,0.0273,0.0742,0.0791,0.0723,0.0226,0.0278,0.0588,0.0325,0.07200000000000001,0.012,0.0638,0.0891,0.021099999999999997,0.06309999999999999,0.0207,0.08810000000000001,0.0036,0.0062,0.039900000000000005,0.0564,0.0645,0.0897,0.0256,0.0039000000000000003,0.0086,0.0209,0.056900000000000006,0.0564,0.0894,0.026000000000000002,0.024300000000000002,0.0363,0.0344,0.053,0.0698,0.047,0.0347,0.0479,0.053099999999999994,0.0444,0.0525,0.0635,0.0353,0.0174
2013-04,0.0,0.015600000000000001,-0.023700000000000002,0.0046,0.0019,92.07,1.76,0.016997907740864633,0.019715277277104218,-0.06591337099811678,0.0139,0.0175,0.0483,0.0354,0.044000000000000004,0.044199999999999996,0.044199999999999996,-0.0006,0.0121,0.09050000000000001,-0.0044,-0.018000000000000002,0.0363,0.0397,-0.0078000000000000005,0.01,-0.0285,-0.032400000000000005,-0.043899999999999995,0.0134,-0.0126,-0.0141,0.0484,0.0055000000000000005,-0.0286,0.0254,-0.2223,-0.0694,-0.056600000000000004,-0.013300000000000001,0.0513,0.0432,0.0018,0.0169,-0.016,0.0040999999999999995,-0.0146,-0.0005,0.004,-0.0013,0.002,0.0326,0.0258,0.0125,0.0369,-0.029900000000000003,-0.0012,0.0004
2013-05,0.0,0.027999999999999997,0.0167,0.0271,-0.020099999999999996,94.8,1.93,-0.040721728046863886,-0.01405898199223937,-0.04973118279569888,-0.0506,-0.020499999999999997,-0.0501,-0.0148,-0.0297,0.0063,0.0263,0.0377,-0.0023,0.0109,0.0432,0.052000000000000005,0.0079,0.0354,0.0182,0.0070999999999999995,0.0721,0.0345,0.0384,0.1431,0.053,0.0407,0.1137,0.0663,0.0174,0.07200000000000001,0.031,-0.0054,0.0048,0.030699999999999998,-0.07139999999999999,-0.0176,0.0901,0.0364,0.06,0.047599999999999996,0.049800000000000004,0.024900000000000002,0.0067,0.028300000000000002,0.0387,0.0239,-0.0021,0.0819,0.0455,-0.0098,0.0864,0.050499999999999996
2013-06,0.0,-0.012,0.0131,-0.0004,0.0058,95.8,2.3,-0.03042184337586804,-0.03189388192101049,-0.050212164073550225,-0.0098,0.008,0.011000000000000001,0.009000000000000001,-0.0226,0.015600000000000001,-0.051100000000000007,0.0183,-0.006500000000000001,0.0074,-0.013000000000000001,0.002,-0.0168,-0.0495,-0.0342,0.022799999999999997,-0.0593,-0.0692,-0.0473,-0.0158,-0.0352,-0.0333,0.0045000000000000005,0.0123,-0.0196,0.024399999999999998,-0.1175,-0.0902,-0.23199999999999998,-0.021099999999999997,0.008199999999999999,0.019799999999999998,-0.0409,-0.022799999999999997,-0.0587,-0.012,-0.0044,-0.0091,-0.0049,-0.0098,-0.0055000000000000005,-0.0039000000000000003,0.0166,-0.0064,0.015700000000000002,-0.0255,-0.031,-0.009300000000000001
2013-07,0.0,0.0565,0.0182,0.005699999999999999,0.0175,104.61,2.58,-0.004932717861524617,-0.0229696029833615,-0.04244229337304539,0.011899999999999999,0.054299999999999994,0.0036,0.027200000000000002,0.0176,-0.0104,0.0625,0.0827,0.0516,0.0163,0.0166,0.0571,0.08929999999999999,0.0641,0.057300000000000004,0.1191,0.058499999999999996,-0.005699999999999999,0.0704,0.1396,0.0437,0.0971,0.0971,0.0688,0.0682,0.1058,0.012,-0.0011,0.1054,0.051100000000000007,0.0458,0.034300000000000004,0.058899999999999994,0.0458,0.0655,0.0785,0.053200000000000004,0.0748,0.0862,0.039,0.0641,0.0641,0.028999999999999998,0.0653,0.0599,0.0242,0.07690000000000001,0.0444
2013-08,0.0,-0.0271,0.0032,-0.0273,0.0005,106.57,2.74,-0.013594094459589357,-0.011873503312676236,0.051321928460342114,-0.0124,-0.036699999999999997,-0.045599999999999995,-0.0395,-0.048499999999999995,-0.0137,0.0359,-0.0506,-0.028999999999999998,-0.019,-0.04190000000000001,-0.0375,-0.0362,-0.0064,-0.0406,-0.034,-0.0484,-0.0533,-0.0285,-0.0331,-0.0031,-0.019799999999999998,-0.012199999999999999,-0.031200000000000002,0.0219,0.023799999999999998,0.0558,0.0434,0.0375,-0.0197,-0.0443,-0.0329,-0.0472,-0.0034999999999999996,-0.0479,0.0197,-0.0253,-0.0264,-0.0209,-0.0273,-0.025099999999999997,-0.0492,-0.0219,-0.0471,-0.0269,-0.0559,-0.051,-0.041100000000000005
2013-09,0.0,0.0377,0.028900000000000002,-0.0118,0.0304,106.29,2.81,0.01446604975758137,-0.0038034079095173737,-0.002218934911242587,0.0617,-0.002,0.0001,0.0128,0.042699999999999995,0.036699999999999997,0.11220000000000001,0.09,0.0076,0.0728,0.059699999999999996,0.0373,0.041299999999999996,0.0518,0.0706,0.0848,0.0913,0.0761,0.08349999999999999,0.0843,0.0605,0.071,0.0674,0.0858,0.0757,0.0495,-0.1144,0.0473,0.0256,0.0195,0.0105,0.042800000000000005,0.0207,0.053,0.0218,0.0194,0.06480000000000001,0.0342,-0.0019,0.058600000000000006,0.0565,0.0441,0.0407,0.0248,0.0326,0.0368,0.045599999999999995,0.030699999999999998
2013-10,0.0,0.0417,-0.015600000000000001,0.012199999999999999,0.0007000000000000001,100.54,2.62,0.008317015150901108,0.018805646051579247,-0.023721275018532273,0.0104,0.0527,0.046900000000000004,0.0633,0.0536,0.0986,0.0333,0.049800000000000004,0.0633,0.024900000000000002,0.0383,0.057,0.0316,0.0388,0.06509999999999999,0.044199999999999996,0.0405,0.0308,0.0824,-0.0496,0.014499999999999999,0.055,-0.0013,0.0528,0.0647,0.052199999999999996,-0.0325,0.0762,0.1017,0.0473,0.0334,0.058499999999999996,0.0662,0.030600000000000002,0.0078000000000000005,0.0643,0.0342,0.0698,0.054299999999999994,0.0583,0.058600000000000006,0.0541,0.0384,0.029300000000000003,0.0245,0.039,0.0584,0.045599999999999995
2013-11,0.0,0.0311,0.0131,0.0019,0.0036,93.86,2.72,-0.013642622952397689,-0.006563946244484191,-0.031131359149582427,0.0747,-0.0007000000000000001,0.0231,0.0113,-0.0242,0.032400000000000005,0.0323,0.0175,0.0388,0.0682,0.020499999999999997,0.0197,0.051100000000000007,0.012,0.0177,0.042699999999999995,0.0305,0.024,0.017,0.0029,0.0151,0.0339,0.0171,0.046,0.076,0.0755,-0.08650000000000001,-0.049699999999999994,-0.0348,0.0092,-0.0181,0.0008,0.029500000000000002,0.034300000000000004,0.012,0.0467,0.028999999999999998,0.0521,-0.008,0.0527,0.0382,0.037599999999999995,0.0339,0.0645,0.057300000000000004,0.053,0.0507,0.015300000000000001
2013-12,0.0,0.0281,-0.0044,0.0,0.0002,97.63,2.9,-0.022912339478604785,-0.013400479053592367,-0.042319749216300995,0.0308,0.0288,0.034,-0.004,0.029900000000000003,0.023399999999999997,0.0799,0.0805,-0.0196,0.009899999999999999,-0.0138,0.0113,0.0062,0.049800000000000004,0.059000000000000004,0.037200000000000004,0.0471,0.06309999999999999,0.06559999999999999,-0.01,0.0535,0.0323,0.0163,0.0286,0.0728,0.0405,-0.052300000000000006,0.0925,0.0789,0.0296,0.0179,0.0398,0.042199999999999994,0.044800000000000006,0.0449,0.0276,0.0506,0.025099999999999997,0.046,0.0225,0.025699999999999997,0.0005,-0.0027,0.027200000000000002,0.016399999999999998,0.043899999999999995,0.0433,0.031200000000000002
2014-01,0.0,-0.0332,0.009300000000000001,-0.0199,0.016399999999999998,94.62,2.86,0.03423278252988279,0.005867378792395204,0.018003273322422242,-0.0803,-0.0368,-0.0727,-0.0046,-0.0833,-0.0862,0.0043,-0.0652,-0.061399999999999996,-0.0764,0.016399999999999998,0.0092,0.0195,-0.0382,-0.0518,-0.027200000000000002,-0.0546,-0.0048,-0.055099999999999996,-0.0877,-0.044199999999999996,-0.0273,-0.0255,-0.0384,0.0304,0.0253,-0.0279,-0.0739,-0.0761,-0.0689,0.024900000000000002,-0.0381,-0.0352,-0.006999999999999999,0.0111,-0.053099999999999994,0.0146,-0.0501,-0.0359,-0.015700000000000002,-0.024,-0.0764,-0.0462,-0.0349,-0.052300000000000006,-0.031,-0.055,-0.0737
2014-02,0.0,0.0466,0.0036,-0.0034999999999999996,0.0216,100.82,2.71,0.0030975586370850174,0.015349106507360431,0.045016077170418,0.029900000000000003,0.048799999999999996,0.0231,0.015700000000000002,0.0335,0.0342,0.09449999999999999,0.08289999999999999,0.0337,0.0541,0.0333,0.036000000000000004,0.0701,0.0781,0.0213,0.0084,0.0796,0.045899999999999996,0.0256,0.0621,0.059500000000000004,0.038,0.0872,0.0354,0.13419999999999999,0.0674,0.0832,0.0604,0.0467,0.057,0.030899999999999997,0.0256,0.0793,0.0537,0.0323,0.0524,0.0464,0.0499,0.0791,0.021099999999999997,0.0453,0.057800000000000004,0.0473,0.029900000000000003,0.0377,0.045700000000000005,0.0321,0.0239
2014-03,0.0,0.0043,-0.018600000000000002,0.049,-0.0327,100.8,2.72,-0.0038942765405674154,0.0013875046302501354,0.027692307692307683,0.0371,0.0319,0.0166,0.048,0.040999999999999995,0.044800000000000006,-0.07440000000000001,-0.0021,0.018500000000000003,-0.0013,0.0209,0.014199999999999999,-0.0341,0.006500000000000001,-0.0259,-0.0015,-0.0169,-0.0349,0.0363,-0.045700000000000005,0.0105,0.0009,-0.0113,-0.0129,-0.0022,0.0091,-0.0269,-0.0023,-0.028999999999999998,0.025,0.0268,0.0015,-0.0139,-0.025099999999999997,0.015300000000000001,0.0274,-0.026699999999999998,-0.0053,-0.0127,0.0277,0.0044,-0.0124,0.0169,0.031200000000000002,0.0227,-0.0286,0.0108,0.0441
2014-04,0.0,-0.0018,-0.0418,0.012199999999999999,-0.038900000000000004,102.07,2.71,0.007494793427628171,0.0031370636511255288,-0.02844311377245512,-0.026000000000000002,0.0022,0.040999999999999995,0.0155,0.056900000000000006,-0.0113,-0.0434,-0.017,0.0288,-0.0363,-0.0108,-0.047,0.0051,0.0005,-0.0105,0.0042,-0.015,-0.0408,0.0073,-0.0535,0.0138,-0.0083,0.0014000000000000002,0.013000000000000001,0.0091,0.0060999999999999995,0.0323,0.0291,0.0895,0.0564,0.0398,0.0039000000000000003,-0.0066,-0.028999999999999998,-0.0223,0.0326,-0.033,0.0043,-0.0152,0.0113,-0.005600000000000001,-0.008199999999999999,-0.013500000000000002,-0.0463,-0.0167,-0.031400000000000004,-0.0263,0.0318
2014-05,0.0,0.020499999999999997,-0.018500000000000003,-0.001,0.0088,102.18,2.56,0.018803614104615996,0.015320763879580908,-0.006933744221879867,0.0984,0.0507,0.0062,0.030600000000000002,0.039900000000000005,-0.0106,0.0405,-0.0049,-0.0069,0.018799999999999997,0.035699999999999996,0.0425,0.013300000000000001,0.0269,-0.0063,0.0276,0.0007000000000000001,0.0088,-0.0175,0.016399999999999998,0.005,-0.0051,0.0176,0.0172,0.054299999999999994,-0.009399999999999999,-0.0895,-0.009399999999999999,-0.0732,0.0097,0.0001,0.041100000000000005,0.018600000000000002,0.0245,0.0369,0.049800000000000004,0.0325,0.030899999999999997,0.0409,0.054400000000000004,0.035,0.0025,0.0236,0.0167,0.0296,0.0126,-0.0074,-0.0036
2014-06,0.0,0.026000000000000002,0.0305,-0.0070999999999999995,0.006500000000000001,105.79,2.6,-0.0023375489597618087,-0.001376031906438628,-0.007757951900698168,0.0254,0.0009,0.0415,0.0286,-0.011899999999999999,0.0067,0.0216,0.0886,-0.0131,-0.0016,0.032400000000000005,0.0317,0.027999999999999997,0.0078000000000000005,0.0395,0.0775,0.0246,0.0192,0.048799999999999996,0.1185,0.0542,0.0358,0.0409,-0.0233,0.013500000000000002,-0.0089,0.1467,0.0495,0.0387,0.041299999999999996,0.054299999999999994,0.0154,0.032799999999999996,0.0227,0.024,0.0397,0.028399999999999998,0.0166,0.0351,0.013600000000000001,0.0098,0.0098,0.0264,0.0277,0.0263,0.0374,0.0518,-0.0002
2014-07,0.0,-0.0203,-0.0417,-0.0008,-0.002,103.59,2.54,-0.0022849274753352473,0.007420253708752048,0.02501954652071925,-0.0823,-0.0478,-0.0687,-0.029500000000000002,-0.0326,-0.0572,-0.0338,-0.0169,-0.029900000000000003,-0.0073,0.061900000000000004,-0.0137,-0.006,-0.032,-0.08349999999999999,-0.0572,-0.0785,-0.0992,0.0241,-0.1362,-0.0601,-0.06570000000000001,-0.0385,-0.060599999999999994,-0.0085,0.0182,-0.0338,0.028900000000000002,-0.1115,-0.0346,-0.064,0.008,-0.031,0.005,0.0138,-0.0036,-0.0358,-0.0368,-0.0646,-0.0213,-0.0285,-0.0144,-0.0322,-0.0169,-0.0381,-0.0378,-0.0063,-0.0265
2014-08,0.0,0.0424,0.004,-0.0058,0.0084,96.54,2.42,0.022308786011972077,0.012655245480235933,-0.012204424103737566,0.0311,0.0621,0.0782,0.054900000000000004,0.0464,0.028300000000000002,-0.0275,0.0233,0.0583,0.0348,0.0472,0.019299999999999998,0.0623,0.043899999999999995,0.0558,0.1018,0.0673,0.0701,0.061200000000000004,-0.0388,0.054400000000000004,0.0352,0.0425,0.0548,0.091,0.0447,0.0761,0.0029,0.0417,0.023,0.053099999999999994,0.0033,0.05,0.0342,0.0281,0.06280000000000001,0.039,0.036000000000000004,0.0227,0.0452,0.047400000000000005,0.057300000000000004,0.0239,0.026099999999999998,0.0604,0.0906,0.047400000000000005,0.0637
2014-09,0.0,-0.0196,-0.036000000000000004,-0.0147,0.0064,93.21,2.53,-0.013113461679048878,-0.007701641595837172,-0.04478764478764474,-0.0246,-0.0204,0.025099999999999997,0.0083,0.0204,-0.0796,-0.0374,-0.0711,-0.0032,0.04,-0.036000000000000004,-0.0341,0.005699999999999999,-0.021400000000000002,-0.0204,-0.0235,-0.0536,-0.0764,-0.0475,-0.08449999999999999,-0.0677,-0.0484,-0.1005,-0.009300000000000001,-0.0172,0.039900000000000005,-0.17300000000000001,-0.0955,-0.1445,-0.07769999999999999,-0.0338,-0.014499999999999999,-0.073,-0.0123,-0.013000000000000001,-0.0179,-0.024300000000000002,-0.0313,-0.0582,0.0040999999999999995,-0.0225,-0.013600000000000001,-0.005600000000000001,0.0009,-0.019799999999999998,-0.0582,-0.0025,-0.0033
2014-10,0.0,0.025099999999999997,0.04019999999999999,-0.0167,-0.0027,84.4,2.3,0.017044525455739774,0.022317333053208783,-0.01212611156022636,0.032799999999999996,0.028300000000000002,-0.0034000000000000002,0.032400000000000005,0.058499999999999996,0.044500000000000005,-0.0032,0.025099999999999997,0.041299999999999996,0.0144,0.044199999999999996,0.1061,0.0526,-0.011000000000000001,0.0253,0.0203,0.0455,0.0344,0.0222,0.0098,0.023399999999999997,0.0317,0.0196,0.0176,-0.06309999999999999,0.0326,-0.2023,-0.0745,-0.063,-0.042199999999999994,0.06709999999999999,0.013000000000000001,0.029900000000000003,0.0079,0.0051,0.0366,0.034300000000000004,0.06570000000000001,0.0542,0.0634,0.0346,0.028300000000000002,0.013000000000000001,0.036000000000000004,0.0509,0.025699999999999997,0.0253,0.0143
2014-11,0.0,0.0256,-0.020499999999999997,-0.0313,0.0069,75.79,2.33,0.017030128345715545,-0.0007497193672649368,-0.038461538461538436,0.037200000000000004,0.05,0.0764,0.0436,0.009899999999999999,0.0233,-0.0103,0.0129,0.030299999999999997,0.0894,-0.0147,0.0501,0.0236,0.022099999999999998,0.0344,0.0758,0.0176,0.0126,-0.0233,-0.0917,-0.0101,-0.0005,0.0527,0.052000000000000005,-0.027200000000000002,0.0111,-0.0048,-0.009399999999999999,0.0397,-0.0973,0.0026,0.0246,0.0471,0.020099999999999996,0.0689,0.0687,0.0416,0.0492,0.042199999999999994,0.06309999999999999,0.0208,0.0886,0.0579,0.0155,0.0203,0.0463,0.0215,0.040999999999999995
2014-12,0.0,-0.0005,0.0252,0.021099999999999997,0.0105,59.29,2.21,0.002710820352255099,0.012591221431071635,0.02212765957446816,-0.0005,-0.0134,-0.051699999999999996,-0.0438,-0.028999999999999998,-0.0268,-0.052000000000000005,0.018500000000000003,0.0008,-0.0068000000000000005,0.0348,0.0028000000000000004,-0.013000000000000001,0.008100000000000001,0.0447,-0.0031,0.0148,-0.0166,-0.0666,-0.057999999999999996,-0.0096,-0.0102,0.006500000000000001,-0.0036,-0.034,0.0091,0.0349,-0.0787,-0.1648,0.0072,0.018600000000000002,-0.020499999999999997,0.0276,-0.0079,0.0075,-0.0286,0.0015,0.017,0.0453,0.0146,0.0054,0.022400000000000003,-0.005699999999999999,0.0197,0.0187,-0.0040999999999999995,0.0341,-0.0059
2015-01,0.0,-0.031,-0.0060999999999999995,-0.0348,0.037200000000000004,47.22,1.88,0.045643845312021834,0.03130439017579444,0.04163197335553703,-0.0087,-0.0218,-0.011200000000000002,0.0088,0.030699999999999998,-0.0013,0.0026,-0.0196,-0.0464,-0.0392,-0.0256,-0.0002,0.0216,-0.0204,-0.006500000000000001,0.0207,-0.0378,-0.0639,-0.09480000000000001,-0.1408,-0.0767,-0.0547,-0.06269999999999999,0.011699999999999999,-0.022099999999999998,-0.0079,0.301,-0.1018,-0.1748,-0.0421,0.0124,-0.0447,-0.0708,-0.0452,-0.0694,-0.0053,-0.0246,-0.0207,-0.0466,-0.044500000000000005,-0.0235,-0.0042,0.008,-0.0943,-0.044199999999999996,0.0036,-0.0746,-0.0452
2015-02,0.0,0.0613,0.0064,-0.0175,-0.0287,50.58,1.98,-0.027943389503182467,-0.00751085276862701,-0.01918465227817745,0.0207,0.0366,0.0649,0.045,0.0546,0.0541,0.057300000000000004,0.08039999999999999,0.035699999999999996,0.059500000000000004,0.042699999999999995,0.0509,0.0383,0.0805,0.0756,0.13369999999999999,0.0594,0.1063,0.0356,0.1459,0.0629,0.0552,0.08990000000000001,0.055099999999999996,0.1825,0.0725,0.030299999999999997,0.177,0.1503,0.0464,-0.0436,0.0892,0.0553,0.0815,0.0848,0.09119999999999999,0.053399999999999996,0.059800000000000006,0.1119,0.0285,0.050300000000000004,0.0579,0.0682,0.07980000000000001,0.07780000000000001,0.0582,0.0851,0.054400000000000004
2015-03,0.0,-0.0111,0.030600000000000002,-0.0038,0.027200000000000002,47.82,2.04,0.0070803325565478034,-0.003769120635384613,-0.03911980440097795,-0.053099999999999994,0.0274,-0.04650000000000001,-0.0208,-0.085,-0.0417,-0.022000000000000002,0.0043,-0.0233,0.0118,0.0504,0.013300000000000001,0.0052,-0.0346,0.0106,0.0332,0.0089,0.016,-0.0288,0.0258,-0.0366,-0.0051,-0.0043,-0.0143,0.0067,0.0256,-0.1714,-0.049699999999999994,-0.1865,-0.023700000000000002,-0.0031,-0.0212,-0.028399999999999998,-0.015600000000000001,-0.0604,-0.0278,0.0011,-0.0147,-0.0325,-0.0305,0.006500000000000001,0.0092,-0.0025,-0.0074,0.023,0.0141,0.0012,-0.0232
2015-04,0.0,0.0059,-0.0298,0.0181,-0.0726,54.45,1.94,-0.0083384315016118,0.010704632921464086,0.016963528413910023,0.0103,-0.0026,-0.0043,-0.0049,0.0601,0.09230000000000001,0.0317,-0.0401,-0.023700000000000002,-0.0165,-0.0169,-0.022400000000000003,-0.0144,0.0118,-0.0446,-0.0596,-0.0086,-0.0547,0.0408,-0.0217,0.0213,0.0143,0.0012,-0.0252,-0.07490000000000001,-0.06860000000000001,0.19210000000000002,0.11449999999999999,0.1079,0.0663,0.0028000000000000004,0.0363,-0.0326,0.027000000000000003,0.0351,-0.005699999999999999,-0.0292,-0.0279,-0.0174,-0.0161,-0.0129,-0.0274,0.005600000000000001,0.0207,-0.0183,-0.032799999999999996,0.0052,0.0161
2015-05,0.0,0.0137,0.0096,-0.011000000000000001,0.0576,59.27,2.2,-0.004591740253530103,-0.021913565367446156,0.0,0.0337,0.026600000000000002,0.0019,0.019799999999999998,0.0158,-0.037000000000000005,0.0165,0.0199,-0.0003,-0.0024,0.049100000000000005,0.022099999999999998,0.054000000000000006,0.0116,0.0115,0.0438,0.0226,0.0127,-0.0373,-0.0621,0.0022,0.0287,0.0115,0.0167,0.0305,0.019799999999999998,0.0263,-0.0684,-0.1711,-0.050499999999999996,-0.0043,0.0033,0.0003,-0.0028000000000000004,0.0147,0.049699999999999994,0.041100000000000005,0.0151,0.0034000000000000002,-0.035699999999999996,0.0149,0.0075,0.0161,0.026600000000000002,0.047,0.01,0.0245,0.0073
2015-06,0.0,-0.0152,0.029500000000000002,-0.008,0.0301,59.82,2.36,-0.018860885354274482,-0.012458785784615681,-0.014178482068390341,-0.0759,-0.0138,-0.0239,-0.0167,-0.024700000000000003,0.005,0.013300000000000001,0.0015,-0.0072,0.039900000000000005,0.051,0.0044,0.0001,-0.0286,-0.0053,0.040999999999999995,-0.0167,0.0305,-0.055,0.0681,-0.0086,-0.0345,-0.024399999999999998,-0.024,-0.0915,-0.0086,-0.1332,-0.0487,-0.2291,-0.0365,-0.0527,-0.0055000000000000005,-0.0375,-0.0203,-0.046900000000000004,-0.0588,-0.0052,-0.0275,-0.0478,-0.0341,-0.0253,-0.0055000000000000005,0.0033,0.0178,0.0215,-0.028999999999999998,-0.0040999999999999995,-0.0342
2015-07,0.0,0.015700000000000002,-0.0417,-0.0416,0.10039999999999999,50.9,2.32,0.015256975991317616,0.005511199826887922,-0.045685279187817285,-0.027200000000000002,0.0387,0.06849999999999999,0.0354,0.0974,-0.0377,0.0812,-0.0271,0.0073,0.057800000000000004,0.0184,0.0453,0.0348,-0.049100000000000005,0.0134,-0.006999999999999999,0.0147,0.0064,-0.0825,-0.193,-0.0564,-0.042,-0.031200000000000002,-0.0192,0.0513,0.0917,-0.2642,-0.10830000000000001,-0.2681,-0.08900000000000001,0.0265,0.0152,0.0231,0.0487,0.028999999999999998,-0.027999999999999997,0.024,-0.0049,0.0073,0.031400000000000004,-0.011200000000000002,0.062400000000000004,0.0426,0.0256,0.016,0.014199999999999999,0.0021,0.019
2015-08,0.0,-0.0602,0.0037,0.0275,-0.0215,42.87,2.17,0.0009400758884615549,0.01525193428718136,-0.00886524822695034,-0.0461,-0.0404,-0.047,-0.030899999999999997,-0.0401,-0.0479,-0.0757,-0.0842,-0.0701,-0.037599999999999995,-0.0652,-0.0453,-0.091,-0.0729,-0.0584,-0.030699999999999998,-0.018799999999999997,-0.0256,-0.044000000000000004,-0.0455,-0.035,-0.0895,-0.061,-0.0507,-0.0495,-0.0172,-0.0029,-0.0161,0.0809,-0.037200000000000004,-0.0408,-0.08380000000000001,-0.0131,-0.0541,-0.08070000000000001,-0.0553,-0.0698,-0.06,-0.036000000000000004,-0.06509999999999999,-0.0417,-0.0538,-0.0643,-0.0637,-0.055999999999999994,-0.0942,-0.0843,-0.051699999999999996
2015-09,0.0,-0.030600000000000002,-0.0263,0.0055000000000000005,0.0526,45.48,2.17,0.015233813716270181,0.0018083333333333335,0.0062611806797854275,-0.1118,-0.0176,0.0204,0.026000000000000002,0.0252,-0.054299999999999994,-0.10880000000000001,-0.054400000000000004,-0.0048,0.0028000000000000004,-0.09820000000000001,-0.0559,-0.069,-0.0827,-0.0424,-0.059000000000000004,-0.0795,-0.0518,-0.1067,-0.2115,-0.09050000000000001,-0.08800000000000001,-0.0252,-0.0204,-0.099,0.014199999999999999,-0.057999999999999996,-0.060599999999999994,-0.3671,-0.0556,-0.005,-0.025,-0.0131,-0.0116,-0.0241,-0.0086,-0.0414,-0.0236,-0.05,-0.0077,-0.057999999999999996,-0.021099999999999997,0.0059,-0.032400000000000005,-0.0202,-0.043899999999999995,-0.0481,-0.0128
2015-10,0.0,0.0775,-0.0191,-0.0046,-0.0329,46.22,2.07,-0.0072789138917977,0.01075435618612691,0.03022222222222215,0.0868,0.0575,0.0565,0.08070000000000001,0.1085,0.1182,0.1532,0.12179999999999999,0.0616,0.0073,-0.0418,0.0527,0.08789999999999999,0.1663,0.0574,0.0789,0.08109999999999999,0.0255,0.0588,-0.064,0.0859,0.07980000000000001,0.0601,0.09390000000000001,0.0745,0.064,0.18,0.0735,-0.3106,0.12380000000000001,0.0209,0.0907,0.044800000000000006,0.1119,0.0741,0.09179999999999999,0.075,0.1026,0.0984,0.0652,0.0513,0.049400000000000006,0.050300000000000004,0.054900000000000004,0.0518,0.0901,0.077,0.0849
2015-11,0.0,0.005699999999999999,0.0358,-0.0043,0.023,42.44,2.26,-0.0026752560244260905,-0.015358012521524744,-0.06298533218291635,0.018600000000000002,-0.0144,0.026000000000000002,-0.0069,-0.030299999999999997,-0.0222,-0.0006,-0.0017000000000000001,-0.011200000000000002,-0.013999999999999999,0.0091,0.0256,0.0025,0.0169,0.0215,-0.026099999999999998,0.0313,0.0633,-0.0129,0.12869999999999998,0.0197,0.013500000000000002,0.019799999999999998,-0.0052,0.013500000000000002,-0.0001,-0.0552,-0.0625,0.09970000000000001,0.0104,-0.0342,-0.0192,-0.0391,0.0203,-0.0321,0.0032,0.0509,0.0002,-0.0032,-0.011399999999999999,0.0291,0.009000000000000001,-0.009899999999999999,0.030600000000000002,-0.0034000000000000002,-0.014199999999999999,0.032400000000000005,0.0053
2015-12,0.0001,-0.0214,-0.027999999999999997,-0.025699999999999997,0.0333,37.19,2.24,-0.003515192153174776,0.003664486078643026,-0.009208103130755041,0.021,0.0291,0.0033,0.0033,0.0158,-0.0241,-0.016,-0.0582,0.018500000000000003,-0.0421,-0.0248,-0.0034999999999999996,0.0062,-0.0467,0.0278,-0.0262,-0.0424,-0.0634,-0.0222,-0.1467,-0.0571,-0.0019,-0.041299999999999996,-0.0134,-0.0883,-0.0034999999999999996,-0.0199,-0.0727,-0.0669,-0.0966,-0.0239,-0.0296,-0.06559999999999999,-0.0089,-0.0262,-0.0623,-0.004,-0.038599999999999995,-0.024900000000000002,-0.049800000000000004,-0.0168,0.0045000000000000005,-0.0087,-0.032,-0.0053,-0.0545,-0.051399999999999994,0.011699999999999999
2016-01,0.0001,-0.0573,-0.034,0.0208,0.0148,31.68,2.09,0.03126597778929735,0.01523869852500349,0.020446096654274992,-0.0681,-0.0108,-0.0151,-0.0017000000000000001,0.0441,-0.0176,-0.0929,-0.056100000000000004,0.0038,0.0172,-0.048799999999999996,-0.0506,-0.11259999999999999,-0.1107,-0.0771,-0.053099999999999994,-0.0721,-0.10099999999999999,-0.0968,-0.0728,-0.0495,-0.08220000000000001,-0.132,-0.0984,-0.06269999999999999,-0.0218,0.0933,-0.0799,-0.0412,-0.0436,0.0467,0.0039000000000000003,-0.091,-0.047599999999999996,-0.1115,-0.06849999999999999,-0.0673,-0.0443,-0.11109999999999999,-0.0876,-0.0837,-0.0495,-0.0066,-0.1091,-0.06,-0.121,-0.1131,-0.0366
2016-02,0.0002,-0.00039999999999999996,0.0073,-0.0060999999999999995,-0.0436,30.32,1.78,0.019716845154445765,0.029585947963476855,0.09289617486338808,-0.0051,0.021099999999999997,-0.004699999999999999,-0.023399999999999997,0.0095,0.0817,0.0331,-0.0181,-0.0004,0.0131,-0.0288,0.0126,-0.0121,0.06860000000000001,0.0216,0.006500000000000001,0.0382,0.0018,0.0738,0.18469999999999998,0.0489,0.0354,0.0409,0.0341,-0.01,0.0294,0.3186,0.0808,0.0625,-0.030299999999999997,0.0172,0.0091,-0.029500000000000002,-0.024,0.049400000000000006,0.0064,0.0038,0.0323,0.0158,0.071,0.044500000000000005,-0.0034999999999999996,0.0079,-0.0449,-0.0005,-0.0342,-0.022799999999999997,0.0225
2016-03,0.0002,0.06970000000000001,0.0075,0.0123,-0.0504,37.55,1.89,-0.0022067933020771284,-0.008552515570580656,0.03750000000000009,-0.009399999999999999,0.0364,0.0723,0.056799999999999996,0.0492,0.0694,0.0913,0.0708,0.0483,0.0253,0.0882,0.0622,0.0322,0.0839,0.1191,0.036000000000000004,0.1092,0.1207,0.1775,0.0962,0.09789999999999999,0.0911,0.1061,0.037200000000000004,0.09050000000000001,0.028399999999999998,0.0472,0.1572,0.26539999999999997,0.10859999999999999,0.0784,0.0616,0.0308,0.08130000000000001,0.0812,0.09179999999999999,0.08449999999999999,0.0782,0.1117,0.06860000000000001,0.061399999999999996,0.057699999999999994,0.0537,0.06280000000000001,0.0702,0.1082,0.068,0.0746
2016-04,0.0001,0.0093,0.0077,0.0322,-0.0599,40.75,1.81,-0.003078416168445756,0.008833351645188902,-0.002409638554216831,0.0724,0.0121,-0.014499999999999999,0.0037,-0.0028000000000000004,-0.0352,-0.0677,0.0132,-0.005699999999999999,-0.022400000000000003,0.0604,0.0664,0.0458,0.0378,0.0049,0.0154,0.0176,-0.0111,0.0986,0.16949999999999998,0.0347,0.0235,0.0161,0.0509,0.054900000000000004,0.0347,0.3392,0.11470000000000001,0.28300000000000003,0.0916,-0.008,0.0069,-0.0404,-0.0278,-0.0183,-0.0796,-0.006,0.0053,0.0292,-0.011200000000000002,0.0012,-0.0024,-0.023799999999999998,0.06,0.012,-0.024700000000000003,0.027200000000000002,-0.004699999999999999
2016-05,0.0001,0.0179,-0.0018,-0.016200000000000003,0.0139,46.71,1.81,0.0006149531936614231,0.0015083333333333335,0.015297906602254496,0.1664,0.0124,0.0025,-0.009000000000000001,0.008199999999999999,0.0336,0.0602,-0.012199999999999999,0.0034000000000000002,-0.0478,-0.0096,0.0212,0.0273,-0.013000000000000001,0.024300000000000002,-0.0168,0.0373,0.0317,-0.085,-0.0478,0.0032,-0.01,-0.0252,-0.0174,-0.022099999999999998,0.0258,-0.0754,-0.0441,0.015700000000000002,-0.0060999999999999995,0.022400000000000003,0.0017000000000000001,0.0353,0.0481,0.0433,0.0661,0.0336,0.0182,0.016200000000000003,-0.0216,0.015600000000000001,0.0118,-0.0144,0.0194,0.0206,-0.0216,0.0374,-0.0207
2016-06,0.0002,-9.999999999999996e-05,0.006,-0.0149,0.0414,48.76,1.64,0.03336888450717771,0.016994773255534047,0.011895321173671647,-0.0658,0.0753,0.0353,0.053399999999999996,0.07,-0.031,-0.04769999999999999,-0.016,0.034,0.018500000000000003,-0.0044,0.042199999999999994,-0.0092,-0.0109,0.0075,-0.0467,-0.0235,0.0008,0.0258,-0.044500000000000005,-0.0077,-0.0015,-0.0701,0.008,0.0038,0.0437,0.2386,0.0365,0.0526,0.0255,0.07429999999999999,0.0355,0.0104,-0.020499999999999997,-0.022000000000000002,-0.014199999999999999,-0.0024,0.0239,0.0003,-0.0282,0.0163,0.006,0.011200000000000002,-0.0718,-0.0024,-0.0433,-0.06849999999999999,0.0403
2016-07,0.0002,0.039599999999999996,0.024700000000000003,-0.0127,-0.0338,44.65,1.5,0.004019282568261265,0.014230463791145223,0.04780564263322895,0.0368,0.0012,-0.028900000000000002,0.0181,-0.0277,0.047400000000000005,0.0647,0.0781,0.0262,0.0196,0.0248,0.0508,0.0667,0.0434,0.0506,0.09759999999999999,0.063,0.0478,0.1373,0.0604,0.0666,0.051699999999999996,0.0888,0.0407,0.0516,0.0231,0.162,0.045599999999999995,0.20920000000000002,-0.0281,-0.0026,0.0225,0.0506,0.0692,0.0781,0.08869999999999999,0.0524,0.0227,0.04769999999999999,0.0546,0.0344,0.0432,0.0222,0.0481,0.0064,0.0546,0.0719,-0.0074
2016-08,0.0002,0.0050999999999999995,0.011899999999999999,0.0317,-0.0346,44.72,1.56,-0.009910776723786473,-0.00430240590811005,0.002243829468960401,-0.0012,-0.0012,-0.013999999999999999,-0.0086,-0.012,0.0158,0.0079,0.0043,0.0146,0.0103,-0.0684,0.0002,-0.0348,0.024700000000000003,0.0431,0.0166,0.011899999999999999,0.0033,-0.0768,0.041100000000000005,0.0397,0.0015,-0.0048,0.0011,0.03,-0.0452,-0.1382,-0.0815,-0.0453,0.016399999999999998,-0.0378,-0.0317,-0.0412,0.012199999999999999,0.030600000000000002,0.0285,-0.0033,0.0105,0.06280000000000001,0.0109,-0.0102,-0.015700000000000002,-0.0021,0.0625,0.0171,-0.0040999999999999995,0.0562,0.0206
2016-09,0.0002,0.0029000000000000002,0.0209,-0.012199999999999999,0.0023,45.18,1.63,-0.0005266239132687615,-0.005158075330692076,-0.00970149253731345,-0.0403,-0.031400000000000004,-0.0222,0.0177,-0.0278,-0.0398,0.0658,-0.0365,0.003,-0.0674,0.0217,0.0137,0.0033,-0.0172,-0.0294,-0.048799999999999996,-0.025699999999999997,-0.0226,0.024700000000000003,-0.003,0.0268,0.015700000000000002,-0.003,-0.0066,-0.0034999999999999996,-0.0118,0.0258,0.0206,0.0768,0.0282,0.0183,0.004699999999999999,-0.004,0.0070999999999999995,0.0325,0.048499999999999995,0.018600000000000002,-0.0072,0.032,0.0298,-0.0262,-0.0005,-0.0215,-0.023,0.0028000000000000004,-0.0184,-0.0125,-0.0363
2016-10,0.0002,-0.019899999999999998,-0.0441,0.040999999999999995,0.0062,49.78,1.76,-0.020763700307947,-0.010592682626290227,-0.045214770158251705,-0.021,-0.0014000000000000002,-0.0029,-0.0168,0.0461,0.0079,0.0675,-0.0832,-0.0308,-0.0535,-0.0673,-0.0802,-0.07490000000000001,-0.0187,-0.0455,-0.0738,-0.0374,-0.0417,-0.029300000000000003,-0.0181,-0.0392,-0.056799999999999996,-0.0327,0.0259,-0.030299999999999997,0.018500000000000003,-0.054299999999999994,0.030699999999999998,-0.0866,-0.0297,-0.0066,-0.0305,0.001,-0.004,-0.0291,-0.011399999999999999,-0.0555,-0.059800000000000006,-0.0391,-0.0073,-0.0812,-0.037599999999999995,-0.0195,0.0338,-0.011000000000000001,-0.058600000000000006,-0.0059,-0.0073
2016-11,0.0001,0.04870000000000001,0.055999999999999994,0.0832,-0.047400000000000005,45.66,2.14,-0.04667478701563104,-0.033237724453241024,-0.022888713496448276,0.021099999999999997,-0.0557,-0.0398,-0.0579,-0.0512,0.09029999999999999,0.0292,0.0812,-0.0359,0.0132,0.0084,-0.01,0.0319,0.0761,0.0701,0.07919999999999999,0.1066,0.08800000000000001,0.21660000000000001,0.0817,0.12480000000000001,0.09390000000000001,0.0675,0.0836,0.1505,0.0821,-0.11320000000000001,0.19519999999999998,0.20850000000000002,0.0956,-0.0265,0.0654,0.09380000000000001,-0.0015,0.0163,0.0271,0.0216,0.041100000000000005,0.0345,0.1295,0.09539999999999998,0.027200000000000002,0.0861,0.1382,0.109,0.0751,0.157,0.0739
2016-12,0.0003,0.018400000000000003,0.0013,0.035,-0.0026,51.97,2.49,-0.005110525741921123,-0.029574916838974574,-0.06542810985460423,0.0334,0.054400000000000004,0.0248,0.0298,0.054299999999999994,-0.0735,-0.0264,0.0264,0.0165,-0.008199999999999999,0.0091,0.0286,0.0025,0.0034999999999999996,0.0115,0.0171,0.001,0.0019,-0.0216,0.0263,-0.0024,-0.0073,0.0433,0.0141,0.014199999999999999,-0.0538,0.0219,-0.0271,-0.0964,0.0204,0.0361,0.0489,0.031,-0.0009,0.0017000000000000001,0.0291,0.0097,0.0226,-0.0079,0.0097,0.022400000000000003,-0.008,0.0052,0.049100000000000005,0.0177,0.034300000000000004,0.0319,0.033
2017-01,0.0004,0.0198,-0.0116,-0.0274,-0.0092,52.5,2.43,0.002041666666666667,0.007357425861789942,0.030250648228176358,0.0579,0.0101,-0.0025,-0.0095,0.0565,0.0038,0.0576,0.0165,0.0265,0.0033,0.0424,0.0527,0.012199999999999999,0.0383,0.024,0.056299999999999996,0.031400000000000004,0.048799999999999996,0.0349,0.0353,0.0453,0.0406,0.053899999999999997,0.0187,0.029500000000000002,-0.0006,0.10490000000000001,0.1285,-0.053099999999999994,-0.043,0.0109,0.0333,0.0101,0.054900000000000004,0.030600000000000002,0.025099999999999997,0.06559999999999999,0.0183,0.049800000000000004,0.0204,0.0197,0.0108,0.006999999999999999,0.0017000000000000001,0.0087,0.011899999999999999,0.0129,-0.0187
2017-02,0.0004,0.035899999999999994,-0.0213,-0.0152,-0.015300000000000001,53.47,2.42,0.009981119638126132,0.0029080418804139424,0.03523489932885915,0.0394,0.0175,0.008100000000000001,0.061500000000000006,0.07980000000000001,0.0596,-0.001,-0.0017000000000000001,0.05,0.0275,0.0729,0.043,0.0746,0.0313,0.0032,0.0408,0.0208,0.0226,0.0917,0.0711,0.022000000000000002,0.0225,0.008100000000000001,0.06709999999999999,0.0178,0.0557,-0.0819,-0.08460000000000001,-0.094,-0.0242,0.0385,-0.0012,-0.004699999999999999,0.0329,0.0728,0.0708,0.0462,0.0407,0.0001,0.0278,0.026099999999999998,0.0296,0.0254,0.052000000000000005,0.0356,0.056600000000000004,0.0363,0.0326
2017-03,0.0003,0.002,0.0113,-0.0333,-0.0096,49.33,2.48,-0.001577866493554589,-0.0032842287492445147,-0.002431118314424663,-0.0042,-0.0084,0.0392,0.0088,0.0105,0.015600000000000001,0.0639,0.011899999999999999,-0.0034000000000000002,0.0077,-0.0075,0.0242,-0.0034999999999999996,0.022000000000000002,0.0032,0.0129,0.0171,0.0345,-0.0617,0.003,0.0151,0.0055000000000000005,-0.0031,-0.016200000000000003,-0.042,0.0085,-0.0433,-0.018600000000000002,0.055099999999999996,-0.0124,0.0038,0.0088,0.0317,0.0177,0.003,0.0337,0.0075,0.0046,-0.0103,-0.0288,-0.0111,0.008100000000000001,0.0275,-0.0294,-0.0103,0.015300000000000001,-0.0206,-0.013999999999999999
2017-04,0.0005,0.011300000000000001,0.0068000000000000005,-0.0208,0.0051,51.06,2.3,0.01172801375826366,0.01792184292180916,0.02924451665312744,0.030600000000000002,0.0059,0.0068000000000000005,0.019299999999999998,-0.0009,-0.042300000000000004,0.0373,-0.0139,-0.0045000000000000005,-0.0102,-0.0137,0.050199999999999995,0.0031,0.013300000000000001,0.0644,0.025699999999999997,0.011399999999999999,0.0022,-0.005600000000000001,0.037599999999999995,0.04019999999999999,-0.0045000000000000005,0.0184,0.0473,0.030899999999999997,0.0104,0.026600000000000002,-0.0227,-0.1185,-0.0269,0.0032,0.0011,0.029900000000000003,0.0392,0.017,-0.0029,0.044199999999999996,0.0159,0.0404,0.0223,-0.0332,0.0333,0.0432,-0.006999999999999999,0.0245,0.0633,-0.0036,-0.0129
2017-05,0.0006,0.011300000000000001,-0.025099999999999997,-0.0382,0.0149,48.48,2.3,0.009022254344065696,0.0019166666666666666,-0.016574585635359074,0.0044,-0.0011,0.0584,0.043,0.061799999999999994,0.0455,0.0321,-0.0161,0.0173,-0.018000000000000002,-0.0206,0.0207,-0.0060999999999999995,-0.0058,0.0388,0.0177,-0.0202,-0.0279,-0.046,-0.022099999999999998,0.029900000000000003,-0.021,-0.0048,0.0305,-0.0215,0.0464,0.009000000000000001,-0.016,-0.0512,-0.0339,0.024399999999999998,-0.0152,-0.006999999999999999,0.0374,-0.0118,0.0639,0.0354,0.029500000000000002,0.0278,0.0275,0.0254,0.0062,0.0709,-0.0218,0.0138,0.0296,-0.0137,-0.0167
2017-06,0.0006,0.0085,0.0222,0.0151,-0.0011,45.18,2.19,-0.007086431366402362,0.011693415457749162,0.011235955056179803,0.0103,-0.0418,-0.0074,-0.0121,-0.012199999999999999,0.0174,-0.0042,0.029900000000000003,-0.003,0.0932,0.0707,0.037000000000000005,0.057999999999999996,0.0197,0.005,0.0151,0.0246,0.0584,-0.0019,-0.005,-0.0016,0.0199,0.0359,0.016,0.0436,-0.0121,-0.053,0.008199999999999999,0.0227,-0.0012,-0.0191,-0.0246,0.049800000000000004,-0.006,-0.0182,-0.0444,-0.0079,0.015,0.0369,0.0344,0.0019,-0.023799999999999998,-0.024700000000000003,0.0682,0.0375,0.030899999999999997,0.0642,0.011200000000000002
2017-07,0.0007000000000000001,0.019499999999999997,-0.014499999999999999,-0.0023,0.016399999999999998,46.63,2.32,0.0028133508793710777,-0.009793170272052643,-0.0182539682539683,-0.008199999999999999,0.013500000000000002,0.0263,0.012199999999999999,-0.0438,-0.0504,0.0621,0.0294,0.018600000000000002,0.013300000000000001,-0.055999999999999994,-0.0015,0.0132,0.011200000000000002,-0.0421,0.022400000000000003,0.0060999999999999995,-0.0012,0.013000000000000001,0.0605,0.030600000000000002,-0.0002,-0.0095,0.07730000000000001,-0.030899999999999997,0.0481,0.1193,0.0779,0.12789999999999999,0.0196,0.029900000000000003,0.0533,0.0064,0.041100000000000005,0.0187,0.037599999999999995,0.0126,-0.027000000000000003,-0.0111,-0.046,-0.0079,0.0104,-0.0235,0.0103,0.0294,0.0131,0.0334,0.006999999999999999
2017-08,0.0009,0.0027,-0.0167,-0.0213,0.0336,48.04,2.21,0.017914982870256196,0.011700307366155236,0.037186742118027416,0.0018,-0.0487,0.0037,0.0105,-0.0087,-0.0965,-0.003,-0.054299999999999994,0.0008,-0.0496,-0.023700000000000002,0.0015,0.0342,0.0165,-0.0171,0.0127,-0.0108,0.0005,0.0167,0.0298,-0.0184,-0.0268,0.019,0.0235,0.0036,0.0464,0.0253,0.0048,-0.0051,-0.0518,0.0218,-0.0248,0.0349,0.014199999999999999,0.0161,0.058899999999999994,0.0452,0.011399999999999999,-0.0029,0.0053,-0.042300000000000004,-0.0166,0.013500000000000002,-0.0149,-0.0045000000000000005,-0.021,-0.018500000000000003,0.0067
2017-09,0.0009,0.025800000000000003,0.044500000000000005,0.0315,-0.0134,49.82,2.2,-0.01706718517854048,0.0027344764699735323,0.024162120031177015,0.022799999999999997,0.0069,-0.0042,-0.0292,-0.0204,-0.0024,0.0395,0.0304,-0.002,0.013600000000000001,-0.0173,0.0126,0.024900000000000002,0.044800000000000006,0.0654,0.0004,0.0782,0.0732,0.0373,0.0601,0.0913,0.0559,0.07629999999999999,0.0246,0.0789,0.0331,-0.0255,-0.0179,0.0139,0.1105,-0.0195,-0.015,0.0344,0.005,0.039,-0.0008,0.031,0.0265,0.0202,0.0637,0.045700000000000005,0.028399999999999998,0.0013,0.0632,0.021099999999999997,0.0202,0.0669,0.006999999999999999
2017-10,0.0009,0.0235,-0.019299999999999998,0.0013,0.0424,51.58,2.36,-0.002495647818502032,-0.012458785784615681,-0.025875190258751957,0.0167,0.0022,0.015700000000000002,0.013000000000000001,-0.0282,-0.0535,0.0274,-0.0187,-0.0305,0.0278,-0.0365,0.039599999999999996,-0.0337,0.056600000000000004,0.0255,0.0542,0.0279,0.0932,0.0229,0.0525,0.055999999999999994,0.0464,0.022000000000000002,0.019,0.0223,-0.0095,-0.0472,0.0294,0.0217,0.0040999999999999995,0.0302,-0.0558,0.0049,0.0641,0.0161,0.0898,0.053099999999999994,0.0472,0.032,-0.018600000000000002,-0.0085,0.0327,0.0387,0.032,0.0454,0.0387,0.0217,-0.0262
2017-11,0.0008,0.032,-0.006,-0.0009,-0.0091,56.64,2.35,-0.0015576605066197928,0.0028527999567219725,0.0015624999999999112,-0.016,0.0632,0.0187,0.0441,0.0141,0.0725,0.0302,0.1155,0.0471,0.0729,0.0359,0.04650000000000001,0.0195,0.0215,0.024399999999999998,0.0755,0.055099999999999996,0.08990000000000001,-0.0144,0.0395,0.022000000000000002,0.0052,0.0060999999999999995,0.0405,0.0345,0.0329,0.0044,0.0011,0.0942,0.0292,0.0242,0.0401,0.0139,0.0033,0.0495,0.0208,0.0178,0.0562,-0.0048,0.0688,0.036699999999999997,0.0904,0.0533,0.0296,0.053,0.0192,0.0584,0.0054
2017-12,0.0009,0.0115,-0.0132,0.0005,-0.015700000000000002,57.88,2.4,0.003783631805303717,-0.0024745475526614384,-0.01404056162246492,-0.0182,-0.0016,0.0066,0.044000000000000004,0.0496,-0.056600000000000004,0.0137,0.0148,0.024,0.045599999999999995,0.030899999999999997,-0.0391,0.0044,0.0063,-0.0131,-0.0222,0.0223,0.0069,0.1321,-0.0245,0.0248,0.0331,-0.0123,0.0405,0.015700000000000002,0.005,0.0206,0.13849999999999998,0.1168,0.049800000000000004,-0.049800000000000004,0.0449,0.0137,0.0036,0.0086,-0.0097,-0.0217,-0.0084,-0.009399999999999999,0.03,0.0429,0.0263,0.0127,0.018799999999999997,-0.0163,0.0091,0.021,0.0088
2018-01,0.0011,0.0569,-0.0316,-0.0132,0.0406,63.7,2.58,-0.0262996763876761,-0.013918567968067798,0.053006329113924,0.0435,0.0037,0.0576,-0.0012,0.0013,0.038,0.18289999999999998,0.049699999999999994,-0.0233,0.07150000000000001,0.0817,0.1009,0.0555,0.0171,0.0034000000000000002,0.016,0.0105,-0.0118,0.036000000000000004,0.0409,0.0383,0.0227,0.035699999999999996,0.1322,-0.0134,0.0882,0.0675,0.0276,0.0091,0.027999999999999997,-0.0281,0.0315,0.0524,0.09449999999999999,0.0843,0.0416,0.0836,0.0472,0.031,0.0253,0.0473,0.1155,0.0252,0.0728,0.04019999999999999,0.0371,0.0524,0.0403
2018-02,0.0011,-0.035300000000000005,0.0027,-0.011000000000000001,0.036000000000000004,62.23,2.86,-0.010789288100215871,-0.022391130797183405,0.0,0.0121,-0.0679,-0.08380000000000001,-0.0674,-0.0661,0.0067,0.0076,-0.0342,-0.0666,-0.0191,-0.019799999999999998,-0.027200000000000002,-0.0375,-0.051699999999999996,-0.0839,-0.12480000000000001,-0.0949,-0.1008,-0.0199,0.0037,-0.042199999999999994,-0.0555,-0.0632,-0.0015,0.0296,0.0006,-0.0581,-0.0276,0.0587,-0.1094,-0.0454,-0.0705,-0.0394,-0.0171,0.0354,0.0286,-0.039900000000000005,-0.056600000000000004,-0.037200000000000004,-0.0629,-0.053899999999999997,-0.044500000000000005,-0.0403,-0.0217,-0.044199999999999996,-0.0338,-0.0134,-0.052199999999999996
2018-03,0.0012,-0.0223,0.0405,-0.0021,-0.0121,62.73,2.84,0.013623116953703192,0.004112103089870298,-0.004507888805409421,-0.0495,-0.0226,-0.0042,0.0125,-0.0165,-0.0924,0.0037,-0.0013,0.0187,0.0068000000000000005,-0.013500000000000002,0.0031,-0.0302,-0.0187,0.0168,-0.0216,-0.0073,0.018600000000000002,-0.0587,0.024,-0.0115,-0.0147,-0.06709999999999999,-0.061,-0.008100000000000001,-0.031400000000000004,0.0279,-0.008,-0.0645,0.0318,0.0317,-0.0253,0.026099999999999998,-0.0329,-0.0259,-0.0321,-0.0040999999999999995,-0.0509,-0.0155,0.0058,-0.0104,-0.033,-0.0028000000000000004,-0.0464,-0.021400000000000002,0.0451,-0.0131,-0.0349
2018-04,0.0014000000000000002,0.0041,0.0109,0.0053,0.0045000000000000005,66.25,2.87,-0.015976890395218817,-0.00022905366901026895,0.007547169811320753,0.08,-0.0336,-0.0078000000000000005,-0.0437,-0.1417,0.0644,0.0302,-0.004699999999999999,-0.055999999999999994,0.0329,0.0009,0.0297,-0.0070999999999999995,0.0077,0.0028000000000000004,-0.0958,-0.051100000000000007,-0.0083,0.0368,0.0406,-0.056299999999999996,-0.0659,0.0017000000000000001,-0.0182,-0.005,-0.0417,0.005699999999999999,-0.042199999999999994,-0.024900000000000002,0.1009,0.0278,-0.0231,0.0067,0.0126,0.020099999999999996,-0.030299999999999997,-0.026099999999999998,-0.0736,-0.0138,0.0026,0.0086,0.041100000000000005,0.036699999999999997,0.009899999999999999,0.0352,-0.0116,-0.0155,-0.0121
2018-05,0.0014000000000000002,0.028000000000000004,0.0524,-0.031400000000000004,0.0391,69.98,2.98,0.012784948217262391,-0.007111868191595016,-0.02397003745318349,0.0154,-0.0083,-0.0128,-0.012199999999999999,-0.0187,0.0083,0.09519999999999999,0.0072,-0.0033,0.038900000000000004,0.0783,0.0576,0.0124,0.022799999999999997,-0.0127,-0.014199999999999999,0.0437,-0.0060999999999999995,0.0558,0.0298,0.0288,0.07980000000000001,0.0362,0.0451,0.03,0.0037,-0.0007000000000000001,0.0385,0.1167,0.0334,0.0027,-0.0131,-0.0040999999999999995,0.0587,-0.0018,0.1101,0.0319,0.018799999999999997,-0.030699999999999998,0.0493,0.015700000000000002,0.0129,-0.0208,0.0105,-0.010700000000000001,-0.0326,0.0034999999999999996,0.0001
2018-06,0.0014000000000000002,0.0063,0.0111,-0.0233,-0.0229,67.87,2.91,0.0006269969690496299,0.00849828467353797,-0.016116653875671516,0.0024,0.0613,0.0415,0.044000000000000004,0.0308,0.057,0.0478,0.0235,0.0406,0.0677,0.016,0.0259,0.012,0.0034999999999999996,0.005,0.0342,-0.011899999999999999,-0.0189,-0.050199999999999995,-0.049699999999999994,-0.0501,-0.0146,0.006500000000000001,-0.0319,-0.0026,-0.052000000000000005,-0.033,-0.0144,0.0407,0.004699999999999999,0.025699999999999997,0.06509999999999999,0.0187,0.0109,0.0072,-0.0311,0.0007000000000000001,0.0013,-0.0253,-0.035,0.0034000000000000002,0.0416,-0.0292,-0.009300000000000001,0.0028000000000000004,-0.0202,-0.033,-0.0174
2018-07,0.0016,0.0336,-0.0222,0.004699999999999999,-0.0143,70.98,2.89,-0.007137935784209222,0.004149504145002341,-0.03432137285491421,0.0058,0.0031,0.056600000000000004,0.0354,0.0524,0.0435,-0.0703,-0.0462,0.022799999999999997,0.0070999999999999995,0.0751,0.022799999999999997,0.0667,0.048499999999999995,0.0581,-0.0908,0.051699999999999996,-0.0022,0.0425,0.135,0.0611,0.0908,-0.031200000000000002,0.0719,0.0888,0.09849999999999999,-0.0308,-0.0206,-0.031,0.0109,0.0168,0.0273,0.0512,0.022099999999999998,-0.002,0.0227,0.0823,0.0653,0.038900000000000004,0.0784,0.023799999999999998,0.034,0.013999999999999999,0.043899999999999995,0.0521,0.0277,0.0239,0.0596
2018-08,0.0016,0.0361,0.011699999999999999,-0.0393,0.0533,68.06,2.89,0.011067934485807389,0.0024083333333333335,-0.029079159935379684,-0.0382,0.0104,-0.031200000000000002,-0.019,-0.054400000000000004,0.0605,0.023,-0.0462,0.0259,0.0508,0.057300000000000004,0.061200000000000004,0.0403,0.0002,0.0052,0.0364,0.0028000000000000004,0.006999999999999999,-0.0323,-0.008199999999999999,-0.0212,-0.0022,-0.0174,-0.0239,0.0116,-0.0029,-0.1531,-0.0973,-0.0070999999999999995,-0.028900000000000002,0.009300000000000001,0.028900000000000002,0.0060999999999999995,0.053,0.1065,0.1073,0.0362,-0.0026,-0.0063,0.0291,0.0369,0.0907,0.0366,0.026600000000000002,0.0366,-0.0412,0.0019,0.024
2018-09,0.0015,0.0021,-0.0229,-0.0168,-0.001,70.23,3.0,-0.014039979353767633,-0.007085813870107847,-0.0033277870216306127,-0.059800000000000006,-0.0227,0.031200000000000002,0.002,0.0538,0.061,-0.0104,-0.021099999999999997,0.011000000000000001,0.0111,-0.0031,0.0384,0.018500000000000003,-0.0311,0.018799999999999997,-0.06509999999999999,-0.014499999999999999,-0.049800000000000004,-0.0069,0.023799999999999998,0.0083,-0.002,-0.050499999999999996,0.06709999999999999,0.0245,0.0717,-0.024,-0.0158,-0.0608,0.0347,-0.005699999999999999,0.0179,-0.020499999999999997,-0.0022,0.0003,-0.0051,0.011000000000000001,-0.009399999999999999,0.0187,0.0125,-0.0147,0.0051,0.0298,-0.0296,0.0101,-0.0504,-0.0335,0.0026
2018-10,0.0019,-0.0746,-0.0467,0.034300000000000004,-0.02,70.75,3.15,-0.006021534302417595,-0.010376479088811388,0.014190317195325486,-0.0401,0.009000000000000001,0.012199999999999999,-0.016,0.079,-0.1431,-0.1598,-0.0571,-0.0036,-0.1007,-0.0643,-0.12359999999999999,-0.0809,-0.1109,-0.1155,-0.25989999999999996,-0.16210000000000002,-0.0915,-0.1162,-0.1059,-0.1408,-0.11789999999999999,0.009899999999999999,-0.0928,-0.17010000000000003,-0.1444,0.0051,-0.126,0.0131,-0.1177,-0.0006,-0.0040999999999999995,-0.042300000000000004,-0.0919,-0.0809,-0.0788,-0.09630000000000001,-0.0949,-0.11019999999999999,-0.09759999999999999,-0.0779,-0.10289999999999999,-0.016200000000000003,-0.060899999999999996,-0.0471,-0.1142,-0.046799999999999994,-0.0552
2018-11,0.0018,0.0189,-0.0072,0.0034000000000000002,-0.014199999999999999,56.96,3.12,0.014554661294818605,0.005181355991746826,0.004938271604938205,-0.068,0.0025,0.0681,0.058499999999999996,-0.08410000000000001,-0.057999999999999996,0.0016,0.0375,0.0639,-0.0097,0.034300000000000004,0.0455,0.0706,0.049800000000000004,0.0636,0.0291,0.0506,0.0168,-0.03,-0.0438,0.0727,0.0363,0.038,0.0076,0.07400000000000001,0.013000000000000001,0.0248,-0.0184,-0.1409,-0.0216,0.0326,0.0252,0.0403,0.011899999999999999,0.0013,-0.0842,0.0716,0.0758,0.10210000000000001,0.0621,0.0317,0.018500000000000003,0.0639,0.029300000000000003,0.044199999999999996,0.051399999999999994,-0.0022,0.0232
2018-12,0.0019,-0.0936,-0.0233,-0.018799999999999997,0.0175,49.52,2.83,0.029964620536081846,0.027347903680733688,0.02375102375102367,-0.13269999999999998,-0.1112,-0.07780000000000001,-0.09720000000000001,-0.1585,-0.1589,-0.07719999999999999,-0.1446,-0.0546,-0.0784,-0.1531,-0.08460000000000001,-0.077,-0.078,-0.08900000000000001,-0.1002,-0.12269999999999999,-0.0962,-0.1479,-0.0316,-0.09630000000000001,-0.1229,-0.11289999999999999,-0.10189999999999999,-0.1747,-0.1174,0.0721,-0.1065,-0.0209,-0.1317,-0.04769999999999999,-0.087,-0.12300000000000001,-0.07690000000000001,-0.0956,-0.0882,-0.0919,-0.0755,-0.1251,-0.1517,-0.1121,-0.09119999999999999,-0.062400000000000004,-0.1295,-0.09939999999999999,-0.1216,-0.0863,-0.0674
2019-01,0.0021,0.0858,0.0273,-0.004,-0.0864,51.38,2.71,0.0074718250126815326,0.012746351519035644,0.033600000000000074,0.1461,0.0852,0.037000000000000005,0.0353,0.0787,0.1534,0.1935,0.1338,0.0658,0.1249,0.113,0.0943,0.04,0.0553,0.0695,0.09699999999999999,0.13119999999999998,0.1354,0.171,0.1041,0.1094,0.1134,0.0977,0.1551,0.064,0.10369999999999999,0.001,0.09970000000000001,0.1424,0.1033,0.0538,0.0545,0.047400000000000005,0.1059,0.0992,0.0637,0.0932,0.0689,0.1292,0.0993,0.0883,0.08990000000000001,0.0458,0.1065,0.08789999999999999,0.154,0.0827,0.063
2019-02,0.0018,0.036000000000000004,0.020499999999999997,-0.026600000000000002,0.0076,54.95,2.68,-0.006551268119824639,0.004870819442582836,0.021671826625387025,-0.0023,-0.0355,-0.0359,0.0239,0.10210000000000001,0.0823,0.036000000000000004,0.039900000000000005,0.0475,0.0555,0.014499999999999999,0.038,0.033,0.038900000000000004,0.042199999999999994,0.0673,0.0588,0.0209,0.0227,0.14550000000000002,0.038900000000000004,0.0536,0.0268,0.10300000000000001,0.030299999999999997,0.0682,-0.0087,0.0873,-0.042699999999999995,0.0245,0.0355,0.0304,0.056100000000000004,0.045700000000000005,0.0786,0.0687,0.0894,0.0351,0.014499999999999999,0.0415,0.0455,-0.0004,0.0429,0.0438,-0.0105,0.0493,0.0265,0.0062
2019-03,0.0019,0.012900000000000002,-0.030600000000000002,-0.0416,0.0227,58.15,2.57,0.030113898280683435,0.011826715968925348,-0.014393939393939403,0.0137,0.0555,0.0125,0.049100000000000005,0.0646,-0.0327,0.0007000000000000001,-0.053099999999999994,0.0436,-0.0029,-0.0345,0.0208,0.004,-0.0152,0.023399999999999997,-0.0776,-0.0183,0.0282,-0.04650000000000001,-0.0176,0.0025,-0.038900000000000004,-0.0604,-0.0676,-0.0374,-0.031400000000000004,0.0308,0.059800000000000006,-0.0189,0.0206,0.0333,0.006,-0.0078000000000000005,0.0316,0.022000000000000002,0.052199999999999996,0.0315,0.0078000000000000005,0.038599999999999995,-0.0042,-0.0151,0.039,0.0382,-0.0288,-0.011699999999999999,-0.0275,-0.031400000000000004,0.0042
2019-04,0.0021,0.0418,-0.0169,0.0213,-0.0291,63.86,2.53,-0.0068309023813086,0.0056492865820142735,-0.01152959262106068,0.0026,0.0256,0.0525,0.06570000000000001,-0.0355,0.0857,0.0608,0.0152,0.0323,0.05,0.004,-0.037599999999999995,-0.032400000000000005,0.055,0.0677,0.0684,0.0639,0.0806,-0.0264,-0.005,0.0645,0.064,0.0426,0.0354,0.0408,0.1059,-0.107,0.0073,0.0286,0.0011,0.01,0.059800000000000006,0.0308,0.0625,0.050300000000000004,0.06309999999999999,0.015600000000000001,-0.035,0.0281,0.0496,0.0392,0.0495,0.039599999999999996,0.0874,0.021099999999999997,0.0417,0.0928,0.0653
2019-05,0.0021,-0.06709999999999999,-0.012199999999999999,-0.0236,0.0756,60.83,2.4,0.03463418839438326,0.013530811435871624,-0.0015552099533436836,-0.0493,-0.0546,0.0028000000000000004,-0.039900000000000005,-0.10289999999999999,-0.013300000000000001,-0.094,-0.0908,-0.0385,-0.10890000000000001,-0.047599999999999996,-0.0297,-0.0341,-0.1293,-0.0971,-0.023399999999999997,-0.09380000000000001,-0.049400000000000006,-0.15460000000000002,-0.10800000000000001,-0.11789999999999999,-0.11699999999999999,-0.1445,-0.08810000000000001,-0.11599999999999999,0.0227,0.0297,-0.1092,-0.1211,-0.1193,-0.0155,-0.03,-0.024900000000000002,-0.0582,-0.0942,-0.13390000000000002,-0.0662,-0.10439999999999999,-0.0506,-0.0934,-0.0592,-0.07,-0.0141,-0.07440000000000001,0.004699999999999999,-0.1371,-0.0693,-0.0713
2019-06,0.0018,0.0717,0.001,-0.0072,-0.0226,54.66,2.07,0.014326633402256515,0.031184041274790977,0.05841121495327095,0.107,0.0484,0.04190000000000001,0.0525,0.01,0.0929,0.07200000000000001,0.0872,0.06849999999999999,0.0904,0.10369999999999999,0.0978,0.058600000000000006,0.1096,0.08839999999999999,0.09720000000000001,0.1174,0.055999999999999994,0.1604,0.030699999999999998,0.1232,0.1065,0.1392,0.0719,0.1045,0.0719,0.1858,0.1398,0.0296,0.08900000000000001,0.0364,0.051500000000000004,0.0659,0.056900000000000006,0.0669,0.1231,0.11320000000000001,0.078,0.10099999999999999,0.0669,0.0747,0.0722,0.0737,0.0698,0.0405,0.12029999999999999,0.0625,0.075
2019-07,0.0019,0.0142,-0.0196,0.005,0.029300000000000003,57.35,2.06,-0.00013788862996036823,0.002624105922185508,0.039735099337748325,0.0053,0.024900000000000002,0.0294,-0.0215,0.0338,0.1382,-0.0387,0.0335,0.0489,0.009300000000000001,0.0248,0.0121,-0.0334,0.0132,-0.0151,-0.1115,0.0034999999999999996,0.0026,-0.0254,-0.0192,0.0060999999999999995,-0.008100000000000001,0.0095,-0.0223,0.030699999999999998,-0.002,-0.0443,-0.0216,-0.1192,-0.0262,-0.0101,0.020499999999999997,0.0268,0.0365,0.0269,0.0548,-0.042199999999999994,0.0024,0.0144,0.0195,0.0014000000000000002,0.005600000000000001,0.0323,0.0363,0.022000000000000002,0.0405,0.0271,-0.021400000000000002
2019-08,0.0016,-0.023899999999999998,-0.0239,-0.04769999999999999,0.0747,54.81,1.63,0.048554564089755524,0.040397663068063416,0.06157112526539277,-0.013000000000000001,-0.0007000000000000001,0.026600000000000002,0.0617,-0.1105,0.018799999999999997,-0.0731,-0.0449,0.0158,-0.059000000000000004,-0.0518,-0.0043,-0.0037,-0.0516,-0.0288,-0.0547,-0.0285,0.0319,-0.12029999999999999,-0.1133,-0.0638,-0.0516,-0.08,0.0406,-0.1001,0.056600000000000004,0.0922,-0.06860000000000001,-0.1519,-0.08529999999999999,0.0345,0.0029,-0.013500000000000002,-0.021,-0.0992,-0.0191,-0.0083,-0.045899999999999996,0.0178,-0.071,-0.0245,-0.001,0.0149,-0.0509,-0.052000000000000005,-0.0412,-0.0327,-0.0365
2019-09,0.0018,0.0159,-0.0097,0.0676,-0.0674,56.95,1.7,-0.015407217724330105,-0.005076829106463981,0.007333333333333414,-0.0414,0.016200000000000003,-0.005,0.017,0.0199,-0.0632,-0.0414,0.006500000000000001,0.0173,0.0986,0.009399999999999999,-0.0154,-0.0096,0.0512,0.0105,0.0737,0.063,0.0644,0.0709,0.013000000000000001,0.0608,0.0557,0.057,0.023399999999999997,0.0434,0.012,-0.0519,0.0666,-0.08650000000000001,0.0379,0.0394,0.0126,-0.0105,-0.0098,0.0334,0.0467,0.0336,0.0271,-0.009399999999999999,0.004699999999999999,0.0582,0.008199999999999999,-0.025,0.0395,-0.0008,0.031,0.022000000000000002,0.028300000000000002
2019-10,0.0015,0.0222,0.0027,-0.0192,0.0013,53.96,1.71,0.0004830190780255539,0.0005006146076768777,-0.010589013898080757,-0.0458,-0.0206,-0.005,-0.0106,0.081,0.0552,0.0575,0.0297,-0.0068000000000000005,-0.0222,0.0258,0.03,0.0525,-0.011699999999999999,0.014199999999999999,0.10800000000000001,0.0397,0.0191,0.0354,-0.0313,0.063,0.0304,0.0717,-0.0378,0.004699999999999999,-0.038,0.059800000000000006,-0.008,-0.11109999999999999,-0.0209,-0.0139,0.0219,-0.022000000000000002,0.0195,0.0008,0.0746,0.0034000000000000002,-0.0028000000000000004,0.0083,0.0155,0.026699999999999998,0.0151,-0.043,0.0371,0.041100000000000005,0.013600000000000001,0.0115,0.027000000000000003
2019-11,0.0012,0.0399,0.0072,-0.02,-0.026099999999999998,57.03,1.81,-0.006840313581701485,-0.007730881269830973,-0.016053511705685586,-0.0068000000000000005,0.0341,-0.0018,-0.006,0.0552,0.0412,0.064,-0.0118,-0.0134,0.0546,0.0827,0.04650000000000001,0.055,0.0382,-0.0034999999999999996,-0.0226,0.045899999999999996,0.019,0.0608,-0.044500000000000005,0.0296,0.0892,0.0313,0.061500000000000006,0.11720000000000001,0.0552,-0.027000000000000003,0.059699999999999996,-0.09789999999999999,0.0115,-0.021400000000000002,0.024700000000000003,-0.0046,0.0519,0.0059,0.0594,0.0521,0.0362,0.0181,0.0276,0.041299999999999996,0.0206,0.027000000000000003,0.0504,0.06509999999999999,0.068,0.0724,0.0441
2019-12,0.0014000000000000002,0.0291,0.0076,0.0173,-0.022400000000000003,59.88,1.86,-0.01128956527164809,-0.003046501937902165,0.005438477226376692,0.1114,0.030600000000000002,0.0397,0.0139,0.0321,-0.0102,0.0492,0.0326,0.025699999999999997,0.0789,0.031,0.0124,0.0408,0.013600000000000001,0.0311,-0.0337,0.024300000000000002,-0.0265,0.0078000000000000005,0.1165,0.0387,0.023799999999999998,0.0751,-0.053,0.0029,-0.0031,0.14859999999999998,0.0828,0.006500000000000001,0.06280000000000001,0.0412,0.0104,0.037000000000000005,0.018000000000000002,0.0398,0.0733,0.0409,0.027200000000000002,0.0059,-0.0021,0.0241,0.0121,0.0227,0.0322,0.0215,0.0565,0.008199999999999999,0.0174
2020-01,0.0013,0.00019999999999999987,-0.031,-0.0622,0.0602,57.52,1.76,0.03874280021123475,0.010636689031379369,0.05544286680189314,-0.0331,-0.0138,0.0521,0.027000000000000003,-0.0366,-0.0337,0.0101,-0.0432,0.004,-0.0632,0.0062,-0.0096,-0.0245,-0.0753,-0.0308,-0.0455,-0.0128,0.059500000000000004,-0.1531,-0.0741,-0.0512,-0.0438,0.09449999999999999,0.0019,-0.0235,0.09720000000000001,0.0163,-0.0904,-0.23129999999999998,-0.1189,0.0483,-0.0212,-0.0051,0.0516,-0.015300000000000001,0.0225,-0.0248,-0.0604,-0.0097,-0.0015,-0.030299999999999997,0.011399999999999999,0.015,-0.037000000000000005,-0.0275,-0.0187,0.0298,0.008100000000000001
2020-02,0.0012,-0.0803,0.0108,-0.0382,-0.0025,50.54,1.5,0.03640568628257288,0.025211776380287727,0.023062139654068003,-0.0611,-0.0931,-0.0819,-0.0748,-0.06709999999999999,-0.1711,-0.0368,-0.0667,-0.08460000000000001,-0.1011,-0.0501,-0.0762,-0.0479,-0.0974,-0.0817,-0.0815,-0.08380000000000001,-0.0868,-0.1027,-0.106,-0.053200000000000004,-0.06509999999999999,-0.0625,-0.1219,-0.1096,-0.121,-0.0285,-0.12119999999999999,-0.0873,-0.1553,-0.0989,-0.0622,-0.0626,-0.0555,-0.10679999999999999,-0.0885,-0.0833,-0.0747,-0.0726,-0.1091,-0.094,-0.0603,-0.09380000000000001,-0.1151,-0.0891,-0.0989,-0.1057,-0.0843
2020-03,0.0012,-0.13249999999999998,-0.046900000000000004,-0.1383,0.08199999999999999,29.21,0.87,0.041493044261880975,0.05955026203515538,-0.003130870381966133,-0.1119,-0.042199999999999994,-0.15460000000000002,-0.1,-0.0643,-0.1885,-0.163,-0.22699999999999998,-0.0675,-0.1766,-0.1858,-0.1144,-0.023799999999999998,-0.17370000000000002,-0.094,-0.3602,-0.2564,-0.3214,-0.2208,-0.3371,-0.17489999999999997,-0.2107,-0.2409,-0.358,-0.23550000000000001,-0.0843,-0.0037,-0.1902,-0.40990000000000004,-0.3465,-0.1305,-0.1322,-0.285,-0.1112,-0.0839,-0.08789999999999999,-0.0824,-0.0973,-0.0967,-0.16820000000000002,-0.1773,-0.045,-0.2212,-0.23920000000000002,-0.1277,-0.361,-0.1689,-0.1496
2020-04,0.0,0.136,0.025,-0.0134,-0.056100000000000004,16.55,0.66,0.006368380821826524,0.020795673052917924,0.0571608040201006,0.0959,0.0861,0.047599999999999996,0.1094,0.019799999999999998,0.18030000000000002,0.1467,0.084,0.1025,0.09570000000000001,0.1567,0.1388,0.132,0.16760000000000003,0.1834,0.1319,0.1344,0.2202,0.1164,0.11320000000000001,0.0974,0.1458,0.2884,0.0703,0.1283,0.1371,0.3184,0.1234,0.1795,0.3284,0.0518,0.09210000000000002,0.15439999999999998,0.16,0.09390000000000001,0.1437,0.161,0.10490000000000001,0.0771,0.0861,0.1253,0.18789999999999998,0.1867,0.1144,0.1186,0.12710000000000002,0.138,0.0232
2020-05,0.0001,0.0558,0.024,-0.05,0.0015,28.56,0.67,-0.0004338408585417608,-0.00041617286750177574,0.019607843137254832,0.051699999999999996,0.0368,0.0406,0.0092,-0.0121,0.0158,0.0336,0.11789999999999999,0.0213,0.1143,0.0451,0.052300000000000006,0.0387,0.09230000000000001,0.10310000000000001,0.08039999999999999,0.1139,0.1503,0.0582,0.0434,0.0711,0.09609999999999999,0.09179999999999999,0.0521,0.0837,0.0103,-0.0034000000000000002,0.048,0.0317,0.005600000000000001,0.0463,0.0481,0.073,0.0783,0.09910000000000001,0.0788,0.0711,0.0288,0.030699999999999998,0.0805,0.0799,0.042800000000000005,0.026000000000000002,0.0282,0.037599999999999995,0.054900000000000004,0.0613,0.0060999999999999995
2020-06,0.0001,0.0246,0.026699999999999998,-0.0217,-0.0087,38.31,0.73,-0.00042500668098449917,-0.005235703173356012,0.00932400932400923,-0.0256,-0.0029,-0.032799999999999996,0.0034999999999999996,-0.0075,0.09140000000000001,0.0259,0.0131,0.0197,0.025,-0.028300000000000002,-0.015700000000000002,-0.0132,0.008,0.0363,0.0579,0.0518,0.021400000000000002,0.04650000000000001,0.14429999999999998,0.048499999999999995,0.052300000000000006,0.1611,0.0693,-0.049400000000000006,-0.0385,0.0545,0.11410000000000001,-0.0641,-0.0037,-0.050199999999999995,-0.0262,0.0116,0.0518,-0.0128,0.08960000000000001,0.0286,0.0096,-0.008,0.011200000000000002,0.0132,0.0558,-0.0236,-0.0025,-0.0137,0.045899999999999996,0.0069,-0.0194
2020-07,0.0001,0.0584,-0.0235,-0.0144,0.077,40.71,0.62,0.0111779015425195,0.01119780975151633,0.06639722863741349,0.056900000000000006,0.059800000000000006,0.0697,0.054299999999999994,0.07780000000000001,0.1505,0.0424,0.0501,0.07780000000000001,0.0066,0.1653,0.1101,0.0139,0.0722,0.1188,-0.1895,0.0665,0.1323,0.0223,0.2198,0.0889,0.08869999999999999,0.20420000000000002,-0.0794,0.039,0.0301,0.1506,0.0602,0.0654,-0.048600000000000004,0.0634,0.0506,0.07200000000000001,0.0512,0.031200000000000002,0.1038,0.1045,-0.0005,0.0354,0.06480000000000001,0.0521,0.1036,0.0435,0.0078000000000000005,0.0369,-0.0088,0.030899999999999997,0.0634
2020-08,0.0001,0.0763,-0.002,-0.0302,0.0043,42.34,0.65,-0.016060536489085925,-0.00238786425471906,0.06605305901461822,-0.0034999999999999996,0.0346,0.056100000000000004,0.026000000000000002,0.04769999999999999,0.0751,0.125,0.0364,0.0483,0.12210000000000001,0.0092,0.0347,0.0206,0.0512,0.060700000000000004,0.1255,0.08,0.0724,0.0827,-0.006,0.047599999999999996,0.1229,0.4755,0.0885,0.0028000000000000004,0.0337,-0.019799999999999998,0.099,0.0213,-0.0127,-0.0225,0.055999999999999994,0.0729,0.0931,-0.040999999999999995,0.16390000000000002,0.0176,0.0638,0.0712,0.1303,0.050199999999999995,0.0802,0.1225,0.0643,0.022000000000000002,0.1173,0.0412,0.09910000000000001
2020-09,0.0001,-0.0363,0.0006,-0.027200000000000002,0.0318,39.63,0.68,0.003489532844173374,-0.0023583533762868477,-0.023869984763839502,0.0025,-0.039599999999999996,-0.006,0.0025,-0.0664,0.10980000000000001,-0.04650000000000001,-0.0461,-0.0066,0.0584,-0.0073,-0.0125,-0.015600000000000001,0.0103,-0.0215,0.0262,-0.0254,0.0392,-0.049100000000000005,0.0152,0.0037,0.0074,-0.1051,-0.053099999999999994,-0.059000000000000004,-0.0174,-0.06280000000000001,0.0203,0.0821,-0.1516,-0.0032,-0.0197,-0.0265,-0.051,-0.046799999999999994,-0.0602,-0.0078000000000000005,-0.015700000000000002,0.0352,0.0141,-0.023799999999999998,-0.0455,-0.0077,-0.050300000000000004,-0.0233,-0.0174,-0.040999999999999995,-0.0125
2020-10,0.0001,-0.0207,0.0434,0.0425,-0.031,39.4,0.79,-0.017753798559275214,-0.010050236313303105,-0.01144640998959412,0.1255,-0.0316,-0.0278,-0.046,-0.056900000000000006,0.0666,-0.044199999999999996,-0.061200000000000004,-0.0054,-0.0176,0.0013,-0.030600000000000002,-0.0521,-0.0013,0.0089,0.052300000000000006,-0.0087,-0.058899999999999994,0.07339999999999999,0.1496,0.0239,-0.0049,-0.04650000000000001,-0.0623,-0.011899999999999999,-0.0765,-0.0163,0.1217,-0.18969999999999998,-0.0447,0.0447,-0.038900000000000004,-0.0046,-0.0105,-0.042199999999999994,-0.0443,0.037200000000000004,-0.0155,0.050199999999999995,-0.0338,-0.008100000000000001,-0.030600000000000002,-0.0091,-0.0132,-0.0062,0.0394,0.0025,-0.0245
2020-11,0.0001,0.1246,0.0581,0.0209,-0.126,40.94,0.87,0.0045543484811780876,-0.00701926358535272,-0.017894736842105297,0.1521,0.0725,0.09210000000000002,0.111,0.0805,0.21059999999999998,0.1148,0.23800000000000002,0.0576,0.1445,0.139,0.0761,0.10310000000000001,0.125,0.0782,0.24050000000000002,0.14529999999999998,0.1112,0.1911,0.19329999999999997,0.17559999999999998,0.18289999999999998,0.36450000000000005,0.3257,0.1825,0.0622,-0.0556,0.142,0.1597,0.2872,0.026600000000000002,0.1447,0.1351,0.1036,0.1796,0.1182,0.0762,0.09300000000000001,0.1079,0.1745,0.1598,0.0747,0.1118,0.18309999999999998,0.1191,0.21420000000000003,0.16940000000000002,0.16649999999999998
2020-12,0.0001,0.046400000000000004,0.0501,-0.0168,-0.0226,47.02,0.93,-0.007915035146968383,-0.0050094780151194234,-0.004287245444801746,0.013300000000000001,0.0194,0.0683,0.0331,0.0866,0.159,0.09849999999999999,0.1093,0.0078000000000000005,0.044000000000000004,0.0726,0.0633,0.039,0.0332,0.0739,0.1177,0.0451,0.0113,0.0647,0.1477,0.0282,0.0363,0.16899999999999998,0.0241,0.0398,-0.0118,0.0556,0.0992,0.27390000000000003,0.055999999999999994,0.0062,0.0512,0.0263,0.036000000000000004,0.0758,0.0795,0.0345,0.0121,0.024300000000000002,0.008100000000000001,0.0321,0.009399999999999999,0.0398,0.07690000000000001,0.0434,0.1042,0.0828,0.0256
2021-01,0.0,-0.0007000000000000001,0.07139999999999999,0.0322,0.0434,52.0,1.08,-0.016375335038786933,-0.013516945865655779,0.004843918191603791,0.0248,-0.0131,-0.09630000000000001,-0.0688,-0.022799999999999997,0.0575,-0.0388,0.0414,-0.059500000000000004,-0.048499999999999995,0.0599,0.014499999999999999,0.0393,-0.0043,-0.0146,0.0127,0.008199999999999999,0.0592,-0.04769999999999999,0.0148,0.0217,0.0265,0.1246,-0.0748,0.0039000000000000003,-0.0562,-0.0158,0.0209,0.11199999999999999,0.0518,-0.0044,-0.0355,-0.034,-0.0018,0.0006,0.0073,0.0472,-0.0054,-0.0512,-0.0451,-0.0252,0.0070999999999999995,-0.043899999999999995,-0.030699999999999998,-0.037000000000000005,0.039,-0.0129,-0.027200000000000002
2021-02,0.0,0.0281,0.0202,0.07200000000000001,-0.0799,59.04,1.26,-0.030227761421000674,-0.016118592660455348,-0.03160149973219073,0.12390000000000001,-0.0005,0.0067,-0.0333,0.057300000000000004,-0.024700000000000003,0.1073,0.1366,-0.0005,0.0406,-0.0187,0.011399999999999999,-0.0208,0.024900000000000002,0.0363,0.1997,0.0719,0.0414,0.17420000000000002,0.1494,0.11869999999999999,0.0649,-0.0999,0.0898,0.053,0.0322,-0.0687,0.1487,0.0487,0.2396,-0.045899999999999996,0.0426,0.0644,0.0433,0.037599999999999995,-0.026000000000000002,-0.022099999999999998,0.0168,0.0086,0.0913,0.052300000000000006,-0.0318,0.0767,0.1442,0.035,0.1839,0.09369999999999999,0.060599999999999994
2021-03,0.0,0.0317,-0.0233,0.0735,-0.061,62.33,1.61,-0.026646959064482133,-0.03173795392751471,-0.0497787610619469,0.0335,0.0802,0.0718,0.08410000000000001,0.1173,-0.078,-0.032799999999999996,0.052000000000000005,0.0739,0.0037,0.0279,-0.006,-0.0015,0.0775,0.0225,0.0833,0.0934,0.1334,0.2224,-0.0248,0.0726,0.0443,0.0098,0.11630000000000001,0.0767,0.0858,0.09369999999999999,-0.0063,-0.1367,0.022400000000000003,0.1039,0.0163,0.06849999999999999,0.003,0.0795,0.008100000000000001,0.0161,0.0888,0.059800000000000006,0.0784,0.08869999999999999,0.055999999999999994,0.0325,0.0506,0.0966,-0.0165,0.0404,0.0666
2021-04,0.0,0.0495,-0.0319,-0.0102,0.012199999999999999,61.72,1.64,0.009677784929673498,-0.0014190607173501064,0.024447031431897637,0.0421,0.027000000000000003,0.0322,0.0358,0.0143,0.0151,0.0029,0.0033,0.0161,0.049400000000000006,0.04769999999999999,0.0599,0.016399999999999998,0.044000000000000004,0.0913,0.06309999999999999,0.0513,0.0701,0.0286,0.1079,0.0225,-0.0072,0.0416,0.0132,0.029500000000000002,0.030299999999999997,0.0305,0.061200000000000004,-0.0078000000000000005,0.0059,0.0398,0.0308,-0.0009,0.08199999999999999,0.028999999999999998,0.0406,0.049699999999999994,0.024700000000000003,0.0862,0.0392,0.056900000000000006,0.0741,0.0533,0.0592,0.0622,0.037599999999999995,0.0719,0.0547
2021-05,0.0,0.003,-0.002,0.0704,0.005600000000000001,65.17,1.62,0.007803637026848827,0.0032043519701635617,0.051136363636363535,-0.061200000000000004,0.039,0.019299999999999998,0.0213,0.0204,0.0381,-0.0092,0.0279,0.0042,-0.0074,0.015300000000000001,-0.031,0.0089,0.0484,0.0533,0.0317,0.0,-0.0111,0.1442,-0.054299999999999994,0.0235,-0.002,-0.06509999999999999,0.0521,0.0038,0.0143,0.1996,0.0659,0.3677,0.0617,-0.0116,-0.0051,0.0018,-0.0085,0.014199999999999999,-0.015,0.011000000000000001,0.036699999999999997,-0.0353,0.020099999999999996,0.0109,-0.0273,-0.0138,0.0291,0.0302,0.012199999999999999,0.0455,0.0463
2021-06,0.0,0.0274,0.017,-0.0786,0.0207,71.38,1.52,0.013298055436247047,0.01054775523073059,-0.008108108108108136,-0.023799999999999998,-0.031,-0.0146,-0.0097,0.0199,0.12689999999999999,0.011000000000000001,-0.004,-0.0051,0.08560000000000001,0.0088,0.0383,0.0496,-0.0501,0.016,-0.07339999999999999,-0.0256,-0.0458,-0.061200000000000004,-0.0102,-0.0134,0.0594,0.0542,-0.0275,-0.019,0.019799999999999998,-0.1336,-0.078,0.066,0.055999999999999994,-0.014199999999999999,-0.0001,0.0255,0.0632,0.019,0.0867,0.056900000000000006,-0.017,-0.0361,-0.0447,-0.018000000000000002,0.0384,-0.0073,-0.031,-0.0333,-0.005600000000000001,0.0167,-0.0353
2021-07,0.0,0.0134,-0.0393,-0.018000000000000002,-0.0218,72.49,1.32,0.020691278402128276,0.019755867369946098,-0.014713896457765663,-0.0305,-0.024300000000000002,0.045599999999999995,0.0129,0.0096,-0.038,-0.0833,-0.0254,0.0392,0.0478,0.0279,0.0501,0.0204,0.0022,0.038599999999999995,0.0009,-0.004,0.032400000000000005,0.07200000000000001,0.053200000000000004,0.0036,-0.0043,-0.0063,-0.011899999999999999,0.0171,-0.022099999999999998,-0.0273,0.0226,0.1724,-0.0889,0.0297,0.0036,0.0173,0.0331,0.0287,0.031,0.0633,-0.0098,-0.0141,-0.0447,0.0235,-0.0079,0.052000000000000005,-0.0043,0.0013,0.043,0.0178,0.0053
2021-08,0.0,0.0294,-0.0032,-0.0023,0.0263,67.73,1.28,-0.004593211194173711,0.004835723021687959,-0.012721238938053103,0.026000000000000002,-0.005699999999999999,-0.0009,-0.0158,0.0347,-0.10279999999999999,0.10830000000000001,0.004699999999999999,0.0002,-0.0059,-0.026099999999999998,0.0248,0.0363,0.0058,0.055999999999999994,-0.0032,0.031,0.0104,0.0351,0.1454,0.0104,0.0169,0.0258,-0.0199,0.0271,-0.024399999999999998,-0.0748,-0.0172,0.22649999999999998,-0.0134,0.0323,0.0137,0.0034000000000000002,0.0495,0.0361,0.04190000000000001,0.0359,0.0064,0.09949999999999999,0.0008,0.0138,0.0301,-0.0097,0.0203,0.0192,0.0405,0.061,0.021099999999999997
2021-09,0.0,-0.044000000000000004,0.0066,0.0512,0.0143,71.65,1.37,-0.019484144434416196,-0.007355905288667095,-0.0056022408963585235,-0.0414,-0.022000000000000002,-0.059800000000000006,-0.0296,-0.0712,-0.1002,0.0155,0.0128,-0.0415,-0.0915,-0.0814,-0.0444,-0.064,-0.055099999999999996,-0.0735,-0.08039999999999999,-0.066,-0.08529999999999999,-0.10640000000000001,0.0223,-0.076,-0.0625,0.0449,0.0039000000000000003,-0.0453,-0.0404,-0.0636,-0.0965,0.109,0.1127,-0.0487,-0.0558,-0.033,-0.0636,-0.0591,-0.0587,-0.0552,-0.0725,-0.06709999999999999,-0.029500000000000002,-0.045700000000000005,-0.0454,-0.0072,0.009899999999999999,-0.0377,-0.0092,-0.056100000000000004,-0.0453
2021-10,0.0,0.0663,-0.0226,-0.0053,0.0331,81.48,1.58,-0.0015067134388252479,-0.0184208890674172,0.0011267605633802358,0.0279,0.022799999999999997,0.0545,0.0536,-0.0137,0.0366,0.0799,0.0207,0.0382,0.12269999999999999,0.008100000000000001,0.0365,0.0183,0.0883,0.0319,0.0059,0.0716,0.0746,0.1014,-0.053,0.0484,0.13470000000000001,0.3385,0.0004,0.0434,-0.0263,0.0004,0.1189,0.0464,0.10289999999999999,0.051100000000000007,-0.0424,0.1125,0.0812,0.056600000000000004,0.0758,0.0622,0.0098,0.0088,0.09949999999999999,0.0645,0.056900000000000006,0.009000000000000001,0.0403,0.1054,0.066,0.11539999999999999,0.047400000000000005
2021-11,0.0,-0.0158,-0.0131,-0.0037,0.0096,79.15,1.56,0.012368280410689717,0.003159957246602111,0.025323579065841262,0.0315,-0.0345,-0.056299999999999996,0.0007000000000000001,-0.0702,-0.18059999999999998,-0.0789,-0.0426,0.009000000000000001,0.0011,-0.11779999999999999,-0.07629999999999999,-0.0208,-0.0055000000000000005,0.0325,-0.043899999999999995,0.0407,0.037599999999999995,-0.06280000000000001,-0.0207,0.012199999999999999,-0.0354,0.030600000000000002,-0.0625,-0.0483,0.0016,0.0076,0.0043,-0.1873,-0.0538,-0.0197,-0.0719,-0.0212,-0.0406,0.0017000000000000001,0.1204,-0.0051,-0.0287,-0.016,-0.058499999999999996,-0.0116,0.021400000000000002,-0.018600000000000002,-0.0626,-0.051500000000000004,-0.0894,-0.0455,-0.044800000000000006
2021-12,0.0001,0.032400000000000005,-0.0163,0.0325,-0.024,71.71,1.47,-0.007166678234073854,0.009603239710889857,-0.01756311745334793,0.048600000000000004,0.096,0.1267,0.0925,0.1245,-0.022099999999999998,-0.0184,0.0362,0.1124,-0.0366,0.1017,0.09210000000000002,0.0521,0.0639,0.06280000000000001,0.087,0.0806,0.0883,0.09789999999999999,-0.0467,0.045700000000000005,-0.0401,-0.0536,0.061,0.053099999999999994,0.0482,0.1112,0.0849,0.1434,0.0292,0.08560000000000001,0.0395,0.0006,-0.0009,0.1075,0.034300000000000004,0.0508,0.0608,0.0302,0.08259999999999999,0.0876,-0.0011,0.0814,0.0317,0.0986,0.0956,0.0245,0.0533
2022-01,0.0,-0.0616,-0.0593,0.1286,-0.024300000000000002,83.22,1.76,-0.023693754282760562,-0.02565263352591789,0.01452513966480451,0.0134,0.0126,0.0014000000000000002,-0.0191,0.0788,-0.1832,-0.1949,-0.0564,-0.0591,-0.11130000000000001,-0.1446,-0.10869999999999999,-0.07339999999999999,-0.0764,-0.1104,-0.1235,-0.1184,-0.1344,-0.1032,-0.1962,-0.0653,-0.1442,-0.09960000000000001,0.0023,-0.0319,0.058600000000000006,-0.0246,-0.0654,0.0066,0.1783,-0.021,-0.019299999999999998,-0.1048,-0.0908,-0.0928,-0.06559999999999999,-0.1249,-0.0506,0.0255,-0.056799999999999996,-0.0646,-0.0901,-0.083,0.018799999999999997,-0.0321,-0.0794,-0.0362,0.009300000000000001
2022-02,0.0,-0.022799999999999997,0.0216,0.030600000000000002,0.016200000000000003,91.64,1.93,-0.002155887818855685,-0.01405898199223937,0.022026431718061623,0.0815,0.0089,0.014499999999999999,-0.053399999999999996,-0.008,-0.0215,-0.0066,0.0341,-0.042800000000000005,-0.0584,0.0412,0.015700000000000002,-0.024900000000000002,-0.0263,-0.009899999999999999,-0.07339999999999999,-0.006,-0.0391,0.23879999999999998,0.1038,-0.045899999999999996,0.0025,-0.0707,0.0958,0.057999999999999996,0.105,0.081,0.1121,0.35509999999999997,0.0824,-0.0109,0.0029,-0.0187,-0.0652,-0.010700000000000001,-0.026000000000000002,-0.041100000000000005,-0.0817,-0.018000000000000002,-0.011200000000000002,0.0168,-0.0178,-0.0129,-0.0187,0.0115,-0.0275,-0.042800000000000005,0.0027
2022-03,0.0,0.0308,-0.0155,-0.019,0.0292,108.5,2.13,-0.04306729351059053,-0.01650097220955523,0.049568965517241326,0.10710000000000001,0.0121,-0.006500000000000001,0.0336,-0.022400000000000003,-0.0897,-0.0378,0.0064,-0.029300000000000003,-0.008100000000000001,0.0264,0.0085,0.0712,0.0316,0.0174,-0.0907,-0.0653,-0.0548,0.1553,0.1376,0.0294,0.0125,0.16690000000000002,-0.0242,0.0292,0.0127,0.20329999999999998,0.068,0.2595,0.0974,0.0969,-0.0242,0.1065,0.0258,0.024700000000000003,0.0461,0.0432,-0.014199999999999999,0.0332,0.045,0.031,0.0346,0.0012,-0.049,0.0641,-0.018500000000000003,-0.0007000000000000001,0.0786
2022-04,0.0,-0.0941,-0.013500000000000002,0.061799999999999994,0.049800000000000004,101.78,2.75,-0.04867735029128927,-0.05380179292557207,-0.0056468172484599455,-0.0013,0.0253,0.042699999999999995,0.0304,0.0637,-0.114,-0.2797,-0.1,0.0233,-0.0691,-0.1523,-0.1159,-0.0432,-0.0239,-0.12369999999999999,0.0674,-0.031400000000000004,-0.0637,-0.0642,-0.0308,-0.1013,-0.1338,-0.17550000000000002,-0.0932,-0.053399999999999996,-0.0321,-0.0934,-0.1549,0.078,-0.013999999999999999,-0.0371,-0.1056,-0.049800000000000004,-0.1267,-0.0998,-0.1324,-0.09720000000000001,0.0091,-0.038599999999999995,-0.10310000000000001,-0.0217,-0.1124,-0.0513,-0.085,-0.0335,-0.1159,-0.12710000000000002,-0.0735
2022-05,0.0003,-0.0031000000000000003,-0.0184,0.08439999999999999,0.0252,109.55,2.9,0.005860750498221054,-0.01074488823605993,-0.04543107898812593,0.0741,-0.0322,-0.003,-0.0159,0.0268,-0.012,-0.0382,-0.0696,-0.0524,-0.0674,-0.008,-0.018000000000000002,0.0208,0.0481,-0.0105,0.0235,0.028999999999999998,0.054900000000000004,-0.0818,0.028399999999999998,0.030899999999999997,-0.0097,-0.0974,-0.0333,0.019,0.019799999999999998,-0.0681,-0.0219,0.0207,0.1583,0.048,0.0866,-0.0432,-0.0319,-0.0208,-0.0123,0.0194,0.0127,-0.0454,-0.042199999999999994,0.0105,-0.056100000000000004,-0.020099999999999996,0.0359,0.011399999999999999,-0.0226,0.04,-0.011000000000000001
2022-06,0.0006,-0.0834,0.0207,-0.06,0.0106,114.84,3.14,-0.00886756047224725,-0.018287606087704737,-0.006489994591671211,-0.1251,-0.0196,0.005,0.0001,-0.1168,-0.115,-0.1091,-0.124,-0.026699999999999998,-0.1192,-0.1157,-0.081,0.0085,-0.15439999999999998,-0.0647,-0.11220000000000001,-0.11789999999999999,-0.1009,-0.2115,-0.0461,-0.1366,-0.1017,-0.11699999999999999,-0.0143,-0.07730000000000001,-0.0308,-0.11800000000000001,-0.1972,-0.1073,-0.1666,-0.0654,-0.0663,-0.0622,-0.06509999999999999,-0.0699,-0.1117,-0.07429999999999999,-0.085,-0.08470000000000001,-0.0897,-0.0633,-0.0863,-0.0803,-0.1249,-0.0204,-0.1355,-0.0981,-0.12029999999999999
2022-07,0.0008,0.0965,0.0286,-0.041299999999999996,-0.0441,101.62,2.9,0.02912097498281106,0.02307756612230179,-0.056614044637996686,0.06480000000000001,0.0355,0.033,0.054299999999999994,0.0055000000000000005,0.0298,0.17120000000000002,0.1209,0.0069,0.11789999999999999,0.12890000000000001,0.0629,0.0051,0.0759,0.125,0.069,0.1741,0.1534,0.20440000000000003,0.1442,0.135,0.2164,0.2904,0.0633,0.0827,-0.013600000000000001,-0.2122,0.0867,0.0332,0.1043,0.06269999999999999,-0.0003,0.1232,0.0864,0.08929999999999999,0.1725,0.13019999999999998,0.0722,0.0705,0.0951,0.0906,0.1641,0.114,0.0857,0.0315,0.1407,0.10550000000000001,0.1007
2022-08,0.0019,-0.0358,0.0141,0.0018,0.0189,93.67,2.9,-0.03965781458008256,0.0024166666666666664,0.018465089440276916,0.052300000000000006,-0.003,-0.0438,-0.0187,-0.0013,-0.0535,-0.0225,-0.0499,-0.0213,-0.059000000000000004,-0.0327,-0.047,-0.0538,-0.0139,-0.0555,-0.122,-0.0789,-0.0583,-0.013000000000000001,-0.0127,-0.050199999999999995,-0.042800000000000005,-0.0572,-0.0171,-0.0239,0.019299999999999998,-0.0931,-0.0259,0.1431,0.033,0.0011,-0.0287,-0.0681,-0.048600000000000004,-0.0342,-0.056299999999999996,-0.0839,-0.0706,-0.0911,-0.016399999999999998,-0.016200000000000003,-0.0344,-0.0167,-0.0326,-0.0085,-0.061399999999999996,-0.0108,-0.0301
2022-09,0.0019,-0.0915,-0.0076,0.0003,0.0371,84.26,3.52,-0.055319069146261717,-0.051069371282126026,-0.04759206798866855,-0.0711,-0.07730000000000001,-0.0818,-0.053,-0.10619999999999999,-0.15689999999999998,-0.042,-0.1343,-0.1056,-0.1751,-0.049800000000000004,-0.0605,-0.0015,-0.11199999999999999,-0.13849999999999998,-0.1553,-0.0759,-0.08,-0.18,-0.055099999999999996,-0.09759999999999999,-0.10490000000000001,-0.0638,-0.12789999999999999,-0.0758,-0.0816,0.029900000000000003,-0.0771,-0.0966,-0.0929,-0.1161,-0.1386,-0.0636,-0.1114,-0.1014,-0.126,-0.0789,-0.13019999999999998,-0.1381,-0.14029999999999998,-0.0951,-0.0768,-0.062,-0.0909,-0.0447,-0.1288,-0.08689999999999999,-0.0638
2022-10,0.0023,0.0808,0.0001,0.0797,0.0394,87.55,3.98,-0.019064915083417625,-0.03556073766907482,-0.010113027959547938,0.1374,0.1127,0.0712,0.09369999999999999,0.1207,0.0393,0.15,0.08789999999999999,0.0565,0.10880000000000001,0.049,0.0833,0.0941,0.0895,-0.0046,0.0843,0.0827,0.11710000000000001,0.1991,0.16449999999999998,0.1689,0.024399999999999998,-0.075,0.1594,0.1714,0.2516,0.0199,0.09119999999999999,0.1231,0.23920000000000002,0.0345,0.106,0.1148,0.0213,0.111,0.09179999999999999,0.0581,0.12029999999999999,0.0567,0.07429999999999999,0.1368,0.02,0.1058,0.134,0.1273,0.0692,0.1144,0.10830000000000001
2022-11,0.0029,0.049400000000000006,-0.035699999999999996,0.0148,-0.0171,84.37,3.89,0.03758956589877531,0.01068191742866021,0.036658653846153744,0.0241,0.0298,0.077,0.032400000000000005,0.0559,0.0509,0.0728,0.1567,0.0943,0.1752,0.044800000000000006,0.059800000000000006,0.0527,0.10529999999999999,0.0282,0.0699,0.0558,0.0819,0.13970000000000002,-0.2781,0.09970000000000001,0.056299999999999996,-0.0942,0.086,0.031,0.017,0.12,0.20149999999999998,0.1362,0.0088,0.06849999999999999,0.0218,0.058899999999999994,0.054900000000000004,0.07429999999999999,0.0408,0.0935,0.0541,0.10550000000000001,0.10310000000000001,0.0506,0.0285,0.0601,0.0519,0.013999999999999999,0.1081,0.086,0.0707
2022-12,0.0033,-0.0605,-0.0076,0.0134,0.049400000000000006,76.44,3.62,-0.013540075919317407,0.025433714856153457,0.04231884057971014,-0.12240000000000001,-0.023799999999999998,-0.0042,-0.04019999999999999,0.018799999999999997,-0.1023,-0.053899999999999997,-0.07769999999999999,0.0079,-0.002,-0.0401,0.0006,-0.02,-0.06280000000000001,-0.028300000000000002,-0.0092,-0.045899999999999996,-0.0021,-0.076,-0.1485,-0.0418,-0.07519999999999999,-0.2999,0.019799999999999998,-0.0187,-0.0115,0.0051,-0.0472,-0.1293,-0.0412,-0.011200000000000002,-0.0682,-0.0758,-0.067,-0.0576,-0.1085,-0.0294,-0.04,-0.042699999999999995,-0.0722,-0.056299999999999996,-0.0892,-0.0642,-0.06480000000000001,-0.0321,-0.06570000000000001,-0.066,-0.0327
2023-01,0.0034999999999999996,0.06960000000000001,0.0501,-0.0394,-0.16210000000000002,78.12,3.53,0.032837046731123955,0.010511529695938219,0.05561735261401557,0.0989,-0.022000000000000002,-0.0262,-0.0368,0.0146,0.1649,0.19329999999999997,0.1149,-0.0043,0.09029999999999999,0.0325,0.0131,-0.0229,0.0916,0.1069,0.1589,0.1264,0.1407,0.2217,0.15380000000000002,0.0806,0.1232,0.3093,0.039599999999999996,0.013999999999999999,-0.018000000000000002,0.1223,0.1653,0.038900000000000004,0.027200000000000002,-0.012199999999999999,0.1356,0.08449999999999999,0.0943,0.047,0.1209,0.031200000000000002,0.005,0.0934,0.0989,0.0689,0.1094,0.09759999999999999,0.09359999999999999,-0.0034999999999999996,0.163,0.085,0.0213
2023-02,0.0034000000000000002,-0.022299999999999997,0.0105,-0.008,0.0052,76.83,3.75,-0.030539771886151996,-0.015459569851447771,-0.02265542676501575,-0.0337,-0.012199999999999999,-0.026699999999999998,0.0028000000000000004,-0.0338,-0.0381,-0.042300000000000004,-0.0463,-0.0274,-0.0602,-0.0317,-0.028999999999999998,-0.048799999999999996,-0.0453,0.0302,-0.1288,0.0189,-0.0084,0.0207,0.0004,-0.0086,0.0331,0.1192,-0.018799999999999997,-0.0007000000000000001,0.0245,-0.17579999999999998,-0.034300000000000004,0.0124,-0.0704,-0.053200000000000004,-0.065,-0.022400000000000003,-0.020099999999999996,-0.013300000000000001,0.0305,-0.05,-0.0513,-0.0401,0.0005,-0.0034000000000000002,-0.0554,-0.0254,-0.0189,-0.0358,-0.022799999999999997,-0.0222,-0.0235
2023-03,0.0036,0.028399999999999998,-0.0548,-0.09050000000000001,-0.023799999999999998,73.28,3.66,0.03937906771919681,0.010572682555317844,0.03126684636118604,-0.0264,0.0346,0.051699999999999996,0.0424,0.0018,-0.0083,0.0304,-0.0378,0.0513,0.042199999999999994,-0.014499999999999999,0.0475,0.0223,-0.0355,0.0102,-0.057699999999999994,-0.0332,0.0385,-0.0808,-0.064,0.0039000000000000003,-0.0383,-0.0037,0.0144,-0.0403,0.0043,0.1495,-0.0096,-0.0575,-0.0029,0.0395,-0.001,0.0029,0.1012,0.062,0.11470000000000001,0.0384,0.0063,-0.008,-0.0016,0.0060999999999999995,0.0355,0.0334,-0.1189,-0.0473,-0.0818,-0.0756,0.0246
2023-04,0.0034999999999999996,0.0097,-0.0337,-0.0012,0.0175,79.45,3.46,0.006253846578257775,0.019672889514903605,0.045478306325143825,0.0001,0.029300000000000003,0.0342,0.042300000000000004,0.040999999999999995,-0.029300000000000003,0.0079,0.0173,0.0437,0.0222,0.037000000000000005,0.0735,0.0308,-0.003,0.019299999999999998,0.0418,0.0223,0.06309999999999999,-0.0683,0.0191,-0.04019999999999999,-0.0525,-0.16329999999999997,-0.0058,-0.032,-0.023399999999999997,-0.0371,-0.0231,-0.0526,0.0269,0.0172,0.009899999999999999,-0.009399999999999999,0.020499999999999997,-0.0454,-0.0098,-0.0479,0.0109,-0.019799999999999998,-0.019299999999999998,0.0045000000000000005,0.0183,0.050499999999999996,0.0174,0.037000000000000005,-0.0048,0.0032,0.0542
2023-05,0.0036,0.007,0.016,-0.0779,-0.0088,71.58,3.57,-0.013935338225105322,-0.006348750740815838,-0.0040000000000000036,-0.1094,-0.050300000000000004,-0.0382,-0.030299999999999997,-0.0873,-0.0891,0.0355,-0.0064,-0.0909,-0.1359,-0.0645,-0.060899999999999996,-0.024700000000000003,-0.0764,-0.045899999999999996,-0.1137,-0.0141,-0.009899999999999999,-0.0848,-0.1402,-0.0091,0.0115,0.1594,-0.041299999999999996,-0.037000000000000005,-0.038599999999999995,-0.1346,-0.0414,-0.12359999999999999,-0.0955,-0.0583,-0.0941,-0.0286,0.0793,0.05,0.10550000000000001,-0.0278,-0.0882,-0.0611,-0.0060999999999999995,-0.0127,0.0195,-0.051699999999999996,-0.039599999999999996,-0.0373,0.004,-0.0364,-0.0208
2023-06,0.004,0.06860000000000001,0.0149,-0.0013,-0.0271,70.25,3.75,-0.011109866844225278,-0.012051247695450459,-0.02459839357429716,0.0632,-0.0075,0.013600000000000001,0.028300000000000002,0.0781,0.1091,0.0934,0.0603,0.0719,0.0713,0.0861,0.086,0.0288,0.1119,0.13,0.12179999999999999,0.193,0.1591,0.2022,0.3614,0.1409,0.1765,0.2559,0.0727,0.17859999999999998,0.038,0.038,0.1306,0.2003,0.0634,0.025099999999999997,0.0462,0.06709999999999999,0.0436,0.0639,0.0855,0.0576,0.0654,0.0786,0.1115,0.11599999999999999,0.0785,0.0576,0.0706,0.037599999999999995,0.0949,0.058499999999999996,0.0674
2023-07,0.0045000000000000005,0.036599999999999994,0.020499999999999997,0.0406,-0.039900000000000005,76.07,3.9,-0.010026868446747335,-0.009287804258863112,0.004117344312918103,-0.0095,0.0209,0.0215,0.032400000000000005,0.0149,0.0696,0.0134,0.0395,0.0034000000000000002,0.0097,-0.004,-0.021400000000000002,0.0067,0.043899999999999995,0.0195,0.0346,0.0364,0.037000000000000005,0.0341,0.0958,0.0602,0.039,0.028999999999999998,0.0176,0.0526,-0.0212,0.020499999999999997,0.0943,0.087,0.0745,0.0277,0.0095,0.04019999999999999,0.0462,0.028399999999999998,0.0359,0.0326,0.0501,0.0555,0.0742,-0.0103,0.0319,0.0287,0.0718,0.0388,0.0526,0.0823,0.0148
2023-08,0.0045000000000000005,-0.0191,-0.0313,-0.0115,0.039,81.39,4.17,-0.006516743135030305,-0.01893131880995567,-0.016401845207585808,-0.0839,-0.053,-0.0134,-0.0462,-0.032799999999999996,-0.0092,-0.044199999999999996,0.0587,-0.0176,-0.060899999999999996,-0.0436,-0.0704,0.0269,-0.0424,0.0388,-0.0392,-0.006,-0.0179,-0.0152,0.0085,-0.0179,-0.08650000000000001,-0.0482,-0.023700000000000002,-0.0557,0.0199,-0.0987,-0.0559,0.0336,0.0202,-0.0536,0.0016,-0.025099999999999997,-0.0182,0.059800000000000006,-0.024700000000000003,-0.0006,-0.015600000000000001,-0.036699999999999997,-0.054400000000000004,-0.0152,0.0048,-0.0513,-0.051,-0.0187,-0.047599999999999996,-0.0245,0.0049
2023-09,0.0043,-0.04800000000000001,-0.025,0.015,0.0025,89.43,4.38,-0.03729328417037051,-0.01355400127421263,-0.0015633142261594069,0.0084,-0.042699999999999995,-0.0646,-0.051399999999999994,-0.0246,-0.07400000000000001,-0.1121,-0.062,-0.0681,-0.044500000000000005,-0.0528,-0.0689,-0.0392,-0.0617,-0.0806,-0.1192,-0.0742,-0.0931,-0.045899999999999996,-0.061900000000000004,-0.0669,-0.0742,-0.0242,-0.1061,-0.0545,-0.08529999999999999,-0.0581,-0.0703,0.2588,0.0298,-0.050499999999999996,-0.032,-0.049800000000000004,-0.0443,-0.044000000000000004,-0.0837,-0.0736,-0.0655,-0.025699999999999997,-0.046,-0.027000000000000003,-0.0613,-0.044500000000000005,-0.0393,0.025699999999999997,-0.1038,-0.0347,-0.027200000000000002
2023-10,0.004699999999999999,-0.0268,-0.0387,0.0022,0.0169,85.64,4.8,-0.019223238766669554,-0.030066641733236393,0.0,-0.0583,-0.049800000000000004,-0.0039000000000000003,-0.0434,-0.04,-0.1438,0.027999999999999997,-0.0206,-0.0003,0.042699999999999995,-0.0432,-0.0636,-0.0405,-0.065,-0.10220000000000001,-0.062400000000000004,-0.0662,-0.056900000000000006,-0.0401,-0.226,-0.0697,-0.1293,-0.1832,0.0377,-0.0049,0.09359999999999999,0.0182,-0.0536,-0.10099999999999999,-0.061,0.0102,-0.0013,-0.0195,-0.0034000000000000002,-0.0359,-0.0288,-0.10890000000000001,-0.027000000000000003,-0.0346,-0.0673,-0.009000000000000001,0.006500000000000001,-0.0171,-0.0291,0.0349,-0.0897,-0.0636,-0.0173
2023-11,0.0044,0.0932,-0.0011,0.0166,0.0259,77.69,4.5,0.04404526559957499,0.0276061545133679,0.035490605427974886,-0.0229,0.042199999999999994,0.0479,0.039,0.047599999999999996,0.0591,0.1101,0.0791,0.0496,0.106,0.0608,0.10039999999999999,0.044500000000000005,0.08039999999999999,0.1082,0.0843,0.1548,0.1675,0.1114,0.0978,0.09910000000000001,0.1008,0.16510000000000002,0.11259999999999999,0.0962,0.0076,0.099,0.07919999999999999,0.1418,-0.0159,0.051500000000000004,0.0696,0.1195,0.12179999999999999,0.07719999999999999,0.1261,0.1223,0.0806,0.10439999999999999,0.12279999999999999,0.0791,0.0695,0.0767,0.1317,0.0394,0.0983,0.1348,0.0664
2023-12,0.0043,0.05279999999999999,0.06280000000000001,0.0487,-0.055,71.9,4.02,0.042996582046198564,0.0420629096879422,0.021169354838709742,0.0672,0.0434,0.0226,0.0055000000000000005,0.009300000000000001,0.10220000000000001,0.0392,0.08789999999999999,0.0031,0.0463,0.0984,0.07400000000000001,0.0644,0.08470000000000001,0.0447,0.16649999999999998,0.1173,0.1631,0.0966,0.06269999999999999,0.1036,0.1321,0.0617,0.0663,0.0971,0.031,0.023399999999999997,0.13019999999999998,0.045,0.0001,0.0173,0.0225,0.0916,0.0348,0.0461,0.0613,0.0862,0.04650000000000001,0.0355,0.08039999999999999,0.0463,0.0638,0.0506,0.0969,-0.0058,0.1745,0.1007,0.0141
2024-01,0.004699999999999999,0.012,-0.0504,-0.023700000000000002,0.0546,74.15,4.06,-0.005812245760436057,8.28670533376554e-05,0.003948667324777944,-0.045599999999999995,-0.0154,-0.0072,-0.008199999999999999,-0.025099999999999997,-0.0613,0.0793,-0.0040999999999999995,0.0383,-0.0519,-0.0005,0.0408,0.0373,-0.053099999999999994,0.006,-0.0254,-0.0007000000000000001,-0.0279,0.0089,-0.08789999999999999,-0.002,-0.0926,-0.18899999999999997,-0.023700000000000002,0.0104,-0.050199999999999995,-0.1677,-0.0374,0.0732,-0.0021,-0.0301,0.045700000000000005,-0.0351,0.0355,0.0425,0.025,-0.0006,-0.0632,-0.012,-0.0151,0.0294,0.0134,0.0062,0.015700000000000002,0.0172,-0.052000000000000005,-0.0203,0.044800000000000006
2024-02,0.0042,0.054900000000000004,-0.0026,-0.034300000000000004,0.0501,77.25,4.21,-0.01794212364768593,-0.008844811599861346,-0.005408062930186808,0.1535,-0.009399999999999999,0.0432,0.001,0.0,0.0368,0.0645,0.0148,0.03,0.0591,0.0288,0.0278,0.0545,0.0363,0.0291,0.1211,0.1007,0.10830000000000001,0.0487,0.1691,0.0863,0.0808,0.0723,0.019799999999999998,0.0894,0.0384,-0.08800000000000001,0.036699999999999997,-0.07200000000000001,0.031400000000000004,0.0239,-0.027200000000000002,0.0347,0.0449,0.0562,0.08199999999999999,0.0795,0.0227,0.0564,0.0727,0.0572,0.1084,0.0546,0.0405,0.0202,0.047599999999999996,0.0475,0.0713
2024-03,0.0043,0.0327,-0.025,0.0416,-0.0032,81.28,4.21,0.007580639752696434,0.0035083333333333334,0.06673257538309452,0.078,0.0392,0.02,0.046,0.0516,0.0203,0.009399999999999999,-0.0045000000000000005,0.0311,-0.0634,0.058499999999999996,0.0373,0.013000000000000001,0.0564,0.0779,0.0723,0.059000000000000004,0.0932,0.0548,0.134,0.058600000000000006,0.05,-0.0664,0.0321,0.0253,0.0535,0.1883,0.1775,-0.042199999999999994,0.10439999999999999,0.0704,0.030899999999999997,0.0492,0.0192,0.0533,0.0286,0.0203,0.0888,0.061799999999999994,0.0109,0.0441,0.027000000000000003,0.0088,0.053899999999999997,0.0403,0.0288,0.046799999999999994,0.0414
2024-04,0.004699999999999999,-0.041800000000000004,-0.023799999999999998,-0.0045000000000000005,-0.0043,85.35,4.54,-0.03617708711754596,-0.023200136205784178,0.08016682113067652,-0.0582,0.0064,-0.0187,-0.0197,0.0246,-0.0325,-0.09519999999999999,-0.058499999999999996,-0.015600000000000001,-0.0636,-0.0776,-0.056799999999999996,-0.057300000000000004,-0.0724,-0.0837,-0.1215,-0.0667,-0.0733,-0.09269999999999999,-0.09880000000000001,-0.057,-0.0761,-0.0023,-0.0152,0.0387,0.0159,0.1234,0.032799999999999996,-0.008199999999999999,-0.0064,0.0158,-0.0653,-0.0541,-0.0518,-0.0555,-0.032799999999999996,-0.039599999999999996,0.0235,-0.0305,-0.0794,-0.0592,-0.0507,-0.0232,-0.039,-0.0409,-0.11349999999999999,-0.0458,-0.0233
2024-05,0.0044,0.0477,0.0053,-0.013300000000000001,0.014499999999999999,80.02,4.48,0.01814620833870291,0.008563314592862399,0.008580008580008514,0.042699999999999995,-0.0144,0.0203,-0.018000000000000002,0.0642,0.0060999999999999995,0.0975,0.12990000000000002,0.0019,0.0496,0.0169,0.0059,0.0426,0.0499,0.0194,0.06709999999999999,0.0075,0.058499999999999996,0.0443,0.0965,0.018799999999999997,0.0467,-0.0086,0.0765,0.0296,-0.0051,0.0635,0.0236,0.07339999999999999,-0.0062,0.0803,0.0374,0.0165,0.0308,0.058899999999999994,0.155,0.0264,0.0447,0.0394,0.0034999999999999996,0.0015,0.036699999999999997,-0.0348,0.029500000000000002,0.0368,0.0472,0.046799999999999994,0.0392
2024-06,0.0040999999999999995,0.0321,-0.03,-0.0336,0.0086,79.77,4.31,0.015725403910832433,0.01731545333697601,-0.01063377286261169,-0.031200000000000002,-0.0369,-0.0013,-0.030699999999999998,0.0106,-0.035,0.0438,0.0116,-0.0012,-0.1253,-0.0236,0.0155,0.0393,-0.0524,-0.0384,-0.061900000000000004,-0.0558,-0.050499999999999996,-0.057800000000000004,-0.0689,0.0219,-0.0443,0.0697,-0.0351,-0.0583,0.0076,-0.022099999999999998,-0.0728,-0.09230000000000001,-0.0206,-0.0416,-0.006,0.018799999999999997,0.0696,0.053099999999999994,0.08960000000000001,-0.0064,0.005600000000000001,-0.08650000000000001,0.0301,-0.028399999999999998,0.0509,0.0059,-0.0060999999999999995,-0.0023,-0.0087,0.0046,-0.0127
2024-07,0.0045000000000000005,0.0167,0.0681,0.0557,-0.0236,81.8,4.25,0.025329079621165845,0.008424506238881323,0.03095442820292349,0.0509,0.041100000000000005,0.035699999999999996,0.0304,0.11689999999999999,0.0848,-0.0395,0.0316,-0.010700000000000001,-0.0236,0.0814,-0.026600000000000002,0.0124,0.06570000000000001,0.0318,0.3161,0.1273,0.16079999999999997,0.0642,0.0849,-0.0028000000000000004,0.0757,0.1198,0.086,0.054299999999999994,0.1335,0.17079999999999998,0.014199999999999999,0.0264,0.0196,0.0639,0.0385,0.0737,-0.026600000000000002,-0.0013,-0.0037,0.0731,0.0174,0.10210000000000001,0.0013,0.0646,-0.0013,-0.0265,0.0748,0.0836,0.1963,0.06709999999999999,0.0593
2024-08,0.0048,0.0208,-0.0349,-0.0113,0.048600000000000004,76.68,3.87,0.018060915634666695,0.03423786212049291,0.030025020850708906,0.0235,0.0506,0.0538,0.0088,0.0796,-0.0208,0.0596,0.0169,0.0635,0.057800000000000004,0.0446,0.0753,0.06269999999999999,0.0158,-0.014199999999999999,-0.017,-0.0012,0.013600000000000001,-0.06849999999999999,-0.13849999999999998,-0.013600000000000001,-0.0331,-0.0537,0.0121,0.0338,0.07139999999999999,0.0755,-0.0546,-0.0705,-0.029300000000000003,0.0458,0.0124,0.0374,0.0163,-0.0012,0.018600000000000002,-0.0084,0.0436,0.0125,0.0253,-0.0123,0.0076,0.0553,0.0222,0.0432,0.0031,0.0095,0.0642
2024-09,0.004,0.0212,-0.0013,-0.0273,-0.006,70.24,3.72,0.0114696655198311,0.015565849662630424,0.04089068825910935,0.0275,0.0092,0.0077,0.013000000000000001,-0.0132,0.0337,0.0429,-0.0233,0.010700000000000001,0.057800000000000004,0.0265,0.0073,-0.031,0.037599999999999995,-0.006,0.016200000000000003,0.0592,0.0521,0.018500000000000003,0.0074,0.0467,0.0125,0.14800000000000002,-0.018799999999999997,0.0379,0.0533,0.0192,0.09720000000000001,0.0451,-0.0334,0.053399999999999996,0.0556,0.0337,0.0354,0.0438,0.0217,0.0132,-0.0085,0.0327,0.0253,-0.0076,0.0409,0.054299999999999994,-0.02,-0.0101,0.061500000000000006,0.0263,-0.013000000000000001
2024-10,0.0039000000000000003,-0.0060999999999999995,-0.0095,0.0091,0.0298,71.99,4.1,-0.03560548856232039,-0.028391581053241653,0.04628549202644883,0.044000000000000004,-0.0429,-0.07690000000000001,-0.051500000000000004,0.0839,0.0027,0.0406,0.0060999999999999995,-0.0583,-0.061200000000000004,-0.0802,-0.0118,-0.0327,-0.0387,0.006,-0.1711,-0.018000000000000002,-0.0521,-0.0152,-0.0323,-0.0481,-0.0023,-0.0313,-0.0199,-0.0337,-0.038,-0.13119999999999998,-0.0077,-0.0073,-0.004699999999999999,0.0069,0.023700000000000002,-0.0021,-0.0040999999999999995,0.006999999999999999,0.009300000000000001,-0.0895,-0.035699999999999996,-0.0361,0.014199999999999999,-0.0154,-0.0096,-0.0066,0.0513,-0.0429,0.008100000000000001,0.0653,-0.0285
2024-11,0.004,0.0689,0.0449,0.0038,0.008100000000000001,69.95,4.36,0.011632993993635503,-0.017737985238924465,-0.014498141263940556,0.030600000000000002,0.006500000000000001,0.0028000000000000004,-0.004,0.0215,0.04,0.1412,0.054000000000000006,0.0702,0.0785,0.0264,0.058499999999999996,-0.0294,0.0235,0.038900000000000004,0.10710000000000001,0.1036,0.09140000000000001,0.1042,0.40009999999999996,0.065,0.1081,0.3125,0.031200000000000002,0.07200000000000001,0.1267,-0.07690000000000001,-0.0077,0.11220000000000001,0.0647,0.0621,0.09179999999999999,0.0924,0.0666,0.0647,0.0337,0.024,0.0436,0.0623,0.0817,0.1186,0.1025,0.0625,0.1324,0.0837,0.0753,0.1402,0.0728
2024-12,0.0037,-0.027999999999999997,-0.027000000000000003,-0.0297,-0.003,70.12,4.39,-0.028937270744990563,0.0012226948569075422,-0.0011316484345530453,-0.0695,-0.056799999999999996,-0.0329,-0.0603,-0.08259999999999999,-0.0667,-0.0155,-0.061799999999999994,-0.061200000000000004,0.0203,-0.1204,-0.0449,-0.049800000000000004,-0.1134,-0.06269999999999999,-0.1097,-0.1272,-0.1527,-0.17989999999999998,-0.0416,-0.08839999999999999,-0.084,0.1185,-0.0226,-0.0581,-0.0727,-0.11199999999999999,-0.11380000000000001,-0.1764,-0.0875,-0.07780000000000001,-0.0796,-0.1192,-0.0033,-0.0241,0.0349,-0.0334,-0.0667,-0.0859,-0.0863,-0.086,-0.003,-0.0426,-0.0554,-0.1115,-0.08839999999999999,-0.0655,-0.0626
2025-01,0.0037,0.0317,-0.02,0.0176,0.0101,75.74,4.63,0.0038166666666666666,-0.015599100968013077,0.023413897280966767,0.1295,-0.0263,0.005699999999999999,-0.0375,0.0548,-0.0038,0.0684,0.018000000000000002,0.0016,0.026099999999999998,0.1321,0.0966,0.044500000000000005,0.041299999999999996,0.0375,0.0209,0.0809,0.0179,0.0649,0.08130000000000001,0.0601,0.0242,0.0031,0.054000000000000006,0.08560000000000001,0.009000000000000001,0.1449,0.0097,-0.09210000000000002,0.0149,0.0292,0.0137,0.077,0.052300000000000006,0.0149,-0.059699999999999996,0.071,0.0034999999999999996,0.0012,0.020499999999999997,0.0478,0.0726,0.0364,0.0855,0.0499,0.0925,0.08259999999999999,0.0608
2025-02,0.0033,-0.021099999999999997,-0.057699999999999994,0.0484,-0.0086,71.53,4.45,0.030851619383749758,0.018136909107026186,0.06826568265682664,-0.05,0.030899999999999997,0.1137,0.02,0.15439999999999998,0.0359,-0.0018,-0.0345,0.036000000000000004,-0.052199999999999996,-0.017,-0.0053,0.0562,-0.0351,-0.14300000000000002,-0.0594,-0.0713,-0.10980000000000001,0.0382,-0.0664,-0.04,-0.0803,-0.2351,0.0178,-0.1133,-0.0981,-0.0141,-0.036699999999999997,-0.16870000000000002,0.033,0.0202,0.094,0.0051,-0.063,-0.0338,0.0036,-0.09029999999999999,0.0347,-0.015300000000000001,0.009899999999999999,-0.0039000000000000003,-0.0506,0.0279,-0.0053,0.002,-0.0209,-0.0536,0.0658
2025-03,0.0034000000000000002,-0.0605,-0.027200000000000002,0.0287,-0.0264,68.24,4.28,0.0043415157828220995,0.017309933715876517,0.030397236614853274,-0.0003,0.016399999999999998,0.0253,-0.0004,0.048,-0.0677,-0.0678,-0.0265,-0.0233,-0.1825,0.029500000000000002,-0.0584,-0.0426,-0.053099999999999994,-0.038599999999999995,-0.0434,-0.0634,-0.0412,-0.081,-0.18489999999999998,-0.057800000000000004,-0.1036,-0.1015,-0.0027,-0.0023,-0.0179,0.13019999999999998,0.0105,-0.0069,0.0391,0.0076,-0.0134,-0.026000000000000002,-0.0803,-0.08109999999999999,-0.10300000000000001,-0.06280000000000001,-0.0246,-0.027200000000000002,-0.08039999999999999,-0.0052,-0.08650000000000001,-0.0728,-0.07690000000000001,0.0412,-0.08449999999999999,-0.0818,0.0143
2025-04,0.0034999999999999996,-0.0049,-0.005699999999999999,-0.0329,0.0501,63.54,4.28,0.008376423305193031,0.003566666666666667,0.07877975192758968,-0.0068000000000000005,-0.0179,0.0151,-0.0581,0.0518,-0.0636,0.1412,0.0199,-0.0348,-0.0766,0.0055000000000000005,-0.0034000000000000002,-0.0091,-0.0464,-0.0253,-0.063,-0.016200000000000003,0.0315,0.0032,-0.026699999999999998,-0.0305,-0.022799999999999997,0.06269999999999999,0.0087,0.0246,0.10220000000000001,0.0819,0.0097,-0.0127,-0.1435,-0.0132,-0.049,0.0366,0.0273,-0.0063,-0.0079,-0.0548,-0.0797,-0.0144,-0.0273,0.019799999999999998,0.0132,-0.0264,-0.021,-0.0816,-0.0757,-0.0022,0.0005
2025-05,0.0038,0.0644,0.0060999999999999995,-0.0281,0.0225,62.17,4.42,-0.01598671574195731,-0.007726191591089546,0.02827843380981987,0.13019999999999998,-0.0288,0.0029,-0.0344,0.0462,0.0555,0.0653,0.0418,0.040999999999999995,0.1027,0.0368,0.0227,-0.0703,0.0233,0.0438,-0.0271,0.023700000000000002,0.075,0.0397,0.1317,0.0816,0.16510000000000002,0.1977,0.1052,0.06709999999999999,0.0821,0.015300000000000001,0.0401,-0.0166,0.0182,0.034300000000000004,0.038599999999999995,0.0902,0.1112,0.0675,0.102,0.0197,0.06,0.024900000000000002,0.0727,0.023799999999999998,0.0647,0.0368,0.07440000000000001,-0.0461,0.0127,0.0791,0.004699999999999999
2025-06,0.0034000000000000002,0.052000000000000005,0.0070999999999999995,-0.0143,-0.0265,68.17,4.38,0.01730263718108411,0.0068883030332370036,0.013297068600785833,0.053399999999999996,-0.013600000000000001,-0.0083,-0.0167,0.0075,0.0683,0.1026,0.0361,-0.0391,0.020099999999999996,0.0335,0.0137,0.021,0.0034000000000000002,0.0206,0.045899999999999996,0.0298,0.0917,0.1043,0.0579,0.07400000000000001,0.09390000000000001,-0.0637,0.061,0.044000000000000004,0.0348,0.10779999999999999,0.077,0.0297,0.052300000000000006,0.0101,0.0363,-0.0255,0.0659,0.1066,0.11199999999999999,0.0638,-0.0483,0.0177,0.0475,0.0155,0.0275,0.0196,0.065,0.0006,0.1048,0.0851,-0.0158
2025-07,0.0034000000000000002,0.0232,0.003,-0.0134,-0.009399999999999999,68.39,4.39,-0.006973038510021071,0.0028472228158753572,-0.003877124962719969,-0.0194,-0.0038,-0.0412,0.0338,-0.0584,0.0192,-0.0875,-0.0333,-0.031,0.025099999999999997,-0.0824,-0.0513,0.010700000000000001,-0.0067,0.0388,0.0095,0.053399999999999996,0.0895,0.0342,0.1943,0.0351,0.1308,-0.0144,0.049100000000000005,-0.0338,-0.0565,0.0533,-0.004,0.1253,0.0356,0.0337,-0.0336,-0.0298,0.0455,0.04,0.065,0.0383,-0.0202,-0.0042,-0.0206,0.0014000000000000002,0.0311,-0.025099999999999997,0.008199999999999999,-0.0974,0.10869999999999999,0.0447,-0.0232
2025-08,0.0038,0.0222,0.038,0.0437,-0.0361,64.86,4.26,0.014885928203675765,0.01408944357989591,0.008383233532934131,0.0281,0.0013,0.034300000000000004,0.0349,0.0387,0.0641,0.05,0.056900000000000006,0.0327,0.0425,0.1402,0.0245,0.0455,0.0634,0.0506,0.1747,0.054000000000000006,0.0645,0.042199999999999994,0.0078000000000000005,-0.0208,0.0178,0.08199999999999999,0.0032,0.0103,0.0412,0.23420000000000002,0.0733,0.1288,0.043,-0.0159,0.038,-0.009899999999999999,-0.010700000000000001,0.0346,0.0353,0.0168,0.054000000000000006,0.0199,0.0421,0.0154,0.0085,0.0088,0.051100000000000007,0.07490000000000001,0.0579,-0.0018,0.0447
2025-09,0.0033,0.0372,-0.0183,-0.0105,0.0462,63.96,4.12,0.009184993856058556,0.014853698753122998,0.0890736342042755,-0.0946,-0.0177,-0.0154,-0.071,-0.0209,-0.0302,-0.0169,0.0091,-0.0354,-0.0542,0.037599999999999995,-0.0381,0.0393,-0.0463,0.02,-0.0335,-0.027999999999999997,0.0374,0.0097,-0.0021,0.0907,0.086,0.26489999999999997,0.046799999999999994,0.0373,0.0471,0.1802,0.0709,0.1802,-0.0075,0.0398,-0.0113,0.011000000000000001,0.0483,0.0412,0.0885,0.0336,-0.0392,-0.038900000000000004,0.0049,0.008,-0.0106,-0.0461,0.0013,0.0163,-0.035,0.0296,-0.0075
2025-10,0.0037,0.0233,-0.005699999999999999,-0.0318,0.0016,60.89,4.06,0.007523140735976574,0.008310478273569705,0.10641494002181018,-0.0864,-0.054299999999999994,0.0316,0.0337,-0.1153,0.008199999999999999,-0.0636,-0.0803,-0.0304,-0.0604,0.036000000000000004,0.0067,0.0557,-0.0319,0.0043,-0.09570000000000001,-0.012199999999999999,-0.0009,0.11289999999999999,-0.0175,0.085,0.16870000000000002,0.027200000000000002,0.0189,0.0335,0.0336,-0.0368,0.051500000000000004,0.010700000000000001,-0.008199999999999999,0.0044,-0.058499999999999996,-0.1164,0.011200000000000002,0.0633,0.0924,0.1116,-0.054900000000000004,-0.0786,-0.0024,0.0002,0.0285,-0.036000000000000004,-0.001,-0.0636,-0.018799999999999997,-0.0298,-0.0421
2025-11,0.003,0.0017000000000000001,0.004,0.037599999999999995,-0.0172,60.06,4.09,0.010744239541738379,0.000937704346694386,0.007064482188486432,0.0812,0.031400000000000004,0.062,0.0235,0.0782,0.092,-0.015300000000000001,0.0225,0.011399999999999999,0.0392,0.0758,0.0541,0.12990000000000002,0.034,0.049,0.0029,0.0327,0.031,0.049100000000000005,0.016200000000000003,0.0105,-0.07769999999999999,-0.0388,-0.0227,0.009000000000000001,-0.16219999999999998,0.126,0.0046,-0.020499999999999997,0.0246,0.028999999999999998,-0.014499999999999999,-0.032400000000000005,-0.019799999999999998,-0.035699999999999996,-0.0326,0.0278,-0.023399999999999997,0.044500000000000005,0.0055000000000000005,0.0177,-0.0043,0.066,0.013500000000000002,0.033,0.07150000000000001,0.0031,0.061799999999999994
2025-12,0.0034000000000000002,-0.00019999999999999966,-0.0104,0.024,-0.024,57.97,4.14,-0.009718531786649264,-0.000661828417037057,0.05431857107903104,-0.0073,-0.0345,-0.0235,-0.0199,0.018799999999999997,-0.0159,-0.0821,0.0286,-0.024300000000000002,0.038599999999999995,-0.0553,-0.0275,-0.0072,-0.018600000000000002,-0.0241,-0.0302,-0.002,-0.07200000000000001,0.057300000000000004,0.0218,0.015,-0.0516,0.046,0.0387,0.038,0.1341,0.10039999999999999,0.0528,0.1245,-0.009399999999999999,-0.042699999999999995,0.0371,0.0151,-0.0031,-0.0125,-0.0067,-0.0007000000000000001,-0.013999999999999999,0.0377,0.0334,-0.0352,-0.0115,0.0086,0.05,0.013600000000000001,-0.0006,0.0296,-0.0183
2026-01,0.003,0.0133,0.0218,0.038,0.050300000000000004,60.04,4.21,-0.003000787482331458,-0.002234529265033984,0.10304014852634014,0.0833,0.0623,0.0664,0.0636,0.1066,0.0704,-0.1011,0.0536,0.0767,-0.0144,0.0003,-0.0381,0.0184,0.1036,-0.0341,0.0915,0.0588,0.10189999999999999,0.0805,0.040999999999999995,0.1727,0.19649999999999998,-0.026600000000000002,0.0507,0.1188,0.1747,0.1346,0.2064,0.08070000000000001,0.1393,0.0286,0.034,0.0059,-0.040999999999999995,0.0329,0.0181,0.053200000000000004,0.0121,0.0576,0.0139,0.0721,0.0482,0.0338,-0.0242,-0.048600000000000004,0.0604,0.0263,-0.0159
2026-02,0.0028000000000000004,-0.008899999999999998,0.0016,0.027999999999999997,0.0131,64.51,4.13,0.026964804560040523,0.009983113827664859,0.056175047338522965,0.0935,0.051500000000000004,0.08810000000000001,0.08990000000000001,0.0611,0.0111,0.1153,-0.0252,0.0864,0.0541,0.0747,0.013000000000000001,0.0526,0.0664,0.10039999999999999,0.0447,0.0634,0.11689999999999999,0.0637,0.0438,0.0947,0.005,-0.050199999999999995,0.0506,0.12029999999999999,0.0196,0.16879999999999998,0.1131,-0.12279999999999999,0.08839999999999999,0.099,0.0404,0.0046,-0.0891,0.034300000000000004,-0.0182,0.0215,0.0857,0.0797,0.0346,0.0553,-0.036000000000000004,0.062,-0.0429,-0.015600000000000001,-0.1042,-0.0745,0.057999999999999996
2026-03,0.0029,-0.0489,0.0044,0.0329,0.015600000000000001,91.38,4.25,-0.023710626954666657,-0.006307930299984598,-0.03266932270916334,0.0329,-0.0889,-0.0857,-0.0808,-0.0863,-0.0925,-0.0187,0.059000000000000004,-0.14279999999999998,-0.11460000000000001,-0.0959,-0.1189,-0.057300000000000004,-0.0105,-0.0781,-0.1929,-0.122,-0.08529999999999999,-0.052000000000000005,-0.0347,-0.087,-0.0718,-0.0794,-0.11130000000000001,-0.079,-0.0998,-0.19030000000000002,-0.1672,0.1475,0.1309,-0.020499999999999997,-0.026099999999999998,-0.0661,-0.057300000000000004,-0.0383,-0.0368,-0.0716,-0.13849999999999998,-0.1082,-0.0689,-0.09140000000000001,-0.029500000000000002,-0.0765,-0.0253,-0.054299999999999994,-0.0824,-0.0337,-0.0575
2026-04,0.0029,0.10239999999999999,0.0019,-0.0137,0.0951,100.32,4.32,-0.004475261510869116,-0.002112895653774995,-0.027800658978583193,-0.0298,0.0058,0.0416,0.0322,0.0288,0.0541,-0.0072,0.0177,0.019799999999999998,-0.030699999999999998,0.019299999999999998,-0.044000000000000004,-0.0189,0.0239,0.1024,0.0862,0.057,0.1938,0.1789,0.0582,0.1524,0.28850000000000003,0.0326,0.0155,0.044800000000000006,-0.057999999999999996,0.0177,0.024399999999999998,-0.1105,-0.0416,0.020499999999999997,-0.0226,0.053,0.1351,0.2501,0.2094,0.08349999999999999,-0.0264,-0.0051,0.07719999999999999,0.044199999999999996,0.1375,0.0484,0.084,0.11779999999999999,0.0664,0.08410000000000001,-0.012199999999999999
2026-05,0.0031,0.0522,-0.0159,-0.0231,0.0139,102.13,4.48,-0.00034337970049566364,-0.009281396915074945,-0.028383816987926247,-0.032,-0.0087,0.0227,-0.0745,0.037000000000000005,-0.013500000000000002,-0.0454,-0.028399999999999998,-0.0116,0.0248,0.0101,-0.048,0.050199999999999995,-0.0353,0.0194,0.0418,-0.0326,-0.0137,0.11359999999999999,0.0040999999999999995,0.0426,0.0637,0.1278,0.061900000000000004,-0.055099999999999996,0.1999,-0.0038,0.0729,0.028300000000000002,-0.0616,-0.049699999999999994,-0.0146,-0.0168,0.078,0.22699999999999998,0.1439,0.051500000000000004,0.027000000000000003,-0.0248,0.016,-0.0365,-0.026699999999999998,-0.0279,-0.022799999999999997,-0.011699999999999999,-0.0658,0.0254,0.0058
2026-06,0.0029,-0.007800000000000001,0.0339,0.0358,0.0462,84.81,4.47,0.004508427473482956,0.004532281568841802,-0.07826466099847396,0.0836,-0.0154,0.042,-0.02,0.0345,0.027000000000000003,-0.094,-0.030600000000000002,0.0368,-0.0487,0.1036,0.0087,0.08689999999999999,0.0013,0.1335,0.1477,0.14400000000000002,0.0638,-0.0509,0.0765,0.2713,0.034300000000000004,-0.0344,0.0604,0.0105,-0.0828,-0.1505,-0.0575,-0.1315,-0.056900000000000006,0.027999999999999997,-0.0898,0.015600000000000001,-0.09759999999999999,0.015600000000000001,-0.025,0.1779,0.1069,0.13269999999999998,0.0395,0.0689,-0.0559,0.021400000000000002,0.0833,0.0855,0.10710000000000001,-0.030699999999999998,0.04019999999999999
2026-07,0.0033,-0.0027,-0.0196,0.021099999999999997,-0.1225,80.46,4.6,-0.021114775747069277,-0.006666289215069978,-0.036660359508041584,-0.061500000000000006,0.046900000000000004,0.058899999999999994,0.013000000000000001,0.022799999999999997,0.0166,0.0006,0.0649,-0.0044,0.0707,0.0398,0.0565,-0.005600000000000001,-0.0115,-0.06309999999999999,0.0045000000000000005,-0.0475,-0.12240000000000001,-0.24170000000000003,-0.056799999999999996,-0.21059999999999998,-0.19640000000000002,-0.20989999999999998,0.0165,0.0824,-0.0405,-0.018799999999999997,-0.010700000000000001,-0.0649,0.14800000000000002,-0.0178,0.0319,0.0318,0.06309999999999999,-0.0106,-0.051500000000000004,-0.12990000000000002,0.0194,0.023399999999999997,0.0016,0.0192,0.0678,0.0126,0.0425,0.038599999999999995,0.0282,0.0674,0.0262
2026-08,,,,,,83.9,4.68,0.003958333333333334,-0.0025217730772679873,0.08298551436287749,,,,,,,,,,,,,,,,,,,,,,,,,,,,,,,,,,,,,,,,,,,,,,,,
