,nifty,ivix,spx,vix,brent,gold,inr,dxy,us10y
2007-01-01,,,,,,,44.21500015258789,,
2007-01-02,,,,,,635.2000122070312,44.12200164794922,83.19999694824219,
2007-01-03,,,1416.5999755859375,12.039999961853027,,627.0999755859375,44.111000061035156,83.91999816894531,4.664000034332275
2007-01-04,,,1418.3399658203125,11.510000228881836,,623.9000244140625,44.095001220703125,84.31999969482422,4.618000030517578
2007-01-05,,,1409.7099609375,12.140000343322754,,604.9000244140625,44.13999938964844,84.62999725341797,4.645999908447266
2007-01-08,,,1412.8399658203125,12.0,,607.5,44.255001068115234,84.5999984741211,4.659999847412109
2007-01-09,,,1412.1099853515625,11.90999984741211,,613.0999755859375,44.209999084472656,84.73999786376953,4.656000137329102
2007-01-10,,,1414.8499755859375,11.470000267028809,,611.5999755859375,44.375,85.08000183105469,4.682000160217285
2007-01-11,,,1423.8199462890625,10.869999885559082,,612.4000244140625,44.42499923706055,85.30999755859375,4.736999988555908
2007-01-12,,,1430.72998046875,10.149999618530273,,625.5,44.255001068115234,85.02999877929688,4.770999908447266
2007-01-15,,,,,,,44.1349983215332,,
2007-01-16,,,1431.9000244140625,10.739999771118164,,624.5999755859375,44.125,85.05000305175781,4.750999927520752
2007-01-17,,,1430.6199951171875,10.59000015258789,,632.0999755859375,44.025001525878906,84.9800033569336,4.7870001792907715
2007-01-18,,,1426.3699951171875,10.850000381469727,,627.0999755859375,44.084999084472656,84.91000366210938,4.750999927520752
2007-01-19,,,1430.5,10.399999618530273,,635.5,44.084999084472656,84.86000061035156,4.7729997634887695
2007-01-22,,,1422.949951171875,10.770000457763672,,633.2999877929688,44.04499816894531,85.0199966430664,4.758999824523926
2007-01-23,,,1427.989990234375,10.34000015258789,,645.2000122070312,44.07500076293945,84.66999816894531,4.803999900817871
2007-01-24,,,1440.1300048828125,9.890000343322754,,647.5999755859375,44.084999084472656,84.94000244140625,4.809999942779541
2007-01-25,,,1423.9000244140625,11.220000267028809,,647.7999877929688,44.084999084472656,85.11000061035156,4.867000102996826
2007-01-26,,,1422.1800537109375,11.130000114440918,,644.5,44.01499938964844,85.27999877929688,4.879000186920166
2007-01-29,,,1420.6199951171875,11.449999809265137,,643.0999755859375,44.06999969482422,85.0999984741211,4.892000198364258
2007-01-30,,,1428.8199462890625,10.960000038146973,,644.2000122070312,43.974998474121094,85.02999877929688,4.875
2007-01-31,,,1438.239990234375,10.420000076293945,,652.0,44.005001068115234,84.61000061035156,4.826000213623047
2007-02-01,,,1445.93994140625,10.3100004196167,,657.4000244140625,43.94499969482422,84.62999725341797,4.836999893188477
2007-02-02,,,1448.3900146484375,10.079999923706055,,646.2000122070312,43.935001373291016,84.95999908447266,4.827000141143799
2007-02-05,,,1446.989990234375,10.550000190734863,,650.9000244140625,43.96500015258789,85.08000183105469,4.808000087738037
2007-02-06,,,1448.0,10.649999618530273,,653.5999755859375,44.05400085449219,84.77999877929688,4.764999866485596
2007-02-07,,,1450.02001953125,10.319999694824219,,652.2999877929688,44.013999938964844,84.75,4.744999885559082
2007-02-08,,,1448.31005859375,10.4399995803833,,658.0,44.051998138427734,84.69999694824219,4.730000019073486
2007-02-09,,,1438.06005859375,11.100000381469727,,667.5,43.8650016784668,84.87000274658203,4.783999919891357
2007-02-12,,,1433.3699951171875,11.609999656677246,,662.5999755859375,44.07400131225586,85.1500015258789,4.803999900817871
2007-02-13,,,1444.260009765625,10.34000015258789,,663.9000244140625,43.96099853515625,84.7300033569336,4.814000129699707
2007-02-14,,,1455.300048828125,10.229999542236328,,667.4000244140625,43.874000549316406,84.19999694824219,4.730000019073486
2007-02-15,,,1456.81005859375,10.220000267028809,,667.2999877929688,44.01499938964844,84.01000213623047,4.705999851226807
2007-02-16,,,1455.5400390625,10.020000457763672,,668.7999877929688,43.80500030517578,84.08999633789062,4.690000057220459
2007-02-19,,,,,,,43.992000579833984,,
2007-02-20,,,1459.6800537109375,10.239999771118164,,657.0999755859375,44.117000579833984,84.19000244140625,4.679999828338623
2007-02-21,,,1457.6300048828125,10.199999809265137,,680.2000122070312,44.077999114990234,84.20999908447266,4.691999912261963
2007-02-22,,,1456.3800048828125,10.180000305175781,,679.4000244140625,44.17100143432617,84.31999969482422,4.730000019073486
2007-02-23,,,1451.18994140625,10.579999923706055,,683.0999755859375,44.01499938964844,84.06999969482422,4.677999973297119
2007-02-26,,,1449.3699951171875,11.149999618530273,,686.5,44.097999572753906,83.93000030517578,4.63100004196167
2007-02-27,,,1399.0400390625,18.309999465942383,,683.9000244140625,44.11399841308594,83.4800033569336,4.513000011444092
2007-02-28,,,1406.8199462890625,15.420000076293945,,669.4000244140625,44.01599884033203,83.56999969482422,4.550000190734863
2007-03-01,,,1403.1700439453125,15.819999694824219,,662.2999877929688,44.19599914550781,83.68000030517578,4.556000232696533
2007-03-02,,,1387.1700439453125,18.610000610351562,,641.5,44.03499984741211,83.73999786376953,4.514999866485596
2007-03-05,,,1374.1199951171875,19.6299991607666,,636.7000122070312,44.513999938964844,84.1500015258789,4.51800012588501
2007-03-06,,,1395.4100341796875,15.960000038146973,,643.7999877929688,44.11199951171875,84.06999969482422,4.5279998779296875
2007-03-07,,,1391.969970703125,15.239999771118164,,650.5999755859375,44.435001373291016,83.77999877929688,4.497000217437744
2007-03-08,,,1401.8900146484375,14.289999961853027,,653.4000244140625,44.112998962402344,84.0999984741211,4.508999824523926
2007-03-09,,,1402.8399658203125,14.09000015258789,,650.0,44.0099983215332,84.23999786376953,4.589000225067139
2007-03-12,,,1406.5999755859375,13.989999771118164,,648.4000244140625,44.053001403808594,83.86000061035156,4.552999973297119
2007-03-13,,,1377.949951171875,18.1299991607666,,647.5999755859375,44.01499938964844,83.7300033569336,4.494999885559082
2007-03-14,,,1387.1700439453125,17.270000457763672,,640.9000244140625,44.231998443603516,83.61000061035156,4.521999835968018
2007-03-15,,,1392.280029296875,16.43000030517578,,645.7000122070312,44.152000427246094,83.68000030517578,4.535999774932861
2007-03-16,,,1386.949951171875,16.790000915527344,,652.5999755859375,43.88999938964844,83.2300033569336,4.545000076293945
2007-03-19,,,1402.06005859375,14.59000015258789,,653.0999755859375,44.02000045776367,83.38999938964844,4.571000099182129
2007-03-20,,,1410.93994140625,13.270000457763672,,657.9000244140625,43.45399856567383,83.11000061035156,4.546999931335449
2007-03-21,,,1435.0400390625,12.1899995803833,,659.0,43.44200134277344,82.7699966430664,4.51800012588501
2007-03-22,,,1434.5400390625,12.930000305175781,,663.4000244140625,43.433998107910156,83.08999633789062,4.589000225067139
2007-03-23,,,1436.1099853515625,12.949999809265137,,656.7000122070312,43.30500030517578,83.27999877929688,4.61299991607666
2007-03-26,,,1437.5,13.15999984741211,,663.4000244140625,43.154998779296875,83.08000183105469,4.586999893188477
2007-03-27,,,1428.6099853515625,13.479999542236328,,662.0999755859375,43.053001403808594,83.01000213623047,4.611999988555908
2007-03-28,,,1417.22998046875,14.979999542236328,,666.5,43.09000015258789,83.02999877929688,4.619999885559082
2007-03-29,,,1422.530029296875,15.140000343322754,,661.5,43.57500076293945,83.08999633789062,4.631999969482422
2007-03-30,,,1420.8599853515625,14.640000343322754,,663.0,43.04499816894531,82.93000030517578,4.6479997634887695
2007-04-02,,,1424.550048828125,14.529999732971191,,665.7000122070312,43.17399978637695,82.87000274658203,4.642000198364258
2007-04-03,,,1437.77001953125,13.460000038146973,,664.0,43.012001037597656,83.1500015258789,4.664000034332275
2007-04-04,,,1439.3699951171875,13.239999771118164,,672.0999755859375,42.80799865722656,82.95999908447266,4.6519999504089355
2007-04-05,,,1443.760009765625,13.229999542236328,,674.2000122070312,42.69599914550781,82.68000030517578,4.673999786376953
2007-04-06,,,,,,,42.69499969482422,,
2007-04-09,,,1444.6099853515625,13.140000343322754,,671.9000244140625,42.87200164794922,83.0999984741211,4.744999885559082
2007-04-10,,,1448.3900146484375,12.680000305175781,,676.5,42.59400177001953,82.69999694824219,4.723999977111816
2007-04-11,,,1438.8699951171875,13.489999771118164,,676.7999877929688,42.612998962402344,82.66999816894531,4.738999843597412
2007-04-12,,,1447.800048828125,12.710000038146973,,675.0999755859375,42.551998138427734,82.37000274658203,4.736999988555908
2007-04-13,,,1452.8499755859375,12.199999809265137,,685.4000244140625,42.3650016784668,82.12999725341797,4.761000156402588
2007-04-16,,,1468.3299560546875,11.979999542236328,,690.0999755859375,41.775001525878906,82.06999969482422,4.735000133514404
2007-04-17,,,1471.47998046875,12.140000343322754,,688.2000122070312,41.85300064086914,81.83000183105469,4.688000202178955
2007-04-18,,,1472.5,12.420000076293945,,689.0999755859375,41.834999084472656,81.73999786376953,4.6539998054504395
2007-04-19,,,1470.72998046875,12.539999961853027,,684.2999877929688,42.07500076293945,81.63999938964844,4.670000076293945
2007-04-20,,,1484.3499755859375,12.069999694824219,,692.0,41.52000045776367,81.63999938964844,4.671999931335449
2007-04-23,,,1480.9300537109375,13.039999961853027,,690.5999755859375,41.58000183105469,81.73999786376953,4.650000095367432
2007-04-24,,,1480.4100341796875,13.119999885559082,,684.2000122070312,41.01300048828125,81.55000305175781,4.622000217437744
2007-04-25,,,1495.4200439453125,13.210000038146973,,684.0999755859375,40.854000091552734,81.43000030517578,4.645999908447266
2007-04-26,,,1494.25,12.789999961853027,,674.9000244140625,40.729000091552734,81.75,4.684000015258789
2007-04-27,,,1494.0699462890625,12.449999809265137,,678.7000122070312,40.724998474121094,81.52999877929688,4.697999954223633
2007-04-30,,,1482.3699951171875,14.220000267028809,,680.5,40.96900177001953,81.44999694824219,4.630000114440918
2007-05-01,,,1486.300048828125,13.510000228881836,,674.4000244140625,41.11399841308594,81.5999984741211,4.642000198364258
2007-05-02,,,1495.9200439453125,13.079999923706055,,672.2999877929688,40.97600173950195,81.73999786376953,4.645999908447266
2007-05-03,,,1502.3900146484375,13.09000015258789,,681.7999877929688,40.93299865722656,81.94999694824219,4.673999786376953
2007-05-04,,,1505.6199951171875,12.90999984741211,,687.2000122070312,40.51499938964844,81.73999786376953,4.639999866485596
2007-05-07,,,1509.47998046875,13.149999618530273,,688.0,40.70000076293945,81.68000030517578,4.636000156402588
2007-05-08,,,1507.719970703125,13.210000038146973,,685.0999755859375,40.691001892089844,81.94000244140625,4.633999824523926
2007-05-09,,,1512.5799560546875,12.880000114440918,,680.2999877929688,40.61399841308594,82.0199966430664,4.668000221252441
2007-05-10,,,1491.469970703125,13.600000381469727,,665.0999755859375,41.215999603271484,82.29000091552734,4.6479997634887695
2007-05-11,,,1505.8499755859375,12.949999809265137,,670.5999755859375,40.67499923706055,82.12000274658203,4.670000076293945
2007-05-14,,,1503.1500244140625,13.960000038146973,,668.5,40.654998779296875,82.06999969482422,4.690000057220459
2007-05-15,,,1501.18994140625,14.010000228881836,,673.0,40.880001068115234,81.75,4.711999893188477
2007-05-16,,,1514.1400146484375,13.5,,660.2000122070312,40.757999420166016,82.16000366210938,4.708000183105469
2007-05-17,,,1512.75,13.510000228881836,,656.2000122070312,40.529998779296875,82.31999969482422,4.75600004196167
2007-05-18,,,1522.75,12.760000228881836,,661.0,40.30500030517578,82.19999694824219,4.803999900817871
2007-05-21,,,1525.0999755859375,13.300000190734863,,662.9000244140625,40.53499984741211,82.36000061035156,4.788000106811523
2007-05-22,,,1524.1199951171875,13.0600004196167,,659.0999755859375,40.54199981689453,82.38999938964844,4.830999851226807
2007-05-23,,,1522.280029296875,13.239999771118164,,661.9000244140625,40.4900016784668,82.30999755859375,4.859000205993652
2007-05-24,,,1507.510009765625,14.079999923706055,,653.0,40.494998931884766,82.41000366210938,4.85699987411499
2007-05-25,,,1515.72998046875,13.34000015258789,,655.0999755859375,40.21500015258789,82.33000183105469,4.861000061035156
2007-05-28,,,,,,,40.513999938964844,,
2007-05-29,,,1518.1099853515625,13.529999732971191,,657.0999755859375,40.36899948120117,82.30999755859375,4.881999969482422
2007-05-30,,,1530.22998046875,12.829999923706055,,653.0999755859375,40.52899932861328,82.43000030517578,4.877999782562256
2007-05-31,,,1530.6199951171875,13.050000190734863,,661.0,40.54600143432617,82.30000305175781,4.889999866485596
2007-06-01,,,1536.3399658203125,12.779999732971191,,671.2000122070312,40.21500015258789,82.31999969482422,4.955999851226807
2007-06-04,,,1539.1800537109375,13.289999961853027,,670.7000122070312,40.1349983215332,82.05999755859375,4.928999900817871
2007-06-05,,,1530.949951171875,13.630000114440918,,669.5999755859375,40.15999984741211,81.88999938964844,4.97599983215332
2007-06-06,,,1517.3800048828125,14.869999885559082,,669.2999877929688,40.49300003051758,81.9000015258789,4.96999979019165
2007-06-07,,,1490.719970703125,17.059999465942383,,660.0999755859375,40.45199966430664,82.29000091552734,5.098999977111816
2007-06-08,,,1507.6700439453125,14.84000015258789,,645.5,40.7599983215332,82.69000244140625,5.118000030517578
2007-06-11,,,1509.1199951171875,14.710000038146973,,654.2999877929688,40.50899887084961,82.70999908447266,5.13700008392334
2007-06-12,,,1493.0,16.670000076293945,,648.5,40.56999969482422,82.88999938964844,5.248000144958496
2007-06-13,,,1515.6700439453125,14.729999542236328,,648.2000122070312,40.551998138427734,83.04000091552734,5.199999809265137
2007-06-14,,,1522.969970703125,13.640000343322754,,651.5999755859375,40.55699920654297,83.12999725341797,5.2170000076293945
2007-06-15,,,1532.9100341796875,13.9399995803833,,654.5,40.459999084472656,82.8499984741211,5.171000003814697
2007-06-18,,,1531.050048828125,13.420000076293945,,655.7999877929688,40.4370002746582,82.70999908447266,5.142000198364258
2007-06-19,,,1533.699951171875,12.850000381469727,,660.7000122070312,40.65399932861328,82.54000091552734,5.085999965667725
2007-06-20,,,1512.8399658203125,14.670000076293945,,656.0999755859375,40.47999954223633,82.5199966430664,5.123000144958496
2007-06-21,,,1522.18994140625,14.210000038146973,,650.5999755859375,40.534000396728516,82.7300033569336,5.163000106811523
2007-06-22,,,1502.56005859375,15.75,,653.5,40.494998931884766,82.33999633789062,5.138000011444092
2007-06-25,,,1497.739990234375,16.649999618530273,,651.2999877929688,40.65299987792969,82.31999969482422,5.078000068664551
2007-06-26,,,1492.8900146484375,18.889999389648438,,642.0999755859375,40.75299835205078,82.29000091552734,5.10099983215332
2007-06-27,,,1506.3399658203125,15.529999732971191,,641.7000122070312,40.81800079345703,82.31999969482422,5.070000171661377
2007-06-28,,,1505.7099609375,15.539999961853027,,647.5,40.7140007019043,82.33000183105469,5.118000030517578
2007-06-29,,,1503.3499755859375,16.229999542236328,,648.0999755859375,40.529998779296875,81.91999816894531,5.0329999923706055
2007-07-02,,,1519.4300537109375,15.399999618530273,,656.5,40.53200149536133,81.38999938964844,4.998000144958496
2007-07-03,,,1524.8699951171875,14.920000076293945,,652.9000244140625,40.35499954223633,81.43000030517578,5.050000190734863
2007-07-04,,,,,,,40.41299819946289,,
2007-07-05,,,1525.4000244140625,15.479999542236328,,648.4000244140625,40.39500045776367,81.54000091552734,5.144000053405762
2007-07-06,,,1530.43994140625,14.720000267028809,,652.7000122070312,40.310001373291016,81.45999908447266,5.195000171661377
2007-07-09,,,1531.8499755859375,15.15999984741211,,660.5,40.229000091552734,81.43000030517578,5.158999919891357
2007-07-10,,,1510.1199951171875,17.56999969482422,,662.5,40.17499923706055,80.86000061035156,5.038000106811523
2007-07-11,,,1518.760009765625,16.639999389648438,,660.2999877929688,40.310001373291016,80.7300033569336,5.079999923706055
2007-07-12,,,1547.699951171875,15.539999961853027,,666.7000122070312,40.45399856567383,80.63999938964844,5.116000175476074
2007-07-13,,,1552.5,15.149999618530273,,665.7999877929688,40.20000076293945,80.58000183105469,5.10699987411499
2007-07-16,,,1549.52001953125,15.59000015258789,,665.0,40.17399978637695,80.5199966430664,5.040999889373779
2007-07-17,,,1549.3699951171875,15.630000114440918,,664.7000122070312,40.292999267578125,80.54000091552734,5.078000068664551
2007-07-18,,,1546.1700439453125,16.0,,672.5999755859375,40.33300018310547,80.41999816894531,5.010000228881836
2007-07-19,,,1553.0799560546875,15.229999542236328,,677.2000122070312,40.194000244140625,80.41999816894531,5.0279998779296875
2007-07-20,,,1534.0999755859375,16.950000762939453,,683.9000244140625,40.125,80.29000091552734,4.955999851226807
2007-07-23,,,1541.5699462890625,16.809999465942383,,680.7999877929688,40.05099868774414,80.3499984741211,4.964000225067139
2007-07-24,,,1511.0400390625,18.549999237060547,,684.2000122070312,40.21699905395508,80.08000183105469,4.943999767303467
2007-07-25,,,1518.0899658203125,18.100000381469727,,673.2999877929688,40.231998443603516,80.6500015258789,4.9039998054504395
2007-07-26,,,1482.6600341796875,20.739999771118164,,662.5,40.17599868774414,80.44999694824219,4.7769999504089355
2007-07-27,,,1458.949951171875,24.170000076293945,,660.0,40.31999969482422,80.94999694824219,4.788000106811523
2007-07-30,,,1473.9100341796875,20.8700008392334,75.73999786376953,664.0999755859375,40.45399856567383,80.8499984741211,4.803999900817871
2007-07-31,,,1455.27001953125,23.520000457763672,77.05000305175781,666.9000244140625,40.39799880981445,80.7699966430664,4.770999908447266
2007-08-01,,,1465.81005859375,23.670000076293945,75.3499984741211,663.5999755859375,40.37300109863281,80.87000274658203,4.758999824523926
2007-08-02,,,1472.199951171875,21.219999313354492,75.76000213623047,664.5999755859375,40.14899826049805,80.70999908447266,4.752999782562256
2007-08-03,,,1433.06005859375,25.15999984741211,74.75,672.5,40.19499969482422,80.18000030517578,4.699999809265137
2007-08-06,,,1467.6700439453125,22.940000534057617,71.16999816894531,671.5,40.18899917602539,80.25,4.730999946594238
2007-08-07,,,1476.7099609375,21.559999465942383,71.80000305175781,670.5999755859375,40.33700180053711,80.4800033569336,4.743000030517578
2007-08-08,,,1497.489990234375,21.450000762939453,70.98999786376953,674.5,40.231998443603516,80.33999633789062,4.860000133514404
2007-08-09,,,1453.0899658203125,26.479999542236328,70.20999908447266,661.4000244140625,40.435001373291016,80.73999786376953,4.789999961853027
2007-08-10,,,1453.6400146484375,28.299999237060547,70.38999938964844,670.2999877929688,40.400001525878906,80.68000030517578,4.776000022888184
2007-08-13,,,1452.9200439453125,26.56999969482422,70.2300033569336,669.7000122070312,40.349998474121094,81.05000305175781,4.7779998779296875
2007-08-14,,,1426.5400390625,27.68000030517578,70.51000213623047,668.5999755859375,40.654998779296875,81.48999786376953,4.73199987411499
2007-08-15,,,1406.699951171875,30.670000076293945,71.63999938964844,668.9000244140625,40.87699890136719,81.81999969482422,4.705999851226807
2007-08-16,,,1411.27001953125,30.829999923706055,69.7699966430664,648.2999877929688,41.09299850463867,81.7300033569336,4.599999904632568
2007-08-17,,,1445.93994140625,29.989999771118164,70.44000244140625,656.9000244140625,40.98500061035156,81.43000030517578,4.672999858856201
2007-08-20,,,1445.550048828125,26.329999923706055,69.8499984741211,656.7000122070312,41.02000045776367,81.4000015258789,4.633999824523926
2007-08-21,,,1447.1199951171875,25.25,68.69000244140625,656.7000122070312,40.959999084472656,81.48999786376953,4.590000152587891
2007-08-22,,,1464.0699462890625,22.889999389648438,68.69999694824219,659.0999755859375,40.959999084472656,81.25,4.619999885559082
2007-08-23,,,1462.5,22.6200008392334,69.86000061035156,658.9000244140625,40.775001525878906,81.13999938964844,4.618000030517578
2007-08-24,,,1479.3699951171875,20.719999313354492,70.62000274658203,668.0,40.84000015258789,80.66999816894531,4.632999897003174
2007-08-27,,,1466.7900390625,22.719999313354492,70.94999694824219,666.7999877929688,40.900001525878906,80.73999786376953,4.5960001945495605
2007-08-28,,,1432.3599853515625,26.299999237060547,70.55000305175781,664.4000244140625,40.893001556396484,80.76000213623047,4.53000020980835
2007-08-29,,,1463.760009765625,23.809999465942383,72.12999725341797,666.2999877929688,40.895999908447266,80.69999694824219,4.552999973297119
2007-08-30,,,1457.6400146484375,25.059999465942383,71.9000015258789,665.0,40.99100112915039,80.79000091552734,4.501999855041504
2007-08-31,,,1473.989990234375,23.3799991607666,72.69000244140625,673.0,40.57500076293945,80.79000091552734,4.5370001792907715
2007-09-03,,,,,,,40.79100036621094,,
2007-09-04,,,1489.4200439453125,22.780000686645508,73.91999816894531,682.5,40.71500015258789,80.87999725341797,4.558000087738037
2007-09-05,,,1472.2900390625,24.579999923706055,74.33999633789062,681.7000122070312,40.83399963378906,80.62000274658203,4.4730000495910645
2007-09-06,,,1478.550048828125,23.989999771118164,74.7699966430664,695.5999755859375,40.57500076293945,80.47000122070312,4.5
2007-09-07,,,1453.550048828125,26.229999542236328,75.06999969482422,700.7999877929688,40.34000015258789,79.95999908447266,4.368000030517578
2007-09-10,,,1451.699951171875,27.3799991607666,75.4800033569336,703.2999877929688,,79.81999969482422,4.323999881744385
2007-09-11,,,1471.489990234375,25.270000457763672,76.37999725341797,712.2000122070312,40.354000091552734,79.69999694824219,4.363999843597412
2007-09-12,,,1471.56005859375,24.959999084472656,77.68000030517578,711.9000244140625,40.27199935913086,79.36000061035156,4.4079999923706055
2007-09-13,,,1483.949951171875,24.760000228881836,77.12000274658203,709.5,40.356998443603516,79.51000213623047,4.48199987411499
2007-09-14,,,1484.25,24.920000076293945,76.22000122070312,709.5999755859375,40.28499984741211,79.62000274658203,4.461999893188477
2007-09-17,4494.64990234375,,1476.6500244140625,26.479999542236328,76.9800033569336,715.7999877929688,40.37699890136719,79.72000122070312,4.46999979019165
2007-09-18,4546.2001953125,,1519.780029296875,20.350000381469727,77.58999633789062,715.7999877929688,40.21699905395508,79.20999908447266,4.480000019073486
2007-09-19,4732.35009765625,,1529.030029296875,20.030000686645508,78.47000122070312,722.0,40.03300094604492,79.30000305175781,4.52400016784668
2007-09-20,4747.5498046875,,1518.75,20.450000762939453,79.08999633789062,732.4000244140625,39.6150016784668,78.58000183105469,4.671999931335449
2007-09-21,4837.5498046875,,1525.75,19.0,79.30000305175781,731.4000244140625,39.77000045776367,78.5999984741211,4.631999969482422
2007-09-24,4932.2001953125,,1517.72998046875,19.3700008392334,78.91000366210938,732.0999755859375,39.430999755859375,78.52999877929688,4.624000072479248
2007-09-25,4938.85009765625,,1517.2099609375,18.600000381469727,77.62000274658203,731.5999755859375,39.65999984741211,78.30999755859375,4.613999843597412
2007-09-26,4940.5,,1525.4200439453125,17.6299991607666,77.43000030517578,728.2999877929688,39.632999420166016,78.48999786376953,4.619999885559082
2007-09-27,5000.5498046875,,1531.3800048828125,17.0,80.02999877929688,732.7000122070312,39.65299987792969,78.33999633789062,4.572999954223633
2007-09-28,5021.35009765625,,1526.75,18.0,79.16999816894531,742.7999877929688,39.57500076293945,77.72000122070312,4.578999996185303
2007-10-01,5068.9501953125,,1547.0400390625,17.84000015258789,77.63999938964844,747.2000122070312,39.667999267578125,77.9000015258789,4.557000160217285
2007-10-02,,,1546.6300048828125,18.489999771118164,77.37999725341797,729.7999877929688,39.573001861572266,78.30000305175781,4.5289998054504395
2007-10-03,5210.7998046875,,1539.5899658203125,18.799999237060547,77.37999725341797,729.2999877929688,39.31999969482422,78.56999969482422,4.543000221252441
2007-10-04,5208.64990234375,,1542.8399658203125,18.440000534057617,78.97000122070312,737.7999877929688,39.215999603271484,78.4800033569336,4.5229997634887695
2007-10-05,5185.85009765625,,1557.5899658203125,16.90999984741211,78.9000015258789,741.2999877929688,39.404998779296875,78.30999755859375,4.639999866485596
2007-10-08,5085.10009765625,,1552.5799560546875,17.459999084472656,76.58000183105469,732.7999877929688,39.35200119018555,78.66999816894531,4.638000011444092
2007-10-09,5327.25,,1565.1500244140625,16.1200008392334,77.48999786376953,737.4000244140625,39.154998779296875,78.52999877929688,4.651000022888184
2007-10-10,5441.4501953125,,1562.469970703125,16.670000076293945,78.5999984741211,740.4000244140625,39.17499923706055,78.37999725341797,4.646999835968018
2007-10-11,5524.85009765625,,1554.4100341796875,18.8799991607666,80.1500015258789,751.2999877929688,39.236000061035156,78.08000183105469,4.658999919891357
2007-10-12,5428.25,,1561.800048828125,17.729999542236328,80.55000305175781,748.7000122070312,39.095001220703125,78.22000122070312,4.686999797821045
2007-10-15,5670.39990234375,,1548.7099609375,19.25,82.75,757.0999755859375,39.236000061035156,78.08999633789062,4.672999858856201
2007-10-16,5668.0498046875,,1538.530029296875,20.020000457763672,83.55000305175781,757.0,39.154998779296875,78.25,4.65500020980835
2007-10-17,5559.2998046875,,1541.239990234375,18.540000915527344,83.12999725341797,757.5,39.47100067138672,78.12000274658203,4.546000003814697
2007-10-18,5351.0,,1540.0799560546875,18.5,84.5999984741211,764.0999755859375,39.55500030517578,77.58999633789062,4.502999782562256
2007-10-19,5215.2998046875,,1500.6300048828125,22.959999084472656,83.79000091552734,764.0,39.45000076293945,77.41000366210938,4.401000022888184
2007-10-22,5184.0,,1506.3299560546875,21.639999389648438,83.2699966430664,755.7999877929688,39.652000427246094,78.05999755859375,4.39300012588501
2007-10-23,5473.7001953125,,1519.5899658203125,20.40999984741211,82.8499984741211,759.0,39.415000915527344,77.58999633789062,4.40500020980835
2007-10-24,5496.14990234375,,1515.8800048828125,20.799999237060547,84.37000274658203,761.5999755859375,39.375,77.55000305175781,4.330999851226807
2007-10-25,5568.9501953125,,1514.4000244140625,21.170000076293945,87.4800033569336,767.2999877929688,39.472999572753906,77.27999877929688,4.3520002365112305
2007-10-26,5702.2998046875,,1535.280029296875,19.559999465942383,88.69000244140625,783.9000244140625,39.23500061035156,77.02999877929688,4.388999938964844
2007-10-29,5905.89990234375,,1540.97998046875,19.8700008392334,90.31999969482422,789.0999755859375,39.21500015258789,76.83999633789062,4.382999897003174
2007-10-30,5868.75,,1531.02001953125,21.06999969482422,87.44000244140625,784.2999877929688,39.310001373291016,76.7699966430664,4.382999897003174
2007-10-31,5900.64990234375,,1549.3800048828125,18.530000686645508,90.62999725341797,792.0,39.17399978637695,76.4800033569336,4.474999904632568
2007-11-01,5866.4501953125,,1508.43994140625,23.209999084472656,89.72000122070312,790.7000122070312,39.25600051879883,76.58999633789062,4.361000061035156
2007-11-02,5932.39990234375,,1509.6500244140625,23.010000228881836,92.08000183105469,805.7000122070312,39.19499969482422,76.33999633789062,4.290999889373779
2007-11-05,5847.2998046875,,1502.1700439453125,24.309999465942383,90.48999786376953,808.0999755859375,39.25600051879883,76.43000030517578,4.317999839782715
2007-11-06,5786.5,,1520.27001953125,21.389999389648438,93.26000213623047,820.7999877929688,39.21500015258789,76.04000091552734,4.35699987411499
2007-11-07,5782.35009765625,,1475.6199951171875,26.489999771118164,93.23999786376953,831.0,39.12900161743164,75.41000366210938,4.334000110626221
2007-11-08,5698.75,,1474.77001953125,26.15999984741211,92.79000091552734,835.2000122070312,39.249000549316406,75.45999908447266,4.2729997634887695
2007-11-09,,,1453.699951171875,28.5,93.18000030517578,832.5,39.04499816894531,75.4000015258789,4.224999904632568
2007-11-12,5617.10009765625,,1439.1800537109375,31.09000015258789,91.9800033569336,805.7999877929688,39.27199935913086,75.9000015258789,4.210999965667725
2007-11-13,5695.39990234375,,1481.050048828125,24.100000381469727,88.83000183105469,797.2000122070312,39.35300064086914,75.87999725341797,4.25600004196167
2007-11-14,5937.89990234375,,1470.5799560546875,25.940000534057617,91.36000061035156,813.0,39.2599983215332,75.80999755859375,4.269000053405762
2007-11-15,5912.10009765625,,1451.1500244140625,28.059999465942383,90.2300033569336,785.9000244140625,39.2140007019043,76.06999969482422,4.158999919891357
2007-11-16,5906.85009765625,,1458.739990234375,25.489999771118164,91.62000274658203,785.7000122070312,39.17499923706055,75.83000183105469,4.150000095367432
2007-11-19,5907.64990234375,,1433.27001953125,26.010000228881836,92.27999877929688,776.7999877929688,39.154998779296875,75.77999877929688,4.078999996185303
2007-11-20,5780.89990234375,,1439.699951171875,24.8799991607666,95.48999786376953,790.2999877929688,39.15599822998047,75.20999908447266,4.053999900817871
2007-11-21,5561.0498046875,,1416.77001953125,26.84000015258789,94.83999633789062,797.5999755859375,39.255001068115234,75.06999969482422,4.02400016784668
2007-11-22,5519.35009765625,,,,,,39.45500183105469,,
2007-11-23,5608.60009765625,,1440.699951171875,25.610000610351562,95.76000213623047,824.0,39.599998474121094,75.05000305175781,4.01200008392334
2007-11-26,5731.7001953125,,1407.219970703125,28.90999984741211,95.31999969482422,826.0,,74.86000061035156,3.8469998836517334
2007-11-27,5698.14990234375,,1428.22998046875,26.280000686645508,92.5199966430664,813.7000122070312,39.715999603271484,75.0999984741211,3.944000005722046
2007-11-28,5617.5498046875,,1469.02001953125,24.110000610351562,89.80999755859375,800.0999755859375,39.63100051879883,75.08000183105469,4.025000095367432
2007-11-29,5634.60009765625,,1469.719970703125,23.969999313354492,90.22000122070312,795.2999877929688,39.573001861572266,75.58999633789062,3.940000057220459
2007-11-30,5762.75,,1481.1400146484375,22.8700008392334,88.26000213623047,782.2000122070312,39.45500183105469,76.1500015258789,3.9719998836517334
2007-12-03,5865.0,,1472.4200439453125,23.610000610351562,89.80000305175781,788.2999877929688,39.49399948120117,75.93000030517578,3.8949999809265137
2007-12-04,5858.35009765625,,1462.7900390625,23.790000915527344,89.52999877929688,801.2999877929688,39.35200119018555,75.69000244140625,3.8889999389648438
2007-12-05,5940.0,,1485.010009765625,22.530000686645508,88.48999786376953,797.5,39.39799880981445,76.41000366210938,3.9110000133514404
2007-12-06,5954.7001953125,,1507.3399658203125,20.959999084472656,90.18000030517578,801.2000122070312,39.391998291015625,76.37999725341797,3.997999906539917
2007-12-07,5974.2998046875,,1504.6600341796875,20.850000381469727,88.63999938964844,794.4000244140625,39.36000061035156,76.29000091552734,4.119999885559082
2007-12-10,5960.60009765625,,1515.9599609375,20.739999771118164,88.04000091552734,807.7000122070312,39.34400177001953,76.05999755859375,4.14900016784668
2007-12-11,6097.25,,1477.6500244140625,23.59000015258789,89.98999786376953,811.4000244140625,39.292999267578125,76.22000122070312,3.990000009536743
2007-12-12,6159.2998046875,,1486.5899658203125,22.469999313354492,94.0199966430664,813.5,39.29399871826172,76.13999938964844,4.076000213623047
2007-12-13,6058.10009765625,,1488.4100341796875,22.559999465942383,92.12000274658203,799.0,39.308998107910156,76.55999755859375,4.170000076293945
2007-12-14,6047.7001953125,,1467.949951171875,23.270000457763672,91.69000244140625,793.2999877929688,39.2400016784668,77.44000244140625,4.23199987411499
2007-12-17,5777.0,,1445.9000244140625,24.520000457763672,91.29000091552734,794.7999877929688,39.37300109863281,77.4000015258789,4.192999839782715
2007-12-18,5742.2998046875,,1454.97998046875,22.639999389648438,90.12000274658203,803.0,,77.41000366210938,4.119999885559082
2007-12-19,5751.14990234375,,1453.0,21.68000030517578,91.4800033569336,801.0999755859375,39.4900016784668,77.58999633789062,4.070000171661377
2007-12-20,5766.5,,1460.1199951171875,20.579999923706055,90.87999725341797,799.2000122070312,39.48899841308594,77.79000091552734,4.026000022888184
2007-12-21,,,1484.4599609375,18.469999313354492,92.45999908447266,811.5999755859375,39.23500061035156,77.72000122070312,4.168000221252441
2007-12-24,5985.10009765625,,1496.449951171875,18.600000381469727,92.69999694824219,812.7999877929688,39.25199890136719,77.56999969482422,4.211999893188477
2007-12-25,,,,,,,39.23500061035156,,
2007-12-26,6070.75,,1497.6600341796875,18.65999984741211,93.94000244140625,826.0,39.38999938964844,77.1500015258789,4.281000137329102
2007-12-27,6081.5,,1476.27001953125,20.260000228881836,94.77999877929688,828.5999755859375,39.196998596191406,76.61000061035156,4.198999881744385
2007-12-28,6079.7001953125,,1478.489990234375,20.739999771118164,93.87999725341797,839.5999755859375,39.244998931884766,76.22000122070312,4.0960001945495605
2007-12-31,6138.60009765625,,1468.3599853515625,22.5,93.8499984741211,834.9000244140625,39.244998931884766,76.69999694824219,4.034999847412109
2008-01-01,6144.35009765625,,,,,,39.244998931884766,,
2008-01-02,6179.39990234375,,1447.1600341796875,23.170000076293945,97.83999633789062,857.0,39.375,75.97000122070312,3.9010000228881836
2008-01-03,6178.5498046875,,1447.1600341796875,22.489999771118164,97.5999984741211,866.4000244140625,39.35300064086914,75.88999938964844,3.9010000228881836
2008-01-04,6274.2998046875,,1411.6300048828125,23.940000534057617,96.79000091552734,863.0999755859375,39.095001220703125,75.79000091552734,3.8540000915527344
2008-01-07,6279.10009765625,,1416.1800537109375,23.790000915527344,94.38999938964844,859.5999755859375,39.2130012512207,76.16999816894531,3.8389999866485596
2008-01-08,6287.85009765625,,1390.18994140625,25.43000030517578,95.54000091552734,878.0,39.19599914550781,76.11000061035156,3.8399999141693115
2008-01-09,6272.0,,1409.1300048828125,24.1200008392334,94.37000274658203,879.5,39.2130012512207,76.41999816894531,3.7909998893737793
2008-01-10,6156.9501953125,,1420.3299560546875,23.450000762939453,92.22000122070312,891.7000122070312,39.215999603271484,75.93000030517578,3.88700008392334
2008-01-11,6200.10009765625,,1401.02001953125,23.68000030517578,91.06999969482422,896.0999755859375,39.095001220703125,75.9800033569336,3.809999942779541
2008-01-14,6206.7998046875,,1416.25,22.899999618530273,92.91999816894531,901.5999755859375,39.21699905395508,75.61000061035156,3.7929999828338623
2008-01-15,6074.25,,1380.949951171875,23.34000015258789,90.9800033569336,901.0,39.19200134277344,75.56999969482422,3.7009999752044678
2008-01-16,5935.75,,1373.199951171875,24.3799991607666,89.5,880.5999755859375,39.17100143432617,76.26000213623047,3.7119998931884766
2008-01-17,5913.2001953125,,1333.25,28.459999084472656,88.75,879.5,39.191001892089844,76.16999816894531,3.640000104904175
2008-01-18,5705.2998046875,,1325.18994140625,27.18000030517578,89.2300033569336,880.7999877929688,39.284000396728516,76.37999725341797,3.6480000019073486
2008-01-21,5208.7998046875,,,,,,39.47600173950195,,
2008-01-22,4899.2998046875,,1310.5,31.010000228881836,88.44999694824219,889.5999755859375,39.310001373291016,76.3499984741211,3.4839999675750732
2008-01-23,5203.39990234375,,1338.5999755859375,29.020000457763672,86.62000274658203,882.5,39.472999572753906,76.4000015258789,3.4260001182556152
2008-01-24,5033.4501953125,,1352.0699462890625,27.780000686645508,89.06999969482422,905.5,39.36899948120117,75.69000244140625,3.640000104904175
2008-01-25,5383.35009765625,,1330.6099853515625,29.079999923706055,90.9000015258789,910.5,39.275001525878906,75.97000122070312,3.5840001106262207
2008-01-28,5274.10009765625,,1353.9599609375,27.780000686645508,91.37999725341797,927.0999755859375,39.29499816894531,75.58000183105469,3.5859999656677246
2008-01-29,5280.7998046875,,1362.300048828125,27.31999969482422,92.0,925.0999755859375,39.209999084472656,75.54000091552734,3.6579999923706055
2008-01-30,5167.60009765625,,1355.81005859375,27.6200008392334,92.52999877929688,920.5999755859375,39.34700012207031,75.02999877929688,3.7330000400543213
2008-01-31,5137.4501953125,,1378.550048828125,26.200000762939453,92.20999908447266,922.7000122070312,39.31399917602539,75.18000030517578,3.6389999389648438
2008-02-01,5317.25,,1395.4200439453125,24.020000457763672,89.44000244140625,908.7000122070312,39.27299880981445,75.44999694824219,3.5999999046325684
2008-02-04,5463.5,,1380.8199462890625,25.989999771118164,90.4000015258789,904.9000244140625,39.27199935913086,75.37000274658203,3.6429998874664307
2008-02-05,5483.89990234375,,1336.6400146484375,28.239999771118164,88.81999969482422,885.9000244140625,39.45100021362305,76.12000274658203,3.5869998931884766
2008-02-06,5322.5498046875,,1326.449951171875,28.969999313354492,87.77999877929688,900.7000122070312,39.5359992980957,76.13999938964844,3.614000082015991
2008-02-07,5133.25,,1336.9100341796875,27.65999984741211,88.51000213623047,906.0999755859375,39.45899963378906,76.94000244140625,3.7360000610351562
2008-02-08,5120.35009765625,,1331.2900390625,28.010000228881836,91.94000244140625,918.4000244140625,39.53499984741211,76.66999816894531,3.6540000438690186
2008-02-11,4857.0,,1339.1300048828125,27.600000381469727,93.52999877929688,922.9000244140625,39.5260009765625,76.58000183105469,3.618000030517578
2008-02-12,4838.25,,1348.8599853515625,26.329999923706055,92.86000061035156,907.4000244140625,39.57500076293945,76.31999969482422,3.678999900817871
2008-02-13,4929.4501953125,,1367.2099609375,24.8799991607666,93.31999969482422,906.5,39.63399887084961,76.4000015258789,3.694000005722046
2008-02-14,5202.0,,1348.8599853515625,25.540000915527344,95.16000366210938,907.4000244140625,39.57600021362305,76.1500015258789,3.818000078201294
2008-02-15,5302.89990234375,,1349.989990234375,25.020000457763672,94.62999725341797,902.7999877929688,39.584999084472656,76.0999984741211,3.7799999713897705
2008-02-18,5276.89990234375,,,,,,39.63600158691406,,
2008-02-19,5280.7998046875,,1348.780029296875,25.59000015258789,98.55999755859375,926.5999755859375,39.685001373291016,76.0,3.875
2008-02-20,5154.4501953125,,1360.030029296875,24.399999618530273,98.41999816894531,934.5999755859375,40.13399887084961,76.12000274658203,3.9170000553131104
2008-02-21,5191.7998046875,,1342.530029296875,25.1200008392334,96.23999786376953,946.0999755859375,39.915000915527344,75.5999984741211,3.7839999198913574
2008-02-22,5110.75,,1353.1099853515625,24.059999465942383,97.01000213623047,944.7000122070312,39.974998474121094,75.5199966430664,3.7899999618530273
2008-02-25,5200.7001953125,,1371.800048828125,23.030000686645508,97.69000244140625,937.5999755859375,39.91299819946289,75.52999877929688,3.9019999504089355
2008-02-26,5270.0498046875,,1381.2900390625,21.899999618530273,99.47000122070312,946.0999755859375,39.814998626708984,74.76000213623047,3.859999895095825
2008-02-27,5268.39990234375,,1380.02001953125,22.690000534057617,98.2699966430664,958.2000122070312,39.689998626708984,74.20999908447266,3.8499999046325684
2008-02-28,5285.10009765625,,1367.6800537109375,23.530000686645508,100.9000015258789,964.5,39.816001892089844,73.72000122070312,3.7149999141693115
2008-02-29,5223.5,,1330.6300048828125,26.540000915527344,100.0999984741211,972.0999755859375,39.90999984741211,73.70999908447266,3.5339999198913574
2008-03-03,4953.0,35.7599983215332,1331.3399658203125,26.280000686645508,100.4800033569336,981.5,40.25400161743164,73.69999694824219,3.5339999198913574
2008-03-04,4864.25,38.08000183105469,1326.75,25.520000457763672,97.5199966430664,963.9000244140625,40.20899963378906,73.66000366210938,3.5789999961853027
2008-03-05,4921.39990234375,35.5099983215332,1333.699951171875,24.600000381469727,101.63999938964844,986.2000122070312,40.17399978637695,73.4800033569336,3.693000078201294
2008-03-06,,,1304.3399658203125,27.549999237060547,102.61000061035156,975.0,40.04399871826172,73.0,3.621999979019165
2008-03-07,4771.60009765625,35.20000076293945,1293.3699951171875,27.489999771118164,102.37999725341797,972.2000122070312,40.23899841308594,73.02999877929688,3.5409998893737793
2008-03-10,4800.39990234375,32.58000183105469,1273.3699951171875,29.3799991607666,104.16000366210938,969.9000244140625,40.31399917602539,72.98999786376953,3.437999963760376
2008-03-11,4865.89990234375,32.689998626708984,1320.6500244140625,26.360000610351562,105.25,974.2000122070312,40.17499923706055,73.27999877929688,3.5959999561309814
2008-03-12,4872.0,32.36000061035156,1308.77001953125,27.219999313354492,106.2699966430664,978.7999877929688,39.979000091552734,72.4000015258789,3.4830000400543213
2008-03-13,4623.60009765625,34.150001525878906,1315.47998046875,27.290000915527344,107.54000091552734,992.2999877929688,40.124000549316406,72.06999969482422,3.5339999198913574
2008-03-14,4745.7998046875,31.110000610351562,1288.1400146484375,31.15999984741211,106.19999694824219,998.2000122070312,40.07500076293945,71.66000366210938,3.4210000038146973
2008-03-17,4503.10009765625,33.43000030517578,1276.5999755859375,32.2400016784668,101.75,1001.4000244140625,40.374000549316406,71.45999908447266,3.313999891281128
2008-03-18,4533.0,37.84000015258789,1330.739990234375,25.790000915527344,105.55999755859375,1003.2000122070312,40.15399932861328,71.56999969482422,3.4509999752044678
2008-03-19,4573.9501953125,35.4900016784668,1298.4200439453125,29.84000015258789,100.72000122070312,944.7000122070312,40.132999420166016,72.13999938964844,3.361999988555908
2008-03-20,,,1329.510009765625,26.6200008392334,100.37999725341797,919.5999755859375,40.275001525878906,72.75,3.328000068664551
2008-03-21,,,,,,,40.185001373291016,,
2008-03-24,4609.85009765625,35.209999084472656,1349.8800048828125,25.729999542236328,99.86000061035156,918.2999877929688,40.185001373291016,72.94999694824219,3.5220000743865967
2008-03-25,4877.5,33.29999923706055,1352.989990234375,25.719999313354492,100.5999984741211,934.5999755859375,40.051998138427734,72.27999877929688,3.492000102996826
2008-03-26,4828.85009765625,37.18000030517578,1341.1300048828125,26.079999923706055,103.98999786376953,949.0,40.05699920654297,71.51000213623047,3.49399995803833
2008-03-27,4830.25,37.279998779296875,1325.760009765625,25.8799991607666,105.0,948.7999877929688,39.94499969482422,71.66000366210938,3.5339999198913574
2008-03-28,4942.0,33.06999969482422,1315.219970703125,25.709999084472656,103.7699966430664,930.5999755859375,39.6150016784668,71.68000030517578,3.4660000801086426
2008-03-31,4734.5,35.13999938964844,1322.699951171875,25.610000610351562,100.30000305175781,916.2000122070312,39.888999938964844,71.80000305175781,3.431999921798706
2008-04-01,4739.5498046875,35.099998474121094,1370.1800537109375,22.68000030517578,100.16999816894531,882.9000244140625,,72.55999755859375,3.5450000762939453
2008-04-02,4754.2001953125,33.619998931884766,1367.530029296875,23.43000030517578,103.75,895.2000122070312,39.91999816894531,72.26000213623047,3.5829999446868896
2008-04-03,4771.60009765625,36.68000030517578,1369.31005859375,23.209999084472656,102.5199966430664,905.0,39.88399887084961,72.22000122070312,3.5910000801086426
2008-04-04,4647.0,36.93000030517578,1370.4000244140625,22.450000762939453,104.9000015258789,909.0,39.80500030517578,72.0199966430664,3.4809999465942383
2008-04-07,4761.2001953125,30.989999771118164,1372.5400390625,22.420000076293945,107.13999938964844,922.7000122070312,39.87300109863281,72.19999694824219,3.555999994277954
2008-04-08,4709.64990234375,31.399999618530273,1365.5400390625,22.360000610351562,106.33999633789062,914.0,39.82899856567383,72.2300033569336,3.558000087738037
2008-04-09,4747.0498046875,38.2400016784668,1354.489990234375,22.809999465942383,108.47000122070312,933.5999755859375,39.81700134277344,71.83000183105469,3.4660000801086426
2008-04-10,4733.0,30.520000457763672,1360.550048828125,21.979999542236328,108.19999694824219,928.2999877929688,39.88999938964844,72.12000274658203,3.5320000648498535
2008-04-11,4777.7998046875,33.83000183105469,1332.8299560546875,23.459999084472656,108.75,923.5999755859375,39.775001525878906,71.80999755859375,3.4709999561309814
2008-04-14,,,1328.3199462890625,23.81999969482422,109.83999633789062,925.4000244140625,39.86899948120117,71.87999725341797,3.503000020980835
2008-04-15,4879.64990234375,30.229999542236328,1334.4300537109375,22.780000686645508,111.58000183105469,928.7000122070312,39.86399841308594,72.0199966430664,3.569999933242798
2008-04-16,4887.2998046875,27.940000534057617,1364.7099609375,20.530000686645508,112.66000366210938,945.0999755859375,39.82899856567383,71.41000366210938,3.696000099182129
2008-04-17,4958.39990234375,27.100000381469727,1365.56005859375,20.3700008392334,112.43000030517578,939.7999877929688,39.87200164794922,71.68000030517578,3.7290000915527344
2008-04-18,,,1390.3299560546875,20.1299991607666,113.91999816894531,912.2000122070312,39.65399932861328,72.01000213623047,3.743000030517578
2008-04-21,5037.0,27.100000381469727,1388.1700439453125,20.5,114.43000030517578,914.7000122070312,39.81700134277344,71.6500015258789,3.7119998931884766
2008-04-22,5049.2998046875,39.619998931884766,1375.93994140625,20.8700008392334,115.94999694824219,922.2999877929688,39.827999114990234,71.33000183105469,3.7200000286102295
2008-04-23,5022.7998046875,32.369998931884766,1379.9300537109375,20.260000228881836,116.45999908447266,906.2000122070312,39.86000061035156,71.81999969482422,3.7300000190734863
2008-04-24,4999.85009765625,28.729999542236328,1388.8199462890625,20.059999465942383,114.33999633789062,886.7999877929688,40.03499984741211,72.54000091552734,3.8269999027252197
2008-04-25,5111.7001953125,27.399999618530273,1397.8399658203125,19.59000015258789,116.33999633789062,887.2000122070312,40.064998626708984,72.79000091552734,3.865999937057495
2008-04-28,5089.64990234375,27.6200008392334,1396.3699951171875,19.639999389648438,116.73999786376953,892.9000244140625,40.03099822998047,72.79000091552734,3.8350000381469727
2008-04-29,5195.5,26.15999984741211,1390.93994140625,20.239999771118164,113.43000030517578,874.2000122070312,40.29999923706055,72.88999938964844,3.825000047683716
2008-04-30,5165.89990234375,26.15999984741211,1385.5899658203125,20.790000915527344,111.36000061035156,862.7999877929688,40.38600158691406,72.51000213623047,3.759000062942505
2008-05-01,,,1409.3399658203125,18.8799991607666,110.5,848.9000244140625,,73.27999877929688,3.749000072479248
2008-05-02,5228.2001953125,24.209999084472656,1413.9000244140625,18.18000030517578,114.55999755859375,856.0999755859375,40.48500061035156,73.5,3.8450000286102295
2008-05-05,5192.25,25.06999969482422,1407.489990234375,18.899999618530273,117.98999786376953,872.2999877929688,40.52000045776367,73.19000244140625,3.8450000286102295
2008-05-06,5144.64990234375,24.90999984741211,1418.260009765625,18.209999084472656,120.30999755859375,876.0,40.67300033569336,73.0,3.8929998874664307
2008-05-07,5135.5,25.059999465942383,1392.5699462890625,19.729999542236328,122.31999969482422,869.5999755859375,41.316001892089844,73.51000213623047,3.867000102996826
2008-05-08,5081.7001953125,25.940000534057617,1397.6800537109375,19.399999618530273,122.83999633789062,880.5999755859375,41.70000076293945,73.4800033569336,3.805000066757202
2008-05-09,4982.60009765625,27.530000686645508,1388.280029296875,19.40999984741211,125.4000015258789,884.5,41.4119987487793,73.05000305175781,3.7669999599456787
2008-05-12,5012.64990234375,31.5,1403.5799560546875,17.790000915527344,122.91000366210938,883.7000122070312,41.83100128173828,72.94999694824219,3.7750000953674316
2008-05-13,4957.7998046875,33.43000030517578,1403.0400390625,17.979999542236328,124.0999984741211,868.5,41.9739990234375,73.2699966430664,3.9089999198913574
2008-05-14,5011.75,29.219999313354492,1408.6600341796875,17.65999984741211,121.86000061035156,865.4000244140625,42.3650016784668,73.4000015258789,3.937999963760376
2008-05-15,5115.25,29.020000457763672,1423.5699462890625,16.299999237060547,122.62999725341797,879.0,42.36899948120117,73.3499984741211,3.8429999351501465
2008-05-16,5157.7001953125,23.25,1425.3499755859375,16.469999313354492,124.98999786376953,899.0,42.36600112915039,72.83999633789062,3.8499999046325684
2008-05-19,,,1426.6300048828125,17.010000228881836,125.05999755859375,905.0,42.35100173950195,73.04000091552734,3.8389999866485596
2008-05-20,5104.9501953125,24.989999771118164,1413.4000244140625,17.579999923706055,127.83999633789062,919.5,42.611000061035156,72.4000015258789,3.7760000228881836
2008-05-21,5117.64990234375,27.860000610351562,1390.7099609375,18.59000015258789,132.6999969482422,928.0,42.619998931884766,71.94000244140625,3.822000026702881
2008-05-22,5025.4501953125,34.86000061035156,1394.3499755859375,18.049999237060547,130.50999450683594,917.9000244140625,43.077999114990234,72.27999877929688,3.9210000038146973
2008-05-23,4946.5498046875,34.029998779296875,1375.9300537109375,19.549999237060547,131.57000732421875,925.5999755859375,42.61000061035156,71.88999938964844,3.8310000896453857
2008-05-26,4875.0498046875,33.0099983215332,,,,,42.54499816894531,,
2008-05-27,4859.7998046875,28.59000015258789,1385.3499755859375,19.639999389648438,128.30999755859375,907.7000122070312,42.81100082397461,72.33999633789062,3.9210000038146973
2008-05-28,4918.35009765625,32.630001068115234,1390.8399658203125,19.06999969482422,130.92999267578125,900.5,42.77199935913086,72.55000305175781,4.008999824523926
2008-05-29,4835.2998046875,28.079999923706055,1398.260009765625,18.139999389648438,126.88999938964844,877.2000122070312,42.67599868774414,73.0199966430664,4.078999996185303
2008-05-30,4870.10009765625,26.68000030517578,1400.3800048828125,17.829999923706055,127.77999877929688,887.2999877929688,42.53099822998047,72.87999725341797,4.046000003814697
2008-06-02,4739.60009765625,29.489999771118164,1385.6700439453125,19.829999923706055,128.02000427246094,892.9000244140625,42.189998626708984,72.93000030517578,3.9709999561309814
2008-06-03,4715.89990234375,28.489999771118164,1377.6500244140625,20.239999771118164,124.58000183105469,881.5999755859375,42.242000579833984,73.23999786376953,3.8980000019073486
2008-06-04,4585.60009765625,29.81999969482422,1377.199951171875,20.799999237060547,122.0999984741211,879.9000244140625,42.512001037597656,73.41999816894531,3.940000057220459
2008-06-05,4676.9501953125,30.31999969482422,1404.050048828125,18.6299991607666,127.54000091552734,871.7999877929688,42.792999267578125,73.04000091552734,4.025000095367432
2008-06-06,4627.7998046875,,1360.6800537109375,23.559999465942383,137.69000244140625,895.4000244140625,42.715999603271484,72.38999938964844,3.937999963760376
2008-06-09,4500.9501953125,32.43000030517578,1361.760009765625,23.1200008392334,133.91000366210938,894.7000122070312,42.808998107910156,72.8499984741211,3.992000102996826
2008-06-10,4449.7998046875,30.229999542236328,1358.43994140625,23.18000030517578,131.02000427246094,867.9000244140625,42.83000183105469,73.69999694824219,4.098999977111816
2008-06-11,4523.60009765625,29.639999389648438,1335.489990234375,24.1200008392334,135.02000427246094,879.7000122070312,42.59299850463867,73.20999908447266,4.072999954223633
2008-06-12,4539.35009765625,29.229999542236328,1339.8699951171875,23.329999923706055,136.08999633789062,869.2000122070312,42.749000549316406,73.86000061035156,4.204999923706055
2008-06-13,4517.10009765625,30.700000762939453,1360.030029296875,21.219999313354492,135.11000061035156,870.2999877929688,42.83100128173828,74.1500015258789,4.261000156402588
2008-06-16,4572.5,29.020000457763672,1360.1400146484375,20.950000762939453,134.7100067138672,883.5999755859375,42.81399917602539,73.61000061035156,4.244999885559082
2008-06-17,4653.0,28.959999084472656,1350.9300537109375,21.1299991607666,133.72000122070312,884.2999877929688,42.71200180053711,73.51000213623047,4.224999904632568
2008-06-18,4582.39990234375,31.81999969482422,1337.81005859375,22.239999771118164,136.44000244140625,890.9000244140625,42.84199905395508,73.44000244140625,4.1539998054504395
2008-06-19,4504.25,32.31999969482422,1342.8299560546875,21.579999923706055,132.0,901.7000122070312,42.854000091552734,73.4800033569336,4.198999881744385
2008-06-20,4347.5498046875,28.190000534057617,1317.9300537109375,22.8700008392334,134.86000061035156,901.2999877929688,42.79999923706055,73.02999877929688,4.13700008392334
2008-06-23,4266.39990234375,31.1200008392334,1318.0,22.639999389648438,135.91000366210938,884.7999877929688,42.89500045776367,73.43000030517578,4.168000221252441
2008-06-24,4191.10009765625,34.04999923706055,1314.2900390625,22.420000076293945,136.4600067138672,889.2000122070312,42.847999572753906,73.23999786376953,4.105000019073486
2008-06-25,4252.64990234375,36.459999084472656,1321.969970703125,21.139999389648438,134.3300018310547,880.0,42.68899917602539,72.93000030517578,4.114999771118164
2008-06-26,4315.85009765625,32.849998474121094,1283.1500244140625,23.93000030517578,139.8300018310547,913.0999755859375,42.652000427246094,72.48999786376953,4.0329999923706055
2008-06-27,4136.64990234375,32.20000076293945,1278.3800048828125,23.440000534057617,140.30999755859375,929.2999877929688,42.71500015258789,72.36000061035156,3.990000009536743
2008-06-30,4040.550048828125,30.959999084472656,1280.0,23.950000762939453,139.8300018310547,926.2000122070312,42.85200119018555,72.45999908447266,3.9790000915527344
2008-07-01,3896.75,31.420000076293945,1284.9100341796875,23.649999618530273,140.6699981689453,942.5,,72.37000274658203,3.992000102996826
2008-07-02,4093.35009765625,35.380001068115234,1261.52001953125,25.920000076293945,144.25999450683594,944.7999877929688,43.11399841308594,72.02999877929688,3.9590001106262207
2008-07-03,3925.75,36.2599983215332,1262.9000244140625,24.780000686645508,146.0800018310547,931.9000244140625,43.196998596191406,72.73999786376953,3.9730000495910645
2008-07-04,4016.0,35.66999816894531,,,,,43.084999084472656,,
2008-07-07,4030.0,37.290000915527344,1252.31005859375,25.780000686645508,141.8699951171875,927.2999877929688,43.1510009765625,72.66999816894531,3.930000066757202
2008-07-08,3988.550048828125,36.040000915527344,1273.699951171875,23.149999618530273,136.42999267578125,921.9000244140625,43.29199981689453,73.01000213623047,3.880000114440918
2008-07-09,4157.10009765625,34.27000045776367,1244.68994140625,25.229999542236328,136.5800018310547,927.2999877929688,43.073001861572266,72.58000183105469,3.8340001106262207
2008-07-10,4162.2001953125,32.16999816894531,1253.3900146484375,25.59000015258789,142.02999877929688,940.9000244140625,43.09199905395508,72.48999786376953,3.811000108718872
2008-07-11,4049.0,33.0099983215332,1239.489990234375,27.489999771118164,144.49000549316406,959.5,42.832000732421875,72.0999984741211,3.940000057220459
2008-07-14,4039.699951171875,31.510000228881836,1228.300048828125,28.479999542236328,143.9199981689453,972.7000122070312,42.676998138427734,71.91999816894531,3.880000114440918
2008-07-15,3861.10009765625,49.77000045776367,1214.9100341796875,28.540000915527344,138.75,977.7000122070312,43.111000061035156,71.87000274658203,3.8440001010894775
2008-07-16,3816.699951171875,31.100000381469727,1245.3599853515625,25.100000381469727,135.80999755859375,961.7999877929688,43.09199905395508,72.05999755859375,3.934000015258789
2008-07-17,3947.199951171875,35.34000015258789,1260.3199462890625,25.010000228881836,131.07000732421875,970.0,42.73099899291992,72.23999786376953,4.038000106811523
2008-07-18,4092.25,36.25,1260.6800537109375,24.049999237060547,130.19000244140625,957.2999877929688,42.715999603271484,72.19000244140625,4.080999851226807
2008-07-21,4159.5,40.47999954223633,1260.0,23.049999237060547,132.61000061035156,963.0999755859375,42.65299987792969,71.98999786376953,4.066999912261963
2008-07-22,4240.10009765625,35.54999923706055,1277.0,21.18000030517578,129.5500030517578,948.0,42.65299987792969,72.44999694824219,4.0970001220703125
2008-07-23,4476.7998046875,37.77000045776367,1282.18994140625,21.309999465942383,125.29000091552734,922.4000244140625,41.99700164794922,72.80999755859375,4.1479997634887695
2008-07-24,4433.5498046875,40.290000915527344,1252.5400390625,23.440000534057617,126.44000244140625,922.0,41.99599838256836,72.93000030517578,4.015999794006348
2008-07-25,4311.85009765625,42.290000915527344,1257.760009765625,22.90999984741211,124.5199966430664,926.5999755859375,42.27799987792969,72.86000061035156,4.111000061035156
2008-07-28,4332.10009765625,54.060001373291016,1234.3699951171875,24.229999542236328,125.83999633789062,927.5999755859375,42.19200134277344,72.6500015258789,4.01800012588501
2008-07-29,4189.85009765625,61.72999954223633,1263.199951171875,22.030000686645508,122.70999908447266,916.4000244140625,42.51599884033203,73.30999755859375,4.044000148773193
2008-07-30,4313.5498046875,51.720001220703125,1284.260009765625,21.209999084472656,127.0999984741211,902.9000244140625,42.4109992980957,73.31999969482422,4.047999858856201
2008-07-31,4332.9501953125,39.060001373291016,1267.3800048828125,22.940000534057617,123.9800033569336,913.9000244140625,42.433998107910156,73.2300033569336,3.9790000915527344
2008-08-01,4413.5498046875,38.4900016784668,1260.31005859375,22.56999969482422,124.18000030517578,909.0,,73.41999816894531,3.947999954223633
2008-08-04,4395.35009765625,40.2400016784668,1249.010009765625,23.489999771118164,120.68000030517578,900.0999755859375,,73.45999908447266,3.9719998836517334
2008-08-05,4502.85009765625,35.65999984741211,1284.8800048828125,21.139999389648438,117.69999694824219,878.5999755859375,,73.87999725341797,4.006999969482422
2008-08-06,4517.5498046875,34.91999816894531,1289.18994140625,20.229999542236328,117.0,875.5999755859375,,74.23999786376953,4.047999858856201
2008-08-07,4523.85009765625,35.66999816894531,1266.0699462890625,21.149999618530273,117.86000061035156,870.7000122070312,,74.55000305175781,3.934999942779541
2008-08-08,4529.5,35.13999938964844,1296.3199462890625,20.65999984741211,113.33000183105469,857.7999877929688,,75.8499984741211,3.950000047683716
2008-08-11,4620.39990234375,31.3700008392334,1305.3199462890625,20.1200008392334,112.66999816894531,821.5,,76.12999725341797,4.001999855041504
2008-08-12,4552.25,33.88999938964844,1289.5899658203125,21.170000076293945,111.1500015258789,808.2000122070312,,76.1500015258789,3.9179999828338623
2008-08-13,4529.0498046875,34.7599983215332,1285.8299560546875,21.549999237060547,113.47000122070312,825.0,,76.20999908447266,3.947000026702881
2008-08-14,4430.7001953125,35.2400016784668,1292.9300537109375,20.34000015258789,113.68000030517578,808.2000122070312,,76.66999816894531,3.8919999599456787
2008-08-15,,,1298.199951171875,19.579999923706055,112.55000305175781,786.0,,77.18000030517578,3.8519999980926514
2008-08-18,4393.0498046875,,1278.5999755859375,20.979999542236328,111.94000244140625,799.7000122070312,,77.12000274658203,3.815999984741211
2008-08-19,4368.25,34.91999816894531,1266.68994140625,21.280000686645508,113.25,811.0999755859375,,76.83999633789062,3.8420000076293945
2008-08-20,4415.75,33.95000076293945,1274.5400390625,20.420000076293945,114.36000061035156,810.2999877929688,,76.95999908447266,3.7990000247955322
2008-08-21,4283.85009765625,36.54999923706055,1277.719970703125,19.81999969482422,120.16000366210938,833.0,,76.19999694824219,3.8380000591278076
2008-08-22,4327.4501953125,35.7599983215332,1292.199951171875,18.809999465942383,113.91999816894531,827.4000244140625,,76.80999755859375,3.867000102996826
2008-08-25,4335.35009765625,45.11000061035156,1266.8399658203125,20.969999313354492,114.02999877929688,819.7999877929688,,76.79000091552734,3.7909998893737793
2008-08-26,4337.5,33.900001525878906,1271.510009765625,20.489999771118164,114.62999725341797,822.2000122070312,43.67499923706055,77.25,3.7839999198913574
2008-08-27,4292.10009765625,32.79999923706055,1281.6600341796875,19.760000228881836,116.22000122070312,828.0999755859375,43.65399932861328,77.05000305175781,3.7720000743865967
2008-08-28,4214.0,33.310001373291016,1300.6800537109375,19.43000030517578,114.16999816894531,830.9000244140625,43.650001525878906,77.1500015258789,3.7950000762939453
2008-08-29,4360.0,31.670000076293945,1282.8299560546875,20.649999618530273,114.05000305175781,829.2999877929688,43.625,77.37999725341797,3.812999963760376
2008-09-01,4348.64990234375,31.280000686645508,,,,,43.9739990234375,,
2008-09-02,4504.0,30.450000762939453,1277.5799560546875,21.989999771118164,108.33999633789062,805.0,44.25699996948242,78.05999755859375,3.746000051498413
2008-09-03,,,1274.97998046875,21.43000030517578,108.05999755859375,802.7000122070312,43.893001556396484,78.08999633789062,3.697000026702881
2008-09-04,4447.75,31.229999542236328,1236.8299560546875,24.030000686645508,106.30000305175781,797.9000244140625,44.38800048828125,78.61000061035156,3.6429998874664307
2008-09-05,4352.2998046875,32.650001525878906,1242.31005859375,23.059999465942383,104.08999633789062,797.5999755859375,44.573001861572266,78.93000030517578,3.6600000858306885
2008-09-08,4482.2998046875,30.770000457763672,1267.7900390625,22.639999389648438,103.44000244140625,797.5,44.17599868774414,79.58999633789062,3.6649999618530273
2008-09-09,4468.7001953125,30.360000610351562,1224.510009765625,25.469999313354492,100.33999633789062,787.0999755859375,44.7859992980957,79.25,3.5959999561309814
2008-09-10,4400.25,32.119998931884766,1232.0400390625,24.520000457763672,98.97000122070312,757.9000244140625,45.058998107910156,79.8499984741211,3.6410000324249268
2008-09-11,4290.2998046875,32.72999954223633,1249.050048828125,24.389999389648438,97.63999938964844,741.2999877929688,45.38999938964844,80.1500015258789,3.621999979019165
2008-09-12,4228.4501953125,30.43000030517578,1251.699951171875,25.65999984741211,97.58000183105469,760.2999877929688,45.611000061035156,78.97000122070312,3.7300000190734863
2008-09-15,4072.89990234375,33.119998931884766,1192.699951171875,31.700000762939453,94.23999786376953,783.0999755859375,45.83000183105469,78.91000366210938,3.4830000400543213
2008-09-16,4074.89990234375,34.900001525878906,1213.5999755859375,30.299999237060547,89.22000122070312,776.5,46.689998626708984,79.06999969482422,3.490999937057495
2008-09-17,4008.25,33.9900016784668,1156.3900146484375,36.220001220703125,94.83999633789062,846.5999755859375,46.08700180053711,78.0999984741211,3.4100000858306885
2008-09-18,4038.14990234375,39.560001373291016,1206.510009765625,33.099998474121094,95.19000244140625,892.7000122070312,46.52899932861328,78.0199966430664,3.437000036239624
2008-09-19,4245.25,39.119998931884766,1255.0799560546875,32.06999969482422,99.61000061035156,860.5999755859375,45.70500183105469,77.68000030517578,3.7690000534057617
2008-09-22,4223.0498046875,37.970001220703125,1207.0899658203125,33.849998474121094,106.04000091552734,903.9000244140625,45.24399948120117,76.1500015258789,3.8259999752044678
2008-09-23,4126.89990234375,38.7400016784668,1188.219970703125,35.720001220703125,103.08000183105469,885.5,45.77199935913086,76.47000122070312,3.8410000801086426
2008-09-24,4161.25,35.61000061035156,1185.8699951171875,35.189998626708984,102.44999694824219,889.0,45.89500045776367,76.79000091552734,3.7709999084472656
2008-09-25,4110.5498046875,34.09000015258789,1209.1800537109375,32.81999969482422,104.5999984741211,877.7000122070312,46.16999816894531,76.98999786376953,3.861999988555908
2008-09-26,3985.25,33.959999084472656,1213.27001953125,34.7400016784668,103.54000091552734,882.9000244140625,46.49800109863281,76.94999694824219,3.8269999027252197
2008-09-29,3850.050048828125,34.900001525878906,1106.4200439453125,46.720001220703125,93.9800033569336,888.2000122070312,46.49300003051758,77.47000122070312,3.631999969482422
2008-09-30,3921.199951171875,37.189998626708984,1166.3599853515625,39.38999938964844,98.16999816894531,874.2000122070312,46.60100173950195,79.44999694824219,3.8269999027252197
2008-10-01,3950.75,35.540000915527344,1161.06005859375,39.810001373291016,95.33000183105469,880.7000122070312,46.56700134277344,79.45999908447266,3.7679998874664307
2008-10-02,,,1114.280029296875,45.2599983215332,90.55999755859375,839.0,46.39899826049805,80.44000244140625,3.6459999084472656
2008-10-03,3818.300048828125,35.099998474121094,1099.22998046875,45.13999938964844,90.25,828.9000244140625,46.972999572753906,80.30999755859375,3.6440000534057617
2008-10-06,3602.35009765625,33.75,1056.8900146484375,52.04999923706055,83.68000030517578,862.7000122070312,47.564998626708984,81.68000030517578,3.4260001182556152
2008-10-07,3606.60009765625,39.29999923706055,996.22998046875,53.68000030517578,84.66000366210938,878.4000244140625,47.71799850463867,80.97000122070312,3.50600004196167
2008-10-08,3513.64990234375,39.33000183105469,984.9400024414062,57.529998779296875,84.36000061035156,903.0999755859375,47.95000076293945,80.91000366210938,3.7149999141693115
2008-10-09,,,909.9199829101562,63.91999816894531,82.66000366210938,883.0999755859375,47.5880012512207,81.16000366210938,3.8340001106262207
2008-10-10,3279.949951171875,39.33000183105469,899.219970703125,69.94999694824219,74.08999633789062,855.4000244140625,48.42300033569336,83.0,3.8610000610351562
2008-10-13,3490.699951171875,46.4900016784668,1003.3499755859375,54.9900016784668,77.45999908447266,838.9000244140625,48.13600158691406,81.87999725341797,3.8610000610351562
2008-10-14,3518.64990234375,46.4900016784668,998.010009765625,55.130001068115234,74.52999877929688,836.2999877929688,47.99800109863281,81.36000061035156,4.0229997634887695
2008-10-15,3338.39990234375,46.06999969482422,907.8400268554688,69.25,70.80000305175781,835.5,48.404998779296875,82.05000305175781,4.011000156402588
2008-10-16,3269.300048828125,47.810001373291016,946.4299926757812,67.61000061035156,,801.5,48.65299987792969,82.45999908447266,3.936000108718872
2008-10-17,3074.35009765625,46.720001220703125,940.5499877929688,70.33000183105469,69.5999984741211,785.0999755859375,48.823001861572266,82.41000366210938,3.937999963760376
2008-10-20,3122.800048828125,57.130001068115234,985.4000244140625,52.970001220703125,72.02999877929688,787.5999755859375,48.694000244140625,83.0999984741211,3.885999917984009
2008-10-21,3234.89990234375,56.0,955.0499877929688,53.11000061035156,69.72000122070312,766.0999755859375,48.89699935913086,83.98999786376953,3.703000068664551
2008-10-22,3065.14990234375,54.75,896.780029296875,69.6500015258789,64.5199966430664,733.2999877929688,49.20800018310547,85.37000274658203,3.618000030517578
2008-10-23,2943.14990234375,54.970001220703125,908.1099853515625,67.80000305175781,65.91999816894531,713.2999877929688,49.584999084472656,85.36000061035156,3.5339999198913574
2008-10-24,2584.0,45.5,876.77001953125,79.12999725341797,62.04999923706055,729.0999755859375,49.755001068115234,86.44000244140625,3.697000026702881
2008-10-27,2524.199951171875,67.5,848.9199829101562,80.05999755859375,61.40999984741211,741.7000122070312,49.720001220703125,86.93000030517578,3.7290000915527344
2008-10-28,,,940.510009765625,66.95999908447266,60.290000915527344,739.2999877929688,49.16600036621094,87.02999877929688,3.819999933242798
2008-10-29,2697.050048828125,68.3499984741211,930.0900268554688,69.95999908447266,65.47000122070312,752.7999877929688,49.48099899291992,85.06999969482422,3.874000072479248
2008-10-30,,,954.0900268554688,62.900001525878906,63.709999084472656,737.2000122070312,49.37099838256836,84.55999755859375,3.938999891281128
2008-10-31,2885.60009765625,68.3499984741211,968.75,59.88999938964844,65.31999969482422,716.7999877929688,49.40299987792969,85.62999725341797,3.9700000286102295
2008-11-03,3043.85009765625,67.83999633789062,966.2999877929688,53.68000030517578,60.47999954223633,725.4000244140625,48.37300109863281,86.3499984741211,3.9040000438690186
2008-11-04,3142.10009765625,62.150001525878906,1005.75,47.72999954223633,66.44000244140625,756.0,47.65399932861328,84.77999877929688,3.765000104904175
2008-11-05,2994.949951171875,66.75,952.77001953125,54.560001373291016,61.869998931884766,741.2999877929688,47.229000091552734,84.61000061035156,3.694000005722046
2008-11-06,2892.64990234375,62.150001525878906,904.8800048828125,63.68000030517578,57.43000030517578,731.2000122070312,47.47600173950195,85.88999938964844,3.7070000171661377
2008-11-07,2973.0,67.22000122070312,930.989990234375,56.099998474121094,57.349998474121094,733.2000122070312,47.55500030517578,85.91000366210938,3.7799999713897705
2008-11-10,3148.25,63.7599983215332,919.2100219726562,59.97999954223633,59.08000183105469,745.5999755859375,47.29199981689453,85.91000366210938,3.759999990463257
2008-11-11,2938.64990234375,66.98999786376953,898.9500122070312,61.439998626708984,55.709999084472656,732.0,47.888999938964844,87.06999969482422,3.755000114440918
2008-11-12,2848.449951171875,70.62000274658203,852.2999877929688,66.45999908447266,52.369998931884766,717.7000122070312,49.28499984741211,87.47000122070312,3.6649999618530273
2008-11-13,,,911.2899780273438,59.83000183105469,,704.9000244140625,48.994998931884766,86.94000244140625,3.818000078201294
2008-11-14,2810.35009765625,70.08000183105469,873.2899780273438,66.30999755859375,54.2400016784668,742.4000244140625,48.78300094604492,86.36000061035156,3.75
2008-11-17,2799.550048828125,85.12999725341797,850.75,69.1500015258789,52.310001373291016,741.9000244140625,48.7859992980957,86.80999755859375,3.684000015258789
2008-11-18,2683.14990234375,64.66000366210938,859.1199951171875,67.63999938964844,51.84000015258789,732.5999755859375,49.582000732421875,87.37000274658203,3.5350000858306885
2008-11-19,2635.0,60.84000015258789,806.5800170898438,74.26000213623047,51.720001220703125,735.9000244140625,49.652000427246094,87.30999755859375,3.3910000324249268
2008-11-20,2553.14990234375,65.55000305175781,752.4400024414062,80.86000061035156,48.08000183105469,748.5999755859375,50.4010009765625,87.97000122070312,3.1440000534057617
2008-11-21,2693.449951171875,64.45999908447266,800.030029296875,72.66999816894531,49.189998626708984,791.7000122070312,49.54800033569336,88.19000244140625,3.1670000553131104
2008-11-24,2708.25,62.810001373291016,851.8099975585938,64.69999694824219,53.93000030517578,819.4000244140625,49.79399871826172,86.08000183105469,3.3399999141693115
2008-11-25,2654.0,59.560001373291016,857.3900146484375,60.900001525878906,50.349998474121094,818.4000244140625,49.58300018310547,85.0,3.0920000076293945
2008-11-26,2752.25,56.209999084472656,887.6799926757812,54.91999816894531,53.91999816894531,808.5,49.28900146484375,85.66999816894531,3.000999927520752
2008-11-27,,,,,,,48.99399948120117,,
2008-11-28,2755.10009765625,57.439998626708984,896.239990234375,55.279998779296875,53.4900016784668,816.2000122070312,49.869998931884766,86.5199966430664,2.9570000171661377
2008-12-01,2682.89990234375,55.2599983215332,816.2100219726562,68.51000213623047,47.970001220703125,774.5999755859375,50.1879997253418,86.72000122070312,2.7190001010894775
2008-12-02,2657.800048828125,54.29999923706055,848.8099975585938,62.97999954223633,45.439998626708984,781.2999877929688,50.090999603271484,86.69999694824219,2.693000078201294
2008-12-03,2656.449951171875,54.65999984741211,870.739990234375,60.720001220703125,45.439998626708984,768.7999877929688,49.847999572753906,87.02999877929688,2.6760001182556152
2008-12-04,2788.0,51.84000015258789,845.219970703125,63.63999938964844,42.279998779296875,763.7999877929688,49.57600021362305,86.44000244140625,2.569999933242798
2008-12-05,2714.39990234375,52.04999923706055,876.0700073242188,59.93000030517578,39.7400016784668,750.5,49.5629997253418,87.12000274658203,2.6570000648498535
2008-12-08,2784.0,50.279998779296875,909.7000122070312,58.4900016784668,43.41999816894531,767.4000244140625,49.42100143432617,85.55999755859375,2.7339999675750732
2008-12-09,,,888.6699829101562,58.90999984741211,41.529998779296875,772.4000244140625,48.891998291015625,85.83999633789062,2.6689999103546143
2008-12-10,2928.25,50.36000061035156,899.239990234375,55.72999954223633,42.400001525878906,807.0999755859375,48.972999572753906,85.4800033569336,2.684000015258789
2008-12-11,2920.14990234375,51.75,873.5900268554688,55.779998779296875,47.38999938964844,824.9000244140625,48.38999938964844,83.83000183105469,2.6480000019073486
2008-12-12,2921.35009765625,49.43000030517578,879.72998046875,54.279998779296875,46.40999984741211,818.9000244140625,48.233001708984375,83.63999938964844,2.5889999866485596
2008-12-15,2981.199951171875,48.099998474121094,868.5700073242188,56.7599983215332,44.599998474121094,835.4000244140625,47.48699951171875,82.2699966430664,2.5329999923706055
2008-12-16,3041.75,44.90999984741211,913.1799926757812,52.369998931884766,,841.7000122070312,47.768001556396484,80.68000030517578,2.36299991607666
2008-12-17,2954.35009765625,44.90999984741211,904.4199829101562,49.84000015258789,45.529998779296875,867.5,47.57099914550781,78.91000366210938,2.190000057220459
2008-12-18,3060.75,45.4900016784668,885.280029296875,47.34000015258789,43.36000061035156,859.5999755859375,46.64699935913086,79.47000122070312,2.0739998817443848
2008-12-19,3077.5,44.90999984741211,887.8800048828125,44.93000030517578,44.0,836.4000244140625,47.03799819946289,81.30000305175781,2.13100004196167
2008-12-22,3039.300048828125,41.459999084472656,871.6300048828125,44.560001373291016,41.45000076293945,846.2000122070312,47.93299865722656,81.08999633789062,2.1410000324249268
2008-12-23,2968.64990234375,45.70000076293945,863.1599731445312,45.02000045776367,40.36000061035156,837.2000122070312,48.630001068115234,81.23999786376953,2.1630001068115234
2008-12-24,2916.85009765625,41.790000915527344,868.1500244140625,44.209999084472656,36.61000061035156,847.0999755859375,48.071998596191406,81.20999908447266,2.178999900817871
2008-12-25,,,,,,,48.68299865722656,,
2008-12-26,2857.25,45.15999984741211,872.7999877929688,43.380001068115234,38.369998931884766,870.4000244140625,48.68299865722656,80.88999938964844,2.13700008392334
2008-12-29,2922.199951171875,43.88999938964844,869.4199829101562,43.900001525878906,40.54999923706055,874.5999755859375,48.016998291015625,80.68000030517578,2.0959999561309814
2008-12-30,2979.5,42.5099983215332,890.6400146484375,41.630001068115234,40.150001525878906,869.2999877929688,48.45000076293945,80.9000015258789,2.0869998931884766
2008-12-31,2959.14990234375,43.09000015258789,903.25,40.0,45.59000015258789,883.5999755859375,48.064998626708984,81.30999755859375,2.24399995803833
2009-01-01,,,,,,,48.064998626708984,,
2009-01-02,3046.75,40.66999816894531,931.7999877929688,39.189998626708984,46.90999984741211,878.7999877929688,48.244998931884766,81.83999633789062,2.4159998893737793
2009-01-05,3121.449951171875,38.599998474121094,927.4500122070312,39.08000183105469,49.619998931884766,857.2000122070312,48.229000091552734,82.63999938964844,2.48799991607666
2009-01-06,3112.800048828125,38.72999954223633,934.7000122070312,38.560001373291016,50.529998779296875,865.4000244140625,48.505001068115234,82.8499984741211,2.505000114440918
2009-01-07,2920.39990234375,44.36000061035156,906.6500244140625,43.38999938964844,45.86000061035156,841.0999755859375,48.55099868774414,82.27999877929688,2.49399995803833
2009-01-08,,,909.72998046875,42.560001373291016,44.66999816894531,853.9000244140625,48.3650016784668,81.54000091552734,2.444999933242798
2009-01-09,2873.0,47.81999969482422,890.3499755859375,42.81999969482422,44.41999816894531,854.2999877929688,48.46799850463867,82.66000366210938,2.4070000648498535
2009-01-12,2773.10009765625,47.81999969482422,870.260009765625,45.84000015258789,42.90999984741211,820.2999877929688,48.492000579833984,83.0199966430664,2.309000015258789
2009-01-13,2744.949951171875,53.470001220703125,871.7899780273438,43.27000045776367,44.83000183105469,820.0999755859375,48.869998931884766,84.2699966430664,2.296999931335449
2009-01-14,2835.300048828125,53.470001220703125,842.6199951171875,49.13999938964844,45.08000183105469,808.2000122070312,48.650001525878906,84.41999816894531,2.2130000591278076
2009-01-15,2736.699951171875,45.16999816894531,843.739990234375,51.0,,806.7000122070312,48.66999816894531,84.44000244140625,2.2009999752044678
2009-01-16,2828.449951171875,44.29999923706055,850.1199951171875,46.11000061035156,46.56999969482422,839.2999877929688,48.643001556396484,84.20999908447266,2.303999900817871
2009-01-19,2846.199951171875,44.459999084472656,,,,,48.53900146484375,,
2009-01-20,2796.60009765625,45.0,805.219970703125,56.650001525878906,43.619998931884766,854.5999755859375,48.909000396728516,86.22000122070312,2.3450000286102295
2009-01-21,2706.14990234375,45.40999984741211,840.239990234375,46.41999816894531,45.02000045776367,849.5999755859375,49.132999420166016,85.81999969482422,2.5260000228881836
2009-01-22,2713.800048828125,45.54999923706055,827.5,47.290000915527344,45.38999938964844,858.2000122070312,49.08100128173828,85.5199966430664,2.5940001010894775
2009-01-23,2678.550048828125,34.0099983215332,831.9500122070312,47.27000045776367,48.369998931884766,895.2999877929688,49.018001556396484,85.61000061035156,2.621999979019165
2009-01-26,,,836.5700073242188,45.689998626708984,46.959999084472656,908.5,48.46900177001953,84.7300033569336,2.6429998874664307
2009-01-27,2771.35009765625,42.86000061035156,845.7100219726562,42.25,43.72999954223633,899.2000122070312,48.79100036621094,84.43000030517578,2.5190000534057617
2009-01-28,2849.5,40.7599983215332,874.0900268554688,39.65999984741211,44.900001525878906,888.0999755859375,48.79199981689453,84.66999816894531,2.6559998989105225
2009-01-29,2823.949951171875,43.11000061035156,845.1400146484375,42.630001068115234,45.400001525878906,905.0999755859375,48.87300109863281,85.27999877929688,2.815000057220459
2009-01-30,2874.800048828125,42.099998474121094,825.8800048828125,44.84000015258789,45.880001068115234,927.2999877929688,48.733001708984375,86.0,2.8440001010894775
2009-02-02,2766.64990234375,43.689998626708984,825.4400024414062,45.52000045776367,43.81999969482422,906.7000122070312,48.92499923706055,86.06999969482422,2.7190001010894775
2009-02-03,2783.89990234375,49.2400016784668,838.510009765625,43.060001373291016,44.08000183105469,892.0,48.736000061035156,85.05000305175781,2.8420000076293945
2009-02-04,2803.050048828125,44.38999938964844,832.22998046875,43.849998474121094,44.150001525878906,901.5999755859375,48.55099868774414,85.69999694824219,2.9140000343322754
2009-02-05,2780.050048828125,43.91999816894531,845.8499755859375,43.72999954223633,46.459999084472656,913.5999755859375,48.71500015258789,86.05999755859375,2.9000000953674316
2009-02-06,2843.10009765625,50.650001525878906,868.5999755859375,43.369998931884766,46.209999084472656,913.9000244140625,48.09000015258789,85.3499984741211,2.9790000915527344
2009-02-09,2919.89990234375,44.58000183105469,869.8900146484375,43.63999938964844,46.02000045776367,892.4000244140625,48.5359992980957,84.79000091552734,3.0269999504089355
2009-02-10,2934.5,44.29999923706055,827.1599731445312,46.66999816894531,44.61000061035156,913.7000122070312,48.59199905395508,85.80999755859375,2.8469998836517334
2009-02-11,2925.699951171875,46.650001525878906,833.739990234375,44.529998779296875,44.279998779296875,943.7999877929688,48.608001708984375,85.77999877929688,2.76200008392334
2009-02-12,2893.050048828125,45.650001525878906,835.1900024414062,41.25,,948.5,48.74700164794922,86.55000305175781,2.7269999980926514
2009-02-13,2948.35009765625,43.310001373291016,826.8400268554688,42.93000030517578,46.2599983215332,941.5,48.7599983215332,86.04000091552734,2.881999969482422
2009-02-16,2848.5,42.560001373291016,,,,,48.71799850463867,,
2009-02-17,2770.5,44.0,789.1699829101562,48.65999984741211,42.45000076293945,967.0,49.45000076293945,87.58000183105469,2.6619999408721924
2009-02-18,2776.14990234375,43.040000915527344,788.4199829101562,48.459999084472656,40.75,977.7000122070312,49.89500045776367,88.01000213623047,2.7279999256134033
2009-02-19,2789.35009765625,43.040000915527344,778.9400024414062,47.08000183105469,43.279998779296875,976.0999755859375,49.599998474121094,87.44000244140625,2.8570001125335693
2009-02-20,2736.449951171875,45.209999084472656,770.0499877929688,49.29999923706055,43.13999938964844,1001.7999877929688,49.06800079345703,86.48999786376953,2.7720000743865967
2009-02-23,,,743.3300170898438,52.619998931884766,42.36000061035156,994.5999755859375,49.301998138427734,87.23999786376953,2.7769999504089355
2009-02-24,2733.89990234375,45.20000076293945,773.1400146484375,45.4900016784668,43.84000015258789,969.0999755859375,49.77399826049805,86.88999938964844,2.7990000247955322
2009-02-25,2762.5,41.939998626708984,764.9000244140625,44.66999816894531,45.41999816894531,965.7000122070312,49.75199890136719,87.91000366210938,2.944999933242798
2009-02-26,2785.64990234375,39.869998931884766,752.8300170898438,44.65999984741211,47.61000061035156,941.7999877929688,50.19200134277344,87.7300033569336,2.9779999256134033
2009-02-27,2763.64990234375,40.61000061035156,735.0900268554688,46.349998474121094,47.20000076293945,941.5,50.650001525878906,88.01000213623047,3.0409998893737793
2009-03-02,2674.60009765625,43.36000061035156,700.8200073242188,52.650001525878906,43.15999984741211,939.0,51.54600143432617,88.94000244140625,2.9189999103546143
2009-03-03,2622.39990234375,44.439998626708984,696.3300170898438,50.93000030517578,44.560001373291016,912.9000244140625,51.888999938964844,88.91000366210938,2.937999963760376
2009-03-04,2645.199951171875,42.77000045776367,712.8699951171875,47.560001373291016,46.9900016784668,906.0,51.43199920654297,88.58000183105469,3.010999917984009
2009-03-05,2576.699951171875,41.560001373291016,682.5499877929688,50.16999816894531,44.779998779296875,927.0,51.69300079345703,89.11000061035156,2.819000005722046
2009-03-06,2620.14990234375,37.970001220703125,683.3800048828125,49.33000183105469,45.939998626708984,942.0999755859375,51.56399917602539,88.51000213623047,2.828000068664551
2009-03-09,2573.14990234375,41.029998779296875,676.530029296875,49.68000030517578,45.349998474121094,917.7000122070312,51.7869987487793,89.01000213623047,2.885999917984009
2009-03-10,,,719.5999755859375,44.369998931884766,45.150001525878906,895.5999755859375,51.52399826049805,88.93000030517578,2.9820001125335693
2009-03-11,,,721.3599853515625,43.61000061035156,42.54999923706055,910.4000244140625,51.08599853515625,87.87000274658203,2.9159998893737793
2009-03-12,2617.449951171875,38.47999954223633,750.739990234375,41.18000030517578,46.20000076293945,923.7000122070312,51.62699890136719,87.66000366210938,2.8919999599456787
2009-03-13,2719.25,35.56999969482422,756.5499877929688,42.36000061035156,45.880001068115234,929.7999877929688,51.48899841308594,87.43000030517578,2.884999990463257
2009-03-16,2777.25,36.63999938964844,753.8900146484375,43.7400016784668,46.459999084472656,921.5999755859375,51.28900146484375,86.94999694824219,2.9509999752044678
2009-03-17,2757.449951171875,38.470001220703125,778.1199951171875,40.79999923706055,48.2400016784668,916.4000244140625,51.29499816894531,86.93000030517578,3.003000020980835
2009-03-18,2794.699951171875,38.189998626708984,794.3499755859375,40.060001373291016,47.65999984741211,888.7000122070312,51.22999954223633,84.5999984741211,2.5329999923706055
2009-03-19,2807.14990234375,35.97999954223633,784.0399780273438,43.68000030517578,50.66999816894531,958.2999877929688,50.31399917602539,83.12999725341797,2.5969998836517334
2009-03-20,2807.050048828125,35.97999954223633,768.5399780273438,45.88999938964844,51.220001220703125,955.7999877929688,50.5880012512207,83.83999633789062,2.625
2009-03-23,2939.89990234375,37.630001068115234,822.9199829101562,43.22999954223633,53.470001220703125,952.0999755859375,50.30400085449219,83.43000030517578,2.6600000858306885
2009-03-24,2938.699951171875,36.849998474121094,806.1199951171875,42.93000030517578,53.5,923.2999877929688,50.327999114990234,83.86000061035156,2.6540000438690186
2009-03-25,2984.35009765625,28.18000030517578,813.8800048828125,42.25,51.75,935.4000244140625,50.39699935913086,83.80999755859375,2.7720000743865967
2009-03-26,3082.25,36.93000030517578,832.8599853515625,40.36000061035156,53.459999084472656,939.5999755859375,50.34600067138672,84.16999816894531,2.7330000400543213
2009-03-27,3108.64990234375,37.13999938964844,815.9400024414062,41.040000915527344,51.97999954223633,923.0,50.92499923706055,85.11000061035156,2.760999917984009
2009-03-30,2978.14990234375,40.25,787.530029296875,45.540000915527344,47.9900016784668,915.5,50.96900177001953,85.87000274658203,2.7139999866485596
2009-03-31,3020.949951171875,39.47999954223633,797.8699951171875,44.13999938964844,49.22999954223633,922.5999755859375,50.784000396728516,85.43000030517578,2.684999942779541
2009-04-01,3060.35009765625,36.529998779296875,811.0800170898438,42.279998779296875,48.439998626708984,926.0999755859375,50.542999267578125,85.5,2.6579999923706055
2009-04-02,3211.050048828125,37.400001525878906,834.3800048828125,42.040000915527344,52.75,907.4000244140625,50.24100112915039,84.44999694824219,2.752000093460083
2009-04-03,,,842.5,39.70000076293945,53.470001220703125,895.5999755859375,49.847999572753906,84.16999816894531,2.9070000648498535
2009-04-06,3256.60009765625,41.720001220703125,835.47998046875,40.93000030517578,52.2400016784668,871.5,49.9119987487793,84.56999969482422,2.938999891281128
2009-04-07,,,815.5499877929688,40.38999938964844,51.220001220703125,882.2000122070312,49.847999572753906,85.29000091552734,2.9089999198913574
2009-04-08,3342.949951171875,43.54999923706055,825.1599731445312,38.849998474121094,51.59000015258789,884.7999877929688,50.09000015258789,85.36000061035156,2.8469998836517334
2009-04-09,3342.050048828125,43.540000915527344,856.5599975585938,36.529998779296875,54.060001373291016,882.2000122070312,49.83000183105469,85.79000091552734,2.9260001182556152
2009-04-10,,,,,,,49.62799835205078,,
2009-04-13,3382.60009765625,46.560001373291016,858.72998046875,37.810001373291016,52.13999938964844,894.7000122070312,49.7400016784668,84.63999938964844,2.8450000286102295
2009-04-14,,,841.5,37.66999816894531,51.959999084472656,890.9000244140625,49.733001708984375,84.63999938964844,2.7860000133514404
2009-04-15,3484.14990234375,48.02000045776367,852.0599975585938,36.16999816894531,,892.7999877929688,49.59700012207031,85.08000183105469,2.759000062942505
2009-04-16,3369.5,50.5099983215332,865.2999877929688,35.790000915527344,,879.2999877929688,49.755001068115234,85.2300033569336,2.8299999237060547
2009-04-17,3384.39990234375,50.79999923706055,869.5999755859375,33.939998626708984,,867.4000244140625,49.63199996948242,85.9800033569336,2.930000066757202
2009-04-20,3377.10009765625,54.220001220703125,832.3900146484375,39.18000030517578,,887.0,50.053001403808594,86.63999938964844,2.8429999351501465
2009-04-21,3365.300048828125,53.63999938964844,850.0800170898438,37.13999938964844,,882.0999755859375,50.266998291015625,86.58000183105469,2.9019999504089355
2009-04-22,3330.300048828125,57.880001068115234,843.5499877929688,38.099998474121094,,891.7999877929688,50.290000915527344,86.19000244140625,2.9639999866485596
2009-04-23,3423.699951171875,57.880001068115234,851.9199829101562,37.150001525878906,,905.9000244140625,49.849998474121094,85.5199966430664,2.927000045776367
2009-04-24,3480.75,47.779998779296875,866.22998046875,36.81999969482422,,913.5999755859375,49.60900115966797,84.70999908447266,2.996000051498413
2009-04-27,3470.0,49.43000030517578,857.510009765625,38.31999969482422,,907.4000244140625,50.08599853515625,85.69999694824219,2.9210000038146973
2009-04-28,3362.35009765625,48.79999923706055,855.1599731445312,37.95000076293945,,892.7999877929688,50.43600082397461,85.16000366210938,3.002000093460083
2009-04-29,3473.949951171875,46.630001068115234,873.6400146484375,36.08000183105469,,899.7999877929688,49.87099838256836,84.47000122070312,3.0959999561309814
2009-04-30,,,872.8099975585938,36.5,,890.7000122070312,49.1879997253418,84.61000061035156,3.124000072479248
2009-05-01,,,877.52001953125,35.29999923706055,52.849998474121094,887.5999755859375,49.19200134277344,84.55000305175781,3.1740000247955322
2009-05-04,3654.0,49.540000915527344,907.239990234375,34.529998779296875,54.58000183105469,901.5999755859375,49.61000061035156,83.97000122070312,3.1570000648498535
2009-05-05,3661.89990234375,50.529998779296875,903.7999877929688,33.36000061035156,54.119998931884766,903.7000122070312,49.31100082397461,84.16000366210938,3.1570000648498535
2009-05-06,3625.050048828125,51.209999084472656,919.530029296875,32.45000076293945,56.150001525878906,910.5,49.30799865722656,83.80000305175781,3.1519999504089355
2009-05-07,3683.89990234375,54.7599983215332,907.3900146484375,33.439998626708984,56.470001220703125,915.0,49.189998626708984,83.94000244140625,3.2950000762939453
2009-05-08,3620.699951171875,57.02000045776367,929.22998046875,32.04999923706055,58.13999938964844,914.4000244140625,49.150001525878906,82.52999877929688,3.2929999828338623
2009-05-11,3554.60009765625,61.029998779296875,909.239990234375,32.869998931884766,57.47999954223633,913.0,49.292999267578125,82.68000030517578,3.180000066757202
2009-05-12,3681.10009765625,50.310001373291016,908.3499755859375,31.799999237060547,57.939998626708984,923.5,49.27299880981445,82.30999755859375,3.174999952316284
2009-05-13,3635.25,50.72999954223633,883.9199829101562,33.650001525878906,57.34000015258789,925.5,49.53099822998047,82.5,3.1050000190734863
2009-05-14,3593.449951171875,51.25,893.0700073242188,31.3700008392334,,928.0,49.755001068115234,82.27999877929688,3.1070001125335693
2009-05-15,3671.64990234375,49.63999938964844,882.8800048828125,33.119998931884766,55.97999954223633,930.9000244140625,49.4119987487793,83.0199966430664,3.122999906539917
2009-05-18,4323.14990234375,49.63999938964844,909.7100219726562,30.239999771118164,58.470001220703125,921.2999877929688,47.5880012512207,82.66999816894531,3.2109999656677246
2009-05-19,4318.4501953125,58.099998474121094,908.1300048828125,28.799999237060547,58.91999816894531,926.2999877929688,47.43000030517578,81.9800033569336,3.243000030517578
2009-05-20,4270.2998046875,50.790000915527344,903.469970703125,29.030000686645508,60.59000015258789,937.0,47.22800064086914,80.98999786376953,3.2019999027252197
2009-05-21,4210.89990234375,50.790000915527344,888.3300170898438,31.350000381469727,59.93000030517578,950.7999877929688,47.23099899291992,80.55999755859375,3.3529999256134033
2009-05-22,4238.5,49.63999938964844,887.0,32.630001068115234,60.779998779296875,958.5,47.14500045776367,79.95999908447266,3.447999954223633
2009-05-25,4237.5498046875,43.709999084472656,,,,,47.27799987792969,,
2009-05-26,4116.7001953125,52.369998931884766,910.3300170898438,30.6200008392334,61.2400016784668,953.0999755859375,47.525001525878906,80.12999725341797,3.493000030517578
2009-05-27,4276.0498046875,41.56999969482422,893.0599975585938,32.36000061035156,62.5,953.2000122070312,47.50899887084961,80.33000183105469,3.694999933242798
2009-05-28,4337.10009765625,44.58000183105469,906.8300170898438,31.670000076293945,64.38999938964844,961.5,47.51499938964844,80.43000030517578,3.671999931335449
2009-05-29,4448.9501953125,40.29999923706055,919.1400146484375,28.920000076293945,65.5199966430664,978.7999877929688,46.96900177001953,80.43000030517578,3.4649999141693115
2009-06-01,4529.89990234375,41.83000183105469,942.8699951171875,30.040000915527344,67.97000122070312,978.5999755859375,46.9010009765625,79.16999816894531,3.7149999141693115
2009-06-02,4525.25,41.040000915527344,944.739990234375,29.6299991607666,68.16999816894531,983.2000122070312,46.930999755859375,78.4000015258789,3.6440000534057617
2009-06-03,4530.7001953125,40.66999816894531,931.760009765625,31.020000457763672,65.87999725341797,964.5,46.89099884033203,79.5,3.5510001182556152
2009-06-04,4572.64990234375,41.310001373291016,942.4600219726562,30.18000030517578,68.70999908447266,981.2000122070312,47.130001068115234,79.41000366210938,3.7160000801086426
2009-06-05,4586.89990234375,40.54999923706055,940.0900268554688,29.6200008392334,68.33999633789062,961.7000122070312,46.96699905395508,80.66999816894531,3.861999988555908
2009-06-08,4429.89990234375,42.27000045776367,939.1400146484375,29.770000457763672,67.87999725341797,951.7000122070312,47.31700134277344,80.91000366210938,3.8889999389648438
2009-06-09,4550.9501953125,40.7599983215332,942.4299926757812,28.270000457763672,69.62000274658203,954.0,47.25299835205078,79.79000091552734,3.8580000400543213
2009-06-10,4655.25,40.470001220703125,939.1500244140625,28.459999084472656,70.80000305175781,954.0,47.150001525878906,80.33000183105469,3.936000108718872
2009-06-11,4637.7001953125,41.02000045776367,944.8900146484375,28.110000610351562,71.79000091552734,961.2999877929688,47.3650016784668,79.41000366210938,3.861999988555908
2009-06-12,4583.39990234375,40.83000183105469,946.2100219726562,28.149999618530273,70.91999816894531,940.0999755859375,47.308998107910156,80.13999938964844,3.7880001068115234
2009-06-15,4484.0,52.709999084472656,923.719970703125,30.809999465942383,69.44000244140625,926.9000244140625,47.8120002746582,81.13999938964844,3.7130000591278076
2009-06-16,4517.7998046875,41.689998626708984,911.969970703125,32.68000030517578,70.23999786376953,931.5999755859375,47.69499969482422,80.70999908447266,3.6740000247955322
2009-06-17,4356.14990234375,62.04999923706055,910.7100219726562,31.540000915527344,70.8499984741211,935.4000244140625,47.994998931884766,80.16999816894531,3.6470000743865967
2009-06-18,4251.39990234375,54.4900016784668,918.3699951171875,30.030000686645508,71.05999755859375,934.0,47.95800018310547,80.61000061035156,3.8340001106262207
2009-06-19,4313.60009765625,48.95000076293945,921.22998046875,27.989999771118164,69.19000244140625,935.5999755859375,48.108001708984375,80.26000213623047,3.7890000343322754
2009-06-22,4235.25,47.529998779296875,893.0399780273438,31.170000076293945,66.9800033569336,920.5999755859375,48.268001556396484,80.77999877929688,3.693000078201294
2009-06-23,4247.0,48.22999954223633,895.0999755859375,30.579999923706055,68.80000305175781,923.9000244140625,48.59199905395508,79.83999633789062,3.640000104904175
2009-06-24,4292.9501953125,42.220001220703125,900.9400024414062,29.049999237060547,68.33000183105469,934.0999755859375,48.35100173950195,80.55999755859375,3.684999942779541
2009-06-25,4241.85009765625,38.59000015258789,920.260009765625,26.360000610351562,69.77999877929688,939.0999755859375,48.51100158691406,80.4000015258789,3.5460000038146973
2009-06-26,4375.5,37.9900016784668,918.9000244140625,25.93000030517578,68.91999816894531,940.7000122070312,48.0359992980957,79.87999725341797,3.50600004196167
2009-06-29,4390.9501953125,40.310001373291016,927.22998046875,25.350000381469727,70.98999786376953,940.4000244140625,48.02899932861328,79.83999633789062,3.492000102996826
2009-06-30,4291.10009765625,42.540000915527344,919.3200073242188,26.350000381469727,69.30000305175781,927.0999755859375,47.80099868774414,80.12999725341797,3.5230000019073486
2009-07-01,4340.89990234375,43.150001525878906,923.3300170898438,26.219999313354492,68.79000091552734,941.0,47.85200119018555,79.62999725341797,3.5439999103546143
2009-07-02,4348.85009765625,43.880001068115234,896.4199829101562,27.950000762939453,66.6500015258789,930.7000122070312,47.85900115966797,80.1500015258789,3.494999885559082
2009-07-03,4424.25,45.86000061035156,,,,,47.869998931884766,,
2009-07-06,4165.7001953125,39.88999938964844,898.719970703125,29.0,64.05000305175781,924.0,48.43899917602539,80.44999694824219,3.50600004196167
2009-07-07,4202.14990234375,36.16999816894531,881.030029296875,30.850000381469727,63.22999954223633,928.7999877929688,48.111000061035156,80.62000274658203,3.4600000381469727
2009-07-08,4078.89990234375,37.380001068115234,879.5599975585938,31.299999237060547,60.43000030517578,909.0,48.83700180053711,80.7699966430664,3.2890000343322754
2009-07-09,4080.949951171875,36.63999938964844,882.6799926757812,29.780000686645508,61.099998474121094,915.9000244140625,48.69300079345703,79.86000061035156,3.4130001068115234
2009-07-10,4003.89990234375,35.83000183105469,879.1300048828125,29.020000457763672,60.52000045776367,912.2000122070312,48.87099838256836,80.2300033569336,3.2950000762939453
2009-07-13,3974.050048828125,36.58000183105469,901.0499877929688,26.309999465942383,60.689998626708984,922.2000122070312,49.32500076293945,80.12999725341797,3.3459999561309814
2009-07-14,4111.39990234375,35.04999923706055,905.8400268554688,25.020000457763672,60.86000061035156,922.5,48.74800109863281,80.18000030517578,3.447000026702881
2009-07-15,4233.5,36.150001525878906,932.6799926757812,25.889999389648438,63.09000015258789,939.0999755859375,48.28900146484375,79.31999969482422,3.5959999561309814
2009-07-16,4231.39990234375,37.59000015258789,940.739990234375,25.420000076293945,,935.0999755859375,48.47100067138672,79.22000122070312,3.556999921798706
2009-07-17,4374.9501953125,35.88999938964844,940.3800048828125,24.34000015258789,65.37999725341797,937.2000122070312,48.63600158691406,79.3499984741211,3.6510000228881836
2009-07-20,4502.25,36.970001220703125,951.1300048828125,24.399999618530273,66.44000244140625,948.5,48.16899871826172,78.91000366210938,3.5850000381469727
2009-07-21,4469.10009765625,36.59000015258789,954.5800170898438,23.8700008392334,66.87000274658203,946.5999755859375,48.354000091552734,78.93000030517578,3.4769999980926514
2009-07-22,4398.89990234375,37.13999938964844,954.0700073242188,23.469999313354492,67.20999908447266,953.0,48.44499969482422,78.70999908447266,3.553999900817871
2009-07-23,4523.75,34.04999923706055,976.2899780273438,23.43000030517578,69.25,954.5,48.37300109863281,78.80000305175781,3.7090001106262207
2009-07-24,4568.5498046875,36.470001220703125,979.260009765625,23.09000015258789,70.31999969482422,952.7999877929688,48.130001068115234,78.75,3.6700000762939453
2009-07-27,4572.2998046875,37.38999938964844,982.1799926757812,24.280000686645508,70.80999755859375,953.2999877929688,48.09199905395508,78.62999725341797,3.7130000591278076
2009-07-28,4564.10009765625,36.06999969482422,979.6199951171875,25.010000228881836,69.87999725341797,939.0,48.132999420166016,78.8499984741211,3.687999963760376
2009-07-29,4513.5,37.33000183105469,975.1500244140625,25.610000610351562,66.52999877929688,927.2000122070312,48.391998291015625,79.62999725341797,3.6640000343322754
2009-07-30,4571.4501953125,37.59000015258789,986.75,25.399999618530273,70.11000061035156,934.9000244140625,48.275001525878906,79.29000091552734,3.6410000324249268
2009-07-31,4636.4501953125,39.209999084472656,987.47998046875,25.920000076293945,71.69999694824219,953.7000122070312,47.625999450683594,78.3499984741211,3.500999927520752
2009-08-03,4711.39990234375,40.650001525878906,1002.6300048828125,25.559999465942383,73.55000305175781,956.5999755859375,47.61600112915039,77.63999938964844,3.6389999389648438
2009-08-04,4680.5,36.79999923706055,1005.6500244140625,24.889999389648438,74.27999877929688,967.5,47.470001220703125,77.7699966430664,3.678999900817871
2009-08-05,4694.14990234375,36.70000076293945,1002.719970703125,24.899999618530273,75.51000213623047,964.2000122070312,47.56999969482422,77.5199966430664,3.7639999389648438
2009-08-06,4585.5,37.650001525878906,997.0800170898438,25.670000076293945,74.83000183105469,960.7000122070312,47.61399841308594,78.06999969482422,3.746000051498413
2009-08-07,4481.39990234375,40.849998474121094,1010.47998046875,24.760000228881836,73.58999633789062,957.2999877929688,47.86899948120117,78.97000122070312,3.8540000915527344
2009-08-10,4437.64990234375,38.189998626708984,1007.0999755859375,24.989999771118164,73.5,945.0,47.707000732421875,79.26000213623047,3.7709999084472656
2009-08-11,4471.35009765625,38.20000076293945,994.3499755859375,25.989999771118164,72.45999908447266,945.7999877929688,47.91400146484375,79.18000030517578,3.693000078201294
2009-08-12,4457.5,42.52000045776367,1005.8099975585938,25.450000762939453,72.88999938964844,950.7000122070312,48.2869987487793,78.79000091552734,3.7009999752044678
2009-08-13,4605.0,42.79999923706055,1012.72998046875,24.709999084472656,73.4800033569336,954.7000122070312,48.05400085449219,78.48999786376953,3.5910000801086426
2009-08-14,4580.0498046875,44.2400016784668,1004.0900268554688,24.270000457763672,72.41000366210938,947.0,48.209999084472656,78.88999938964844,3.558000087738037
2009-08-17,4387.89990234375,46.4900016784668,979.72998046875,27.889999389648438,70.54000091552734,934.2999877929688,48.57099914550781,79.29000091552734,3.490999937057495
2009-08-18,4458.89990234375,45.040000915527344,989.6699829101562,26.18000030517578,72.37000274658203,937.7000122070312,48.68899917602539,78.94000244140625,3.5260000228881836
2009-08-19,4394.10009765625,40.209999084472656,996.4600219726562,26.260000228881836,74.58999633789062,943.2999877929688,48.67100143432617,78.47000122070312,3.4630000591278076
2009-08-20,4453.4501953125,36.83000183105469,1007.3699951171875,25.09000015258789,73.33000183105469,940.2999877929688,48.61600112915039,78.37999725341797,3.434999942779541
2009-08-21,4528.7998046875,38.5099983215332,1026.1300048828125,25.010000228881836,74.19000244140625,953.2000122070312,48.43299865722656,78.04000091552734,3.555999994277954
2009-08-24,4642.7998046875,38.5099983215332,1025.5699462890625,25.139999389648438,74.26000213623047,942.2999877929688,48.409000396728516,78.2699966430664,3.49399995803833
2009-08-25,4659.35009765625,48.29999923706055,1028.0,24.920000076293945,71.81999969482422,944.5,48.67300033569336,78.23999786376953,3.450000047683716
2009-08-26,4680.85009765625,36.27000045776367,1028.1199951171875,24.950000762939453,71.6500015258789,944.2999877929688,48.77399826049805,78.66000366210938,3.437999963760376
2009-08-27,4688.2001953125,34.84000015258789,1030.97998046875,24.68000030517578,72.51000213623047,945.5,48.888999938964844,78.01000213623047,3.4619998931884766
2009-08-28,4732.35009765625,33.27000045776367,1028.9300537109375,24.760000228881836,72.79000091552734,957.0,48.52799987792969,78.37000274658203,3.4509999752044678
2009-08-31,4662.10009765625,34.5099983215332,1020.6199951171875,26.010000228881836,69.6500015258789,951.7000122070312,48.75,78.16999816894531,3.4010000228881836
2009-09-01,4625.35009765625,34.97999954223633,998.0399780273438,29.149999618530273,67.7300033569336,954.7000122070312,48.80799865722656,78.76000213623047,3.375
2009-09-02,4608.35009765625,34.959999084472656,994.75,28.899999618530273,67.66000366210938,976.5999755859375,48.891998291015625,78.37999725341797,3.2950000762939453
2009-09-03,4593.5498046875,34.11000061035156,1003.239990234375,27.100000381469727,67.12000274658203,995.7999877929688,48.83300018310547,78.45999908447266,3.328000068664551
2009-09-04,4680.39990234375,32.5099983215332,1016.4000244140625,25.260000228881836,66.81999969482422,994.9000244140625,48.81800079345703,78.13999938964844,3.441999912261963
2009-09-07,4782.89990234375,32.209999084472656,,,,,48.56800079345703,,
2009-09-08,4805.25,31.969999313354492,1025.3900146484375,25.6200008392334,69.41999816894531,997.9000244140625,48.45000076293945,77.31999969482422,3.4690001010894775
2009-09-09,4814.25,31.65999984741211,1033.3699951171875,24.31999969482422,69.83000183105469,995.2999877929688,48.439998626708984,77.08999633789062,3.4790000915527344
2009-09-10,4819.39990234375,32.58000183105469,1044.1400146484375,23.549999237060547,69.86000061035156,995.4000244140625,48.57400131225586,76.81999969482422,3.3420000076293945
2009-09-11,4829.5498046875,31.170000076293945,1042.72998046875,24.149999618530273,67.69000244140625,1004.9000244140625,48.39400100708008,76.61000061035156,3.3429999351501465
2009-09-14,4808.60009765625,31.670000076293945,1049.3399658203125,23.860000610351562,67.44000244140625,999.9000244140625,48.63600158691406,76.69999694824219,3.4059998989105225
2009-09-15,4892.10009765625,30.200000762939453,1052.6300048828125,23.420000076293945,,1005.0,48.47100067138672,76.54000091552734,3.4519999027252197
2009-09-16,4958.39990234375,28.31999969482422,1068.760009765625,23.690000534057617,71.66999816894531,1018.9000244140625,48.145999908447266,76.23999786376953,3.4709999561309814
2009-09-17,4965.5498046875,27.270000457763672,1065.489990234375,23.649999618530273,71.55000305175781,1012.2999877929688,48.02000045776367,76.19000244140625,3.3980000019073486
2009-09-18,4976.0498046875,25.860000610351562,1068.300048828125,23.920000076293945,71.31999969482422,1009.2000122070312,48.03799819946289,76.43000030517578,3.4739999771118164
2009-09-21,,,1064.6600341796875,24.059999465942383,68.69000244140625,1003.7000122070312,47.9900016784668,76.77999877929688,3.486999988555908
2009-09-22,5020.2001953125,26.799999237060547,1071.6600341796875,23.079999923706055,70.52999877929688,1014.2000122070312,48.053001403808594,76.12000274658203,3.4560000896453857
2009-09-23,4969.9501953125,26.510000228881836,1060.8699951171875,23.489999771118164,67.98999786376953,1013.0,47.95100021362305,76.05000305175781,3.4179999828338623
2009-09-24,4986.5498046875,24.360000610351562,1050.780029296875,24.950000762939453,64.81999969482422,997.5,47.90800094604492,76.9000015258789,3.38100004196167
2009-09-25,4958.9501953125,26.110000610351562,1044.3800048828125,25.610000610351562,65.11000061035156,990.2000122070312,47.9379997253418,76.80999755859375,3.3289999961853027
2009-09-28,,,1062.97998046875,24.8799991607666,65.54000091552734,992.5,47.74599838256836,77.05000305175781,3.302000045776367
2009-09-29,5006.85009765625,26.059999465942383,1060.6099853515625,25.190000534057617,65.48999786376953,993.0999755859375,48.06800079345703,77.12000274658203,3.2920000553131104
2009-09-30,5083.9501953125,25.270000457763672,1057.0799560546875,25.610000610351562,69.06999969482422,1008.0,47.810001373291016,76.6500015258789,3.306999921798706
2009-10-01,5083.39990234375,25.3700008392334,1029.8499755859375,28.270000457763672,69.19000244140625,999.5,47.737998962402344,77.19000244140625,3.194000005722046
2009-10-02,,,1025.2099609375,28.68000030517578,68.06999969482422,1003.2000122070312,47.62799835205078,77.0,3.2209999561309814
2009-10-05,5003.2001953125,28.719999313354492,1040.4599609375,26.84000015258789,68.04000091552734,1016.7000122070312,47.40800094604492,76.63999938964844,3.2239999771118164
2009-10-06,5027.39990234375,27.75,1054.719970703125,25.700000762939453,68.55999755859375,1038.5999755859375,46.790000915527344,76.33999633789062,3.247999906539917
2009-10-07,4985.75,30.479999542236328,1057.5799560546875,24.68000030517578,67.19999694824219,1043.300048828125,46.597999572753906,76.48999786376953,3.174999952316284
2009-10-08,5002.25,29.8700008392334,1065.47998046875,24.18000030517578,69.7699966430664,1055.4000244140625,46.21799850463867,75.97000122070312,3.255000114440918
2009-10-09,4945.2001953125,30.25,1071.489990234375,23.1200008392334,70.0,1047.800048828125,46.45800018310547,76.43000030517578,3.384000062942505
2009-10-12,5054.25,28.200000762939453,1076.18994140625,23.010000228881836,71.36000061035156,1056.699951171875,46.3380012512207,76.12999725341797,3.380000114440918
2009-10-13,,,1073.18994140625,22.989999771118164,72.4000015258789,1064.199951171875,46.28300094604492,75.9800033569336,3.312000036239624
2009-10-14,5118.2001953125,26.3799991607666,1092.02001953125,22.860000610351562,73.0999984741211,1063.9000244140625,46.018001556396484,75.55000305175781,3.4230000972747803
2009-10-15,5108.85009765625,26.639999389648438,1096.56005859375,21.719999313354492,,1049.800048828125,45.95000076293945,75.4800033569336,3.4700000286102295
2009-10-16,5142.14990234375,26.020000457763672,1087.6800537109375,21.43000030517578,76.98999786376953,1050.699951171875,46.20000076293945,75.5999984741211,3.4170000553131104
2009-10-19,,,1097.9100341796875,21.489999771118164,77.7699966430664,1057.300048828125,45.95000076293945,75.51000213623047,3.3949999809265137
2009-10-20,5114.4501953125,26.690000534057617,1091.06005859375,20.899999618530273,77.23999786376953,1057.800048828125,46.257999420166016,75.56999969482422,3.3369998931884766
2009-10-21,5063.60009765625,26.780000686645508,1081.4000244140625,22.219999313354492,79.69000244140625,1063.699951171875,46.400001525878906,74.97000122070312,3.4110000133514404
2009-10-22,4988.60009765625,25.489999771118164,1092.9100341796875,20.690000534057617,79.51000213623047,1057.800048828125,46.54999923706055,75.08999633789062,3.4210000038146973
2009-10-23,4997.0498046875,24.489999771118164,1079.5999755859375,22.270000457763672,78.91999816894531,1055.5999755859375,46.428001403808594,75.47000122070312,3.4749999046325684
2009-10-26,4970.89990234375,24.489999771118164,1066.949951171875,24.309999465942383,77.26000213623047,1042.0999755859375,46.54999923706055,76.05999755859375,3.553999900817871
2009-10-27,4846.7001953125,28.18000030517578,1063.4100341796875,24.829999923706055,77.91999816894531,1034.699951171875,46.9379997253418,76.13999938964844,3.4619998931884766
2009-10-28,4826.14990234375,28.479999542236328,1042.6300048828125,27.90999984741211,75.86000061035156,1029.9000244140625,47.178001403808594,76.43000030517578,3.4110000133514404
2009-10-29,4750.5498046875,28.219999313354492,1066.1099853515625,24.760000228881836,78.04000091552734,1046.4000244140625,47.178001403808594,75.91999816894531,3.500999927520752
2009-10-30,4711.7001953125,25.389999389648438,1036.18994140625,30.690000534057617,75.19999694824219,1039.699951171875,46.917999267578125,76.30000305175781,3.3919999599456787
2009-11-02,,,1042.8800048828125,29.780000686645508,76.55000305175781,1053.4000244140625,46.79999923706055,76.29000091552734,3.421999931335449
2009-11-03,4563.89990234375,24.43000030517578,1045.4100341796875,28.809999465942383,78.11000061035156,1084.300048828125,47.25,76.38999938964844,3.4730000495910645
2009-11-04,4710.7998046875,29.889999389648438,1046.5,27.719999313354492,78.88999938964844,1086.699951171875,46.79999923706055,75.63999938964844,3.5460000038146973
2009-11-05,4765.5498046875,29.56999969482422,1066.6300048828125,25.43000030517578,77.98999786376953,1088.699951171875,46.9379997253418,75.73999786376953,3.5329999923706055
2009-11-06,4796.14990234375,29.040000915527344,1069.300048828125,24.190000534057617,75.87000274658203,1095.0999755859375,46.7400016784668,75.81999969482422,3.503000020980835
2009-11-09,4898.39990234375,28.920000076293945,1093.0799560546875,23.149999618530273,77.7699966430664,1100.800048828125,46.36800003051758,75.02999877929688,3.4860000610351562
2009-11-10,4881.7001953125,30.059999465942383,1093.010009765625,22.84000015258789,77.5,1101.9000244140625,46.31800079345703,75.0199966430664,3.4820001125335693
2009-11-11,5003.9501953125,28.959999084472656,1098.510009765625,23.040000915527344,77.94999694824219,1114.0,46.40800094604492,75.16000366210938,3.4739999771118164
2009-11-12,4952.64990234375,29.639999389648438,1087.239990234375,24.239999771118164,76.0199966430664,1106.0,46.65999984741211,75.5999984741211,3.446000099182129
2009-11-13,4998.9501953125,29.09000015258789,1093.47998046875,23.360000610351562,75.55000305175781,1116.0999755859375,46.257999420166016,75.33000183105469,3.428999900817871
2009-11-16,5058.0498046875,27.950000762939453,1109.300048828125,22.889999389648438,78.76000213623047,1138.5999755859375,45.9900016784668,74.91000366210938,3.3310000896453857
2009-11-17,5062.25,26.780000686645508,1110.3199462890625,22.40999984741211,78.97000122070312,1138.800048828125,46.22999954223633,75.37000274658203,3.319000005722046
2009-11-18,5054.7001953125,26.389999389648438,1109.800048828125,21.6299991607666,79.47000122070312,1140.699951171875,46.099998474121094,75.18000030517578,3.365999937057495
2009-11-19,4989.0,28.549999237060547,1094.9000244140625,22.6299991607666,77.63999938964844,1141.4000244140625,46.54999923706055,75.29000091552734,3.3489999771118164
2009-11-20,5052.4501953125,26.639999389648438,1091.3800048828125,22.190000534057617,77.19999694824219,1146.4000244140625,46.540000915527344,75.66000366210938,3.3559999465942383
2009-11-23,5103.5498046875,26.690000534057617,1106.239990234375,21.15999984741211,77.45999908447266,1164.300048828125,46.36000061035156,75.08999633789062,3.364000082015991
2009-11-24,5090.5498046875,26.09000015258789,1105.6500244140625,20.469999313354492,76.45999908447266,1165.5,46.29999923706055,75.06999969482422,3.316999912261963
2009-11-25,5108.14990234375,24.850000381469727,1110.6300048828125,20.479999542236328,78.44000244140625,1186.9000244140625,46.0099983215332,74.2699966430664,3.2790000438690186
2009-11-26,5005.5498046875,28.309999465942383,,,,,46.667999267578125,,
2009-11-27,4941.75,30.059999465942383,1091.489990234375,24.739999771118164,77.18000030517578,1174.199951171875,46.45000076293945,75.0,3.2309999465942383
2009-11-30,5032.7001953125,27.559999465942383,1095.6300048828125,24.510000228881836,78.47000122070312,1181.0999755859375,46.45800018310547,74.87999725341797,3.2009999752044678
2009-12-01,5122.0,25.450000762939453,1108.8599853515625,21.920000076293945,79.3499984741211,1199.0999755859375,46.22800064086914,74.36000061035156,3.2750000953674316
2009-12-02,5123.25,26.030000686645508,1109.239990234375,21.1200008392334,77.87999725341797,1212.0,46.20000076293945,74.66999816894531,3.322999954223633
2009-12-03,5131.7001953125,25.989999771118164,1099.9200439453125,22.459999084472656,78.36000061035156,1217.4000244140625,46.0,74.62999725341797,3.380000114440918
2009-12-04,5108.89990234375,26.139999389648438,1105.97998046875,21.25,77.5199966430664,1168.800048828125,46.11800003051758,75.91000366210938,3.4830000400543213
2009-12-07,5066.7001953125,27.670000076293945,1103.25,22.100000381469727,76.43000030517578,1163.4000244140625,46.46799850463867,75.7699966430664,3.447999954223633
2009-12-08,5147.9501953125,26.459999084472656,1091.93994140625,23.690000534057617,75.19000244140625,1142.800048828125,46.61800003051758,76.30999755859375,3.3919999599456787
2009-12-09,5112.0,26.989999771118164,1095.949951171875,22.65999984741211,72.38999938964844,1120.4000244140625,46.52799987792969,76.04000091552734,3.4230000972747803
2009-12-10,5134.64990234375,27.200000762939453,1102.3499755859375,22.31999969482422,71.86000061035156,1125.699951171875,46.518001556396484,76.04000091552734,3.4820001125335693
2009-12-11,5117.2998046875,27.149999618530273,1106.4100341796875,21.59000015258789,71.87999725341797,1119.4000244140625,46.472999572753906,76.56999969482422,3.5399999618530273
2009-12-14,5105.7001953125,27.889999389648438,1114.1099853515625,21.149999618530273,71.88999938964844,1123.300048828125,46.667999267578125,76.3499984741211,3.5460000038146973
2009-12-15,5033.0498046875,28.31999969482422,1107.9300537109375,21.489999771118164,72.05000305175781,1122.4000244140625,46.71799850463867,76.95999908447266,3.6029999256134033
2009-12-16,5042.0498046875,27.360000610351562,1109.1800537109375,20.540000915527344,73.55000305175781,1135.5,46.5880012512207,77.0,3.5959999561309814
2009-12-17,5041.75,27.25,1096.0799560546875,22.510000228881836,73.37000274658203,1106.800048828125,46.86800003051758,77.69000244140625,3.486999988555908
2009-12-18,4987.7001953125,26.65999984741211,1102.469970703125,21.68000030517578,73.75,1110.800048828125,46.702999114990234,77.81999969482422,3.5460000038146973
2009-12-21,4952.60009765625,26.190000534057617,1114.050048828125,20.489999771118164,72.98999786376953,1095.4000244140625,46.81800079345703,78.04000091552734,3.681999921798706
2009-12-22,4985.85009765625,24.520000457763672,1118.02001953125,19.540000915527344,73.45999908447266,1086.0,46.79800033569336,78.25,3.74399995803833
2009-12-23,5144.60009765625,23.84000015258789,1120.5899658203125,19.709999084472656,75.44999694824219,1093.300048828125,46.75,77.9000015258789,3.747999906539917
2009-12-24,5178.39990234375,22.690000534057617,1126.47998046875,19.469999313354492,76.30999755859375,1104.0999755859375,46.650001525878906,77.83999633789062,3.806999921798706
2009-12-28,,,1127.780029296875,19.93000030517578,77.31999969482422,1107.199951171875,46.45000076293945,77.62999725341797,3.8420000076293945
2009-12-29,5187.9501953125,24.40999984741211,1126.199951171875,20.010000228881836,77.63999938964844,1097.0,46.560001373291016,77.83000183105469,3.809000015258789
2009-12-30,5169.4501953125,24.6200008392334,1126.4200439453125,19.959999084472656,78.02999877929688,1091.5,46.5,77.91000366210938,3.7839999198913574
2009-12-31,5201.0498046875,23.34000015258789,1115.0999755859375,21.68000030517578,77.93000030517578,1095.199951171875,46.400001525878906,77.86000061035156,3.8429999351501465
2010-01-01,,,,,,,46.61000061035156,,
2010-01-04,5232.2001953125,23.639999389648438,1132.989990234375,20.040000915527344,80.12000274658203,1117.699951171875,46.28799819946289,77.52999877929688,3.8410000801086426
2010-01-05,5277.89990234375,22.270000457763672,1136.52001953125,19.350000381469727,80.58999633789062,1118.0999755859375,46.119998931884766,77.62000274658203,3.755000114440918
2010-01-06,5281.7998046875,22.1200008392334,1137.1400146484375,19.15999984741211,81.88999938964844,1135.9000244140625,45.720001220703125,77.48999786376953,3.808000087738037
2010-01-07,5263.10009765625,22.5,1141.68994140625,19.059999465942383,81.51000213623047,1133.0999755859375,45.6879997253418,77.91000366210938,3.822000026702881
2010-01-08,5244.75,22.56999969482422,1144.97998046875,18.1299991607666,81.37000274658203,1138.199951171875,45.518001556396484,77.47000122070312,3.808000087738037
2010-01-11,5249.39990234375,22.68000030517578,1146.97998046875,17.549999237060547,80.97000122070312,1150.699951171875,45.358001708984375,77.0,3.818000078201294
2010-01-12,5210.39990234375,23.079999923706055,1136.219970703125,18.25,79.30000305175781,1128.9000244140625,45.61800003051758,76.94999694824219,3.7190001010894775
2010-01-13,5233.9501953125,21.989999771118164,1145.6800537109375,17.850000381469727,78.30999755859375,1136.4000244140625,45.487998962402344,76.8499984741211,3.7829999923706055
2010-01-14,5259.89990234375,20.979999542236328,1148.4599609375,17.6299991607666,77.81999969482422,1142.5999755859375,45.5629997253418,76.7300033569336,3.7339999675750732
2010-01-15,5252.2001953125,21.079999923706055,1136.030029296875,17.90999984741211,77.11000061035156,1130.0999755859375,45.803001403808594,77.31999969482422,3.6760001182556152
2010-01-18,5274.85009765625,21.549999237060547,,,,,45.63800048828125,,
2010-01-19,5225.64990234375,22.34000015258789,1150.22998046875,17.579999923706055,77.62999725341797,1139.699951171875,45.847999572753906,77.5,3.7070000171661377
2010-01-20,5221.7001953125,22.290000915527344,1138.0400390625,18.68000030517578,76.31999969482422,1112.300048828125,46.11800003051758,78.33999633789062,3.6589999198913574
2010-01-21,5094.14990234375,23.5,1116.47998046875,22.270000457763672,74.58000183105469,1102.699951171875,46.108001708984375,78.31999969482422,3.6110000610351562
2010-01-22,5036.0,24.850000381469727,1091.760009765625,27.309999465942383,72.83000183105469,1089.199951171875,46.222999572753906,78.27999877929688,3.5980000495910645
2010-01-25,5007.89990234375,25.81999969482422,1096.780029296875,25.40999984741211,73.69000244140625,1095.199951171875,46.077999114990234,78.19000244140625,3.630000114440918
2010-01-26,,,1092.1700439453125,24.549999237060547,73.29000091552734,1097.9000244140625,45.847999572753906,78.43000030517578,3.630000114440918
2010-01-27,4853.10009765625,28.920000076293945,1097.5,23.139999389648438,72.23999786376953,1084.4000244140625,46.31800079345703,78.68000030517578,3.6440000534057617
2010-01-28,4867.25,26.959999084472656,1084.530029296875,23.729999542236328,72.12999725341797,1083.5999755859375,46.347999572753906,78.9000015258789,3.6579999923706055
2010-01-29,4882.0498046875,26.1299991607666,1073.8699951171875,24.6200008392334,71.45999908447266,1083.0,46.097999572753906,79.45999908447266,3.6089999675750732
2010-02-01,4899.7001953125,25.610000610351562,1089.18994140625,22.59000015258789,73.11000061035156,1104.300048828125,46.28799819946289,79.23999786376953,3.6540000438690186
2010-02-02,4830.10009765625,26.690000534057617,1103.3199462890625,21.479999542236328,76.05999755859375,1117.4000244140625,46.099998474121094,79.01000213623047,3.634999990463257
2010-02-03,4931.85009765625,25.540000915527344,1097.280029296875,21.600000381469727,75.91999816894531,1111.4000244140625,45.900001525878906,79.37000274658203,3.703000068664551
2010-02-04,4845.35009765625,27.06999969482422,1063.1099853515625,26.079999923706055,72.12999725341797,1062.4000244140625,46.209999084472656,79.91999816894531,3.609999895095825
2010-02-05,4718.64990234375,30.06999969482422,1066.18994140625,26.110000610351562,69.58999633789062,1052.199951171875,46.619998931884766,80.44000244140625,3.5460000038146973
2010-02-08,4760.39990234375,30.360000610351562,1056.739990234375,26.510000228881836,70.11000061035156,1065.699951171875,46.709999084472656,80.30000305175781,3.5920000076293945
2010-02-09,4792.64990234375,29.90999984741211,1070.52001953125,26.0,72.12999725341797,1076.699951171875,46.38999938964844,79.86000061035156,3.632999897003174
2010-02-10,4757.2001953125,30.549999237060547,1068.1300048828125,25.399999618530273,72.54000091552734,1075.800048828125,46.37799835205078,80.02999877929688,3.694000005722046
2010-02-11,4826.85009765625,28.809999465942383,1078.469970703125,23.959999084472656,73.05000305175781,1094.199951171875,46.400001525878906,79.98999786376953,3.7330000400543213
2010-02-12,,,1075.510009765625,22.729999542236328,72.9000015258789,1089.5,46.400001525878906,80.31999969482422,3.693000078201294
2010-02-15,4801.9501953125,29.68000030517578,,,,,46.3380012512207,,
2010-02-16,4855.75,28.729999542236328,1094.8699951171875,22.25,75.68000030517578,1119.300048828125,45.97999954223633,79.69999694824219,3.6640000343322754
2010-02-17,4914.0,29.040000915527344,1099.510009765625,21.719999313354492,76.2699966430664,1119.5,46.007999420166016,80.37999725341797,3.742000102996826
2010-02-18,4887.75,29.760000228881836,1106.75,20.6299991607666,77.77999877929688,1118.0,46.13999938964844,80.4000015258789,3.802999973297119
2010-02-19,4844.89990234375,31.899999618530273,1109.1700439453125,20.020000457763672,78.19000244140625,1121.300048828125,46.18000030517578,80.63999938964844,3.7820000648498535
2010-02-22,4856.39990234375,32.130001068115234,1108.010009765625,19.940000534057617,78.61000061035156,1112.5999755859375,46.099998474121094,80.51000213623047,3.7990000247955322
2010-02-23,4870.0498046875,30.989999771118164,1094.5999755859375,21.3700008392334,77.25,1102.699951171875,46.268001556396484,80.8499984741211,3.690999984741211
2010-02-24,4858.60009765625,30.399999618530273,1105.239990234375,20.270000457763672,78.08999633789062,1096.5,46.28799819946289,80.8499984741211,3.694999933242798
2010-02-25,4859.75,29.549999237060547,1102.93994140625,20.100000381469727,76.29000091552734,1107.800048828125,46.29999923706055,80.79000091552734,3.6419999599456787
2010-02-26,4922.2998046875,24.020000457763672,1104.489990234375,19.5,77.58999633789062,1118.300048828125,45.900001525878906,80.36000061035156,3.5950000286102295
2010-03-01,,,1115.7099609375,19.260000228881836,76.88999938964844,1117.800048828125,46.0,80.66000366210938,3.6059999465942383
2010-03-02,5017.0,21.6299991607666,1118.31005859375,19.059999465942383,78.18000030517578,1136.9000244140625,46.02799987792969,80.5199966430664,3.614000082015991
2010-03-03,5088.10009765625,20.75,1118.7900390625,18.829999923706055,79.25,1142.699951171875,45.54999923706055,79.9800033569336,3.625
2010-03-04,5080.25,20.979999542236328,1122.969970703125,18.719999313354492,78.54000091552734,1132.5999755859375,45.66999816894531,80.55999755859375,3.6059999465942383
2010-03-05,5088.7001953125,20.739999771118164,1138.699951171875,17.420000076293945,79.88999938964844,1134.800048828125,45.45000076293945,80.43000030517578,3.681999921798706
2010-03-08,5124.0,20.729999542236328,1138.5,17.790000915527344,80.47000122070312,1123.5999755859375,45.400001525878906,80.43000030517578,3.7079999446868896
2010-03-09,5101.5,20.799999237060547,1140.449951171875,17.920000076293945,79.91000366210938,1122.0,45.54999923706055,80.58999633789062,3.7009999752044678
2010-03-10,5116.25,20.09000015258789,1145.6099853515625,18.56999969482422,80.4800033569336,1107.800048828125,45.310001373291016,80.44999694824219,3.7200000286102295
2010-03-11,5133.39990234375,20.139999389648438,1150.239990234375,18.059999465942383,80.27999877929688,1108.0,45.45000076293945,80.31999969482422,3.7200000286102295
2010-03-12,5137.0,19.729999542236328,1149.989990234375,17.579999923706055,79.38999938964844,1101.5,45.49800109863281,79.83000183105469,3.7100000381469727
2010-03-15,5128.89990234375,20.260000228881836,1150.510009765625,18.0,77.88999938964844,1105.0999755859375,45.55799865722656,80.25,3.7039999961853027
2010-03-16,5198.10009765625,19.59000015258789,1159.4599609375,17.690000534057617,79.0199966430664,1122.199951171875,45.38999938964844,79.75,3.6530001163482666
2010-03-17,5231.89990234375,17.729999542236328,1166.2099609375,16.90999984741211,81.95999908447266,1124.0,45.279998779296875,79.63999938964844,3.6419999599456787
2010-03-18,5245.89990234375,17.969999313354492,1165.8299560546875,16.6200008392334,81.4800033569336,1127.4000244140625,45.38999938964844,80.22000122070312,3.671999931335449
2010-03-19,5262.7998046875,17.75,1159.9000244140625,16.969999313354492,79.87999725341797,1107.4000244140625,45.25,80.72000122070312,3.687000036239624
2010-03-22,5205.2001953125,19.959999084472656,1165.81005859375,16.8700008392334,80.54000091552734,1099.300048828125,45.470001220703125,80.6500015258789,3.6630001068115234
2010-03-23,5225.2998046875,18.1299991607666,1174.1700439453125,16.350000381469727,80.69999694824219,1103.5,45.400001525878906,80.9000015258789,3.680000066757202
2010-03-24,,,1167.719970703125,17.549999237060547,79.62000274658203,1088.5999755859375,45.400001525878906,81.83999633789062,3.8289999961853027
2010-03-25,5260.39990234375,17.049999237060547,1165.72998046875,18.399999618530273,79.61000061035156,1092.699951171875,45.487998962402344,82.12000274658203,3.9010000228881836
2010-03-26,5282.0,17.889999389648438,1166.5899658203125,17.770000457763672,79.29000091552734,1104.199951171875,45.11000061035156,81.68000030517578,3.8550000190734863
2010-03-29,5302.85009765625,18.729999542236328,1173.219970703125,17.59000015258789,81.16999816894531,1110.300048828125,44.79999923706055,81.36000061035156,3.864000082015991
2010-03-30,5262.4501953125,19.799999237060547,1173.27001953125,17.1299991607666,81.27999877929688,1104.5,44.939998626708984,81.47000122070312,3.868000030517578
2010-03-31,5249.10009765625,19.8700008392334,1169.4300537109375,17.59000015258789,82.69999694824219,1113.300048828125,44.79999923706055,81.06999969482422,3.8329999446868896
2010-04-01,5290.5,17.6200008392334,1178.0999755859375,17.469999313354492,84.01000213623047,1125.0999755859375,44.599998474121094,80.77999877929688,3.8589999675750732
2010-04-02,,,,,,,44.80799865722656,,
2010-04-05,5368.39990234375,17.170000076293945,1187.43994140625,17.020000457763672,85.87999725341797,1132.9000244140625,44.36000061035156,81.08999633789062,3.99399995803833
2010-04-06,5366.0,17.200000762939453,1189.43994140625,16.229999542236328,86.1500015258789,1135.0999755859375,44.34000015258789,81.38999938964844,3.9679999351501465
2010-04-07,5374.64990234375,17.31999969482422,1182.449951171875,16.6200008392334,85.58999633789062,1152.300048828125,44.400001525878906,81.44000244140625,3.86299991607666
2010-04-08,5304.4501953125,19.920000076293945,1186.43994140625,16.479999542236328,84.80999755859375,1152.199951171875,44.34000015258789,81.52999877929688,3.8959999084472656
2010-04-09,5361.75,18.440000534057617,1194.3699951171875,16.139999389648438,84.83000183105469,1161.0999755859375,44.119998931884766,81.08999633789062,3.888000011444092
2010-04-12,5339.7001953125,20.049999237060547,1196.47998046875,15.579999923706055,84.7699966430664,1161.5999755859375,44.34000015258789,80.55999755859375,3.8459999561309814
2010-04-13,5322.9501953125,20.139999389648438,1197.300048828125,16.200000762939453,84.72000122070312,1152.800048828125,44.577999114990234,80.51000213623047,3.811000108718872
2010-04-14,,,1210.6500244140625,15.59000015258789,86.1500015258789,1159.0,44.209999084472656,80.19000244140625,3.8550000190734863
2010-04-15,5273.60009765625,21.579999923706055,1211.6700439453125,15.890000343322754,87.16999816894531,1159.699951171875,44.290000915527344,80.4800033569336,3.8480000495910645
2010-04-16,5262.60009765625,21.780000686645508,1192.1300048828125,18.360000610351562,85.98999786376953,1136.300048828125,44.31800079345703,80.81999969482422,3.7699999809265137
2010-04-19,5203.64990234375,22.65999984741211,1197.52001953125,17.34000015258789,84.2300033569336,1135.199951171875,44.72800064086914,81.0,3.806999921798706
2010-04-20,5230.10009765625,20.8700008392334,1207.1700439453125,15.729999542236328,84.80000305175781,1138.5999755859375,44.38999938964844,81.05000305175781,3.805000066757202
2010-04-21,5244.89990234375,19.229999542236328,1205.93994140625,16.31999969482422,85.69999694824219,1148.199951171875,44.400001525878906,81.16000366210938,3.73799991607666
2010-04-22,5269.35009765625,20.530000686645508,1208.6700439453125,16.469999313354492,85.66999816894531,1142.300048828125,44.439998626708984,81.56999969482422,3.7720000743865967
2010-04-23,5304.10009765625,20.209999084472656,1217.280029296875,16.6200008392334,87.25,1153.0999755859375,44.290000915527344,81.3499984741211,3.816999912261963
2010-04-26,5322.4501953125,19.790000915527344,1212.050048828125,17.469999313354492,86.83000183105469,1153.5,44.25,81.4800033569336,3.815000057220459
2010-04-27,5308.35009765625,19.81999969482422,1183.7099609375,22.809999465942383,85.77999877929688,1161.699951171875,44.45000076293945,82.1500015258789,3.690000057220459
2010-04-28,5215.4501953125,22.729999542236328,1191.3599853515625,21.079999923706055,86.16000366210938,1171.300048828125,44.5,82.37999725341797,3.7730000019073486
2010-04-29,5254.14990234375,21.190000534057617,1206.780029296875,18.440000534057617,86.9000015258789,1168.4000244140625,44.45000076293945,82.0,3.7279999256134033
2010-04-30,5278.0,20.350000381469727,1186.68994140625,22.049999237060547,87.44000244140625,1180.0999755859375,44.25,81.87000274658203,3.6630001068115234
2010-05-03,5222.75,22.139999389648438,1202.260009765625,20.190000534057617,88.94000244140625,1182.699951171875,44.400001525878906,82.2699966430664,3.7049999237060547
2010-05-04,5148.5,23.299999237060547,1173.5999755859375,23.84000015258789,,1168.5999755859375,44.54999923706055,83.30000305175781,3.61299991607666
2010-05-05,5124.89990234375,23.690000534057617,1165.8699951171875,24.90999984741211,82.61000061035156,1174.5999755859375,44.849998474121094,84.08000183105469,3.549999952316284
2010-05-06,5090.85009765625,24.360000610351562,1128.1500244140625,32.79999923706055,79.83000183105469,1196.9000244140625,45.459999084472656,84.88999938964844,3.3980000019073486
2010-05-07,5018.0498046875,27.399999618530273,1110.8800048828125,40.95000076293945,78.2699966430664,1210.0,45.417999267578125,84.44999694824219,3.428999900817871
2010-05-10,5193.60009765625,24.139999389648438,1159.72998046875,28.84000015258789,80.12000274658203,1200.4000244140625,44.76300048828125,84.16000366210938,3.5390000343322754
2010-05-11,5136.14990234375,25.809999465942383,1155.7900390625,28.31999969482422,80.48999786376953,1219.9000244140625,44.9900016784668,84.47000122070312,3.5350000858306885
2010-05-12,5156.64990234375,25.81999969482422,1171.6700439453125,25.520000457763672,81.19999694824219,1242.699951171875,44.95000076293945,84.83000183105469,3.566999912261963
2010-05-13,5178.89990234375,24.860000610351562,1157.43994140625,26.68000030517578,80.11000061035156,1228.800048828125,44.939998626708984,85.20999908447266,3.563999891281128
2010-05-14,5093.5,26.530000686645508,1135.6800537109375,31.239999771118164,77.18000030517578,1227.4000244140625,45.25,86.0999984741211,3.441999912261963
2010-05-17,5059.89990234375,27.170000076293945,1136.93994140625,30.84000015258789,75.0999984741211,1227.699951171875,45.52799987792969,86.20999908447266,3.4719998836517334
2010-05-18,5066.2001953125,26.540000915527344,1120.800048828125,33.54999923706055,74.43000030517578,1214.300048828125,45.560001373291016,87.16000366210938,3.375999927520752
2010-05-19,4919.64990234375,32.040000915527344,1115.050048828125,35.31999969482422,73.69000244140625,1192.5999755859375,46.27299880981445,86.38999938964844,3.3589999675750732
2010-05-20,4947.60009765625,31.040000915527344,1071.5899658203125,45.790000915527344,71.83999633789062,1187.800048828125,46.7400016784668,85.56999969482422,3.2639999389648438
2010-05-21,4931.14990234375,32.2599983215332,1087.68994140625,40.099998474121094,71.68000030517578,1175.699951171875,46.917999267578125,85.37000274658203,3.200000047683716
2010-05-24,4943.9501953125,31.299999237060547,1073.6500244140625,38.31999969482422,71.16999816894531,1193.800048828125,46.810001373291016,86.20999908447266,3.2269999980926514
2010-05-25,4806.75,34.52000045776367,1074.030029296875,34.61000061035156,69.55000305175781,1197.800048828125,47.47999954223633,86.77999877929688,3.1579999923706055
2010-05-26,4917.39990234375,32.150001525878906,1067.949951171875,35.02000045776367,71.73999786376953,1213.300048828125,47.099998474121094,87.12000274658203,3.2179999351501465
2010-05-27,5003.10009765625,29.010000228881836,1103.06005859375,29.68000030517578,74.66000366210938,1211.9000244140625,46.720001220703125,86.18000030517578,3.3380000591278076
2010-05-28,5066.5498046875,26.43000030517578,1089.4100341796875,32.06999969482422,74.0199966430664,1212.199951171875,46.29999923706055,86.4800033569336,3.3010001182556152
2010-05-31,5086.2998046875,26.43000030517578,,,,,46.358001708984375,,
2010-06-01,4970.2001953125,29.079999923706055,1070.7099609375,35.540000915527344,72.70999908447266,1224.800048828125,47.08300018310547,86.63999938964844,3.2960000038146973
2010-06-02,5019.85009765625,27.760000228881836,1098.3800048828125,30.170000076293945,73.75,1220.5999755859375,46.79999923706055,86.79000091552734,3.3340001106262207
2010-06-03,5110.5,25.290000915527344,1102.8299560546875,29.459999084472656,75.41000366210938,1208.300048828125,46.5,87.13999938964844,3.378999948501587
2010-06-04,5135.5,24.719999313354492,1064.8800048828125,35.47999954223633,72.08999633789062,1216.199951171875,46.86000061035156,88.2300033569336,3.194999933242798
2010-06-07,5034.0,27.989999771118164,1050.469970703125,36.56999969482422,72.08999633789062,1239.300048828125,46.790000915527344,88.4000015258789,3.184000015258789
2010-06-08,4987.10009765625,28.770000457763672,1062.0,33.70000076293945,72.08999633789062,1244.0,46.83000183105469,88.38999938964844,3.1679999828338623
2010-06-09,5000.2998046875,28.15999984741211,1055.68994140625,33.72999954223633,72.08999633789062,1228.5,46.810001373291016,87.9000015258789,3.187000036239624
2010-06-10,5078.60009765625,26.5,1086.8399658203125,30.56999969482422,75.29000091552734,1220.800048828125,46.75,87.16999816894531,3.319000005722046
2010-06-11,5119.35009765625,25.100000381469727,1091.5999755859375,28.790000915527344,74.3499984741211,1228.9000244140625,46.75,87.51000213623047,3.2160000801086426
2010-06-14,5197.7001953125,22.950000762939453,1089.6300048828125,28.579999923706055,75.19999694824219,1223.300048828125,46.400001525878906,86.51000213623047,3.2750000953674316
2010-06-15,5222.35009765625,21.979999542236328,1115.22998046875,25.8700008392334,76.19999694824219,1233.199951171875,46.400001525878906,85.9800033569336,3.309999942779541
2010-06-16,5233.35009765625,22.670000076293945,1114.6099853515625,25.920000076293945,78.13999938964844,1229.300048828125,46.40999984741211,86.08000183105469,3.2820000648498535
2010-06-17,5274.85009765625,20.850000381469727,1116.0400390625,25.049999237060547,78.68000030517578,1247.5,46.09000015258789,85.69000244140625,3.190000057220459
2010-06-18,5262.60009765625,19.959999084472656,1117.510009765625,23.950000762939453,78.22000122070312,1257.199951171875,46.0099983215332,85.69999694824219,3.2230000495910645
2010-06-21,5353.2998046875,19.40999984741211,1113.199951171875,24.8799991607666,78.81999969482422,1239.699951171875,45.65999984741211,85.93000030517578,3.243000030517578
2010-06-22,5316.5498046875,20.639999389648438,1095.31005859375,27.049999237060547,78.04000091552734,1239.9000244140625,46.02000045776367,86.11000061035156,3.1659998893737793
2010-06-23,5323.14990234375,20.34000015258789,1092.0400390625,26.90999984741211,76.2699966430664,1234.0999755859375,46.150001525878906,85.73999786376953,3.115000009536743
2010-06-24,5320.60009765625,20.06999969482422,1073.68994140625,29.739999771118164,76.47000122070312,1245.5,46.2599983215332,85.7300033569336,3.122999906539917
2010-06-25,5269.0498046875,20.0,1076.760009765625,28.530000686645508,78.12000274658203,1255.800048828125,46.150001525878906,85.30999755859375,3.11299991607666
2010-06-28,5333.5,19.549999237060547,1074.5699462890625,29.0,77.58999633789062,1238.199951171875,46.099998474121094,85.6500015258789,3.0320000648498535
2010-06-29,5256.14990234375,20.639999389648438,1041.239990234375,34.130001068115234,75.44000244140625,1242.0,46.40999984741211,86.02999877929688,2.9670000076293945
2010-06-30,5312.5,20.06999969482422,1030.7099609375,34.540000915527344,75.01000213623047,1245.5,46.400001525878906,86.0199966430664,2.9509999752044678
2010-07-01,5251.39990234375,21.440000534057617,1027.3699951171875,32.86000061035156,72.33999633789062,1206.300048828125,46.40999984741211,84.72000122070312,2.927000045776367
2010-07-02,5237.10009765625,21.899999618530273,1022.5800170898438,30.1200008392334,71.6500015258789,1207.4000244140625,46.560001373291016,84.43000030517578,2.9790000915527344
2010-07-05,5235.89990234375,21.989999771118164,,,,,46.72800064086914,,
2010-07-06,5289.0498046875,20.899999618530273,1028.06005859375,29.649999618530273,71.44999694824219,1194.800048828125,46.599998474121094,84.08000183105469,2.931999921798706
2010-07-07,5241.10009765625,22.110000610351562,1060.27001953125,26.84000015258789,73.51000213623047,1198.5999755859375,46.95000076293945,83.81999969482422,2.9800000190734863
2010-07-08,5296.85009765625,21.1200008392334,1070.25,25.709999084472656,74.70999908447266,1195.800048828125,46.650001525878906,83.81999969482422,3.0199999809265137
2010-07-09,5352.4501953125,20.209999084472656,1077.9599609375,24.979999542236328,75.41999816894531,1209.5999755859375,46.52000045776367,83.94999694824219,3.055999994277954
2010-07-12,5383.0,19.90999984741211,1078.75,24.43000030517578,74.37000274658203,1198.5,46.65999984741211,84.19999694824219,3.0460000038146973
2010-07-13,5400.64990234375,19.110000610351562,1095.3399658203125,24.559999465942383,76.6500015258789,1213.300048828125,46.40999984741211,83.63999938964844,3.114000082015991
2010-07-14,5386.14990234375,20.06999969482422,1095.1700439453125,24.889999389648438,76.7699966430664,1206.800048828125,46.599998474121094,83.43000030517578,3.049999952316284
2010-07-15,5378.75,20.18000030517578,1096.47998046875,25.139999389648438,,1208.0999755859375,46.45000076293945,82.55999755859375,2.9779999256134033
2010-07-16,5393.89990234375,19.700000762939453,1064.8800048828125,26.25,75.37000274658203,1188.0,46.70000076293945,82.48999786376953,2.938999891281128
2010-07-19,5386.4501953125,20.709999084472656,1071.25,25.969999313354492,75.62000274658203,1181.699951171875,46.09000015258789,82.51000213623047,2.9639999866485596
2010-07-20,5368.0,20.3799991607666,1083.47998046875,23.93000030517578,76.22000122070312,1191.5,47.25,82.75,2.931999921798706
2010-07-21,5399.35009765625,20.0,1069.5899658203125,25.639999389648438,75.37000274658203,1191.5999755859375,47.06999969482422,83.38999938964844,2.8919999599456787
2010-07-22,5441.9501953125,18.899999618530273,1093.6700439453125,24.6299991607666,77.81999969482422,1195.5,47.040000915527344,82.5999984741211,2.931999921798706
2010-07-23,5449.10009765625,19.239999771118164,1102.6600341796875,23.469999313354492,77.44999694824219,1187.699951171875,46.88999938964844,82.45999908447266,2.99399995803833
2010-07-26,5418.60009765625,19.969999313354492,1115.010009765625,22.729999542236328,77.5,1183.0,47.042999267578125,82.08999633789062,2.99399995803833
2010-07-27,5430.60009765625,19.219999313354492,1113.8399658203125,23.190000534057617,76.12999725341797,1158.0,46.64799880981445,82.18000030517578,3.046999931335449
2010-07-28,5397.5498046875,19.520000457763672,1106.1300048828125,24.25,76.05999755859375,1160.4000244140625,46.689998626708984,82.18000030517578,3.000999927520752
2010-07-29,5408.89990234375,18.329999923706055,1101.530029296875,24.1299991607666,77.58999633789062,1168.4000244140625,46.459999084472656,81.63999938964844,2.999000072479248
2010-07-30,5367.60009765625,18.940000534057617,1101.5999755859375,23.5,78.18000030517578,1181.699951171875,46.36000061035156,81.54000091552734,2.9070000648498535
2010-08-02,5431.64990234375,17.989999771118164,1125.8599853515625,22.010000228881836,80.81999969482422,1183.4000244140625,46.0880012512207,80.94000244140625,2.9630000591278076
2010-08-03,5439.5498046875,17.549999237060547,1120.4599609375,22.6299991607666,82.68000030517578,1185.199951171875,46.12799835205078,80.5999984741211,2.9140000343322754
2010-08-04,5467.85009765625,17.040000915527344,1127.239990234375,22.209999084472656,82.19999694824219,1193.699951171875,46.12799835205078,80.88999938964844,2.9519999027252197
2010-08-05,5447.10009765625,17.709999084472656,1125.81005859375,22.100000381469727,81.61000061035156,1197.199951171875,46.0,80.81999969482422,2.9149999618530273
2010-08-06,5439.25,17.3700008392334,1121.6400146484375,21.739999771118164,80.16000366210938,1203.4000244140625,46.055999755859375,80.41000366210938,2.8239998817443848
2010-08-09,5486.14990234375,17.0,1127.7900390625,22.139999389648438,80.98999786376953,1200.699951171875,45.95800018310547,80.70999908447266,2.822000026702881
2010-08-10,5460.7001953125,17.329999923706055,1121.06005859375,22.3700008392334,79.5999984741211,1196.199951171875,46.077999114990234,80.80000305175781,2.7809998989105225
2010-08-11,5420.60009765625,18.110000610351562,1089.469970703125,25.389999389648438,77.63999938964844,1197.5,46.310001373291016,82.29000091552734,2.684999942779541
2010-08-12,5416.4501953125,18.0,1083.6099853515625,25.729999542236328,75.5199966430664,1214.800048828125,46.59000015258789,82.63999938964844,2.734999895095825
2010-08-13,5452.10009765625,16.739999771118164,1079.25,26.239999771118164,75.11000061035156,1214.9000244140625,46.709999084472656,82.94999694824219,2.687999963760376
2010-08-16,5418.2998046875,18.110000610351562,1079.3800048828125,26.100000381469727,74.8499984741211,1224.5,46.62799835205078,82.52999877929688,2.575000047683716
2010-08-17,5414.14990234375,17.6299991607666,1092.5400390625,24.329999923706055,76.93000030517578,1226.5999755859375,46.68299865722656,82.2300033569336,2.6449999809265137
2010-08-18,5479.14990234375,16.399999618530273,1094.1600341796875,24.59000015258789,76.47000122070312,1229.699951171875,46.608001708984375,82.22000122070312,2.6410000324249268
2010-08-19,5540.2001953125,16.530000686645508,1075.6300048828125,26.440000534057617,75.30000305175781,1233.800048828125,46.53799819946289,82.44999694824219,2.5789999961853027
2010-08-20,5530.64990234375,16.700000762939453,1071.68994140625,25.489999771118164,74.26000213623047,1227.199951171875,46.358001708984375,83.05999755859375,2.611999988555908
2010-08-23,5543.5,17.139999389648438,1067.3599853515625,25.65999984741211,73.62000274658203,1226.9000244140625,46.608001708984375,83.12000274658203,2.6070001125335693
2010-08-24,5505.10009765625,16.989999771118164,1051.8699951171875,27.459999084472656,72.37999725341797,1231.800048828125,46.5629997253418,83.1500015258789,2.499000072479248
2010-08-25,5462.35009765625,18.920000076293945,1055.3299560546875,26.700000762939453,73.4800033569336,1239.5,46.858001708984375,83.26000213623047,2.5380001068115234
2010-08-26,5477.89990234375,17.09000015258789,1047.219970703125,27.3700008392334,75.0199966430664,1235.4000244140625,46.87300109863281,82.93000030517578,2.499000072479248
2010-08-27,5408.7001953125,19.6299991607666,1064.5899658203125,24.450000762939453,76.6500015258789,1236.0,46.78799819946289,82.91999816894531,2.6519999504089355
2010-08-30,5415.4501953125,18.360000610351562,1048.9200439453125,27.209999084472656,76.5999984741211,1237.0999755859375,46.803001403808594,83.16000366210938,2.5450000762939453
2010-08-31,5402.39990234375,18.469999313354492,1049.3299560546875,26.049999237060547,74.63999938964844,1248.300048828125,46.87300109863281,83.19999694824219,2.4769999980926514
2010-09-01,5471.85009765625,16.700000762939453,1080.2900390625,23.889999389648438,76.3499984741211,1246.300048828125,47.02799987792969,82.5199966430664,2.5820000171661377
2010-09-02,5486.14990234375,16.149999618530273,1090.0999755859375,23.190000534057617,76.93000030517578,1251.5,46.650001525878906,82.45999908447266,2.628000020980835
2010-09-03,5479.39990234375,15.859999656677246,1104.510009765625,21.309999465942383,76.66999816894531,1249.199951171875,46.599998474121094,83.0999984741211,2.7060000896453857
2010-09-06,5576.9501953125,15.220000267028809,,,,,46.577999114990234,,
2010-09-07,5604.0,15.829999923706055,1091.8399658203125,23.799999237060547,77.73999786376953,1257.300048828125,46.51300048828125,82.81999969482422,2.6089999675750732
2010-09-08,5607.85009765625,15.970000267028809,1098.8699951171875,23.25,78.16999816894531,1255.5999755859375,46.65999984741211,82.58999633789062,2.6540000438690186
2010-09-09,5640.0498046875,15.920000076293945,1104.1800537109375,22.809999465942383,77.47000122070312,1248.9000244140625,46.518001556396484,82.66999816894531,2.760999917984009
2010-09-10,,,1109.550048828125,21.989999771118164,78.16000366210938,1244.5,46.303001403808594,82.69999694824219,2.7950000762939453
2010-09-13,5760.0,18.139999389648438,1121.9000244140625,21.209999084472656,79.02999877929688,1245.0999755859375,46.28300094604492,81.91000366210938,2.740999937057495
2010-09-14,5795.5498046875,18.600000381469727,1121.0999755859375,21.559999465942383,79.16000366210938,1269.699951171875,46.22999954223633,81.08000183105469,2.6659998893737793
2010-09-15,5860.9501953125,19.43000030517578,1125.0699462890625,22.100000381469727,78.91000366210938,1266.699951171875,46.13999938964844,81.48999786376953,2.7230000495910645
2010-09-16,5828.7001953125,18.850000381469727,1124.6600341796875,21.719999313354492,78.4800033569336,1271.9000244140625,46.20000076293945,81.23999786376953,2.759000062942505
2010-09-17,5884.9501953125,19.489999771118164,1125.5899658203125,22.010000228881836,78.20999908447266,1275.5999755859375,46.099998474121094,81.4000015258789,2.746000051498413
2010-09-20,5980.4501953125,21.950000762939453,1142.7099609375,21.5,79.31999969482422,1279.0,45.87799835205078,81.33999633789062,2.7060000896453857
2010-09-21,6009.0498046875,22.6299991607666,1139.780029296875,22.350000381469727,78.41999816894531,1272.4000244140625,45.619998931884766,80.44000244140625,2.5940001010894775
2010-09-22,5991.0,24.290000915527344,1134.280029296875,22.510000228881836,77.94999694824219,1290.199951171875,45.58000183105469,79.83000183105469,2.5480000972747803
2010-09-23,5959.5498046875,23.899999618530273,1124.8299560546875,23.8700008392334,78.11000061035156,1294.300048828125,45.55799865722656,80.01000213623047,2.555000066757202
2010-09-24,6018.2998046875,21.709999084472656,1148.6700439453125,21.709999084472656,78.87000274658203,1296.0,45.45000076293945,79.38999938964844,2.611999988555908
2010-09-27,6035.64990234375,22.360000610351562,1142.1600341796875,22.540000915527344,78.56999969482422,1296.699951171875,45.2400016784668,79.33999633789062,2.5169999599456787
2010-09-28,6029.5,21.209999084472656,1147.699951171875,22.600000381469727,78.70999908447266,1306.5999755859375,44.93000030517578,79.01000213623047,2.4560000896453857
2010-09-29,5991.2998046875,22.15999984741211,1144.72998046875,23.25,80.7699966430664,1308.5,45.04999923706055,78.69000244140625,2.50600004196167
2010-09-30,6029.9501953125,22.25,1141.199951171875,23.700000762939453,82.30999755859375,1307.800048828125,44.689998626708984,78.72000122070312,2.5169999599456787
2010-10-01,6143.39990234375,21.43000030517578,1146.239990234375,22.5,83.75,1316.0999755859375,44.5629997253418,78.08999633789062,2.5260000228881836
2010-10-04,6159.4501953125,22.799999237060547,1137.030029296875,23.530000686645508,83.27999877929688,1315.4000244140625,44.41299819946289,78.44999694824219,2.4790000915527344
2010-10-05,6145.7998046875,22.170000076293945,1160.75,21.760000228881836,84.83999633789062,1338.9000244140625,44.45000076293945,77.75,2.4739999771118164
2010-10-06,6186.4501953125,21.729999542236328,1159.969970703125,21.489999771118164,85.05999755859375,1346.4000244140625,44.400001525878906,77.38999938964844,2.3989999294281006
2010-10-07,6120.2998046875,22.450000762939453,1158.06005859375,21.559999465942383,83.43000030517578,1333.9000244140625,44.189998626708984,77.38999938964844,2.3959999084472656
2010-10-08,6103.4501953125,21.399999618530273,1165.1500244140625,20.709999084472656,84.02999877929688,1344.199951171875,44.20000076293945,77.31999969482422,2.38100004196167
2010-10-11,6135.85009765625,21.200000762939453,1165.3199462890625,18.959999084472656,83.72000122070312,1353.300048828125,44.40800094604492,77.44000244140625,
2010-10-12,6090.89990234375,20.510000228881836,1169.77001953125,18.93000030517578,83.5,1345.699951171875,44.36000061035156,77.36000061035156,2.421999931335449
2010-10-13,6233.89990234375,20.020000457763672,1178.0999755859375,19.06999969482422,84.63999938964844,1369.5,44.5,77.06999969482422,2.430999994277954
2010-10-14,6177.35009765625,20.600000381469727,1173.81005859375,19.8799991607666,84.52999877929688,1376.699951171875,44.34000015258789,76.6500015258789,2.494999885559082
2010-10-15,6062.64990234375,22.649999618530273,1176.18994140625,19.030000686645508,82.44999694824219,1371.0999755859375,44.06800079345703,77.04000091552734,2.5759999752044678
2010-10-18,6075.9501953125,22.350000381469727,1184.7099609375,19.09000015258789,84.37000274658203,1371.199951171875,44.15800094604492,76.93000030517578,2.490999937057495
2010-10-19,6027.2998046875,23.229999542236328,1165.9000244140625,20.6299991607666,81.0999984741211,1335.0999755859375,44.16999816894531,78.18000030517578,2.4749999046325684
2010-10-20,5982.10009765625,23.799999237060547,1178.1700439453125,19.790000915527344,83.5999984741211,1343.300048828125,44.33000183105469,77.16999816894531,2.4700000286102295
2010-10-21,6101.5,22.190000534057617,1180.260009765625,19.270000457763672,81.83000183105469,1324.699951171875,44.20000076293945,77.41999816894531,2.5309998989105225
2010-10-22,6066.0498046875,21.610000610351562,1183.0799560546875,18.780000686645508,82.95999908447266,1324.4000244140625,44.20000076293945,77.47000122070312,2.562999963760376
2010-10-25,6105.7998046875,21.360000610351562,1185.6199951171875,19.850000381469727,83.54000091552734,1338.300048828125,44.52799987792969,77.0999984741211,2.553999900817871
2010-10-26,6082.0,20.549999237060547,1185.6400146484375,20.219999313354492,83.66000366210938,1338.0,44.25,77.70999908447266,2.635999917984009
2010-10-27,6012.64990234375,21.020000457763672,1182.449951171875,20.709999084472656,83.2300033569336,1322.199951171875,44.400001525878906,78.1500015258789,2.7119998931884766
2010-10-28,5987.7001953125,20.520000457763672,1183.780029296875,20.8799991607666,83.58999633789062,1342.0999755859375,44.41999816894531,77.30999755859375,2.6610000133514404
2010-10-29,6017.7001953125,20.760000228881836,1183.260009765625,21.200000762939453,83.1500015258789,1357.0999755859375,44.41999816894531,77.2699966430664,2.611999988555908
2010-11-01,6117.5498046875,20.920000076293945,1184.3800048828125,21.829999923706055,84.62000274658203,1350.199951171875,44.448001861572266,77.30000305175781,2.628000020980835
2010-11-02,6119.0,21.25,1193.5699462890625,21.56999969482422,85.41000366210938,1356.4000244140625,44.34000015258789,76.72000122070312,2.5940001010894775
2010-11-03,6160.5,21.530000686645508,1197.9599609375,19.559999465942383,86.37999725341797,1337.0999755859375,44.20000076293945,76.4800033569336,2.61899995803833
2010-11-04,6281.7998046875,19.360000610351562,1221.06005859375,18.520000457763672,88.0,1382.699951171875,44.25,75.87999725341797,2.4839999675750732
2010-11-05,,,1225.8499755859375,18.260000228881836,88.11000061035156,1397.300048828125,44.01300048828125,76.55000305175781,2.5360000133514404
2010-11-08,6273.2001953125,19.610000610351562,1223.25,18.290000915527344,88.45999908447266,1402.800048828125,43.900001525878906,77.02999877929688,2.562999963760376
2010-11-09,6301.5498046875,18.75,1213.4000244140625,19.079999923706055,88.33000183105469,1409.800048828125,44.29999923706055,77.44000244140625,2.6589999198913574
2010-11-10,6275.7001953125,19.079999923706055,1218.7099609375,18.469999313354492,88.95999908447266,1399.0999755859375,44.189998626708984,77.62999725341797,2.6480000019073486
2010-11-11,6194.25,19.360000610351562,1213.5400390625,18.639999389648438,88.80999755859375,1403.0999755859375,44.2599983215332,78.22000122070312,2.6480000019073486
2010-11-12,6071.64990234375,21.6299991607666,1199.2099609375,20.610000610351562,86.33999633789062,1365.4000244140625,44.2400016784668,78.08000183105469,2.75600004196167
2010-11-15,6121.60009765625,20.25,1197.75,20.200000762939453,86.69999694824219,1368.4000244140625,44.77799987792969,78.5199966430664,2.9110000133514404
2010-11-16,5988.7001953125,21.1299991607666,1178.3399658203125,22.579999923706055,84.7300033569336,1338.300048828125,45.11000061035156,79.20999908447266,2.8469998836517334
2010-11-17,,,1178.5899658203125,21.760000228881836,83.27999877929688,1336.800048828125,45.189998626708984,79.08000183105469,2.864000082015991
2010-11-18,5998.7998046875,20.6200008392334,1196.68994140625,18.75,85.05000305175781,1352.9000244140625,45.108001708984375,78.62000274658203,2.9019999504089355
2010-11-19,5890.2998046875,21.600000381469727,1199.72998046875,18.040000915527344,84.33999633789062,1352.199951171875,45.150001525878906,78.5,2.875
2010-11-22,6010.0,19.93000030517578,1197.8399658203125,18.3700008392334,83.95999908447266,1357.699951171875,45.26300048828125,78.68000030517578,2.812999963760376
2010-11-23,5934.75,23.260000228881836,1180.72998046875,20.6299991607666,83.25,1377.5,45.29999923706055,79.68000030517578,2.76200008392334
2010-11-24,5865.75,24.68000030517578,1198.3499755859375,19.559999465942383,85.83999633789062,1372.9000244140625,45.540000915527344,79.87000274658203,2.9140000343322754
2010-11-25,5799.75,21.6299991607666,,,,,45.5099983215332,,
2010-11-26,5751.9501953125,22.579999923706055,1189.4000244140625,22.219999313354492,85.58000183105469,1362.300048828125,45.55799865722656,80.36000061035156,2.864000082015991
2010-11-29,5830.0,21.309999465942383,1187.760009765625,21.530000686645508,87.33999633789062,1366.0,45.709999084472656,80.83999633789062,2.822000026702881
2010-11-30,5862.7001953125,20.709999084472656,1180.550048828125,23.540000915527344,85.91999816894531,1385.0,45.79999923706055,81.19999694824219,2.796999931335449
2010-12-01,5960.89990234375,19.200000762939453,1206.0699462890625,21.360000610351562,88.87000274658203,1387.300048828125,45.77000045776367,80.70999908447266,2.9639999866485596
2010-12-02,6011.7001953125,18.799999237060547,1221.530029296875,19.389999389648438,90.69000244140625,1388.5,45.22999954223633,80.30000305175781,3.0
2010-12-03,5992.7998046875,18.600000381469727,1224.7099609375,18.010000228881836,91.41999816894531,1405.4000244140625,45.130001068115234,79.37999725341797,3.0169999599456787
2010-12-06,5992.25,19.3700008392334,1223.1199951171875,18.020000457763672,91.44999694824219,1415.300048828125,44.91299819946289,79.56999969482422,2.940999984741211
2010-12-07,5976.5498046875,19.239999771118164,1223.75,17.989999771118164,91.38999938964844,1408.300048828125,44.810001373291016,79.86000061035156,3.1649999618530273
2010-12-08,5903.7001953125,20.43000030517578,1228.280029296875,17.739999771118164,90.7699966430664,1382.5,44.5,80.0,3.2360000610351562
2010-12-09,5766.5,22.600000381469727,1233.0,17.25,90.98999786376953,1392.0999755859375,45.0,80.06999969482422,3.2230000495910645
2010-12-10,5857.35009765625,21.6299991607666,1240.4000244140625,17.610000610351562,90.4800033569336,1384.300048828125,45.04999923706055,80.06999969482422,3.2960000038146973
2010-12-13,5907.64990234375,22.56999969482422,1240.4599609375,17.549999237060547,91.19000244140625,1397.300048828125,44.95000076293945,79.27999877929688,3.2829999923706055
2010-12-14,5944.10009765625,21.459999084472656,1241.5899658203125,17.610000610351562,91.20999908447266,1403.5999755859375,44.90999984741211,79.37000274658203,3.4549999237060547
2010-12-15,5892.2998046875,21.420000076293945,1235.22998046875,17.940000534057617,92.19999694824219,1385.5,44.90999984741211,80.26000213623047,3.5199999809265137
2010-12-16,5948.75,20.239999771118164,1242.8699951171875,17.389999389648438,91.70999908447266,1370.4000244140625,45.25,80.18000030517578,3.4769999980926514
2010-12-17,,,1243.9100341796875,16.110000610351562,91.66999816894531,1378.5999755859375,45.25,80.37000274658203,3.3299999237060547
2010-12-20,5947.0498046875,20.780000686645508,1247.0799560546875,16.40999984741211,92.73999786376953,1385.5,45.167999267578125,80.62999725341797,3.3489999771118164
2010-12-21,6000.64990234375,19.770000457763672,1254.5999755859375,16.489999771118164,93.19999694824219,1388.199951171875,45.2599983215332,80.72000122070312,3.3259999752044678
2010-12-22,5984.39990234375,19.559999465942383,1258.8399658203125,15.449999809265137,93.6500015258789,1386.800048828125,45.18000030517578,80.7300033569336,3.3459999561309814
2010-12-23,5980.0,19.030000686645508,1256.77001953125,16.469999313354492,94.25,1380.0,44.95000076293945,80.5,3.3929998874664307
2010-12-24,6011.60009765625,17.649999618530273,,,,,45.060001373291016,,
2010-12-27,5998.10009765625,18.450000762939453,1257.5400390625,17.670000076293945,93.8499984741211,1382.4000244140625,45.0099983215332,80.37000274658203,3.3510000705718994
2010-12-28,5996.0,18.1299991607666,1258.510009765625,17.520000457763672,94.37999725341797,1405.199951171875,45.099998474121094,80.36000061035156,3.4809999465942383
2010-12-29,6060.35009765625,17.1299991607666,1259.780029296875,17.280000686645508,94.13999938964844,1413.0999755859375,44.95000076293945,79.80000305175781,3.3410000801086426
2010-12-30,6101.85009765625,17.020000457763672,1257.8800048828125,17.520000457763672,93.08999633789062,1405.5999755859375,44.91999816894531,79.5199966430664,3.36899995803833
2010-12-31,6134.5,16.559999465942383,1257.6400146484375,17.75,94.75,1421.0999755859375,44.810001373291016,79.02999877929688,3.305000066757202
2011-01-03,6157.60009765625,16.989999771118164,1271.8699951171875,17.610000610351562,94.83999633789062,1422.5999755859375,44.81800079345703,79.12999725341797,3.3420000076293945
2011-01-04,6146.35009765625,17.030000686645508,1270.199951171875,17.3799991607666,93.52999877929688,1378.5,44.61000061035156,79.44000244140625,3.3459999561309814
2011-01-05,6079.7998046875,17.8799991607666,1276.56005859375,17.020000457763672,95.5,1373.4000244140625,44.900001525878906,80.26000213623047,3.4830000400543213
2011-01-06,6048.25,18.200000762939453,1273.8499755859375,17.399999618530273,94.5199966430664,1371.4000244140625,45.209999084472656,80.79000091552734,3.4189999103546143
2011-01-07,5904.60009765625,20.81999969482422,1271.5,17.139999389648438,93.33000183105469,1368.5,45.18000030517578,81.01000213623047,3.328000068664551
2011-01-10,5762.85009765625,23.15999984741211,1269.75,17.540000915527344,95.69999694824219,1373.699951171875,45.358001708984375,80.87999725341797,3.303999900817871
2011-01-11,5754.10009765625,22.329999923706055,1274.47998046875,16.889999389648438,97.61000061035156,1384.0,45.310001373291016,80.8499984741211,3.3410000801086426
2011-01-12,5863.25,21.40999984741211,1285.9599609375,16.239999771118164,98.12000274658203,1385.699951171875,45.097999572753906,80.02999877929688,3.3550000190734863
2011-01-13,5751.89990234375,23.149999618530273,1283.760009765625,16.389999389648438,98.05999755859375,1386.9000244140625,44.90999984741211,79.19000244140625,3.3010001182556152
2011-01-14,5654.5498046875,23.809999465942383,1293.239990234375,15.460000038146973,,1360.4000244140625,44.959999084472656,79.16000366210938,3.3329999446868896
2011-01-17,5654.75,23.56999969482422,,,,,45.417999267578125,,
2011-01-18,5724.0498046875,21.459999084472656,1295.02001953125,15.869999885559082,97.80000305175781,1368.0999755859375,45.439998626708984,78.95999908447266,3.364000082015991
2011-01-19,5691.0498046875,21.09000015258789,1281.9200439453125,17.309999465942383,98.16000366210938,1370.199951171875,45.31999969482422,78.63999938964844,3.3369998931884766
2011-01-20,5711.60009765625,21.010000228881836,1280.260009765625,17.989999771118164,96.58000183105469,1346.5,45.29999923706055,78.81999969482422,3.4590001106262207
2011-01-21,5696.5,21.030000686645508,1283.3499755859375,18.469999313354492,97.5999984741211,1341.0,45.77799987792969,78.20999908447266,3.4159998893737793
2011-01-24,5743.25,20.170000076293945,1290.8399658203125,17.649999618530273,96.61000061035156,1344.5,45.5880012512207,78.05000305175781,3.4079999923706055
2011-01-25,5687.39990234375,20.780000686645508,1291.1800537109375,17.59000015258789,95.25,1332.300048828125,45.45000076293945,78.0,3.319000005722046
2011-01-26,,,1296.6300048828125,16.639999389648438,97.91000366210938,1333.0,45.61000061035156,77.9000015258789,3.427999973297119
2011-01-27,5604.2998046875,22.09000015258789,1299.5400390625,16.149999618530273,97.38999938964844,1318.4000244140625,45.45000076293945,77.7300033569336,3.384999990463257
2011-01-28,5512.14990234375,22.579999923706055,1276.3399658203125,20.040000915527344,99.41999816894531,1340.699951171875,45.6879997253418,78.12999725341797,3.3289999961853027
2011-01-31,5505.89990234375,23.40999984741211,1286.1199951171875,19.530000686645508,101.01000213623047,1333.800048828125,45.8380012512207,77.73999786376953,3.378000020980835
2011-02-01,5417.2001953125,23.729999542236328,1307.5899658203125,17.6299991607666,101.73999786376953,1339.5999755859375,45.79999923706055,77.06999969482422,3.443000078201294
2011-02-02,5432.0,23.520000457763672,1304.030029296875,17.299999237060547,102.33999633789062,1331.5,45.40999984741211,77.16000366210938,3.489000082015991
2011-02-03,5526.75,22.690000534057617,1307.0999755859375,16.690000534057617,101.76000213623047,1352.300048828125,45.45000076293945,77.75,3.5409998893737793
2011-02-04,5395.75,24.40999984741211,1310.8699951171875,15.930000305175781,99.83000183105469,1348.300048828125,45.560001373291016,78.04000091552734,3.6519999504089355
2011-02-07,5396.0,24.690000534057617,1319.050048828125,16.280000686645508,99.25,1347.5999755859375,45.608001708984375,78.02999877929688,3.6440000534057617
2011-02-08,5312.5498046875,24.739999771118164,1324.5699462890625,15.8100004196167,99.91999816894531,1363.4000244140625,45.310001373291016,78.0,3.7249999046325684
2011-02-09,5253.5498046875,25.239999771118164,1320.8800048828125,15.869999885559082,101.81999969482422,1364.800048828125,45.150001525878906,77.63999938964844,3.6419999599456787
2011-02-10,5225.7998046875,24.81999969482422,1321.8699951171875,16.09000015258789,100.87000274658203,1361.9000244140625,45.349998474121094,78.25,3.7079999446868896
2011-02-11,5310.0,23.469999313354492,1329.1500244140625,15.6899995803833,101.43000030517578,1359.9000244140625,45.630001068115234,78.45999908447266,3.6459999084472656
2011-02-14,5456.0,22.579999923706055,1332.3199462890625,15.949999809265137,103.08000183105469,1364.5999755859375,45.608001708984375,78.61000061035156,3.614000082015991
2011-02-15,5481.0,22.850000381469727,1328.010009765625,16.3700008392334,101.63999938964844,1373.5999755859375,45.349998474121094,78.56999969482422,3.615999937057495
2011-02-16,5481.7001953125,23.049999237060547,1336.3199462890625,16.719999313354492,103.77999877929688,1374.699951171875,45.40999984741211,78.22000122070312,3.621000051498413
2011-02-17,5546.4501953125,22.56999969482422,1340.4300537109375,16.59000015258789,102.58999633789062,1384.699951171875,45.310001373291016,78.0,3.5739998817443848
2011-02-18,5458.9501953125,24.18000030517578,1343.010009765625,16.43000030517578,102.5199966430664,1388.199951171875,45.209999084472656,77.66000366210938,3.5889999866485596
2011-02-21,5518.60009765625,24.90999984741211,,,,,45.108001708984375,,
2011-02-22,5469.2001953125,26.850000381469727,1315.43994140625,20.799999237060547,105.77999877929688,1400.5,44.917999267578125,77.7699966430664,3.4609999656677246
2011-02-23,5437.35009765625,26.549999237060547,1307.4000244140625,22.1299991607666,111.25,1413.4000244140625,45.150001525878906,77.41000366210938,3.486999988555908
2011-02-24,5262.7001953125,28.200000762939453,1306.0999755859375,21.31999969482422,111.36000061035156,1415.300048828125,45.04999923706055,77.05999755859375,3.437999963760376
2011-02-25,5303.5498046875,27.270000457763672,1319.8800048828125,19.219999313354492,112.13999938964844,1408.699951171875,45.400001525878906,77.27999877929688,3.424999952316284
2011-02-28,5333.25,24.399999618530273,1327.219970703125,18.350000381469727,111.80000305175781,1409.300048828125,45.25,76.88999938964844,3.4140000343322754
2011-03-01,5522.2998046875,22.219999313354492,1306.3299560546875,21.010000228881836,115.41999816894531,1430.699951171875,45.099998474121094,77.05000305175781,3.4140000343322754
2011-03-02,,,1308.43994140625,20.700000762939453,116.3499984741211,1437.199951171875,44.83000183105469,76.66999816894531,3.4639999866485596
2011-03-03,5536.2001953125,22.959999084472656,1330.969970703125,18.600000381469727,114.79000091552734,1416.0,44.810001373291016,76.4800033569336,3.572000026702881
2011-03-04,5538.75,22.90999984741211,1321.1500244140625,19.059999465942383,115.97000122070312,1428.199951171875,44.849998474121094,76.4000015258789,3.492000102996826
2011-03-07,5463.14990234375,25.219999313354492,1310.1300048828125,20.65999984741211,115.04000091552734,1434.0999755859375,44.90299987792969,76.5,3.496999979019165
2011-03-08,5520.7998046875,23.670000076293945,1321.8199462890625,19.81999969482422,113.05999755859375,1426.9000244140625,44.970001220703125,76.80000305175781,3.5439999103546143
2011-03-09,5531.0,23.280000686645508,1320.02001953125,20.219999313354492,115.94000244140625,1429.300048828125,44.900001525878906,76.72000122070312,3.4690001010894775
2011-03-10,5494.39990234375,23.530000686645508,1295.1099853515625,21.8799991607666,115.43000030517578,1412.199951171875,44.869998931884766,77.27999877929688,3.3929998874664307
2011-03-11,5445.4501953125,24.1299991607666,1304.280029296875,20.079999923706055,113.83999633789062,1421.5,45.11000061035156,76.77999877929688,3.3929998874664307
2011-03-14,5531.5,23.299999237060547,1296.3900146484375,21.1299991607666,113.66999816894531,1424.5999755859375,45.237998962402344,76.3499984741211,3.3469998836517334
2011-03-15,5449.64990234375,26.6299991607666,1281.8699951171875,24.31999969482422,108.5199966430664,1392.5999755859375,44.95000076293945,76.33000183105469,3.322999954223633
2011-03-16,5511.14990234375,24.889999389648438,1256.8800048828125,29.399999618530273,110.62000274658203,1396.0,45.15999984741211,76.68000030517578,3.2119998931884766
2011-03-17,5446.64990234375,25.260000228881836,1273.719970703125,26.3700008392334,114.9000015258789,1404.0,45.02000045776367,76.04000091552734,3.247999906539917
2011-03-18,5373.7001953125,25.889999389648438,1279.2099609375,24.440000534057617,113.93000030517578,1415.9000244140625,45.04999923706055,75.72000122070312,3.2769999504089355
2011-03-21,5364.75,25.209999084472656,1298.3800048828125,20.610000610351562,114.95999908447266,1426.199951171875,44.99800109863281,75.4000015258789,3.322999954223633
2011-03-22,5413.85009765625,22.260000228881836,1293.77001953125,20.209999084472656,115.69999694824219,1427.5,44.90999984741211,75.43000030517578,3.3320000171661377
2011-03-23,5480.25,20.969999313354492,1297.5400390625,19.170000076293945,115.55000305175781,1437.9000244140625,44.849998474121094,75.79000091552734,3.3480000495910645
2011-03-24,5522.39990234375,19.84000015258789,1309.6600341796875,18.0,115.72000122070312,1434.800048828125,44.75,75.66000366210938,3.4040000438690186
2011-03-25,5654.25,20.469999313354492,1313.800048828125,17.90999984741211,115.58999633789062,1426.0999755859375,44.599998474121094,76.22000122070312,3.444000005722046
2011-03-28,5687.25,21.020000457763672,1310.18994140625,19.440000534057617,114.80000305175781,1419.800048828125,44.69300079345703,76.12999725341797,3.447999954223633
2011-03-29,5736.35009765625,21.219999313354492,1319.43994140625,18.15999984741211,,1416.0,44.70000076293945,76.25,3.490999937057495
2011-03-30,5787.64990234375,22.040000915527344,1328.260009765625,17.709999084472656,115.12999725341797,1423.800048828125,44.65999984741211,76.12000274658203,3.4549999237060547
2011-03-31,5833.75,22.18000030517578,1325.8299560546875,17.739999771118164,117.36000061035156,1438.9000244140625,44.61000061035156,75.86000061035156,3.4539999961853027
2011-04-01,5826.0498046875,20.110000610351562,1332.4100341796875,17.399999618530273,118.69999694824219,1428.0999755859375,44.45000076293945,75.83000183105469,3.4509999752044678
2011-04-04,5908.4501953125,20.059999465942383,1332.8699951171875,17.5,121.05999755859375,1432.199951171875,44.448001861572266,75.91000366210938,3.430999994277954
2011-04-05,5910.0498046875,19.899999618530273,1332.6300048828125,17.25,122.22000122070312,1451.800048828125,44.31800079345703,75.87999725341797,3.486999988555908
2011-04-06,5891.75,20.360000610351562,1335.5400390625,16.899999618530273,122.30000305175781,1457.699951171875,44.29999923706055,75.51000213623047,3.5450000762939453
2011-04-07,5885.7001953125,20.31999969482422,1333.510009765625,17.110000610351562,122.66999816894531,1458.5,44.04999923706055,75.58999633789062,3.555000066757202
2011-04-08,5842.0,20.540000915527344,1328.1700439453125,17.8700008392334,126.6500015258789,1473.4000244140625,44.099998474121094,75.06999969482422,3.569999933242798
2011-04-11,5785.7001953125,21.239999771118164,1324.4599609375,16.59000015258789,123.9800033569336,1467.4000244140625,44.0629997253418,75.05999755859375,3.569999933242798
2011-04-12,,,1314.1600341796875,17.09000015258789,120.91999816894531,1452.9000244140625,44.2599983215332,74.8499984741211,3.5
2011-04-13,5911.5,20.40999984741211,1314.4100341796875,16.920000076293945,122.87999725341797,1454.9000244140625,44.1879997253418,74.9800033569336,3.4660000801086426
2011-04-14,,,1314.52001953125,16.270000457763672,122.36000061035156,1471.699951171875,44.41999816894531,74.68000030517578,3.484999895095825
2011-04-15,5824.5498046875,21.59000015258789,1319.6800537109375,15.319999694824219,123.44999694824219,1485.300048828125,,74.83000183105469,3.4100000858306885
2011-04-18,5729.10009765625,22.450000762939453,1305.1400146484375,16.959999084472656,121.61000061035156,1492.300048828125,44.27299880981445,75.5,3.371000051498413
2011-04-19,5740.75,22.06999969482422,1312.6199951171875,15.829999923706055,121.33000183105469,1494.5,44.36000061035156,75.02999877929688,3.3559999465942383
2011-04-20,5851.64990234375,20.989999771118164,1330.3599853515625,15.069999694824219,,1498.300048828125,44.40999984741211,74.37000274658203,3.4000000953674316
2011-04-21,5884.7001953125,20.510000228881836,1337.3800048828125,14.6899995803833,123.98999786376953,1503.199951171875,44.2599983215332,74.0,3.4000000953674316
2011-04-22,,,,,,,44.2599983215332,,
2011-04-25,5874.5,20.90999984741211,1335.25,15.770000457763672,123.66000366210938,1508.5999755859375,44.268001556396484,73.98999786376953,3.36299991607666
2011-04-26,5868.39990234375,21.709999084472656,1347.239990234375,15.619999885559082,124.13999938964844,1503.0,44.40999984741211,73.83999633789062,3.319999933242798
2011-04-27,5833.89990234375,21.350000381469727,1355.6600341796875,15.350000381469727,125.12999725341797,1516.699951171875,44.40999984741211,73.5199966430664,3.368000030517578
2011-04-28,5785.4501953125,20.920000076293945,1360.47998046875,14.619999885559082,125.0199966430664,1530.800048828125,44.33000183105469,73.12000274658203,3.312000036239624
2011-04-29,5749.5,19.579999923706055,1363.6099853515625,14.75,125.88999938964844,1556.0,44.29999923706055,72.93000030517578,3.2960000038146973
2011-05-02,5701.2998046875,20.8799991607666,1361.219970703125,15.989999771118164,125.12000274658203,1556.699951171875,44.24800109863281,72.94999694824219,3.2860000133514404
2011-05-03,5565.25,21.579999923706055,1356.6199951171875,16.700000762939453,122.44999694824219,1540.0999755859375,44.220001220703125,73.13999938964844,3.255000114440918
2011-05-04,5537.14990234375,21.18000030517578,1347.3199462890625,17.079999923706055,121.19000244140625,1514.9000244140625,44.40999984741211,73.02999877929688,3.2230000495910645
2011-05-05,5459.85009765625,21.600000381469727,1335.0999755859375,18.200000762939453,110.80000305175781,1480.9000244140625,44.31999969482422,74.19000244140625,3.1679999828338623
2011-05-06,5551.4501953125,20.969999313354492,1340.199951171875,18.399999618530273,109.12999725341797,1491.199951171875,44.70000076293945,74.83999633789062,3.1570000648498535
2011-05-09,5551.10009765625,21.5,1346.2900390625,17.15999984741211,115.9000015258789,1502.9000244140625,44.722999572753906,74.73999786376953,3.1419999599456787
2011-05-10,5541.25,21.739999771118164,1357.1600341796875,15.90999984741211,117.62999725341797,1516.5999755859375,44.61000061035156,74.61000061035156,3.194999933242798
2011-05-11,5565.0498046875,21.239999771118164,1342.0799560546875,16.950000762939453,112.56999969482422,1501.0999755859375,44.61000061035156,75.33000183105469,3.1570000648498535
2011-05-12,5486.14990234375,21.229999542236328,1348.6500244140625,16.030000686645508,112.9800033569336,1506.5999755859375,44.58000183105469,75.23999786376953,3.2300000190734863
2011-05-13,5544.75,20.6299991607666,1337.77001953125,17.06999969482422,113.83000183105469,1493.4000244140625,44.709999084472656,75.76000213623047,3.187000036239624
2011-05-16,5499.0,21.459999084472656,1329.469970703125,18.239999771118164,112.7300033569336,1490.4000244140625,44.858001708984375,75.47000122070312,3.1489999294281006
2011-05-17,5438.9501953125,21.030000686645508,1328.97998046875,17.549999237060547,109.98999786376953,1479.800048828125,44.959999084472656,75.4000015258789,3.121000051498413
2011-05-18,5420.60009765625,20.709999084472656,1340.6800537109375,16.229999542236328,112.30000305175781,1495.5999755859375,45.0099983215332,75.47000122070312,3.1710000038146973
2011-05-19,5428.10009765625,20.40999984741211,1343.5999755859375,15.520000457763672,111.41999816894531,1492.199951171875,44.959999084472656,75.12000274658203,3.1710000038146973
2011-05-20,5486.35009765625,19.450000762939453,1333.27001953125,17.43000030517578,112.38999938964844,1508.800048828125,44.849998474121094,75.43000030517578,3.1519999504089355
2011-05-23,5386.5498046875,21.040000915527344,1317.3699951171875,18.270000457763672,110.0999984741211,1515.300048828125,44.99300003051758,76.0999984741211,3.134000062942505
2011-05-24,5394.85009765625,19.93000030517578,1316.280029296875,17.81999969482422,112.52999877929688,1523.199951171875,45.150001525878906,75.87999725341797,3.122999906539917
2011-05-25,5348.9501953125,20.65999984741211,1320.469970703125,17.06999969482422,114.93000030517578,1526.5999755859375,45.15999984741211,75.93000030517578,3.128999948501587
2011-05-26,5412.35009765625,19.18000030517578,1325.68994140625,16.09000015258789,115.05000305175781,1522.800048828125,45.22999954223633,75.55000305175781,3.061000108718872
2011-05-27,5476.10009765625,17.25,1331.0999755859375,15.979999542236328,115.02999877929688,1536.300048828125,45.189998626708984,74.94999694824219,3.063999891281128
2011-05-30,5473.10009765625,17.8700008392334,,,,,45.17300033569336,,
2011-05-31,,16.81999969482422,1345.199951171875,15.449999809265137,116.7300033569336,1535.9000244140625,45.08300018310547,74.63999938964844,3.049999952316284
2011-06-01,5592.0,16.729999542236328,1314.550048828125,18.299999237060547,114.52999877929688,1542.4000244140625,44.959999084472656,74.68000030517578,2.9660000801086426
2011-06-02,5550.35009765625,17.979999542236328,1312.93994140625,18.09000015258789,115.54000091552734,1532.0,44.7599983215332,74.33000183105469,3.0299999713897705
2011-06-03,5516.75,17.610000610351562,1300.1600341796875,17.950000762939453,115.83999633789062,1541.699951171875,44.7599983215332,73.77999877929688,2.996999979019165
2011-06-06,5532.0498046875,18.209999084472656,1286.1700439453125,18.489999771118164,114.4800033569336,1546.5,44.823001861572266,73.94999694824219,3.002000093460083
2011-06-07,5556.14990234375,18.030000686645508,1284.93994140625,18.06999969482422,116.77999877929688,1543.300048828125,44.66999816894531,73.5199966430664,3.010999917984009
2011-06-08,5526.85009765625,18.579999923706055,1279.56005859375,18.790000915527344,117.8499984741211,1538.0999755859375,44.61000061035156,73.93000030517578,2.9619998931884766
2011-06-09,5521.0498046875,18.579999923706055,1289.0,17.770000457763672,119.56999969482422,1542.0999755859375,44.65999984741211,74.19000244140625,2.997999906539917
2011-06-10,5485.7998046875,18.540000915527344,1270.97998046875,18.860000610351562,118.77999877929688,1528.5999755859375,44.599998474121094,74.79000091552734,2.9709999561309814
2011-06-13,5482.7998046875,18.90999984741211,1271.8299560546875,19.610000610351562,119.0999984741211,1515.0,44.722999572753906,74.51000213623047,2.990999937057495
2011-06-14,5500.5,18.510000228881836,1287.8699951171875,18.260000228881836,120.16000366210938,1523.800048828125,44.79999923706055,74.33000183105469,3.0989999771118164
2011-06-15,5447.5,19.139999389648438,1265.4200439453125,21.31999969482422,117.0999984741211,1525.5999755859375,44.73899841308594,75.5999984741211,2.9730000495910645
2011-06-16,5396.75,19.65999984741211,1267.6400146484375,22.729999542236328,114.0199966430664,1529.300048828125,44.709999084472656,75.75,2.9089999198913574
2011-06-17,5366.39990234375,20.270000457763672,1271.5,21.850000381469727,113.20999908447266,1538.5999755859375,44.79999923706055,74.98999786376953,2.944000005722046
2011-06-20,5257.89990234375,22.18000030517578,1278.3599853515625,19.989999771118164,111.69000244140625,1541.5,44.76300048828125,75.02999877929688,2.9630000591278076
2011-06-21,5275.85009765625,21.309999465942383,1295.52001953125,18.860000610351562,110.94999694824219,1546.0,44.869998931884766,74.54000091552734,2.984999895095825
2011-06-22,5278.2998046875,20.889999389648438,1287.1400146484375,18.520000457763672,114.20999908447266,1552.9000244140625,44.7599983215332,74.77999877929688,2.993000030517578
2011-06-23,5320.0,19.5,1283.5,19.290000915527344,107.26000213623047,1520.0999755859375,44.75,75.44999694824219,2.9089999198913574
2011-06-24,5471.25,19.31999969482422,1268.449951171875,21.100000381469727,105.12000274658203,1500.5,44.849998474121094,75.66999816894531,2.871000051498413
2011-06-27,5526.60009765625,19.989999771118164,1280.0999755859375,20.559999465942383,105.98999786376953,1496.0,44.987998962402344,75.38999938964844,2.927000045776367
2011-06-28,5545.2998046875,19.489999771118164,1296.6700439453125,19.170000076293945,108.77999877929688,1499.699951171875,44.95000076293945,75.05999755859375,3.0450000762939453
2011-06-29,5600.4501953125,19.459999084472656,1307.4100341796875,17.270000457763672,112.4000015258789,1509.9000244140625,44.939998626708984,74.69000244140625,3.1080000400543213
2011-06-30,5647.39990234375,18.40999984741211,1320.6400146484375,16.520000457763672,112.4800033569336,1502.300048828125,44.7599983215332,74.30000305175781,3.1579999923706055
2011-07-01,5627.2001953125,18.209999084472656,1339.6700439453125,15.869999885559082,111.7699966430664,1482.300048828125,44.59299850463867,74.3499984741211,3.197000026702881
2011-07-04,5650.5,18.170000076293945,,,,,44.62300109863281,,
2011-07-05,5632.10009765625,18.25,1337.8800048828125,16.059999465942383,,1512.300048828125,44.41999816894531,74.69000244140625,3.135999917984009
2011-07-06,5625.4501953125,18.34000015258789,1339.219970703125,16.34000015258789,113.62000274658203,1528.699951171875,44.34000015258789,75.12000274658203,3.0950000286102295
2011-07-07,5728.9501953125,18.6200008392334,1353.219970703125,15.949999809265137,118.58999633789062,1530.199951171875,44.33000183105469,74.95999908447266,3.1489999294281006
2011-07-08,5660.64990234375,18.670000076293945,1343.800048828125,15.949999809265137,118.33000183105469,1541.199951171875,44.33000183105469,75.18000030517578,3.0160000324249268
2011-07-11,5616.10009765625,19.690000534057617,1319.489990234375,18.389999389648438,117.23999786376953,1548.800048828125,44.41299819946289,75.98999786376953,2.9170000553131104
2011-07-12,5526.14990234375,20.829999923706055,1313.6400146484375,19.8700008392334,117.75,1561.9000244140625,44.349998474121094,75.80999755859375,2.9079999923706055
2011-07-13,5585.4501953125,19.520000457763672,1317.719970703125,19.90999984741211,,1585.199951171875,44.560001373291016,75.20999908447266,2.8910000324249268
2011-07-14,,19.969999313354492,1308.8699951171875,20.799999237060547,118.31999969482422,1589.0,44.45000076293945,75.25,2.944000005722046
2011-07-15,5581.10009765625,19.950000762939453,1316.1400146484375,19.530000686645508,117.26000213623047,1589.800048828125,44.400001525878906,75.12999725341797,2.9079999923706055
2011-07-18,5567.0498046875,20.200000762939453,1305.43994140625,20.950000762939453,116.05000305175781,1602.0999755859375,44.507999420166016,75.4800033569336,2.9089999198913574
2011-07-19,5613.5498046875,19.25,1326.72998046875,19.209999084472656,,1600.9000244140625,44.5,75.22000122070312,2.8910000324249268
2011-07-20,5567.0498046875,19.110000610351562,1325.8399658203125,19.09000015258789,118.1500015258789,1596.699951171875,44.369998931884766,74.79000091552734,2.933000087738037
2011-07-21,5541.60009765625,18.75,1343.800048828125,17.559999465942383,117.51000213623047,1586.800048828125,44.369998931884766,74.0199966430664,3.009999990463257
2011-07-22,5633.9501953125,17.90999984741211,1345.02001953125,17.520000457763672,118.66999816894531,1601.300048828125,44.29999923706055,74.19999694824219,2.9639999866485596
2011-07-25,5680.2998046875,19.200000762939453,1337.4300537109375,19.350000381469727,117.94000244140625,1612.0,44.34299850463867,74.05999755859375,3.003999948501587
2011-07-26,5574.85009765625,19.299999237060547,1331.93994140625,20.229999542236328,118.27999877929688,1616.5999755859375,44.310001373291016,73.47000122070312,2.9509999752044678
2011-07-27,5546.7998046875,18.25,1304.8900146484375,22.979999542236328,117.43000030517578,1615.0,44.04999923706055,74.08999633789062,2.9800000190734863
2011-07-28,5487.75,18.510000228881836,1300.6700439453125,23.739999771118164,117.36000061035156,1613.4000244140625,44.029998779296875,74.22000122070312,2.9509999752044678
2011-07-29,5482.0,19.770000457763672,1292.280029296875,25.25,116.73999786376953,1628.300048828125,44.0099983215332,73.9000015258789,2.805000066757202
2011-08-01,5516.7998046875,18.780000686645508,1286.93994140625,23.65999984741211,116.80999755859375,1619.0,44.202999114990234,74.26000213623047,2.740000009536743
2011-08-02,5456.5498046875,19.149999618530273,1254.050048828125,24.790000915527344,116.45999908447266,1641.9000244140625,44.0629997253418,74.51000213623047,2.624000072479248
2011-08-03,5404.7998046875,19.479999542236328,1260.3399658203125,23.3799991607666,113.2300033569336,1663.4000244140625,44.26300048828125,74.04000091552734,2.5989999771118164
2011-08-04,5331.7998046875,20.219999313354492,1200.0699462890625,31.65999984741211,107.25,1656.199951171875,44.3129997253418,75.12000274658203,2.4579999446868896
2011-08-05,5211.25,24.899999618530273,1199.3800048828125,32.0,109.37000274658203,1648.800048828125,44.5629997253418,74.5999984741211,2.558000087738037
2011-08-08,5118.5,28.780000686645508,1119.4599609375,48.0,103.73999786376953,1710.199951171875,44.733001708984375,74.79000091552734,2.3389999866485596
2011-08-09,5072.85009765625,34.880001068115234,1172.530029296875,35.060001373291016,102.56999969482422,1740.0,45.00299835205078,74.61000061035156,2.181999921798706
2011-08-10,5161.0,28.950000762939453,1120.760009765625,42.9900016784668,106.68000030517578,1781.300048828125,45.202999114990234,74.63999938964844,2.13700008392334
2011-08-11,5138.2998046875,29.09000015258789,1172.6400146484375,39.0,108.0199966430664,1748.800048828125,45.24800109863281,74.68000030517578,2.3359999656677246
2011-08-12,5072.9501953125,27.020000457763672,1178.81005859375,36.36000061035156,108.02999877929688,1740.199951171875,45.292999267578125,74.61000061035156,2.236999988555908
2011-08-15,,,1204.489990234375,31.8700008392334,109.91000366210938,1755.5,45.393001556396484,73.83999633789062,2.2850000858306885
2011-08-16,5035.7998046875,26.459999084472656,1192.760009765625,32.849998474121094,,1782.4000244140625,45.233001708984375,74.01000213623047,2.2139999866485596
2011-08-17,5056.60009765625,25.479999542236328,1193.8900146484375,31.579999923706055,110.5999984741211,1791.199951171875,45.25299835205078,73.66999816894531,2.1649999618530273
2011-08-18,4944.14990234375,27.450000762939453,1140.6500244140625,42.66999816894531,106.98999786376953,1818.9000244140625,45.303001403808594,74.23999786376953,2.0829999446868896
2011-08-19,4845.64990234375,29.190000534057617,1123.530029296875,43.04999923706055,108.62000274658203,1848.9000244140625,45.709999084472656,73.98999786376953,2.071000099182129
2011-08-22,4898.7998046875,27.079999923706055,1123.8199462890625,42.439998626708984,108.36000061035156,1888.699951171875,45.66299819946289,74.06999969482422,2.0880000591278076
2011-08-23,4948.89990234375,25.920000076293945,1162.3499755859375,36.27000045776367,109.30999755859375,1858.300048828125,45.61000061035156,73.87000274658203,2.13700008392334
2011-08-24,4888.89990234375,28.600000381469727,1177.5999755859375,35.900001525878906,110.1500015258789,1754.0999755859375,45.540000915527344,74.01000213623047,2.259999990463257
2011-08-25,4839.60009765625,27.940000534057617,1159.27001953125,39.7599983215332,,1759.800048828125,45.939998626708984,74.27999877929688,2.2219998836517334
2011-08-26,4747.7998046875,33.2599983215332,1176.800048828125,35.59000015258789,111.36000061035156,1794.0999755859375,46.0099983215332,73.80999755859375,2.187999963760376
2011-08-29,4919.60009765625,26.06999969482422,1210.0799560546875,32.279998779296875,111.87999725341797,1788.4000244140625,46.15299987792969,73.72000122070312,2.2709999084472656
2011-08-30,5001.0,24.8799991607666,1212.9200439453125,32.88999938964844,114.0199966430664,1826.699951171875,45.849998474121094,73.94000244140625,2.1760001182556152
2011-08-31,,,1218.8900146484375,31.6200008392334,114.8499984741211,1828.5,45.939998626708984,74.12999725341797,2.2179999351501465
2011-09-01,,,1204.4200439453125,31.81999969482422,114.29000091552734,1826.0,45.7400016784668,74.4800033569336,2.1459999084472656
2011-09-02,5040.0,26.09000015258789,1173.969970703125,33.91999816894531,112.33000183105469,1873.699951171875,45.70000076293945,74.75,1.996000051498413
2011-09-05,5017.2001953125,27.829999923706055,,,,,45.737998962402344,,
2011-09-06,5064.2998046875,28.65999984741211,1165.239990234375,37.0,112.88999938964844,1869.9000244140625,45.98400115966797,75.91999816894531,1.9789999723434448
2011-09-07,5124.64990234375,27.860000610351562,1198.6199951171875,33.380001068115234,115.80000305175781,1814.199951171875,46.040000915527344,75.45999908447266,2.0360000133514404
2011-09-08,5153.25,27.639999389648438,1185.9000244140625,34.31999969482422,114.55000305175781,1854.4000244140625,46.040000915527344,76.23999786376953,1.9859999418258667
2011-09-09,5059.4501953125,28.149999618530273,1154.22998046875,38.52000045776367,112.7699966430664,1856.4000244140625,46.130001068115234,77.19000244140625,1.9149999618530273
2011-09-12,4946.7998046875,32.75,1162.27001953125,38.59000015258789,112.25,1809.9000244140625,46.643001556396484,77.56999969482422,1.9299999475479126
2011-09-13,4940.9501953125,32.77000045776367,1172.8699951171875,36.90999984741211,111.88999938964844,1826.800048828125,47.15999984741211,76.91000366210938,1.99399995803833
2011-09-14,5012.5498046875,32.45000076293945,1188.6800537109375,34.599998474121094,112.4000015258789,1823.5,47.459999084472656,76.83000183105469,2.010999917984009
2011-09-15,5075.7001953125,30.790000915527344,1209.1099853515625,31.969999313354492,115.33999633789062,1778.5,47.560001373291016,76.23999786376953,2.0850000381469727
2011-09-16,5084.25,28.450000762939453,1216.010009765625,30.979999542236328,112.22000122070312,1812.0999755859375,47.5,76.58000183105469,2.0759999752044678
2011-09-19,5031.9501953125,29.600000381469727,1204.0899658203125,32.72999954223633,109.13999938964844,1776.4000244140625,47.16999816894531,77.38999938964844,1.940000057220459
2011-09-20,5140.2001953125,27.25,1202.0899658203125,32.86000061035156,110.54000091552734,1806.5999755859375,47.722999572753906,77.02999877929688,1.9470000267028809
2011-09-21,5133.25,27.670000076293945,1166.760009765625,37.31999969482422,110.36000061035156,1805.5,47.90999984741211,77.33999633789062,1.875
2011-09-22,4923.64990234375,33.880001068115234,1129.56005859375,41.349998474121094,105.48999786376953,1739.199951171875,48.209999084472656,78.37999725341797,1.715000033378601
2011-09-23,4867.75,35.15999984741211,1136.4300537109375,41.25,103.97000122070312,1637.5,49.472999572753906,78.30000305175781,1.8079999685287476
2011-09-26,4835.39990234375,35.43000030517578,1162.949951171875,39.02000045776367,,1592.5,49.34299850463867,78.36000061035156,1.9040000438690186
2011-09-27,4971.25,32.0099983215332,1175.3800048828125,37.709999084472656,107.13999938964844,1650.5999755859375,49.400001525878906,77.51000213623047,2.0160000324249268
2011-09-28,4945.89990234375,32.0,1151.06005859375,41.08000183105469,103.80999755859375,1616.300048828125,48.810001373291016,77.8499984741211,2.002000093460083
2011-09-29,5015.4501953125,31.06999969482422,1160.4000244140625,38.84000015258789,103.94999694824219,1615.5,48.75,77.91999816894531,1.9570000171661377
2011-09-30,4943.25,31.940000534057617,1131.4200439453125,42.959999084472656,102.76000213623047,1620.4000244140625,48.86000061035156,78.55000305175781,1.9240000247955322
2011-10-03,4849.5,35.06999969482422,1099.22998046875,45.45000076293945,101.70999908447266,1656.0,49.04999923706055,79.44999694824219,1.784999966621399
2011-10-04,4772.14990234375,37.189998626708984,1123.949951171875,40.81999969482422,99.79000091552734,1614.699951171875,49.099998474121094,79.5999984741211,1.781000018119812
2011-10-05,4751.2998046875,35.369998931884766,1144.030029296875,37.810001373291016,,1640.300048828125,49.303001403808594,78.91000366210938,1.9049999713897705
2011-10-06,,,1164.969970703125,36.27000045776367,105.7300033569336,1651.9000244140625,49.150001525878906,78.52999877929688,1.9859999418258667
2011-10-07,4888.0498046875,33.02000045776367,1155.4599609375,36.20000076293945,105.87999725341797,1634.5,49.040000915527344,78.72000122070312,2.068000078201294
2011-10-10,4979.60009765625,30.030000686645508,1194.8900146484375,33.02000045776367,108.94999694824219,1669.5999755859375,48.893001556396484,77.5999984741211,2.0759999752044678
2011-10-11,4974.35009765625,30.299999237060547,1195.5400390625,32.86000061035156,110.7300033569336,1659.699951171875,48.8129997253418,77.58000183105469,2.1600000858306885
2011-10-12,5099.39990234375,28.40999984741211,1207.25,31.260000228881836,111.36000061035156,1681.300048828125,49.237998962402344,76.98999786376953,2.2260000705718994
2011-10-13,5077.85009765625,28.239999771118164,1203.6600341796875,30.700000762939453,111.11000061035156,1667.300048828125,48.90999984741211,76.98999786376953,2.1689999103546143
2011-10-14,5132.2998046875,25.979999542236328,1224.5799560546875,28.239999771118164,114.68000030517578,1681.800048828125,49.20000076293945,76.62000274658203,2.2320001125335693
2011-10-17,5118.25,25.43000030517578,1200.8599853515625,33.38999938964844,110.16000366210938,1675.5,48.893001556396484,77.13999938964844,2.1549999713897705
2011-10-18,5037.5,25.899999618530273,1225.3800048828125,31.559999465942383,111.1500015258789,1651.699951171875,48.900001525878906,77.12999725341797,2.1510000228881836
2011-10-19,5139.14990234375,24.049999237060547,1209.8800048828125,34.439998626708984,108.38999938964844,1646.0,49.2400016784668,77.11000061035156,2.1589999198913574
2011-10-20,5091.89990234375,25.600000381469727,1215.3900146484375,34.779998779296875,109.76000213623047,1611.9000244140625,49.0099983215332,76.97000122070312,2.180000066757202
2011-10-21,5049.9501953125,26.299999237060547,1238.25,31.31999969482422,109.55999755859375,1635.0999755859375,49.86000061035156,76.30000305175781,2.203000068664551
2011-10-24,5098.35009765625,25.219999313354492,1254.18994140625,29.260000228881836,111.44999694824219,1651.5,49.823001861572266,76.0199966430664,2.2339999675750732
2011-10-25,5191.60009765625,22.309999465942383,1229.050048828125,32.220001220703125,110.91999816894531,1699.5999755859375,49.54999923706055,76.25,2.128000020980835
2011-10-26,,,1242.0,29.860000610351562,108.91000366210938,1722.699951171875,49.40999984741211,76.19999694824219,2.203000068664551
2011-10-27,,,1284.5899658203125,25.459999084472656,112.08000183105469,1746.699951171875,49.36000061035156,74.87000274658203,2.3949999809265137
2011-10-28,5360.7001953125,20.889999389648438,1285.0899658203125,24.530000686645508,109.91000366210938,1746.199951171875,49.790000915527344,75.08999633789062,2.305999994277954
2011-10-31,5326.60009765625,22.65999984741211,1253.300048828125,29.959999084472656,109.55999755859375,1724.199951171875,48.62799835205078,76.16999816894531,2.174999952316284
2011-11-01,5257.9501953125,24.020000457763672,1218.280029296875,34.77000045776367,109.54000091552734,1711.0,48.67300033569336,77.26000213623047,2.000999927520752
2011-11-02,5258.4501953125,24.889999389648438,1237.9000244140625,32.7400016784668,109.33999633789062,1728.699951171875,49.257999420166016,77.01000213623047,2.00600004196167
2011-11-03,5265.75,24.65999984741211,1261.1500244140625,30.5,110.83000183105469,1764.199951171875,49.12300109863281,76.66999816894531,2.065999984741211
2011-11-04,5284.2001953125,23.43000030517578,1253.22998046875,30.15999984741211,111.97000122070312,1755.300048828125,49.04800033569336,76.91000366210938,2.049999952316284
2011-11-07,,,1261.1199951171875,29.850000381469727,114.55999755859375,1790.300048828125,48.99300003051758,76.95999908447266,1.99399995803833
2011-11-08,5289.35009765625,23.709999084472656,1275.9200439453125,27.479999542236328,115.0,1798.4000244140625,48.90999984741211,76.66999816894531,2.065000057220459
2011-11-09,5221.0498046875,24.299999237060547,1229.0999755859375,36.15999984741211,112.30999755859375,1790.9000244140625,49.310001373291016,77.93000030517578,1.9550000429153442
2011-11-10,,,1239.699951171875,32.810001373291016,113.70999908447266,1758.9000244140625,50.04999923706055,77.63999938964844,2.055999994277954
2011-11-11,5168.85009765625,24.739999771118164,1263.8499755859375,30.040000915527344,114.16000366210938,1787.5,49.959999084472656,76.94000244140625,2.055999994277954
2011-11-14,5148.35009765625,25.290000915527344,1251.780029296875,31.1299991607666,111.88999938964844,1777.800048828125,50.03300094604492,77.55999755859375,2.0429999828338623
2011-11-15,5068.5,25.969999313354492,1257.81005859375,31.219999313354492,112.38999938964844,1781.699951171875,50.36800003051758,77.87999725341797,2.056999921798706
2011-11-16,5030.4501953125,25.040000915527344,1236.9100341796875,33.5099983215332,111.87999725341797,1773.800048828125,50.62300109863281,78.16000366210938,2.0239999294281006
2011-11-17,4934.75,26.920000076293945,1216.1300048828125,34.5099983215332,108.22000122070312,1719.800048828125,50.702999114990234,78.29000091552734,1.9579999446868896
2011-11-18,4905.7998046875,26.579999923706055,1215.6500244140625,32.0,107.55999755859375,1724.699951171875,50.948001861572266,78.0199966430664,2.01200008392334
2011-11-21,4778.35009765625,28.610000610351562,1192.97998046875,32.90999984741211,,1678.300048828125,51.22800064086914,78.30000305175781,1.9620000123977661
2011-11-22,4812.35009765625,27.350000381469727,1188.0400390625,31.969999313354492,109.02999877929688,1702.199951171875,52.05799865722656,78.2300033569336,1.9390000104904175
2011-11-23,4706.4501953125,30.68000030517578,1161.7900390625,33.97999954223633,107.0199966430664,1695.699951171875,52.483001708984375,79.0,1.878999948501587
2011-11-24,,27.950000762939453,,,,,52.257999420166016,,
2011-11-25,4710.0498046875,29.1200008392334,1158.6700439453125,34.470001220703125,106.4000015258789,1685.5,52.0629997253418,79.61000061035156,1.9670000076293945
2011-11-28,4851.2998046875,26.639999389648438,1192.550048828125,32.130001068115234,109.0,1710.800048828125,52.22800064086914,79.29000091552734,1.9579999446868896
2011-11-29,4805.10009765625,26.8700008392334,1195.18994140625,30.639999389648438,110.81999969482422,1713.4000244140625,51.94300079345703,79.0,1.996000051498413
2011-11-30,4832.0498046875,26.549999237060547,1246.9599609375,27.799999237060547,,1745.5,51.90299987792969,78.38999938964844,2.068000078201294
2011-12-01,4936.85009765625,25.020000457763672,1244.5799560546875,27.40999984741211,108.98999786376953,1735.300048828125,51.72999954223633,78.31999969482422,2.117000102996826
2011-12-02,5050.14990234375,23.989999771118164,1244.280029296875,27.520000457763672,109.94000244140625,1747.0,51.29999923706055,78.62999725341797,2.0420000553131104
2011-12-05,5039.14990234375,25.020000457763672,1257.0799560546875,27.84000015258789,109.80999755859375,1730.699951171875,51.10300064086914,78.61000061035156,2.053999900817871
2011-12-06,,,1258.469970703125,28.1299991607666,110.80999755859375,1727.9000244140625,51.20000076293945,78.51000213623047,2.0929999351501465
2011-12-07,5062.60009765625,26.459999084472656,1261.010009765625,28.670000076293945,109.52999877929688,1740.9000244140625,51.20000076293945,78.4800033569336,2.0169999599456787
2011-12-08,4943.64990234375,28.579999923706055,1234.3499755859375,30.59000015258789,108.11000061035156,1709.800048828125,51.599998474121094,78.80999755859375,1.972000002861023
2011-12-09,4866.7001953125,29.530000686645508,1255.18994140625,26.3799991607666,108.62000274658203,1712.800048828125,51.70000076293945,78.62999725341797,2.052000045776367
2011-12-12,4764.60009765625,29.270000457763672,1236.469970703125,25.670000076293945,107.26000213623047,1664.199951171875,51.86800003051758,79.56999969482422,2.009000062942505
2011-12-13,4800.60009765625,28.110000610351562,1225.72998046875,25.40999984741211,109.5,1659.9000244140625,52.650001525878906,80.25,1.9620000123977661
2011-12-14,4763.25,28.790000915527344,1211.8199462890625,26.040000915527344,105.0199966430664,1584.300048828125,53.099998474121094,80.52999877929688,1.9010000228881836
2011-12-15,4746.35009765625,28.809999465942383,1215.75,25.110000610351562,105.08999633789062,1574.5999755859375,53.709999084472656,80.23999786376953,1.9129999876022339
2011-12-16,4651.60009765625,29.690000534057617,1219.6600341796875,24.290000915527344,103.3499984741211,1595.5999755859375,53.209999084472656,80.25,1.8539999723434448
2011-12-19,4613.10009765625,30.579999923706055,1205.3499755859375,24.920000076293945,103.63999938964844,1594.4000244140625,52.49300003051758,80.25,1.812999963760376
2011-12-20,4544.2001953125,30.530000686645508,1241.300048828125,23.219999313354492,106.7300033569336,1615.5999755859375,52.70000076293945,79.87999725341797,1.9249999523162842
2011-12-21,4693.14990234375,27.530000686645508,1243.719970703125,21.43000030517578,107.70999908447266,1611.9000244140625,52.709999084472656,80.0199966430664,1.9670000076293945
2011-12-22,4733.85009765625,26.84000015258789,1254.0,21.15999984741211,107.88999938964844,1608.9000244140625,52.393001556396484,79.91999816894531,1.9509999752044678
2011-12-23,4714.0,27.389999389648438,1265.3299560546875,20.729999542236328,107.95999908447266,1604.699951171875,52.5099983215332,80.01000213623047,2.0299999713897705
2011-12-26,,26.600000381469727,,,,,52.78300094604492,,
2011-12-27,4750.5,26.290000915527344,1265.4300537109375,21.90999984741211,109.2699966430664,1594.199951171875,52.70000076293945,79.79000091552734,2.009000062942505
2011-12-28,4705.7998046875,26.739999771118164,1249.6400146484375,23.520000457763672,107.55999755859375,1562.9000244140625,52.849998474121094,80.48999786376953,1.9079999923706055
2011-12-29,4646.25,26.6200008392334,1263.02001953125,22.649999618530273,108.01000213623047,1539.9000244140625,52.86000061035156,80.4800033569336,1.8969999551773071
2011-12-30,4624.2998046875,27.110000610351562,1257.5999755859375,23.399999618530273,107.37999725341797,1565.800048828125,53.0,80.16999816894531,1.871000051498413
2012-01-02,,27.530000686645508,,,,,53.007999420166016,,
2012-01-03,4765.2998046875,26.15999984741211,1277.06005859375,22.969999313354492,112.12999725341797,1599.699951171875,53.29800033569336,79.61000061035156,1.9600000381469727
2012-01-04,4749.64990234375,26.40999984741211,1277.300048828125,22.219999313354492,113.69999694824219,1611.9000244140625,53.04999923706055,80.08999633789062,1.9950000047683716
2012-01-05,4749.9501953125,25.90999984741211,1281.06005859375,21.479999542236328,112.73999786376953,1619.4000244140625,52.849998474121094,80.94000244140625,1.9930000305175781
2012-01-06,4754.10009765625,25.459999084472656,1277.81005859375,20.6299991607666,113.05999755859375,1616.0999755859375,52.7599983215332,81.23999786376953,1.9609999656677246
2012-01-09,4742.7998046875,25.68000030517578,1280.699951171875,21.06999969482422,112.44999694824219,1607.5,52.67300033569336,81.05000305175781,1.9600000381469727
2012-01-10,4849.5498046875,24.0,1292.0799560546875,20.690000534057617,113.27999877929688,1631.0,52.380001068115234,80.80000305175781,1.972000002861023
2012-01-11,4860.9501953125,24.540000915527344,1292.47998046875,21.049999237060547,112.23999786376953,1639.199951171875,51.599998474121094,81.3499984741211,1.9040000438690186
2012-01-12,4831.25,24.030000686645508,1295.5,20.469999313354492,111.26000213623047,1647.300048828125,51.75,80.7699966430664,1.9329999685287476
2012-01-13,4866.0,23.479999542236328,1289.0899658203125,20.90999984741211,110.44000244140625,1630.4000244140625,51.45000076293945,81.43000030517578,1.8530000448226929
2012-01-16,4873.89990234375,24.06999969482422,,,,,51.43299865722656,,
2012-01-17,4967.2998046875,22.610000610351562,1293.6700439453125,22.200000762939453,111.52999877929688,1655.199951171875,51.380001068115234,81.18000030517578,1.850000023841858
2012-01-18,4955.7998046875,22.68000030517578,1308.0400390625,20.889999389648438,110.66000366210938,1659.5,50.650001525878906,80.5999984741211,1.8969999551773071
2012-01-19,5018.39990234375,21.68000030517578,1314.5,19.8700008392334,111.55000305175781,1654.0999755859375,50.36000061035156,80.20999908447266,1.972000002861023
2012-01-20,5048.60009765625,21.959999084472656,1315.3800048828125,18.280000686645508,109.86000061035156,1663.699951171875,50.303001403808594,80.22000122070312,2.0280001163482666
2012-01-23,5046.25,22.139999389648438,1316.0,18.670000076293945,110.58000183105469,1678.0,50.222999572753906,79.69000244140625,2.066999912261963
2012-01-24,5127.35009765625,21.420000076293945,1314.6500244140625,18.90999984741211,110.02999877929688,1664.199951171875,49.84000015258789,79.86000061035156,2.063999891281128
2012-01-25,5158.2998046875,21.020000457763672,1326.06005859375,18.309999465942383,109.80999755859375,1699.800048828125,50.0,79.56999969482422,2.006999969482422
2012-01-26,,,1318.4300537109375,18.56999969482422,110.79000091552734,1726.300048828125,50.0,79.41000366210938,1.930999994277954
2012-01-27,5204.7001953125,21.700000762939453,1316.3299560546875,18.530000686645508,111.45999908447266,1731.800048828125,52.49300003051758,78.9000015258789,1.8980000019073486
2012-01-30,5087.2998046875,23.459999084472656,1313.010009765625,19.399999618530273,110.75,1731.0,49.38800048828125,79.16000366210938,1.8370000123977661
2012-01-31,5199.25,22.65999984741211,1312.4100341796875,19.440000534057617,110.9800033569336,1737.800048828125,52.49300003051758,79.27999877929688,1.7990000247955322
2012-02-01,5235.7001953125,22.889999389648438,1324.0899658203125,18.549999237060547,111.55999755859375,1747.0999755859375,49.5,78.91999816894531,1.8459999561309814
2012-02-02,5269.89990234375,23.690000534057617,1325.5400390625,17.979999542236328,112.06999969482422,1756.800048828125,49.0099983215332,78.97000122070312,1.8250000476837158
2012-02-03,5325.85009765625,24.09000015258789,1344.9000244140625,17.100000381469727,114.58000183105469,1737.9000244140625,49.0,78.94000244140625,1.9490000009536743
2012-02-06,5361.64990234375,24.6200008392334,1344.3299560546875,17.760000228881836,115.93000030517578,1722.800048828125,48.65299987792969,79.08999633789062,1.9010000228881836
2012-02-07,5335.14990234375,24.90999984741211,1347.050048828125,17.649999618530273,116.2300033569336,1746.4000244140625,49.053001403808594,78.56999969482422,1.965999960899353
2012-02-08,5368.14990234375,24.270000457763672,1349.9599609375,18.15999984741211,117.19999694824219,1729.300048828125,49.042999267578125,78.63999938964844,1.975000023841858
2012-02-09,5412.35009765625,23.299999237060547,1351.949951171875,18.6299991607666,118.58999633789062,1739.0,49.14799880981445,78.55999755859375,2.046999931335449
2012-02-10,5381.60009765625,23.829999923706055,1342.6400146484375,20.790000915527344,117.30999755859375,1723.300048828125,49.487998962402344,79.11000061035156,1.968999981880188
2012-02-13,5390.2001953125,23.709999084472656,1351.77001953125,19.040000915527344,117.93000030517578,1723.0,49.35300064086914,78.94000244140625,1.9900000095367432
2012-02-14,5416.0498046875,22.709999084472656,1350.5,19.540000915527344,118.16000366210938,1715.9000244140625,49.1879997253418,79.58000183105469,1.9240000247955322
2012-02-15,5531.9501953125,22.100000381469727,1343.22998046875,21.139999389648438,118.93000030517578,1726.300048828125,49.358001708984375,79.66999816894531,1.930999994277954
2012-02-16,5521.9501953125,23.329999923706055,1358.0400390625,19.219999313354492,120.11000061035156,1726.800048828125,49.28300094604492,79.33999633789062,1.9930000305175781
2012-02-17,5564.2998046875,24.18000030517578,1361.22998046875,17.780000686645508,119.58000183105469,1724.5,49.28300094604492,79.33000183105469,2.009999990463257
2012-02-20,,,,,,,49.31800079345703,,
2012-02-21,5607.14990234375,26.25,1362.2099609375,18.190000534057617,121.66000366210938,1757.0999755859375,49.14799880981445,79.04000091552734,2.0450000762939453
2012-02-22,5505.35009765625,26.799999237060547,1357.6600341796875,18.190000534057617,122.9000015258789,1770.0,49.303001403808594,79.20999908447266,2.005000114440918
2012-02-23,5483.2998046875,24.329999923706055,1363.4599609375,16.799999237060547,123.62000274658203,1784.9000244140625,49.21799850463867,78.80999755859375,1.9839999675750732
2012-02-24,5429.2998046875,24.81999969482422,1365.739990234375,17.309999465942383,125.47000122070312,1775.0999755859375,49.09299850463867,78.3499984741211,1.9769999980926514
2012-02-27,5281.2001953125,27.3799991607666,1367.5899658203125,18.190000534057617,124.16999816894531,1773.5999755859375,49.007999420166016,78.55999755859375,1.9220000505447388
2012-02-28,5375.5,25.850000381469727,1372.1800537109375,17.959999084472656,121.55000305175781,1787.0,49.17300033569336,78.2699966430664,1.9290000200271606
2012-02-29,5385.2001953125,26.93000030517578,1365.6800537109375,18.43000030517578,122.66000366210938,1709.9000244140625,49.06800079345703,78.7300033569336,1.9769999980926514
2012-03-01,5339.75,27.670000076293945,1374.0899658203125,17.260000228881836,126.19999694824219,1721.0999755859375,49.00299835205078,78.77999877929688,2.0369999408721924
2012-03-02,5359.35009765625,27.84000015258789,1369.6300048828125,17.290000915527344,123.6500015258789,1708.800048828125,49.198001861572266,79.4000015258789,1.9859999418258667
2012-03-05,5280.35009765625,28.920000076293945,1364.3299560546875,18.049999237060547,123.80000305175781,1703.0,49.518001556396484,79.31999969482422,2.005000114440918
2012-03-06,5222.39990234375,27.34000015258789,1343.3599853515625,20.8700008392334,121.9800033569336,1671.4000244140625,49.83300018310547,79.86000061035156,1.944000005722046
2012-03-07,5220.4501953125,26.329999923706055,1352.6300048828125,19.06999969482422,124.12000274658203,1683.300048828125,50.358001708984375,79.70999908447266,1.972000002861023
2012-03-08,,,1365.9100341796875,17.950000762939453,125.44000244140625,1698.0999755859375,50.27799987792969,79.16000366210938,2.0139999389648438
2012-03-09,5333.5498046875,25.469999313354492,1370.8699951171875,17.110000610351562,125.9800033569336,1710.9000244140625,50.073001861572266,80.04000091552734,2.0380001068115234
2012-03-12,5359.5498046875,26.270000457763672,1371.0899658203125,15.640000343322754,125.33999633789062,1699.199951171875,49.75299835205078,79.87000274658203,2.0309998989105225
2012-03-13,5429.5,24.75,1395.949951171875,14.800000190734863,126.22000122070312,1693.699951171875,49.96799850463867,80.19000244140625,2.1070001125335693
2012-03-14,5463.89990234375,24.719999313354492,1394.280029296875,15.3100004196167,124.97000122070312,1642.5,49.83000183105469,80.55999755859375,2.2739999294281006
2012-03-15,5380.5,25.420000076293945,1402.5999755859375,15.420000076293945,123.55000305175781,1659.0999755859375,49.90800094604492,80.1500015258789,2.2809998989105225
2012-03-16,5317.89990234375,23.1299991607666,1404.1700439453125,14.470000267028809,125.80999755859375,1655.5,50.37799835205078,79.77999877929688,2.2980000972747803
2012-03-19,5257.0498046875,22.969999313354492,1409.75,15.039999961853027,125.70999908447266,1666.9000244140625,50.132999420166016,79.44999694824219,2.378999948501587
2012-03-20,5274.85009765625,21.940000534057617,1405.52001953125,15.579999923706055,124.12000274658203,1646.699951171875,50.22800064086914,79.58999633789062,2.371999979019165
2012-03-21,5364.9501953125,21.0,1402.8900146484375,15.130000114440918,124.19999694824219,1650.0,50.38800048828125,79.62999725341797,2.2939999103546143
2012-03-22,5228.4501953125,24.770000457763672,1392.780029296875,15.569999694824219,123.13999938964844,1642.300048828125,50.62799835205078,79.73999786376953,2.2750000953674316
2012-03-23,5278.2001953125,23.34000015258789,1397.1099853515625,14.819999694824219,125.12999725341797,1662.300048828125,51.119998931884766,79.33999633789062,2.236999988555908
2012-03-26,5184.25,26.739999771118164,1416.510009765625,14.260000228881836,125.6500015258789,1685.5,51.167999267578125,78.93000030517578,2.24399995803833
2012-03-27,5243.14990234375,25.049999237060547,1412.52001953125,15.59000015258789,125.54000091552734,1684.800048828125,51.02299880981445,79.04000091552734,2.187000036239624
2012-03-28,5194.75,24.8700008392334,1405.5400390625,15.470000267028809,124.16000366210938,1657.9000244140625,50.678001403808594,79.16000366210938,2.196000099182129
2012-03-29,5178.85009765625,24.329999923706055,1403.280029296875,15.479999542236328,122.38999938964844,1652.199951171875,50.77299880981445,79.18000030517578,2.1589999198913574
2012-03-30,5295.5498046875,22.3799991607666,1408.469970703125,15.5,122.87999725341797,1669.300048828125,51.3380012512207,78.93000030517578,2.2160000801086426
2012-04-02,5317.89990234375,20.8799991607666,1419.0400390625,15.640000343322754,125.43000030517578,1677.5,50.86800003051758,78.81999969482422,2.193000078201294
2012-04-03,5358.5,20.010000228881836,1413.3800048828125,15.65999984741211,124.86000061035156,1670.0,50.86800003051758,79.4800033569336,2.2839999198913574
2012-04-04,5322.89990234375,20.6299991607666,1398.9599609375,16.440000534057617,122.33999633789062,1612.300048828125,50.25,79.76000213623047,2.243000030517578
2012-04-05,,,1398.0799560546875,16.700000762939453,123.43000030517578,1628.5,51.108001708984375,80.06999969482422,2.174999952316284
2012-04-06,,,,,,,51.03300094604492,,
2012-04-09,5234.39990234375,22.329999923706055,1382.199951171875,18.809999465942383,122.66999816894531,1642.5,51.03300094604492,79.7300033569336,2.0369999408721924
2012-04-10,5243.60009765625,21.920000076293945,1358.5899658203125,20.389999389648438,119.87999725341797,1659.5,51.04999923706055,79.88999938964844,1.9880000352859497
2012-04-11,5226.85009765625,22.290000915527344,1368.7099609375,20.020000457763672,120.18000030517578,1659.0,51.472999572753906,79.77999877929688,2.0280001163482666
2012-04-12,5276.85009765625,21.780000686645508,1387.5699462890625,17.200000762939453,121.70999908447266,1679.5,51.45800018310547,79.27999877929688,2.0490000247955322
2012-04-13,5207.4501953125,22.75,1370.260009765625,19.549999237060547,121.83000183105469,1659.0999755859375,51.22800064086914,79.87999725341797,1.9980000257492065
2012-04-16,5226.2001953125,22.229999542236328,1369.5699462890625,19.549999237060547,118.68000030517578,1648.699951171875,51.542999267578125,79.55000305175781,1.9739999771118164
2012-04-17,5289.7001953125,20.309999465942383,1390.780029296875,18.459999084472656,118.77999877929688,1650.300048828125,51.667999267578125,79.47000122070312,2.009000062942505
2012-04-18,5300.0,20.030000686645508,1385.1400146484375,18.639999389648438,117.97000122070312,1638.800048828125,51.46799850463867,79.52999877929688,1.9819999933242798
2012-04-19,5332.39990234375,19.350000381469727,1376.9200439453125,18.360000610351562,118.0,1640.5999755859375,51.78799819946289,79.55999755859375,1.9520000219345093
2012-04-20,5290.85009765625,20.09000015258789,1378.530029296875,17.440000534057617,118.76000213623047,1642.0999755859375,52.13800048828125,79.18000030517578,1.9700000286102295
2012-04-23,5200.60009765625,21.56999969482422,1366.93994140625,18.969999313354492,118.70999908447266,1631.9000244140625,52.06800079345703,79.41999816894531,1.9329999685287476
2012-04-24,5222.64990234375,19.25,1371.969970703125,18.100000381469727,118.16000366210938,1643.0,52.49800109863281,79.22000122070312,1.9609999656677246
2012-04-25,5202.0,18.940000534057617,1390.68994140625,16.81999969482422,119.12000274658203,1641.4000244140625,52.67300033569336,79.01000213623047,1.9839999675750732
2012-04-26,5189.0,18.739999771118164,1399.97998046875,16.239999771118164,119.91999816894531,1659.5999755859375,52.53799819946289,78.91000366210938,1.9589999914169312
2012-04-27,5190.60009765625,17.889999389648438,1403.3599853515625,16.31999969482422,119.83000183105469,1664.0,52.40299987792969,78.69999694824219,1.9329999685287476
2012-04-30,5248.14990234375,17.81999969482422,1397.9100341796875,17.149999618530273,119.47000122070312,1663.4000244140625,52.53799819946289,78.79000091552734,1.9149999618530273
2012-05-01,,,1405.8199462890625,16.600000381469727,119.66000366210938,1661.699951171875,52.65800094604492,78.86000061035156,1.9559999704360962
2012-05-02,5239.14990234375,18.540000915527344,1402.31005859375,16.8799991607666,118.19999694824219,1653.4000244140625,52.529998779296875,79.12999725341797,1.9220000505447388
2012-05-03,5188.39990234375,19.25,1391.5699462890625,17.559999465942383,116.08000183105469,1634.199951171875,52.95800018310547,79.22000122070312,1.9240000247955322
2012-05-04,5086.85009765625,21.1200008392334,1369.0999755859375,19.15999984741211,113.18000030517578,1644.699951171875,53.40800094604492,79.47000122070312,1.8799999952316284
2012-05-07,5114.14990234375,20.219999313354492,1369.5799560546875,18.940000534057617,113.16000366210938,1638.5999755859375,53.46799850463867,79.5999984741211,1.8769999742507935
2012-05-08,4999.9501953125,22.15999984741211,1363.719970703125,19.049999237060547,112.7300033569336,1604.0,52.90299987792969,79.7300033569336,1.8370000123977661
2012-05-09,4974.7998046875,23.040000915527344,1354.5799560546875,20.079999923706055,113.19999694824219,1593.699951171875,53.11800003051758,80.08000183105469,1.8350000381469727
2012-05-10,4965.7001953125,22.719999313354492,1357.989990234375,18.829999923706055,112.7300033569336,1595.0999755859375,53.81800079345703,80.11000061035156,1.8839999437332153
2012-05-11,4928.89990234375,22.479999542236328,1353.3900146484375,19.889999389648438,112.26000213623047,1583.5999755859375,53.25299835205078,80.27999877929688,1.840999960899353
2012-05-14,4907.7998046875,23.260000228881836,1338.3499755859375,21.8700008392334,111.56999969482422,1560.5999755859375,53.62799835205078,80.5999984741211,1.7879999876022339
2012-05-15,4942.7998046875,22.280000686645508,1330.6600341796875,21.969999313354492,112.23999786376953,1556.800048828125,53.95800018310547,81.22000122070312,1.7769999504089355
2012-05-16,4858.25,23.709999084472656,1324.800048828125,22.270000457763672,111.70999908447266,1536.199951171875,53.78799819946289,81.37000274658203,1.7649999856948853
2012-05-17,4870.2001953125,23.59000015258789,1304.8599853515625,24.489999771118164,107.48999786376953,1574.5,54.487998962402344,81.37999725341797,1.7020000219345093
2012-05-18,4891.4501953125,23.549999237060547,1295.219970703125,25.100000381469727,107.13999938964844,1591.5999755859375,54.46799850463867,81.29000091552734,1.7020000219345093
2012-05-21,,23.920000076293945,1315.989990234375,22.010000228881836,108.80999755859375,1588.4000244140625,54.417999267578125,81.08000183105469,1.7350000143051147
2012-05-22,4860.5,24.389999389648438,1316.6300048828125,22.479999542236328,108.41000366210938,1576.300048828125,55.02799987792969,81.66999816894531,1.7929999828338623
2012-05-23,4835.64990234375,27.1299991607666,1318.8599853515625,22.329999923706055,105.55999755859375,1548.0999755859375,55.38800048828125,82.08999633789062,1.7209999561309814
2012-05-24,4921.39990234375,25.489999771118164,1320.6800537109375,21.540000915527344,106.55000305175781,1557.300048828125,55.99300003051758,82.29000091552734,1.7589999437332153
2012-05-25,4920.39990234375,25.139999389648438,1317.8199462890625,21.760000228881836,106.83000183105469,1568.800048828125,55.560001373291016,82.4000015258789,1.7450000047683716
2012-05-28,4985.64990234375,23.68000030517578,,,,,55.36800003051758,,
2012-05-29,4990.10009765625,24.030000686645508,1332.4200439453125,21.030000686645508,106.68000030517578,1548.5999755859375,55.36800003051758,82.44000244140625,1.7309999465942383
2012-05-30,4950.75,25.299999237060547,1313.3199462890625,24.139999389648438,103.47000122070312,1563.4000244140625,55.667999267578125,83.01000213623047,1.625
2012-05-31,4924.25,25.25,1310.3299560546875,24.059999465942383,101.87000274658203,1562.5999755859375,56.22800064086914,83.04000091552734,1.5809999704360962
2012-06-01,4841.60009765625,26.770000457763672,1278.0400390625,26.65999984741211,98.43000030517578,1620.5,56.077999114990234,82.88999938964844,1.4670000076293945
2012-06-04,4848.14990234375,25.600000381469727,1278.1800537109375,26.1200008392334,98.8499984741211,1612.199951171875,55.53799819946289,82.55000305175781,1.5269999504089355
2012-06-05,4863.2998046875,26.260000228881836,1285.5,24.68000030517578,98.83999633789062,1615.199951171875,55.64799880981445,82.80000305175781,1.555999994277954
2012-06-06,4997.10009765625,24.899999618530273,1315.1300048828125,22.15999984741211,100.63999938964844,1632.800048828125,55.63800048828125,82.31999969482422,1.6510000228881836
2012-06-07,5049.64990234375,23.639999389648438,1314.989990234375,21.719999313354492,99.93000030517578,1586.5999755859375,55.358001708984375,82.05000305175781,1.6540000438690186
2012-06-08,5068.35009765625,23.469999313354492,1325.6600341796875,21.229999542236328,99.47000122070312,1590.0999755859375,54.9379997253418,82.51000213623047,1.6369999647140503
2012-06-11,5054.10009765625,25.020000457763672,1308.9300537109375,23.559999465942383,98.0,1595.5,55.417999267578125,82.51000213623047,1.600000023841858
2012-06-12,5115.89990234375,24.200000762939453,1324.1800537109375,22.09000015258789,97.13999938964844,1612.699951171875,55.65800094604492,82.41000366210938,1.6610000133514404
2012-06-13,5121.4501953125,24.360000610351562,1314.8800048828125,24.270000457763672,97.12999725341797,1618.0999755859375,55.79800033569336,82.05000305175781,1.5989999771118164
2012-06-14,5054.75,25.709999084472656,1329.0999755859375,21.68000030517578,97.02999877929688,1618.4000244140625,55.678001403808594,81.9000015258789,1.6109999418258667
2012-06-15,5139.0498046875,25.540000915527344,1342.8399658203125,21.110000610351562,97.61000061035156,1627.0,55.79800033569336,81.58999633789062,1.5870000123977661
2012-06-18,5064.25,22.600000381469727,1344.780029296875,18.31999969482422,96.05000305175781,1625.699951171875,55.38800048828125,81.94000244140625,1.5839999914169312
2012-06-19,5103.85009765625,21.43000030517578,1357.97998046875,18.3799991607666,95.76000213623047,1622.199951171875,55.90299987792969,81.37000274658203,1.6200000047683716
2012-06-20,5120.5498046875,21.030000686645508,1355.68994140625,17.239999771118164,92.69000244140625,1614.800048828125,55.948001861572266,81.48999786376953,1.6419999599456787
2012-06-21,5165.0,19.940000534057617,1325.510009765625,20.079999923706055,89.2300033569336,1564.5,56.14799880981445,82.31999969482422,1.6180000305175781
2012-06-22,5146.0498046875,20.579999923706055,1335.02001953125,18.110000610351562,90.9800033569336,1566.0,56.29800033569336,82.22000122070312,1.6720000505447388
2012-06-25,5114.64990234375,21.56999969482422,1313.719970703125,20.3799991607666,91.01000213623047,1587.5,57.11800003051758,82.45999908447266,1.6080000400543213
2012-06-26,5120.7998046875,20.229999542236328,1319.989990234375,19.719999313354492,93.0199966430664,1574.0,57.007999420166016,82.37000274658203,1.628000020980835
2012-06-27,5141.89990234375,20.3700008392334,1331.8499755859375,19.450000762939453,93.5,1577.5,57.007999420166016,82.55999755859375,1.621000051498413
2012-06-28,5149.14990234375,20.6200008392334,1329.0400390625,19.709999084472656,91.36000061035156,1549.699951171875,56.849998474121094,82.66999816894531,1.5770000219345093
2012-06-29,5278.89990234375,19.079999923706055,1362.1600341796875,17.079999923706055,97.80000305175781,1603.5,56.79800033569336,81.6500015258789,1.659000039100647
2012-07-02,5278.60009765625,19.010000228881836,1365.510009765625,16.799999237060547,97.33999633789062,1597.199951171875,55.50299835205078,81.87000274658203,1.5800000429153442
2012-07-03,5287.9501953125,18.559999465942383,1374.02001953125,16.65999984741211,100.68000030517578,1621.300048828125,55.428001403808594,81.77999877929688,1.63100004196167
2012-07-04,5302.5498046875,18.270000457763672,,,,,54.358001708984375,,
2012-07-05,5327.2998046875,18.350000381469727,1367.5799560546875,17.5,100.69999694824219,1608.9000244140625,54.47800064086914,82.80999755859375,1.597000002861023
2012-07-06,5316.9501953125,18.040000915527344,1354.6800537109375,17.100000381469727,98.19000244140625,1578.4000244140625,54.9379997253418,83.29000091552734,1.5440000295639038
2012-07-09,5275.14990234375,18.719999313354492,1352.4599609375,17.979999542236328,100.31999969482422,1588.5999755859375,55.40299987792969,83.16000366210938,1.5130000114440918
2012-07-10,5345.35009765625,17.829999923706055,1341.469970703125,18.719999313354492,97.97000122070312,1579.300048828125,55.84299850463867,83.36000061035156,1.4980000257492065
2012-07-11,5306.2998046875,18.389999389648438,1341.449951171875,17.950000762939453,100.2300033569336,1575.199951171875,55.38800048828125,83.56999969482422,1.4980000257492065
2012-07-12,5235.25,18.709999084472656,1334.760009765625,18.329999923706055,101.06999969482422,1564.9000244140625,55.61800003051758,83.6500015258789,1.4789999723434448
2012-07-13,5227.25,18.260000228881836,1356.780029296875,16.739999771118164,102.4000015258789,1591.5999755859375,55.928001403808594,83.30000305175781,1.4989999532699585
2012-07-16,5197.25,18.770000457763672,1353.6400146484375,17.110000610351562,103.55000305175781,1591.199951171875,55.13800048828125,83.08999633789062,1.4639999866485596
2012-07-17,5192.85009765625,17.780000686645508,1363.6700439453125,16.479999542236328,104.0,1589.0999755859375,55.04800033569336,83.02999877929688,1.5010000467300415
2012-07-18,5216.2998046875,17.440000534057617,1372.780029296875,16.15999984741211,105.16000366210938,1570.4000244140625,55.097999572753906,82.94999694824219,1.4789999723434448
2012-07-19,5242.7001953125,16.3799991607666,1376.510009765625,15.449999809265137,107.80000305175781,1580.0999755859375,55.3129997253418,82.9000015258789,1.5149999856948853
2012-07-20,5205.10009765625,16.889999389648438,1362.6600341796875,16.270000457763672,106.83000183105469,1582.5,55.11800003051758,83.47000122070312,1.4600000381469727
2012-07-23,5117.9501953125,18.65999984741211,1350.52001953125,18.6200008392334,103.26000213623047,1577.0999755859375,55.31800079345703,83.70999908447266,1.434999942779541
2012-07-24,5128.2001953125,16.969999313354492,1338.31005859375,20.469999313354492,103.41999816894531,1576.0,55.9630012512207,84.01000213623047,1.4040000438690186
2012-07-25,5109.60009765625,16.75,1337.8900146484375,19.34000015258789,104.37999725341797,1608.0,56.108001708984375,83.5199966430664,1.406000018119812
2012-07-26,5043.0,16.3700008392334,1360.02001953125,17.530000686645508,105.26000213623047,1615.0,56.15800094604492,82.80999755859375,1.4279999732971191
2012-07-27,5099.85009765625,16.440000534057617,1385.969970703125,16.700000762939453,106.47000122070312,1617.9000244140625,55.518001556396484,82.70999908447266,1.5549999475479126
2012-07-30,5199.7998046875,16.600000381469727,1385.300048828125,18.030000686645508,106.19999694824219,1619.699951171875,55.24800109863281,82.79000091552734,1.503999948501587
2012-07-31,5229.0,16.010000228881836,1379.3199462890625,18.93000030517578,104.91999816894531,1610.5,55.42300033569336,82.63999938964844,1.4919999837875366
2012-08-01,5240.5,16.450000762939453,1375.3199462890625,18.959999084472656,105.95999908447266,1603.699951171875,55.64799880981445,83.05999755859375,1.5390000343322754
2012-08-02,5227.75,16.770000457763672,1365.0,17.56999969482422,105.9000015258789,1587.4000244140625,55.46799850463867,83.33000183105469,1.4780000448226929
2012-08-03,5215.7001953125,16.1200008392334,1390.989990234375,15.640000343322754,108.94000244140625,1606.0,55.8380012512207,82.37999725341797,1.5770000219345093
2012-08-06,5282.5498046875,16.219999313354492,1394.22998046875,15.949999809265137,109.55000305175781,1612.9000244140625,55.74800109863281,82.2699966430664,1.5579999685287476
2012-08-07,5336.7001953125,16.209999084472656,1401.3499755859375,15.989999771118164,112.0,1609.699951171875,55.518001556396484,82.20999908447266,1.628000020980835
2012-08-08,5338.0,16.3700008392334,1402.219970703125,15.319999694824219,112.13999938964844,1612.9000244140625,55.0629997253418,82.38999938964844,1.6399999856948853
2012-08-09,5322.9501953125,16.329999923706055,1402.800048828125,15.279999732971191,113.22000122070312,1617.0999755859375,55.417999267578125,82.63999938964844,1.687999963760376
2012-08-10,5320.39990234375,16.06999969482422,1405.8699951171875,14.739999771118164,112.94999694824219,1619.699951171875,55.268001556396484,82.55000305175781,1.6490000486373901
2012-08-13,5347.89990234375,16.010000228881836,1404.1099853515625,13.699999809265137,113.5999984741211,1609.5999755859375,55.27799987792969,82.44000244140625,1.6540000438690186
2012-08-14,5380.35009765625,15.640000343322754,1403.9300537109375,14.850000381469727,114.02999877929688,1599.4000244140625,55.3380012512207,82.4800033569336,1.7259999513626099
2012-08-15,,,1405.530029296875,14.630000114440918,116.25,1603.699951171875,55.64799880981445,82.6500015258789,1.8049999475479126
2012-08-16,5362.9501953125,15.6899995803833,1415.510009765625,14.289999961853027,116.9000015258789,1616.0999755859375,55.64799880981445,82.36000061035156,1.8359999656677246
2012-08-17,5366.2998046875,15.729999542236328,1418.1600341796875,13.449999809265137,113.70999908447266,1616.300048828125,55.61800003051758,82.5999984741211,1.815999984741211
2012-08-20,,,1418.1300048828125,14.020000457763672,113.69999694824219,1620.0999755859375,55.72800064086914,82.45999908447266,1.8140000104904175
2012-08-21,5421.0,16.299999237060547,1413.1700439453125,15.020000457763672,114.63999938964844,1639.9000244140625,55.49800109863281,81.91000366210938,1.8049999475479126
2012-08-22,5412.85009765625,16.0,1413.489990234375,15.109999656677246,114.91000366210938,1637.4000244140625,55.362998962402344,81.48999786376953,1.718999981880188
2012-08-23,5415.35009765625,16.1200008392334,1402.0799560546875,15.960000038146973,115.01000213623047,1669.5999755859375,55.49300003051758,81.36000061035156,1.6660000085830688
2012-08-24,5386.7001953125,16.15999984741211,1411.1300048828125,15.180000305175781,113.58999633789062,1669.800048828125,55.257999420166016,81.58999633789062,1.6779999732971191
2012-08-27,5350.25,16.469999313354492,1410.43994140625,16.350000381469727,112.26000213623047,1672.4000244140625,55.49800109863281,81.66000366210938,1.6490000486373901
2012-08-28,,16.350000381469727,1409.300048828125,16.489999771118164,112.58000183105469,1666.5,55.6879997253418,81.37000274658203,1.6299999952316284
2012-08-29,5287.7998046875,16.739999771118164,1410.489990234375,17.059999465942383,112.54000091552734,1659.800048828125,55.66299819946289,81.55000305175781,1.6540000438690186
2012-08-30,5315.0498046875,16.670000076293945,1399.47998046875,17.829999923706055,112.6500015258789,1653.5,55.62300109863281,81.68000030517578,1.6200000047683716
2012-08-31,5258.5,17.299999237060547,1406.5799560546875,17.469999313354492,114.56999969482422,1684.5999755859375,55.62799835205078,81.25,1.562000036239624
2012-09-03,5253.75,17.280000686645508,,,,,55.518001556396484,,
2012-09-04,5274.0,16.59000015258789,1404.93994140625,17.979999542236328,114.18000030517578,1692.9000244140625,55.52799987792969,81.31999969482422,1.5809999704360962
2012-09-05,5225.7001953125,17.010000228881836,1403.43994140625,17.739999771118164,113.08999633789062,1690.800048828125,55.64799880981445,81.23999786376953,1.593999981880188
2012-09-06,5238.39990234375,16.979999542236328,1432.1199951171875,15.600000381469727,113.48999786376953,1702.5999755859375,55.90299987792969,81.08000183105469,1.6729999780654907
2012-09-07,5342.10009765625,15.260000228881836,1437.9200439453125,14.380000114440918,114.25,1737.5,55.65800094604492,80.25,1.6610000133514404
2012-09-10,5363.4501953125,15.270000457763672,1429.0799560546875,16.280000686645508,114.80999755859375,1728.699951171875,55.358001708984375,80.36000061035156,1.6829999685287476
2012-09-11,5390.0,15.380000114440918,1433.56005859375,16.40999984741211,115.4000015258789,1731.800048828125,55.4379997253418,79.86000061035156,1.6950000524520874
2012-09-12,5431.0,15.039999961853027,1436.56005859375,15.800000190734863,115.95999908447266,1730.5999755859375,55.3380012512207,79.73999786376953,1.7649999856948853
2012-09-13,5435.35009765625,15.670000076293945,1459.989990234375,14.050000190734863,116.9000015258789,1769.0999755859375,55.20800018310547,79.26000213623047,1.75600004196167
2012-09-14,5577.64990234375,15.380000114440918,1465.77001953125,14.510000228881836,,1769.800048828125,55.417999267578125,78.8499984741211,1.8700000047683716
2012-09-17,5610.0,17.780000686645508,1461.18994140625,14.59000015258789,,1767.699951171875,54.29800033569336,79.01000213623047,1.8380000591278076
2012-09-18,5600.0498046875,17.829999923706055,1459.3199462890625,14.180000305175781,112.02999877929688,1768.4000244140625,54.007999420166016,79.25,1.812000036239624
2012-09-19,,,1461.050048828125,13.880000114440918,108.19000244140625,1769.0,54.018001556396484,79.05999755859375,1.781999945640564
2012-09-20,5554.25,18.6200008392334,1460.260009765625,14.069999694824219,110.02999877929688,1767.699951171875,54.018001556396484,79.41000366210938,1.7769999504089355
2012-09-21,5691.14990234375,18.93000030517578,1460.1500244140625,13.979999542236328,111.41999816894531,1775.5,54.257999420166016,79.33000183105469,1.7599999904632568
2012-09-24,5669.60009765625,18.829999923706055,1456.8900146484375,14.149999618530273,109.80999755859375,1762.0999755859375,53.358001708984375,79.5199966430664,1.718000054359436
2012-09-25,5673.89990234375,17.110000610351562,1441.5899658203125,15.430000305175781,110.44999694824219,1763.800048828125,53.46799850463867,79.55000305175781,1.6820000410079956
2012-09-26,5663.4501953125,16.969999313354492,1433.3199462890625,16.809999465942383,110.04000091552734,1750.5999755859375,53.358001708984375,79.88999938964844,1.6180000305175781
2012-09-27,5649.5,16.90999984741211,1447.1500244140625,14.84000015258789,112.01000213623047,1777.5999755859375,53.507999420166016,79.55000305175781,1.6399999856948853
2012-09-28,5703.2998046875,16.15999984741211,1440.6700439453125,15.729999542236328,112.38999938964844,1771.0999755859375,53.007999420166016,79.94000244140625,1.6369999647140503
2012-10-01,5718.7998046875,16.34000015258789,1444.489990234375,16.31999969482422,112.19000244140625,1780.5,52.847999572753906,79.81999969482422,1.625
2012-10-02,,,1445.75,15.710000038146973,111.56999969482422,1772.699951171875,52.39799880981445,79.73999786376953,1.6150000095367432
2012-10-03,5731.25,16.5,1450.989990234375,15.430000305175781,108.16999816894531,1777.300048828125,52.39799880981445,79.97000122070312,1.6230000257492065
2012-10-04,5787.60009765625,16.440000534057617,1461.4000244140625,14.550000190734863,112.58000183105469,1794.0999755859375,52.15299987792969,79.3499984741211,1.6649999618530273
2012-10-05,5746.9501953125,16.780000686645508,1460.9300537109375,14.329999923706055,112.0199966430664,1778.5999755859375,51.737998962402344,79.33999633789062,1.7319999933242798
2012-10-08,5676.0,17.170000076293945,1455.8800048828125,15.109999656677246,111.81999969482422,1773.5,51.90800094604492,79.54000091552734,1.746000051498413
2012-10-09,5704.60009765625,16.799999237060547,1441.47998046875,16.3700008392334,114.5,1763.0,52.63800048828125,79.94999694824219,1.7200000286102295
2012-10-10,5652.14990234375,16.829999923706055,1432.56005859375,16.290000915527344,114.33000183105469,1763.199951171875,52.71799850463867,79.91999816894531,1.690999984741211
2012-10-11,5708.0498046875,16.489999771118164,1432.8399658203125,15.59000015258789,115.70999908447266,1768.800048828125,53.042999267578125,79.77999877929688,1.6749999523162842
2012-10-12,5676.0498046875,16.489999771118164,1428.5899658203125,16.139999389648438,114.62000274658203,1758.0,52.667999267578125,79.69000244140625,1.6629999876022339
2012-10-15,5687.25,15.899999618530273,1440.1300048828125,15.270000457763672,115.80000305175781,1736.0,52.803001403808594,79.73999786376953,1.6629999876022339
2012-10-16,5648.0,15.569999694824219,1454.9200439453125,15.220000267028809,115.06999969482422,1744.699951171875,53.01300048828125,79.37000274658203,1.7200000286102295
2012-10-17,5660.25,15.170000076293945,1460.9100341796875,15.069999694824219,,1751.5,52.86800003051758,79.0199966430664,1.8109999895095825
2012-10-18,5718.7001953125,14.760000228881836,1457.3399658203125,15.029999732971191,,1743.300048828125,52.86800003051758,79.37000274658203,1.8259999752044678
2012-10-19,5684.25,14.539999961853027,1433.18994140625,17.059999465942383,110.13999938964844,1722.800048828125,53.40800094604492,79.63999938964844,1.7680000066757202
2012-10-22,5717.14990234375,13.039999961853027,1433.8199462890625,16.6200008392334,109.44000244140625,1725.0999755859375,53.8380012512207,79.6500015258789,1.7979999780654907
2012-10-23,5691.39990234375,13.710000038146973,1413.1099853515625,18.829999923706055,108.25,1708.300048828125,53.46799850463867,79.9800033569336,1.7640000581741333
2012-10-24,,,1408.75,18.329999923706055,107.8499984741211,1700.5,53.71799850463867,79.97000122070312,1.774999976158142
2012-10-25,5705.2998046875,13.520000457763672,1412.969970703125,18.1200008392334,108.48999786376953,1712.0,53.733001708984375,80.04000091552734,1.8279999494552612
2012-10-26,,,1411.93994140625,17.809999465942383,109.55000305175781,1710.9000244140625,53.54800033569336,80.06999969482422,1.75
2012-10-29,5665.60009765625,15.119999885559082,,,,,53.54800033569336,,
2012-10-30,5597.89990234375,15.170000076293945,,,,,54.077999114990234,,
2012-10-31,5619.7001953125,14.399999618530273,1412.1600341796875,18.600000381469727,108.69999694824219,1717.5,53.95800018310547,79.91999816894531,1.6859999895095825
2012-11-01,5645.0498046875,14.079999923706055,1427.5899658203125,16.690000534057617,108.16999816894531,1714.0999755859375,53.87799835205078,80.05000305175781,1.715000033378601
2012-11-02,5697.7001953125,13.65999984741211,1414.199951171875,17.59000015258789,105.68000030517578,1674.0999755859375,53.65299987792969,80.58999633789062,1.7259999513626099
2012-11-05,5704.2001953125,14.630000114440918,1417.260009765625,18.420000076293945,107.7300033569336,1682.199951171875,53.80799865722656,80.75,1.684000015258789
2012-11-06,5724.39990234375,15.210000038146973,1428.3900146484375,17.579999923706055,111.06999969482422,1714.0999755859375,54.5880012512207,80.61000061035156,1.7419999837875366
2012-11-07,5760.10009765625,14.510000228881836,1394.530029296875,19.079999923706055,106.81999969482422,1713.199951171875,54.417999267578125,80.76000213623047,1.6319999694824219
2012-11-08,5738.75,14.220000267028809,1377.510009765625,18.489999771118164,107.25,1725.4000244140625,54.198001861572266,80.79000091552734,1.6319999694824219
2012-11-09,5686.25,14.369999885559082,1379.8499755859375,18.610000610351562,109.4000015258789,1730.300048828125,54.358001708984375,81.02999877929688,1.6130000352859497
2012-11-12,5683.7001953125,14.859999656677246,1380.030029296875,16.68000030517578,109.06999969482422,1730.300048828125,54.5880012512207,81.04000091552734,1.6109999418258667
2012-11-13,,,1374.530029296875,16.649999618530273,108.26000213623047,1724.199951171875,54.87799835205078,81.08000183105469,1.5889999866485596
2012-11-14,,,1355.489990234375,17.920000076293945,109.61000061035156,1729.5,54.87799835205078,81.05999755859375,1.5889999866485596
2012-11-15,5631.0,15.529999732971191,1353.3299560546875,17.989999771118164,110.9800033569336,1713.300048828125,54.803001403808594,81.08000183105469,1.5889999866485596
2012-11-16,5574.0498046875,16.219999313354492,1359.8800048828125,16.40999984741211,,1714.300048828125,54.698001861572266,81.26000213623047,1.5740000009536743
2012-11-19,5571.39990234375,16.68000030517578,1386.8900146484375,15.239999771118164,110.83999633789062,1734.0,55.15800094604492,80.87000274658203,1.6109999418258667
2012-11-20,5571.5498046875,15.8100004196167,1387.81005859375,15.079999923706055,109.83000183105469,1723.199951171875,55.05799865722656,80.95999908447266,1.656000018119812
2012-11-21,5614.7998046875,15.460000038146973,1391.030029296875,15.3100004196167,110.86000061035156,1727.9000244140625,55.097999572753906,80.93000030517578,1.687000036239624
2012-11-22,5627.75,14.90999984741211,,,,,55.108001708984375,,
2012-11-23,5626.60009765625,14.680000305175781,1409.1500244140625,15.140000343322754,111.37999725341797,1751.300048828125,55.20800018310547,80.19000244140625,1.6929999589920044
2012-11-26,5635.89990234375,14.670000076293945,1406.2900390625,15.5,110.91999816894531,1749.5,55.44300079345703,80.25,1.6640000343322754
2012-11-27,5727.4501953125,13.960000038146973,1398.93994140625,15.920000076293945,109.87000274658203,1742.199951171875,55.63600158691406,80.4000015258789,1.6449999809265137
2012-11-28,,,1409.9300537109375,15.510000228881836,109.51000213623047,1716.5,55.448001861572266,80.33999633789062,1.6169999837875366
2012-11-29,5825.0,15.369999885559082,1415.949951171875,15.0600004196167,110.76000213623047,1727.199951171875,55.702999114990234,80.19999694824219,1.6200000047683716
2012-11-30,5879.85009765625,15.149999618530273,1416.1800537109375,15.869999885559082,111.2300033569336,1710.9000244140625,54.8380012512207,80.1500015258789,1.6059999465942383
2012-12-03,5870.9501953125,15.619999885559082,1409.4599609375,16.639999389648438,110.91999816894531,1719.5999755859375,54.257999420166016,79.87999725341797,1.628000020980835
2012-12-04,5889.25,15.90999984741211,1407.050048828125,17.1200008392334,109.83999633789062,1694.4000244140625,54.768001556396484,79.63999938964844,1.6080000400543213
2012-12-05,5900.5,16.6200008392334,1409.280029296875,16.459999084472656,108.80999755859375,1692.4000244140625,54.67300033569336,79.7699966430664,1.590999960899353
2012-12-06,5930.89990234375,15.239999771118164,1413.93994140625,16.579999923706055,107.02999877929688,1700.300048828125,54.53799819946289,80.26000213623047,1.5809999704360962
2012-12-07,5907.39990234375,14.960000038146973,1418.0699462890625,15.899999618530273,107.0199966430664,1704.0,54.132999420166016,80.41999816894531,1.6269999742507935
2012-12-10,5908.89990234375,14.510000228881836,1418.550048828125,16.049999237060547,107.33000183105469,1713.0,54.3380012512207,80.33000183105469,1.6160000562667847
2012-12-11,5898.7998046875,14.670000076293945,1427.8399658203125,15.569999694824219,108.01000213623047,1708.199951171875,54.487998962402344,80.05999755859375,1.6490000486373901
2012-12-12,5888.0,14.510000228881836,1428.47998046875,15.949999809265137,109.5,1716.5999755859375,54.257999420166016,79.88999938964844,1.6970000267028809
2012-12-13,5851.5,14.710000038146973,1419.449951171875,16.559999465942383,107.91000366210938,1695.5999755859375,54.31800079345703,79.93000030517578,1.7280000448226929
2012-12-14,5879.60009765625,14.229999542236328,1413.5799560546875,17.0,109.1500015258789,1695.800048828125,54.45800018310547,79.5999984741211,1.7079999446868896
2012-12-17,5857.89990234375,14.920000076293945,1430.3599853515625,16.34000015258789,,1697.0,54.4379997253418,79.56999969482422,1.7630000114440918
2012-12-18,5896.7998046875,14.4399995803833,1446.7900390625,15.569999694824219,,1669.5,54.847999572753906,79.36000061035156,1.8270000219345093
2012-12-19,5929.60009765625,14.470000267028809,1435.81005859375,17.360000610351562,110.36000061035156,1666.5,54.847999572753906,79.25,1.7999999523162842
2012-12-20,5916.39990234375,14.319999694824219,1443.68994140625,17.670000076293945,110.19999694824219,1644.9000244140625,54.54800033569336,79.26000213623047,1.7999999523162842
2012-12-21,5847.7001953125,14.630000114440918,1430.1500244140625,17.84000015258789,108.97000122070312,1659.0999755859375,54.847999572753906,79.62000274658203,1.753999948501587
2012-12-24,5855.75,14.489999771118164,1426.6600341796875,17.84000015258789,108.80000305175781,1658.5999755859375,55.05799865722656,79.63999938964844,1.7740000486373901
2012-12-25,,,,,,,54.948001861572266,,
2012-12-26,5905.60009765625,14.100000381469727,1419.8299560546875,19.479999542236328,111.06999969482422,1659.800048828125,55.007999420166016,79.62000274658203,1.7580000162124634
2012-12-27,5870.10009765625,13.739999771118164,1418.0999755859375,19.469999313354492,110.80000305175781,1662.5999755859375,54.8380012512207,79.62000274658203,1.715000033378601
2012-12-28,5908.35009765625,13.630000114440918,1402.4300537109375,22.719999313354492,110.62000274658203,1654.9000244140625,54.94200134277344,79.68000030517578,1.7109999656677246
2012-12-31,5905.10009765625,14.949999809265137,1426.18994140625,18.020000457763672,111.11000061035156,1674.800048828125,54.75299835205078,79.7699966430664,1.75600004196167
2013-01-01,,13.6899995803833,,,,,54.99300003051758,,
2013-01-02,5993.25,13.710000038146973,1462.4200439453125,14.680000305175781,112.47000122070312,1687.9000244140625,54.678001403808594,79.8499984741211,1.8389999866485596
2013-01-03,6009.5,13.470000267028809,1459.3699951171875,14.5600004196167,112.13999938964844,1673.699951171875,54.347999572753906,80.43000030517578,1.8990000486373901
2013-01-04,6016.14990234375,13.369999885559082,1466.469970703125,13.829999923706055,111.30999755859375,1648.0999755859375,54.49800109863281,80.5,1.9149999618530273
2013-01-07,5988.39990234375,13.920000076293945,1461.8900146484375,13.789999961853027,111.4000015258789,1645.5,54.880001068115234,80.26000213623047,1.902999997138977
2013-01-08,6001.7001953125,13.270000457763672,1457.1500244140625,13.619999885559082,111.94000244140625,1661.5,55.21799850463867,80.3499984741211,1.871000051498413
2013-01-09,5971.5,13.319999694824219,1461.02001953125,13.8100004196167,111.76000213623047,1654.800048828125,54.987998962402344,80.55999755859375,1.8519999980926514
2013-01-10,5968.64990234375,13.270000457763672,1472.1199951171875,13.489999771118164,111.88999938964844,1677.300048828125,54.74800109863281,79.73999786376953,1.8940000534057617
2013-01-11,5951.2998046875,13.229999542236328,1472.050048828125,13.359999656677246,110.63999938964844,1660.0,54.55799865722656,79.55999755859375,1.875
2013-01-14,6024.0498046875,13.699999809265137,1470.6800537109375,13.520000457763672,111.87999725341797,1668.9000244140625,54.86800003051758,79.48999786376953,1.8569999933242798
2013-01-15,6056.60009765625,13.579999923706055,1472.3399658203125,13.550000190734863,110.30000305175781,1683.4000244140625,54.49300003051758,79.77999877929688,1.8309999704360962
2013-01-16,6001.85009765625,13.989999771118164,1472.6300048828125,13.420000076293945,110.61000061035156,1682.699951171875,54.612998962402344,79.80000305175781,1.8240000009536743
2013-01-17,6039.2001953125,14.010000228881836,1480.93994140625,13.569999694824219,110.61000061035156,1690.4000244140625,54.6879997253418,79.6500015258789,1.875
2013-01-18,6064.39990234375,13.890000343322754,1485.97998046875,12.460000038146973,110.61000061035156,1686.5999755859375,54.347999572753906,80.05000305175781,1.843000054359436
2013-01-21,6082.2998046875,13.65999984741211,,,,,53.737998962402344,,
2013-01-22,6048.5,13.890000343322754,1492.56005859375,12.430000305175781,112.41999816894531,1692.800048828125,53.768001556396484,79.87000274658203,1.8350000381469727
2013-01-23,6054.2998046875,13.670000076293945,1494.81005859375,12.460000038146973,112.80000305175781,1686.300048828125,53.80799865722656,79.91999816894531,1.8329999446868896
2013-01-24,6019.35009765625,14.460000038146973,1494.8199462890625,12.6899995803833,113.27999877929688,1669.5,53.667999267578125,79.94999694824219,1.843999981880188
2013-01-25,6074.64990234375,14.770000457763672,1502.9599609375,12.890000343322754,113.27999877929688,1656.4000244140625,53.678001403808594,79.75,1.9470000267028809
2013-01-28,6074.7998046875,15.170000076293945,1500.1800537109375,13.569999694824219,113.4800033569336,1652.4000244140625,53.792999267578125,79.77999877929688,1.9739999771118164
2013-01-29,6049.89990234375,14.470000267028809,1507.8399658203125,13.3100004196167,114.36000061035156,1660.699951171875,53.90800094604492,79.55999755859375,1.9880000352859497
2013-01-30,6055.75,14.380000114440918,1501.9599609375,14.319999694824219,114.9000015258789,1679.9000244140625,53.757999420166016,79.27999877929688,2.00600004196167
2013-01-31,6034.75,14.130000114440918,1498.1099853515625,14.279999732971191,115.55000305175781,1660.5999755859375,53.303001403808594,79.20999908447266,1.9850000143051147
2013-02-01,5998.89990234375,13.760000228881836,1513.1700439453125,12.899999618530273,116.76000213623047,1669.4000244140625,53.2130012512207,79.12999725341797,2.009999990463257
2013-02-04,5987.25,14.34000015258789,1495.7099609375,14.670000076293945,115.5999984741211,1675.300048828125,53.16299819946289,79.55000305175781,1.9730000495910645
2013-02-05,5956.89990234375,14.609999656677246,1511.2900390625,13.720000267028809,116.5199966430664,1672.4000244140625,53.28300094604492,79.48999786376953,2.0160000324249268
2013-02-06,5959.2001953125,14.260000228881836,1512.1199951171875,13.40999984741211,116.7300033569336,1677.699951171875,53.132999420166016,79.72000122070312,1.968000054359436
2013-02-07,5938.7998046875,14.890000343322754,1509.3900146484375,13.5,117.23999786376953,1670.4000244140625,53.15299987792969,80.19000244140625,1.9509999752044678
2013-02-08,5903.5,15.15999984741211,1517.9300537109375,13.020000457763672,118.9000015258789,1666.0,53.21799850463867,80.25,1.9539999961853027
2013-02-11,5897.85009765625,15.649999618530273,1517.010009765625,12.9399995803833,118.12999725341797,1648.199951171875,53.5880012512207,80.30999755859375,1.9459999799728394
2013-02-12,5922.5,15.3100004196167,1519.4300537109375,12.640000343322754,118.66000366210938,1648.699951171875,53.95800018310547,80.11000061035156,1.9819999933242798
2013-02-13,5932.9501953125,15.140000343322754,1520.3299560546875,12.979999542236328,118.72000122070312,1644.199951171875,53.847999572753906,80.08999633789062,2.0190000534057617
2013-02-14,5896.9501953125,15.09000015258789,1521.3800048828125,12.65999984741211,118.58000183105469,1634.699951171875,53.81800079345703,80.45999908447266,2.0
2013-02-15,5887.39990234375,15.239999771118164,1519.7900390625,12.460000038146973,118.58000183105469,1608.800048828125,53.917999267578125,80.58000183105469,2.006999969482422
2013-02-18,5898.2001953125,16.290000915527344,,,,,54.31800079345703,,
2013-02-19,5939.7001953125,15.8100004196167,1530.93994140625,12.3100004196167,117.5199966430664,1603.5999755859375,54.178001403808594,80.47000122070312,2.0260000228881836
2013-02-20,5943.0498046875,15.600000381469727,1511.949951171875,14.680000305175781,115.5999984741211,1577.5999755859375,54.16299819946289,81.08999633789062,2.0209999084472656
2013-02-21,5852.25,16.940000534057617,1502.4200439453125,15.220000267028809,113.52999877929688,1578.199951171875,54.06800079345703,81.45999908447266,1.9759999513626099
2013-02-22,5850.2998046875,16.790000915527344,1515.5999755859375,14.170000076293945,114.0999984741211,1572.4000244140625,54.46799850463867,81.4800033569336,1.9670000076293945
2013-02-25,5854.75,16.729999542236328,1487.8499755859375,18.989999771118164,114.44000244140625,1586.199951171875,54.27299880981445,81.66999816894531,1.8949999809265137
2013-02-26,5761.35009765625,17.360000610351562,1496.93994140625,16.8700008392334,112.70999908447266,1615.199951171875,53.862998962402344,81.87000274658203,1.878999948501587
2013-02-27,5796.89990234375,16.229999542236328,1515.989990234375,14.729999542236328,111.87000274658203,1595.199951171875,54.0880012512207,81.5999984741211,1.902999997138977
2013-02-28,5693.0498046875,14.859999656677246,1514.6800537109375,15.510000228881836,111.37999725341797,1577.699951171875,53.858001708984375,81.9800033569336,1.8880000114440918
2013-03-01,5719.7001953125,14.0600004196167,1518.199951171875,15.359999656677246,110.4000015258789,1571.9000244140625,54.362998962402344,82.30999755859375,1.8530000448226929
2013-03-04,5698.5,13.670000076293945,1525.199951171875,14.010000228881836,110.08999633789062,1572.0999755859375,54.89799880981445,82.22000122070312,1.8769999742507935
2013-03-05,5784.25,13.390000343322754,1539.7900390625,13.479999542236328,111.61000061035156,1574.5999755859375,54.858001708984375,82.08999633789062,1.8940000534057617
2013-03-06,5818.60009765625,13.399999618530273,1541.4599609375,13.529999732971191,111.05999755859375,1574.5999755859375,54.917999267578125,82.45999908447266,1.937999963760376
2013-03-07,5863.2998046875,13.069999694824219,1544.260009765625,13.0600004196167,111.1500015258789,1574.800048828125,54.7130012512207,82.08000183105469,1.9910000562667847
2013-03-08,5945.7001953125,13.34000015258789,1551.1800537109375,12.59000015258789,110.8499984741211,1576.5999755859375,54.55799865722656,82.69999694824219,2.055999994277954
2013-03-11,5942.35009765625,14.25,1556.219970703125,11.5600004196167,110.22000122070312,1577.800048828125,54.34299850463867,82.56999969482422,2.055999994277954
2013-03-12,5914.10009765625,15.130000114440918,1552.47998046875,12.270000457763672,109.6500015258789,1591.5,54.40800094604492,82.58000183105469,2.0230000019073486
2013-03-13,5851.2001953125,16.200000762939453,1554.52001953125,11.829999923706055,108.5199966430664,1588.300048828125,54.141998291015625,82.88999938964844,2.0209999084472656
2013-03-14,5908.9501953125,14.65999984741211,1563.22998046875,11.300000190734863,109.41999816894531,1590.5999755859375,54.362998962402344,82.61000061035156,2.0329999923706055
2013-03-15,5872.60009765625,15.15999984741211,1560.699951171875,11.300000190734863,109.37999725341797,1592.5,54.35300064086914,82.26000213623047,1.996000051498413
2013-03-18,5835.25,15.850000381469727,1552.0999755859375,13.359999656677246,,1604.5999755859375,54.02299880981445,82.69000244140625,1.9559999704360962
2013-03-19,5745.9501953125,16.709999084472656,1548.3399658203125,14.390000343322754,107.44999694824219,1611.300048828125,54.073001861572266,82.98999786376953,1.9079999923706055
2013-03-20,5694.39990234375,16.65999984741211,1558.7099609375,12.670000076293945,108.72000122070312,1607.5,54.36800003051758,82.77999877929688,1.937000036239624
2013-03-21,5658.75,16.510000228881836,1545.800048828125,13.989999771118164,107.47000122070312,1613.800048828125,54.349998474121094,82.80000305175781,1.9320000410079956
2013-03-22,5651.35009765625,15.539999961853027,1556.8900146484375,13.569999694824219,107.66000366210938,1606.199951171875,54.27799987792969,82.52999877929688,1.9149999618530273
2013-03-25,5633.85009765625,16.360000610351562,1551.68994140625,13.739999771118164,108.16999816894531,1604.5999755859375,54.34299850463867,82.87000274658203,1.9149999618530273
2013-03-26,5641.60009765625,15.800000190734863,1563.77001953125,12.770000457763672,109.36000061035156,1595.800048828125,54.167999267578125,82.87999725341797,1.906000018119812
2013-03-27,,,1562.8499755859375,13.149999618530273,109.69000244140625,1606.199951171875,54.362998962402344,83.20999908447266,1.8509999513626099
2013-03-28,5682.5498046875,15.220000267028809,1569.18994140625,12.699999809265137,110.0199966430664,1594.800048828125,54.38800048828125,82.98999786376953,1.8519999980926514
2013-03-29,,,,,,,54.38800048828125,,
2013-04-01,5704.39990234375,14.850000381469727,1562.1700439453125,13.579999923706055,111.08000183105469,1600.0,54.27799987792969,82.7300033569336,1.840000033378601
2013-04-02,5748.10009765625,14.100000381469727,1570.25,12.779999732971191,110.69000244140625,1575.0999755859375,54.25,82.94000244140625,1.8609999418258667
2013-04-03,5672.89990234375,14.869999885559082,1553.68994140625,14.210000038146973,107.11000061035156,1552.800048828125,54.42300033569336,82.72000122070312,1.812000036239624
2013-04-04,5574.75,15.850000381469727,1559.97998046875,13.890000343322754,106.33999633789062,1551.800048828125,54.428001403808594,82.68000030517578,1.7589999437332153
2013-04-05,5553.25,16.15999984741211,1553.280029296875,13.920000076293945,104.12000274658203,1575.4000244140625,54.882999420166016,82.5,1.694000005722046
2013-04-08,5542.9501953125,16.770000457763672,1563.0699462890625,13.1899995803833,104.66000366210938,1572.0,54.803001403808594,82.75,1.7319999933242798
2013-04-09,5495.10009765625,16.81999969482422,1568.6099853515625,12.84000015258789,106.2300033569336,1586.199951171875,54.55799865722656,82.30999755859375,1.746999979019165
2013-04-10,5558.7001953125,16.489999771118164,1587.72998046875,12.359999656677246,105.79000091552734,1558.300048828125,54.577999114990234,82.52999877929688,1.8049999475479126
2013-04-11,5594.0,16.969999313354492,1593.3699951171875,12.239999771118164,104.2699966430664,1564.300048828125,54.51300048828125,82.25,1.7910000085830688
2013-04-12,5528.5498046875,16.450000762939453,1588.8499755859375,12.0600004196167,103.11000061035156,1501.0,54.29800033569336,82.30999755859375,1.7209999561309814
2013-04-15,5568.39990234375,16.610000610351562,1552.3599853515625,17.270000457763672,100.38999938964844,1360.5999755859375,54.51300048828125,82.41999816894531,1.7020000219345093
2013-04-16,5688.9501953125,16.25,1574.5699462890625,13.960000038146973,100.36000061035156,1386.800048828125,54.542999267578125,81.75,1.718999981880188
2013-04-17,5688.7001953125,16.360000610351562,1552.010009765625,16.510000228881836,100.36000061035156,1382.199951171875,54.14799880981445,82.66000366210938,1.7039999961853027
2013-04-18,5783.10009765625,15.359999656677246,1541.6099853515625,17.559999465942383,99.12999725341797,1392.0,54.20800018310547,82.55000305175781,1.684999942779541
2013-04-19,,,1555.25,14.970000267028809,99.6500015258789,1395.300048828125,54.02299880981445,82.70999908447266,1.7029999494552612
2013-04-22,5834.39990234375,16.219999313354492,1562.5,14.390000343322754,100.38999938964844,1421.0,53.93299865722656,82.68000030517578,1.6979999542236328
2013-04-23,5836.89990234375,15.069999694824219,1578.780029296875,13.479999542236328,100.30999755859375,1408.5999755859375,54.13800048828125,83.02999877929688,1.6979999542236328
2013-04-24,,,1578.7900390625,13.609999656677246,101.7300033569336,1423.4000244140625,54.37799835205078,82.93000030517578,1.6979999542236328
2013-04-25,5916.2998046875,14.199999809265137,1585.1600341796875,13.619999885559082,103.41000366210938,1461.800048828125,54.27299880981445,82.73999786376953,1.7109999656677246
2013-04-26,5871.4501953125,13.880000114440918,1582.239990234375,13.609999656677246,103.16000366210938,1453.5999755859375,54.21799850463867,82.4800033569336,1.6629999876022339
2013-04-29,5904.10009765625,14.329999923706055,1593.6099853515625,13.710000038146973,103.80999755859375,1467.4000244140625,54.37300109863281,82.1500015258789,1.6679999828338623
2013-04-30,5930.2001953125,15.100000381469727,1597.5699462890625,13.520000457763672,102.37000274658203,1472.199951171875,54.22800064086914,81.7300033569336,1.6749999523162842
2013-05-01,,,1582.699951171875,14.489999771118164,99.94999694824219,1446.300048828125,53.79800033569336,81.63999938964844,1.6390000581741333
2013-05-02,5999.35009765625,16.280000686645508,1597.5899658203125,13.59000015258789,102.8499984741211,1467.699951171875,53.65800094604492,82.20999908447266,1.63100004196167
2013-05-03,5944.0,15.550000190734863,1614.4200439453125,12.850000381469727,104.19000244140625,1464.300048828125,53.80799865722656,82.0999984741211,1.7519999742507935
2013-05-06,5971.0498046875,15.84000015258789,1617.5,12.65999984741211,105.45999908447266,1468.0999755859375,53.779998779296875,82.31999969482422,1.7710000276565552
2013-05-07,6043.5498046875,16.5,1625.9599609375,12.829999923706055,104.4000015258789,1449.0,54.17300033569336,82.30000305175781,1.7829999923706055
2013-05-08,6069.2998046875,16.760000228881836,1632.68994140625,12.65999984741211,104.33999633789062,1473.9000244140625,54.12799835205078,81.9000015258789,1.7599999904632568
2013-05-09,6050.14990234375,16.600000381469727,1626.6700439453125,13.130000114440918,104.47000122070312,1468.800048828125,54.15800094604492,82.79000091552734,1.812999963760376
2013-05-10,6094.75,16.860000610351562,1633.699951171875,12.59000015258789,103.91000366210938,1436.800048828125,54.24800109863281,83.13999938964844,1.899999976158142
2013-05-13,5980.4501953125,17.510000228881836,1633.77001953125,12.550000190734863,102.81999969482422,1434.5,54.803001403808594,83.26000213623047,1.9229999780654907
2013-05-14,5995.39990234375,17.170000076293945,1650.3399658203125,12.770000457763672,102.5999984741211,1424.699951171875,54.827999114990234,83.56999969482422,1.9520000219345093
2013-05-15,6146.75,18.1299991607666,1658.780029296875,12.8100004196167,103.68000030517578,1396.5,54.79800033569336,83.83000183105469,1.9429999589920044
2013-05-16,6169.89990234375,17.739999771118164,1650.469970703125,13.069999694824219,103.80000305175781,1387.0999755859375,54.77799987792969,83.7699966430664,1.8650000095367432
2013-05-17,6187.2998046875,17.56999969482422,1667.469970703125,12.449999809265137,103.72000122070312,1364.9000244140625,54.77799987792969,84.27999877929688,1.9490000009536743
2013-05-20,6156.89990234375,17.709999084472656,1666.2900390625,13.020000457763672,103.72000122070312,1384.300048828125,54.88800048828125,83.80999755859375,1.965000033378601
2013-05-21,6114.10009765625,17.8799991607666,1669.1600341796875,13.369999885559082,103.91000366210938,1377.800048828125,55.108001708984375,83.86000061035156,1.944000005722046
2013-05-22,6094.5,17.719999313354492,1655.3499755859375,13.819999694824219,102.5999984741211,1367.5999755859375,55.40800094604492,84.25,2.0260000228881836
2013-05-23,5967.0498046875,18.729999542236328,1650.510009765625,14.069999694824219,102.44000244140625,1392.0,55.65299987792969,83.80000305175781,2.0230000019073486
2013-05-24,5983.5498046875,17.700000762939453,1649.5999755859375,13.989999771118164,102.63999938964844,1386.800048828125,55.70800018310547,83.69999694824219,2.010999917984009
2013-05-27,6083.14990234375,17.030000686645508,,,,,55.8129997253418,,
2013-05-28,6111.25,17.1200008392334,1660.06005859375,14.479999542236328,104.2300033569336,1379.0999755859375,55.564998626708984,84.13999938964844,2.134999990463257
2013-05-29,6104.2998046875,17.860000610351562,1648.3599853515625,14.829999923706055,102.43000030517578,1391.300048828125,56.108001708984375,83.63999938964844,2.124000072479248
2013-05-30,6124.0498046875,16.040000915527344,1654.4100341796875,14.529999732971191,102.19000244140625,1411.5,56.29800033569336,83.01000213623047,2.124000072479248
2013-05-31,5985.9501953125,16.989999771118164,1630.739990234375,16.299999237060547,100.38999938964844,1392.5999755859375,56.37799835205078,83.37999725341797,2.1640000343322754
2013-06-03,5939.2998046875,17.290000915527344,1640.4200439453125,16.280000686645508,102.05999755859375,1411.699951171875,56.573001861572266,82.68000030517578,2.134000062942505
2013-06-04,5919.4501953125,17.260000228881836,1631.3800048828125,16.270000457763672,103.23999786376953,1397.0999755859375,56.667999267578125,82.7699966430664,2.13700008392334
2013-06-05,5923.85009765625,16.780000686645508,1608.9000244140625,17.5,103.04000091552734,1398.4000244140625,56.4379997253418,82.56999969482422,2.0999999046325684
2013-06-06,5921.39990234375,17.350000381469727,1622.56005859375,16.6299991607666,103.61000061035156,1415.699951171875,56.722999572753906,81.5199966430664,2.075000047683716
2013-06-07,5881.0,17.350000381469727,1643.3800048828125,15.140000343322754,104.55999755859375,1383.0,56.8380012512207,81.69000244140625,2.1610000133514404
2013-06-10,5878.0,18.110000610351562,1642.81005859375,15.4399995803833,103.94999694824219,1386.199951171875,56.8380012512207,81.6500015258789,2.2149999141693115
2013-06-11,5788.7998046875,19.489999771118164,1626.1300048828125,17.06999969482422,102.95999908447266,1377.0,56.8380012512207,81.05999755859375,2.194999933242798
2013-06-12,5760.2001953125,18.850000381469727,1612.52001953125,18.59000015258789,103.48999786376953,1391.800048828125,56.8380012512207,80.95999908447266,2.2300000190734863
2013-06-13,5699.10009765625,19.440000534057617,1636.3599853515625,16.40999984741211,104.25,1377.5999755859375,57.827999114990234,80.62000274658203,2.1740000247955322
2013-06-14,5808.39990234375,18.350000381469727,1626.72998046875,17.149999618530273,104.29000091552734,1387.300048828125,57.99800109863281,80.66999816894531,2.125999927520752
2013-06-17,5850.0498046875,18.18000030517578,1639.0400390625,16.799999237060547,,1382.800048828125,57.49800109863281,80.56999969482422,2.1710000038146973
2013-06-18,5813.60009765625,18.290000915527344,1651.81005859375,16.610000610351562,106.0199966430664,1366.5999755859375,58.10300064086914,80.62000274658203,2.181999921798706
2013-06-19,5822.25,18.459999084472656,1628.9300537109375,16.639999389648438,106.12000274658203,1373.5999755859375,58.8380012512207,81.43000030517578,2.311000108718872
2013-06-20,5655.89990234375,19.190000534057617,1588.18994140625,20.489999771118164,102.1500015258789,1285.9000244140625,58.7130012512207,81.83999633789062,2.4189999103546143
2013-06-21,5667.64990234375,19.030000686645508,1592.4300537109375,18.899999618530273,100.91000366210938,1291.5999755859375,59.56800079345703,82.31999969482422,2.5139999389648438
2013-06-24,5590.25,21.010000228881836,1573.0899658203125,20.110000610351562,101.16000366210938,1276.800048828125,59.268001556396484,82.43000030517578,2.5480000972747803
2013-06-25,5609.10009765625,21.139999389648438,1588.030029296875,18.469999313354492,101.26000213623047,1274.800048828125,59.80799865722656,82.58000183105469,2.5889999866485596
2013-06-26,5588.7001953125,21.06999969482422,1603.260009765625,17.209999084472656,101.66000366210938,1229.5999755859375,59.65800094604492,82.94999694824219,2.5390000343322754
2013-06-27,5682.35009765625,18.850000381469727,1613.199951171875,16.860000610351562,102.81999969482422,1211.4000244140625,60.7130012512207,82.91000366210938,2.4830000400543213
2013-06-28,5842.2001953125,17.950000762939453,1606.280029296875,16.860000610351562,102.16000366210938,1223.800048828125,60.1879997253418,83.16999816894531,2.4779999256134033
2013-07-01,5898.85009765625,18.09000015258789,1614.9599609375,16.3700008392334,103.0,1255.9000244140625,59.5260009765625,82.9800033569336,2.490000009536743
2013-07-02,5857.5498046875,18.209999084472656,1614.0799560546875,16.440000534057617,104.0,1243.5999755859375,59.37799835205078,83.54000091552734,2.4690001010894775
2013-07-03,5770.89990234375,18.90999984741211,1615.4100341796875,16.200000762939453,105.76000213623047,1252.0999755859375,59.54800033569336,83.2300033569336,2.500999927520752
2013-07-04,5836.9501953125,18.579999923706055,,,,,60.21900177001953,,
2013-07-05,5867.89990234375,18.670000076293945,1631.8900146484375,14.890000343322754,107.72000122070312,1212.9000244140625,60.17499923706055,84.41999816894531,2.7149999141693115
2013-07-08,5811.5498046875,19.34000015258789,1640.4599609375,14.779999732971191,107.43000030517578,1234.9000244140625,60.222999572753906,84.19999694824219,2.6449999809265137
2013-07-09,5859.0,19.31999969482422,1652.3199462890625,14.350000381469727,107.80999755859375,1245.9000244140625,60.6879997253418,84.58000183105469,2.630000114440918
2013-07-10,5816.7001953125,19.979999542236328,1652.6199951171875,14.210000038146973,108.51000213623047,1247.4000244140625,60.095001220703125,84.04000091552734,2.680000066757202
2013-07-11,5935.10009765625,18.889999389648438,1675.02001953125,14.010000228881836,107.7300033569336,1280.0999755859375,59.88800048828125,82.75,2.5739998817443848
2013-07-12,6009.0,18.690000534057617,1680.18994140625,13.84000015258789,108.80999755859375,1277.800048828125,59.82699966430664,82.98999786376953,2.6010000705718994
2013-07-15,6030.7998046875,18.790000915527344,1682.5,13.789999961853027,109.08999633789062,1283.800048828125,59.88399887084961,83.04000091552734,2.555999994277954
2013-07-16,5955.25,18.989999771118164,1676.260009765625,14.420000076293945,109.4000015258789,1290.800048828125,59.80799865722656,82.43000030517578,2.5320000648498535
2013-07-17,5973.2998046875,19.360000610351562,1680.9100341796875,13.779999732971191,109.36000061035156,1277.9000244140625,59.292999267578125,82.70999908447266,2.490999937057495
2013-07-18,6038.0498046875,18.270000457763672,1689.3699951171875,13.770000457763672,,1284.5999755859375,59.323001861572266,82.81999969482422,2.5339999198913574
2013-07-19,6029.2001953125,18.1299991607666,1692.0899658203125,12.539999961853027,108.06999969482422,1293.300048828125,59.737998962402344,82.58000183105469,2.490999937057495
2013-07-22,6031.7998046875,17.6299991607666,1695.530029296875,12.289999961853027,108.1500015258789,1336.4000244140625,59.33300018310547,82.22000122070312,2.48799991607666
2013-07-23,6077.7998046875,16.719999313354492,1692.3900146484375,12.65999984741211,108.41999816894531,1335.0999755859375,59.71799850463867,82.01000213623047,2.5160000324249268
2013-07-24,5990.5,16.90999984741211,1685.93994140625,13.180000305175781,107.19000244140625,1319.699951171875,59.757999420166016,82.30000305175781,2.5880000591278076
2013-07-25,5907.5,16.719999313354492,1690.25,12.970000267028809,107.6500015258789,1329.0,59.12699890136719,81.97000122070312,2.6070001125335693
2013-07-26,5886.2001953125,16.780000686645508,1691.6500244140625,12.720000267028809,107.16999816894531,1321.699951171875,58.95800018310547,81.62000274658203,2.561000108718872
2013-07-29,5831.64990234375,18.25,1685.3299560546875,13.390000343322754,107.44999694824219,1328.4000244140625,59.060001373291016,81.66000366210938,2.5850000381469727
2013-07-30,5755.0498046875,18.1200008392334,1685.9599609375,13.390000343322754,106.91000366210938,1324.0,59.4119987487793,81.83000183105469,2.6029999256134033
2013-07-31,5742.0,18.770000457763672,1685.72998046875,13.449999809265137,107.69999694824219,1312.4000244140625,60.80799865722656,81.44999694824219,2.5929999351501465
2013-08-01,5727.85009765625,19.809999465942383,1706.8699951171875,12.9399995803833,109.54000091552734,1311.0,60.630001068115234,82.33999633789062,2.7230000495910645
2013-08-02,5677.89990234375,20.889999389648438,1709.6700439453125,11.979999542236328,108.94999694824219,1310.5999755859375,60.43299865722656,81.91000366210938,2.6019999980926514
2013-08-05,5685.39990234375,20.799999237060547,1707.1400146484375,11.84000015258789,108.69999694824219,1302.5999755859375,61.097999572753906,81.87999725341797,2.640000104904175
2013-08-06,5542.25,22.729999542236328,1697.3699951171875,12.720000267028809,108.18000030517578,1283.199951171875,60.87699890136719,81.5999984741211,2.6419999599456787
2013-08-07,5519.10009765625,22.040000915527344,1690.9100341796875,12.979999542236328,107.44000244140625,1286.0999755859375,60.78300094604492,81.29000091552734,2.5999999046325684
2013-08-08,5565.64990234375,21.190000534057617,1697.47998046875,12.729999542236328,106.68000030517578,1310.699951171875,61.202999114990234,81.01000213623047,2.5869998931884766
2013-08-09,,,1691.4200439453125,13.40999984741211,108.22000122070312,1312.9000244140625,60.7239990234375,81.12999725341797,2.5799999237060547
2013-08-12,5612.39990234375,21.280000686645508,1689.469970703125,12.8100004196167,108.97000122070312,1334.699951171875,60.672000885009766,81.33000183105469,2.6050000190734863
2013-08-13,5699.2998046875,19.260000228881836,1694.1600341796875,12.3100004196167,109.81999969482422,1321.199951171875,61.369998931884766,81.7300033569336,2.7149999141693115
2013-08-14,5742.2998046875,18.700000762939453,1685.3900146484375,13.039999961853027,110.19999694824219,1334.0,61.45000076293945,81.69999694824219,2.7119998931884766
2013-08-15,,,1661.3199462890625,14.729999542236328,111.11000061035156,1361.5999755859375,61.290000915527344,81.12999725341797,2.755000114440918
2013-08-16,5507.85009765625,23.639999389648438,1655.8299560546875,14.369999885559082,111.16999816894531,1371.699951171875,61.2599983215332,81.26000213623047,2.8289999961853027
2013-08-19,5414.75,25.59000015258789,1646.06005859375,15.100000381469727,,1366.199951171875,62.4900016784668,81.2300033569336,2.884000062942505
2013-08-20,5401.4501953125,27.229999542236328,1652.3499755859375,14.90999984741211,110.1500015258789,1373.0999755859375,63.849998474121094,80.91000366210938,2.813999891281128
2013-08-21,5302.5498046875,28.09000015258789,1642.800048828125,15.9399995803833,109.80999755859375,1370.5999755859375,63.36000061035156,81.31999969482422,2.8550000190734863
2013-08-22,5408.4501953125,29.059999465942383,1656.9599609375,14.760000228881836,109.9000015258789,1371.199951171875,64.69000244140625,81.48999786376953,2.9010000228881836
2013-08-23,5471.75,25.75,1663.5,13.979999542236328,111.04000091552734,1395.699951171875,64.41000366210938,81.33999633789062,2.818000078201294
2013-08-26,5476.5,26.3799991607666,1656.780029296875,14.989999771118164,110.7300033569336,1393.0,64.06999969482422,81.37000274658203,2.805000066757202
2013-08-27,5287.4501953125,29.420000076293945,1630.47998046875,16.770000457763672,114.36000061035156,1420.5999755859375,64.29299926757812,81.16999816894531,2.7209999561309814
2013-08-28,5285.0,32.380001068115234,1634.9599609375,16.489999771118164,116.61000061035156,1419.0,66.86000061035156,81.41999816894531,2.7820000648498535
2013-08-29,5409.0498046875,29.40999984741211,1638.1700439453125,16.809999465942383,115.16000366210938,1412.9000244140625,67.3499984741211,81.94999694824219,2.750999927520752
2013-08-30,5471.7998046875,27.809999465942383,1632.969970703125,17.010000228881836,114.01000213623047,1396.0999755859375,67.38999938964844,82.08999633789062,2.749000072479248
2013-09-02,5550.75,27.549999237060547,,,,,66.58999633789062,,
2013-09-03,5341.4501953125,32.4900016784668,1639.77001953125,16.610000610351562,115.68000030517578,1412.0,66.51000213623047,82.36000061035156,2.8480000495910645
2013-09-04,5448.10009765625,31.110000610351562,1653.0799560546875,15.880000114440918,114.91000366210938,1389.9000244140625,68.61000061035156,82.16999816894531,2.8970000743865967
2013-09-05,5592.9501953125,28.530000686645508,1655.0799560546875,15.770000457763672,115.26000213623047,1373.0999755859375,66.2699966430664,82.62999725341797,2.9790000915527344
2013-09-06,5680.39990234375,28.649999618530273,1655.1700439453125,15.850000381469727,116.12000274658203,1386.699951171875,66.00800323486328,82.1500015258789,2.937999963760376
2013-09-09,,,1671.7099609375,15.630000114440918,113.72000122070312,1386.800048828125,65.23799896240234,81.79000091552734,2.8970000743865967
2013-09-10,5896.75,29.440000534057617,1683.989990234375,14.529999732971191,111.25,1364.0999755859375,64.05999755859375,81.81999969482422,2.9590001106262207
2013-09-11,5913.14990234375,29.75,1689.1300048828125,13.819999694824219,111.5,1363.9000244140625,63.619998931884766,81.5199966430664,2.9200000762939453
2013-09-12,5850.7001953125,29.709999084472656,1683.4200439453125,14.289999961853027,112.62999725341797,1330.4000244140625,63.15999984741211,81.48999786376953,2.9070000648498535
2013-09-13,5850.60009765625,28.290000915527344,1687.989990234375,14.15999984741211,112.77999877929688,1308.4000244140625,63.619998931884766,81.44999694824219,2.8980000019073486
2013-09-16,5840.5498046875,28.81999969482422,1697.5999755859375,14.380000114440918,,1317.9000244140625,63.290000915527344,81.25,2.874000072479248
2013-09-17,5850.2001953125,27.93000030517578,1704.760009765625,14.529999732971191,,1309.5,63.290000915527344,81.16999816894531,2.8529999256134033
2013-09-18,5899.4501953125,27.690000534057617,1725.52001953125,13.59000015258789,110.5999984741211,1307.800048828125,63.18000030517578,80.23999786376953,2.7079999446868896
2013-09-19,6115.5498046875,24.5,1722.3399658203125,13.15999984741211,108.76000213623047,1369.4000244140625,63.58000183105469,80.36000061035156,2.747999906539917
2013-09-20,6012.10009765625,24.729999542236328,1709.9100341796875,13.119999885559082,109.22000122070312,1332.5,62.189998626708984,80.44000244140625,2.7320001125335693
2013-09-23,5889.75,27.020000457763672,1701.8399658203125,14.3100004196167,108.16000366210938,1326.9000244140625,62.720001220703125,80.44999694824219,2.7139999866485596
2013-09-24,5892.4501953125,26.719999313354492,1697.4200439453125,14.079999923706055,108.63999938964844,1316.0,62.68000030517578,80.55999755859375,2.6530001163482666
2013-09-25,5873.85009765625,25.68000030517578,1692.77001953125,14.010000228881836,108.31999969482422,1335.9000244140625,62.720001220703125,80.33000183105469,2.614000082015991
2013-09-26,5882.25,24.0,1698.6700439453125,14.0600004196167,109.20999908447266,1323.5999755859375,62.43000030517578,80.5199966430664,2.6429998874664307
2013-09-27,5833.2001953125,24.059999465942383,1691.75,15.460000038146973,108.62999725341797,1338.4000244140625,61.72999954223633,80.2699966430664,2.61899995803833
2013-09-30,5735.2998046875,26.649999618530273,1681.550048828125,16.600000381469727,108.37000274658203,1326.5,62.90999984741211,80.22000122070312,2.615000009536743
2013-10-01,5780.0498046875,25.770000457763672,1695.0,15.539999961853027,107.94000244140625,1286.0,62.58000183105469,80.0999984741211,2.6459999084472656
2013-10-02,,,1693.8699951171875,16.600000381469727,109.19000244140625,1320.5999755859375,62.61000061035156,79.87999725341797,2.625999927520752
2013-10-03,5909.7001953125,25.170000076293945,1678.6600341796875,17.670000076293945,109.0,1317.4000244140625,62.06999969482422,79.7699966430664,2.6059999465942383
2013-10-04,5907.2998046875,26.1299991607666,1690.5,16.739999771118164,109.45999908447266,1309.699951171875,61.959999084472656,80.12000274658203,2.6519999504089355
2013-10-07,5906.14990234375,26.829999923706055,1676.1199951171875,19.40999984741211,109.68000030517578,1324.800048828125,61.380001068115234,79.94000244140625,2.634000062942505
2013-10-08,5928.39990234375,26.549999237060547,1655.449951171875,20.34000015258789,110.16000366210938,1324.199951171875,,80.05999755859375,2.635999917984009
2013-10-09,6007.4501953125,25.8700008392334,1656.4000244140625,19.600000381469727,109.05999755859375,1306.9000244140625,62.029998779296875,80.37000274658203,2.6500000953674316
2013-10-10,6020.9501953125,25.8799991607666,1692.56005859375,16.479999542236328,111.80000305175781,1296.5999755859375,61.810001373291016,80.41999816894531,2.684999942779541
2013-10-11,6096.2001953125,23.59000015258789,1703.199951171875,15.720000267028809,111.27999877929688,1268.0,61.61000061035156,80.36000061035156,2.681999921798706
2013-10-14,6112.7001953125,22.850000381469727,1710.1400146484375,16.06999969482422,111.04000091552734,1276.4000244140625,60.9900016784668,80.26000213623047,2.690999984741211
2013-10-15,6089.0498046875,23.239999771118164,1698.06005859375,18.65999984741211,109.95999908447266,1273.0,61.380001068115234,80.4800033569336,2.7200000286102295
2013-10-16,,,1721.5400390625,14.710000038146973,110.86000061035156,1282.0,61.83000183105469,80.5,2.6710000038146973
2013-10-17,6045.85009765625,21.059999465942383,1733.1500244140625,13.479999542236328,110.97000122070312,1322.699951171875,61.45000076293945,79.6500015258789,2.5869998931884766
2013-10-18,6189.35009765625,20.1200008392334,1744.5,13.039999961853027,,1314.4000244140625,61.099998474121094,79.63999938964844,2.5889999866485596
2013-10-21,6204.9501953125,20.18000030517578,1744.6600341796875,13.15999984741211,109.63999938964844,1315.699951171875,61.2400016784668,79.68000030517578,2.6089999675750732
2013-10-22,6202.7998046875,19.959999084472656,1754.6700439453125,13.329999923706055,109.97000122070312,1342.5,60.619998931884766,79.23999786376953,2.51200008392334
2013-10-23,6178.35009765625,20.350000381469727,1746.3800048828125,13.420000076293945,107.80000305175781,1333.9000244140625,61.189998626708984,79.26000213623047,2.484999895095825
2013-10-24,6164.35009765625,20.639999389648438,1752.0699462890625,13.199999809265137,106.98999786376953,1350.199951171875,61.52000045776367,79.19000244140625,2.5220000743865967
2013-10-25,6144.89990234375,20.420000076293945,1759.77001953125,13.09000015258789,106.93000030517578,1352.4000244140625,61.45000076293945,79.18000030517578,2.503000020980835
2013-10-28,6101.10009765625,21.290000915527344,1762.1099853515625,13.3100004196167,109.61000061035156,1352.0,61.439998626708984,79.25,2.51200008392334
2013-10-29,6220.89990234375,19.760000228881836,1771.949951171875,13.40999984741211,109.01000213623047,1345.199951171875,61.5099983215332,79.62999725341797,2.506999969482422
2013-10-30,6251.7001953125,19.530000686645508,1763.31005859375,13.649999618530273,109.86000061035156,1349.0,61.45000076293945,79.75,2.5269999504089355
2013-10-31,6299.14990234375,18.389999389648438,1756.5400390625,13.75,108.83999633789062,1323.5999755859375,61.31999969482422,80.19999694824219,2.5420000553131104
2013-11-01,6307.2001953125,18.639999389648438,1761.6400146484375,13.279999732971191,105.91000366210938,1313.0999755859375,62.220001220703125,80.7300033569336,2.619999885559082
2013-11-04,,,1767.9300537109375,12.930000305175781,106.2300033569336,1314.5999755859375,62.20000076293945,80.55000305175781,2.6019999980926514
2013-11-05,6253.14990234375,19.940000534057617,1762.969970703125,13.270000457763672,105.33000183105469,1308.0,61.97999954223633,80.70999908447266,2.6619999408721924
2013-11-06,6215.14990234375,20.25,1770.489990234375,12.670000076293945,105.23999786376953,1317.699951171875,62.15999984741211,80.4800033569336,2.640000104904175
2013-11-07,6187.25,19.8700008392334,1747.1500244140625,13.90999984741211,103.45999908447266,1308.4000244140625,62.470001220703125,80.81999969482422,2.61299991607666
2013-11-08,6140.75,19.639999389648438,1770.6099853515625,12.899999618530273,105.12000274658203,1284.5,62.849998474121094,81.20999908447266,2.746000051498413
2013-11-11,6078.7998046875,19.979999542236328,1771.8900146484375,12.529999732971191,106.4000015258789,1281.0,63.34000015258789,81.08999633789062,2.750999927520752
2013-11-12,6018.0498046875,20.860000610351562,1767.68994140625,12.819999694824219,105.80999755859375,1271.0999755859375,63.47999954223633,81.19000244140625,2.7679998874664307
2013-11-13,5989.60009765625,20.450000762939453,1782.0,12.520000457763672,107.12000274658203,1268.300048828125,63.959999084472656,80.93000030517578,2.7249999046325684
2013-11-14,6056.14990234375,19.260000228881836,1790.6199951171875,12.369999885559082,108.54000091552734,1286.199951171875,63.369998931884766,80.9800033569336,2.7019999027252197
2013-11-15,,,1798.1800537109375,12.1899995803833,108.55000305175781,1287.300048828125,63.040000915527344,80.83999633789062,2.7090001106262207
2013-11-18,6189.0,18.81999969482422,1791.530029296875,13.100000381469727,,1272.199951171875,62.709999084472656,80.83000183105469,2.677999973297119
2013-11-19,6203.35009765625,19.299999237060547,1787.8699951171875,13.390000343322754,106.91999816894531,1273.4000244140625,62.20000076293945,80.69999694824219,2.7119998931884766
2013-11-20,6122.89990234375,20.829999923706055,1781.3699951171875,13.399999618530273,108.05999755859375,1257.9000244140625,62.11000061035156,81.11000061035156,2.7920000553131104
2013-11-21,5999.0498046875,21.139999389648438,1795.8499755859375,12.65999984741211,110.08000183105469,1243.5,62.7599983215332,81.05000305175781,2.7839999198913574
2013-11-22,5995.4501953125,20.040000915527344,1804.760009765625,12.260000228881836,111.05000305175781,1244.0,62.9900016784668,80.70999908447266,2.752000093460083
2013-11-25,6115.35009765625,21.049999237060547,1802.47998046875,12.789999961853027,111.0,1241.0999755859375,62.2400016784668,80.91999816894531,2.740999937057495
2013-11-26,6059.10009765625,21.59000015258789,1802.75,12.8100004196167,110.87999725341797,1241.4000244140625,62.50299835205078,80.61000061035156,2.696000099182129
2013-11-27,6057.10009765625,21.139999389648438,1807.22998046875,12.979999542236328,111.30999755859375,1237.800048828125,62.459999084472656,80.73999786376953,2.7360000610351562
2013-11-28,6091.85009765625,20.709999084472656,,,,,62.540000915527344,,
2013-11-29,6176.10009765625,21.3799991607666,1805.81005859375,13.699999809265137,109.69000244140625,1250.5999755859375,62.41299819946289,80.68000030517578,2.740999937057495
2013-12-02,6217.85009765625,23.360000610351562,1800.9000244140625,14.229999542236328,111.44999694824219,1222.300048828125,62.459999084472656,80.91000366210938,2.8010001182556152
2013-12-03,6201.85009765625,24.719999313354492,1795.1500244140625,14.550000190734863,112.62000274658203,1221.699951171875,62.31800079345703,80.62000274658203,2.7750000953674316
2013-12-04,6160.9501953125,23.709999084472656,1792.81005859375,14.699999809265137,111.87999725341797,1248.199951171875,62.362998962402344,80.62999725341797,2.8410000801086426
2013-12-05,6241.10009765625,21.68000030517578,1785.030029296875,15.079999923706055,110.9800033569336,1233.199951171875,61.70000076293945,80.2699966430664,2.861999988555908
2013-12-06,6259.89990234375,22.209999084472656,1805.0899658203125,13.789999961853027,111.61000061035156,1230.300048828125,61.58000183105469,80.2699966430664,2.882999897003174
2013-12-09,6363.89990234375,19.15999984741211,1808.3699951171875,13.489999771118164,109.38999938964844,1235.300048828125,61.150001525878906,80.12999725341797,2.8570001125335693
2013-12-10,6332.85009765625,17.979999542236328,1802.6199951171875,13.90999984741211,109.37999725341797,1262.4000244140625,60.869998931884766,79.97000122070312,2.796999931335449
2013-12-11,6307.89990234375,17.540000915527344,1782.219970703125,15.420000076293945,109.69999694824219,1258.5,60.97999954223633,79.88999938964844,2.8440001010894775
2013-12-12,6237.0498046875,17.739999771118164,1775.5,15.539999961853027,108.66999816894531,1226.0,61.59000015258789,80.19999694824219,2.877000093460083
2013-12-13,6168.39990234375,17.84000015258789,1775.3199462890625,15.760000228881836,108.83000183105469,1235.699951171875,62.15999984741211,80.20999908447266,2.868000030517578
2013-12-16,6154.7001953125,18.360000610351562,1786.5400390625,16.030000686645508,110.47000122070312,1245.5,62.1879997253418,80.06999969482422,2.877000093460083
2013-12-17,6139.0498046875,18.329999923706055,1781.0,16.209999084472656,110.41000366210938,1231.199951171875,61.779998779296875,80.05999755859375,2.8429999351501465
2013-12-18,6217.14990234375,17.540000915527344,1810.6500244140625,13.800000190734863,,1236.0999755859375,61.709999084472656,80.11000061035156,2.884999990463257
2013-12-19,6166.64990234375,16.579999923706055,1809.5999755859375,14.149999618530273,110.29000091552734,1195.0,62.029998779296875,80.62999725341797,2.924999952316284
2013-12-20,6274.25,16.020000457763672,1818.3199462890625,13.789999961853027,111.7699966430664,1205.0999755859375,62.459999084472656,80.58000183105469,2.88700008392334
2013-12-23,6284.5,16.260000228881836,1827.989990234375,13.039999961853027,111.55999755859375,1198.4000244140625,62.02000045776367,80.44999694824219,2.928999900817871
2013-12-24,6268.39990234375,15.579999923706055,1833.3199462890625,12.479999542236328,111.9000015258789,1205.0999755859375,61.84000015258789,80.52999877929688,2.9830000400543213
2013-12-25,,,,,,,61.74800109863281,,
2013-12-26,6278.89990234375,14.880000114440918,1842.02001953125,12.329999923706055,111.9800033569336,1214.0999755859375,61.790000915527344,80.4800033569336,2.990000009536743
2013-12-27,6313.7998046875,14.65999984741211,1841.4000244140625,12.460000038146973,112.18000030517578,1216.0999755859375,61.88999938964844,80.38999938964844,3.00600004196167
2013-12-30,6291.10009765625,15.079999923706055,1841.0699462890625,13.5600004196167,111.20999908447266,1203.0999755859375,61.66999816894531,80.0,2.9760000705718994
2013-12-31,6304.0,15.119999885559082,1848.3599853515625,13.720000267028809,110.80000305175781,1201.9000244140625,61.779998779296875,80.04000091552734,3.0260000228881836
2014-01-01,,15.579999923706055,,,,,61.803001403808594,,
2014-01-02,6221.14990234375,16.549999237060547,1831.97998046875,14.229999542236328,107.77999877929688,1225.0,61.84000015258789,80.62999725341797,2.984999895095825
2014-01-03,6211.14990234375,15.869999885559082,1831.3699951171875,13.760000228881836,106.88999938964844,1238.4000244140625,62.060001373291016,80.79000091552734,2.994999885559082
2014-01-06,6191.4501953125,16.5,1826.77001953125,13.550000190734863,106.7300033569336,1237.800048828125,62.22999954223633,80.6500015258789,2.9609999656677246
2014-01-07,6162.25,16.31999969482422,1837.8800048828125,12.920000076293945,107.3499984741211,1229.4000244140625,62.310001373291016,80.83000183105469,2.937000036239624
2014-01-08,6174.60009765625,16.31999969482422,1837.489990234375,12.869999885559082,107.1500015258789,1225.300048828125,62.08000183105469,81.04000091552734,2.993000030517578
2014-01-09,6168.35009765625,16.18000030517578,1838.1300048828125,12.890000343322754,106.38999938964844,1229.300048828125,62.119998931884766,81.01000213623047,2.9630000591278076
2014-01-10,6171.4501953125,15.579999923706055,1842.3699951171875,12.140000343322754,107.25,1246.699951171875,61.779998779296875,80.66000366210938,2.859999895095825
2014-01-13,6272.75,15.949999809265137,1819.199951171875,13.279999732971191,106.75,1250.9000244140625,61.439998626708984,80.51000213623047,2.8269999027252197
2014-01-14,6241.85009765625,15.739999771118164,1838.8800048828125,12.279999732971191,106.38999938964844,1245.199951171875,61.470001220703125,80.61000061035156,2.86899995803833
2014-01-15,6320.89990234375,15.420000076293945,1848.3800048828125,12.279999732971191,107.12999725341797,1238.0999755859375,61.470001220703125,81.0,2.884000062942505
2014-01-16,6318.89990234375,15.539999961853027,1845.8900146484375,12.529999732971191,107.08999633789062,1240.0,61.540000915527344,80.9000015258789,2.8429999351501465
2014-01-17,6261.64990234375,15.40999984741211,1838.699951171875,12.4399995803833,107.05999755859375,1251.699951171875,61.41999816894531,81.26000213623047,2.8269999027252197
2014-01-20,6303.9501953125,15.350000381469727,,,,,61.54999923706055,,
2014-01-21,6313.7998046875,15.550000190734863,1843.800048828125,12.869999885559082,,1242.300048828125,61.61800003051758,81.0999984741211,2.825000047683716
2014-01-22,6338.9501953125,15.850000381469727,1844.8599853515625,12.84000015258789,108.2699966430664,1239.0,61.970001220703125,81.16999816894531,2.859999895095825
2014-01-23,6345.64990234375,15.579999923706055,1828.4599609375,13.770000457763672,107.58000183105469,1262.5999755859375,61.869998931884766,80.44000244140625,2.7730000019073486
2014-01-24,6266.75,15.829999923706055,1790.2900390625,18.139999389648438,107.87999725341797,1264.5,62.130001068115234,80.45999908447266,2.734999895095825
2014-01-27,6135.85009765625,18.670000076293945,1781.56005859375,17.420000076293945,106.69000244140625,1263.5999755859375,62.72999954223633,80.5,2.7660000324249268
2014-01-28,6126.25,17.719999313354492,1792.5,15.800000190734863,107.41000366210938,1251.0,63.380001068115234,80.56999969482422,2.746000051498413
2014-01-29,6120.25,18.040000915527344,1774.199951171875,17.350000381469727,107.8499984741211,1262.199951171875,62.380001068115234,80.51000213623047,2.674999952316284
2014-01-30,6073.7001953125,17.25,1794.18994140625,17.290000915527344,107.94999694824219,1242.199951171875,62.46799850463867,81.08999633789062,2.693000078201294
2014-01-31,6089.5,16.81999969482422,1782.5899658203125,18.40999984741211,106.4000015258789,1240.0999755859375,62.310001373291016,81.2699966430664,2.6679999828338623
2014-02-03,6001.7998046875,18.270000457763672,1741.8900146484375,21.440000534057617,106.04000091552734,1260.4000244140625,62.5,81.01000213623047,2.5810000896453857
2014-02-04,6000.89990234375,18.690000534057617,1755.199951171875,19.110000610351562,105.77999877929688,1251.699951171875,62.869998931884766,81.12000274658203,2.624000072479248
2014-02-05,6022.39990234375,18.93000030517578,1751.6400146484375,19.950000762939453,106.25,1257.300048828125,62.130001068115234,81.02999877929688,2.6670000553131104
2014-02-06,6036.2998046875,18.940000534057617,1773.4300537109375,17.229999542236328,107.19000244140625,1257.5999755859375,62.22999954223633,80.88999938964844,2.7019999027252197
2014-02-07,6063.2001953125,18.549999237060547,1797.02001953125,15.289999961853027,109.56999969482422,1263.300048828125,62.22999954223633,80.69000244140625,2.674999952316284
2014-02-10,6053.4501953125,19.049999237060547,1799.8399658203125,15.260000228881836,108.62999725341797,1274.800048828125,62.09000015258789,80.66999816894531,2.677999973297119
2014-02-11,6062.7001953125,18.6299991607666,1819.75,14.510000228881836,108.68000030517578,1290.0999755859375,62.448001861572266,80.62999725341797,2.7190001010894775
2014-02-12,6084.0,17.43000030517578,1819.260009765625,14.300000190734863,108.79000091552734,1295.300048828125,62.029998779296875,80.68000030517578,2.763000011444092
2014-02-13,6001.10009765625,17.799999237060547,1829.8299560546875,14.140000343322754,108.7300033569336,1300.4000244140625,61.68000030517578,80.29000091552734,2.7360000610351562
2014-02-14,6048.35009765625,16.65999984741211,1838.6300048828125,13.569999694824219,108.7300033569336,1319.0,62.150001525878906,80.12999725341797,2.746000051498413
2014-02-17,,15.829999923706055,,,,,61.83000183105469,,
2014-02-18,6127.10009765625,15.40999984741211,1840.760009765625,13.869999885559082,,1324.699951171875,61.790000915527344,80.01000213623047,2.7109999656677246
2014-02-19,6152.75,15.069999694824219,1828.75,15.5,110.47000122070312,1320.5999755859375,62.209999084472656,80.16999816894531,2.7339999675750732
2014-02-20,6091.4501953125,15.15999984741211,1839.780029296875,14.789999961853027,110.30000305175781,1317.0999755859375,62.2599983215332,80.29000091552734,2.753999948501587
2014-02-21,6155.4501953125,14.039999961853027,1836.25,14.680000305175781,109.8499984741211,1323.9000244140625,62.130001068115234,80.23999786376953,2.7339999675750732
2014-02-24,6186.10009765625,14.359999656677246,1847.6099853515625,14.229999542236328,110.63999938964844,1338.300048828125,62.0099983215332,80.20999908447266,2.75
2014-02-25,6200.0498046875,13.949999809265137,1845.1199951171875,13.670000076293945,109.51000213623047,1343.0,62.06800079345703,80.1500015258789,2.7009999752044678
2014-02-26,6238.7998046875,13.960000038146973,1845.1600341796875,14.350000381469727,109.5199966430664,1328.199951171875,61.97800064086914,80.41000366210938,2.6730000972747803
2014-02-27,,,1854.2900390625,14.039999961853027,108.95999908447266,1331.5999755859375,62.150001525878906,80.29000091552734,2.6419999599456787
2014-02-28,6276.9501953125,14.180000305175781,1859.449951171875,14.0,109.06999969482422,1321.4000244140625,62.02000045776367,79.77999877929688,2.6579999923706055
2014-03-03,6221.4501953125,15.279999732971191,1845.72998046875,16.0,111.19999694824219,1350.0999755859375,61.81999969482422,80.06999969482422,2.6070001125335693
2014-03-04,6297.9501953125,14.390000343322754,1873.9100341796875,14.100000381469727,109.30000305175781,1337.800048828125,62.16999816894531,80.16000366210938,2.690999984741211
2014-03-05,6328.64990234375,13.84000015258789,1873.81005859375,13.890000343322754,107.76000213623047,1340.199951171875,61.599998474121094,80.11000061035156,2.697999954223633
2014-03-06,6401.14990234375,14.479999542236328,1877.030029296875,14.210000038146973,108.0999984741211,1351.699951171875,61.74800109863281,79.68000030517578,2.736999988555908
2014-03-07,6526.64990234375,16.719999313354492,1878.0400390625,14.109999656677246,109.0,1338.0999755859375,60.79999923706055,79.72000122070312,2.7899999618530273
2014-03-10,6537.25,17.780000686645508,1877.1700439453125,14.199999809265137,108.08000183105469,1341.4000244140625,61.22999954223633,79.75,2.7839999198913574
2014-03-11,6511.89990234375,17.329999923706055,1867.6300048828125,14.800000190734863,108.55000305175781,1346.5,60.810001373291016,79.7699966430664,2.7660000324249268
2014-03-12,6516.89990234375,17.040000915527344,1868.199951171875,14.470000267028809,108.0199966430664,1370.300048828125,61.040000915527344,79.61000061035156,2.7260000705718994
2014-03-13,6493.10009765625,16.81999969482422,1846.3399658203125,16.219999313354492,107.38999938964844,1372.199951171875,60.77000045776367,79.62000274658203,2.6530001163482666
2014-03-14,6504.2001953125,16.450000762939453,1841.1300048828125,17.81999969482422,108.56999969482422,1379.0,61.459999084472656,79.44000244140625,2.6449999809265137
2014-03-17,,,1858.8299560546875,15.640000343322754,108.54000091552734,1372.9000244140625,60.97999954223633,79.38999938964844,2.6989998817443848
2014-03-18,6516.64990234375,17.1299991607666,1872.25,14.520000457763672,106.79000091552734,1359.0,61.040000915527344,79.41000366210938,2.680999994277954
2014-03-19,6524.0498046875,16.8799991607666,1860.77001953125,15.119999885559082,105.8499984741211,1341.4000244140625,61.108001708984375,79.98999786376953,2.7720000743865967
2014-03-20,6483.10009765625,16.90999984741211,1872.010009765625,14.520000457763672,106.44999694824219,1330.5,60.95000076293945,80.20999908447266,2.7750000953674316
2014-03-21,6493.2001953125,16.18000030517578,1866.52001953125,15.0,106.91999816894531,1336.0,61.33300018310547,80.11000061035156,2.75
2014-03-24,6583.5,16.540000915527344,1857.43994140625,15.09000015258789,106.80999755859375,1311.199951171875,61.02000045776367,79.93000030517578,2.7330000400543213
2014-03-25,6589.75,16.920000076293945,1865.6199951171875,14.020000457763672,106.98999786376953,1311.4000244140625,60.59000015258789,79.94000244140625,2.734999895095825
2014-03-26,6601.39990234375,17.770000457763672,1852.56005859375,14.930000305175781,107.02999877929688,1303.4000244140625,60.220001220703125,79.9800033569336,2.7009999752044678
2014-03-27,6641.75,18.3700008392334,1849.0400390625,14.619999885559082,107.83000183105469,1294.699951171875,60.15999984741211,80.11000061035156,2.671999931335449
2014-03-28,6695.89990234375,18.6299991607666,1857.6199951171875,14.40999984741211,108.06999969482422,1293.800048828125,60.237998962402344,80.18000030517578,2.7119998931884766
2014-03-31,6704.2001953125,21.6200008392334,1872.3399658203125,13.880000114440918,107.76000213623047,1283.4000244140625,59.84000015258789,80.0999984741211,2.7230000495910645
2014-04-01,6721.0498046875,20.690000534057617,1885.52001953125,13.100000381469727,105.62000274658203,1279.5999755859375,59.9900016784668,80.08000183105469,2.759000062942505
2014-04-02,6752.5498046875,21.209999084472656,1890.9000244140625,13.09000015258789,104.79000091552734,1290.5,59.779998779296875,80.22000122070312,2.802999973297119
2014-04-03,6736.10009765625,22.110000610351562,1888.77001953125,13.369999885559082,106.1500015258789,1284.4000244140625,59.89799880981445,80.47000122070312,2.7899999618530273
2014-04-04,6694.35009765625,22.690000534057617,1865.0899658203125,13.960000038146973,106.72000122070312,1303.199951171875,60.38999938964844,80.41999816894531,2.7260000705718994
2014-04-07,6695.0498046875,24.950000762939453,1845.0400390625,15.569999694824219,105.81999969482422,1298.0,59.66999816894531,80.22000122070312,2.694999933242798
2014-04-08,,,1851.9599609375,14.890000343322754,107.66999816894531,1308.699951171875,60.119998931884766,79.75,2.680999994277954
2014-04-09,6796.2001953125,26.90999984741211,1872.1800537109375,13.819999694824219,107.9800033569336,1305.5,60.09000015258789,79.4800033569336,2.684000015258789
2014-04-10,6796.39990234375,28.719999313354492,1833.0799560546875,15.890000343322754,107.45999908447266,1320.0999755859375,59.959999084472656,79.37999725341797,2.628000020980835
2014-04-11,6776.2998046875,29.190000534057617,1815.68994140625,17.030000686645508,107.33000183105469,1318.699951171875,60.29999923706055,79.44999694824219,2.61899995803833
2014-04-14,,,1830.6099853515625,16.110000610351562,109.06999969482422,1327.199951171875,60.34000015258789,79.7300033569336,2.6389999389648438
2014-04-15,6733.10009765625,31.8799991607666,1842.97998046875,15.609999656677246,108.73999786376953,1300.0,60.34000015258789,79.80000305175781,2.628000020980835
2014-04-16,6675.2998046875,31.15999984741211,1862.31005859375,14.180000305175781,108.80000305175781,1303.0999755859375,60.29999923706055,79.81999969482422,2.63700008392334
2014-04-17,6779.39990234375,30.850000381469727,1864.8499755859375,13.359999656677246,109.52999877929688,1293.4000244140625,60.25,79.83000183105469,2.7209999561309814
2014-04-18,,,,,,,60.290000915527344,,
2014-04-21,6817.64990234375,34.38999938964844,1871.8900146484375,13.25,109.94999694824219,1288.0,60.150001525878906,79.94999694824219,2.7209999561309814
2014-04-22,6815.35009765625,33.349998474121094,1879.550048828125,13.1899995803833,109.2699966430664,1280.5999755859375,60.47999954223633,79.91000366210938,2.7260000705718994
2014-04-23,6840.7998046875,31.1299991607666,1875.3900146484375,13.270000457763672,109.11000061035156,1284.199951171875,60.757999420166016,79.86000061035156,2.686000108718872
2014-04-24,,,1878.6099853515625,13.319999694824219,110.33000183105469,1290.5,61.0099983215332,79.80000305175781,2.687999963760376
2014-04-25,6782.75,30.68000030517578,1863.4000244140625,14.0600004196167,109.58000183105469,1300.699951171875,61.119998931884766,79.7699966430664,2.6659998893737793
2014-04-28,6761.25,31.389999389648438,1869.4300537109375,13.970000267028809,108.12000274658203,1298.9000244140625,60.63800048828125,79.68000030517578,2.677000045776367
2014-04-29,6715.25,31.049999237060547,1878.3299560546875,13.710000038146973,108.9800033569336,1296.0,60.643001556396484,79.80999755859375,2.694999933242798
2014-04-30,6696.39990234375,30.59000015258789,1883.949951171875,13.40999984741211,108.06999969482422,1295.5999755859375,60.417999267578125,79.48999786376953,2.6480000019073486
2014-05-01,,,1883.6800537109375,13.25,107.76000213623047,1283.0999755859375,60.119998931884766,79.52999877929688,2.6059999465942383
2014-05-02,6694.7998046875,33.060001373291016,1881.1400146484375,12.90999984741211,108.58999633789062,1302.5999755859375,60.13999938964844,79.5199966430664,2.5910000801086426
2014-05-05,6699.35009765625,34.189998626708984,1884.6600341796875,13.289999961853027,107.72000122070312,1309.0,60.02000045776367,79.48999786376953,2.6110000610351562
2014-05-06,6715.2998046875,33.27000045776367,1867.719970703125,13.800000190734863,107.05999755859375,1308.300048828125,60.11000061035156,79.13999938964844,2.5950000286102295
2014-05-07,6652.5498046875,33.61000061035156,1878.2099609375,13.399999618530273,108.12999725341797,1288.5999755859375,59.97800064086914,79.22000122070312,2.5899999141693115
2014-05-08,6659.85009765625,34.29999923706055,1875.6300048828125,13.430000305175781,108.04000091552734,1287.4000244140625,59.88999938964844,79.43000030517578,2.6019999980926514
2014-05-09,6858.7998046875,37.709999084472656,1878.47998046875,12.920000076293945,107.88999938964844,1287.300048828125,59.93000030517578,79.9000015258789,2.622999906539917
2014-05-12,7014.25,37.099998474121094,1896.6500244140625,12.229999542236328,108.41000366210938,1295.5999755859375,59.849998474121094,79.9000015258789,2.6559998989105225
2014-05-13,7108.75,32.04999923706055,1897.449951171875,12.130000114440918,109.23999786376953,1294.5999755859375,59.41999816894531,80.13999938964844,2.618000030517578
2014-05-14,7108.75,32.41999816894531,1888.530029296875,12.170000076293945,110.19000244140625,1305.699951171875,59.310001373291016,80.06999969482422,2.5429999828338623
2014-05-15,7123.14990234375,36.77000045776367,1870.8499755859375,13.170000076293945,110.44000244140625,1293.5,59.400001525878906,80.0,2.502000093460083
2014-05-16,7203.0,24.290000915527344,1877.8599853515625,12.4399995803833,110.41999816894531,1293.300048828125,59.33000183105469,80.04000091552734,2.5179998874664307
2014-05-19,7263.5498046875,20.6299991607666,1885.0799560546875,12.420000076293945,109.37000274658203,1293.699951171875,58.560001373291016,79.98999786376953,2.5360000133514404
2014-05-20,7275.5,19.229999542236328,1872.8299560546875,12.960000038146973,109.69000244140625,1294.5,58.36800003051758,80.04000091552734,2.509000062942505
2014-05-21,7252.89990234375,17.90999984741211,1888.030029296875,11.90999984741211,110.55000305175781,1288.0,58.58300018310547,80.0999984741211,2.5369999408721924
2014-05-22,7276.39990234375,17.84000015258789,1892.489990234375,12.029999732971191,110.36000061035156,1294.9000244140625,58.6879997253418,80.25,2.555000066757202
2014-05-23,7367.10009765625,17.700000762939453,1900.530029296875,11.359999656677246,110.54000091552734,1291.5999755859375,58.27799987792969,80.38999938964844,2.5360000133514404
2014-05-26,7359.0498046875,19.84000015258789,,,,,58.41999816894531,,
2014-05-27,7318.0,19.100000381469727,1911.9100341796875,11.510000228881836,110.0199966430664,1265.4000244140625,58.650001525878906,80.3499984741211,2.5179998874664307
2014-05-28,7329.64990234375,17.559999465942383,1909.780029296875,11.680000305175781,109.80999755859375,1259.300048828125,59.03799819946289,80.56999969482422,2.437999963760376
2014-05-29,7235.64990234375,16.690000534057617,1920.030029296875,11.569999694824219,109.97000122070312,1256.300048828125,58.83000183105469,80.48999786376953,2.447000026702881
2014-05-30,7229.9501953125,16.34000015258789,1923.5699462890625,11.399999618530273,109.41000366210938,1245.5999755859375,58.900001525878906,80.37000274658203,2.4570000171661377
2014-06-02,7362.5,16.5,1924.969970703125,11.579999923706055,108.83000183105469,1243.699951171875,59.1879997253418,80.63999938964844,2.5339999198913574
2014-06-03,7415.85009765625,15.800000190734863,1924.239990234375,11.869999885559082,108.81999969482422,1244.300048828125,59.15999984741211,80.55000305175781,2.5929999351501465
2014-06-04,7402.25,15.569999694824219,1927.8800048828125,12.079999923706055,108.4000015258789,1244.0,59.29999923706055,80.66999816894531,2.6059999465942383
2014-06-05,7474.10009765625,15.449999809265137,1940.4599609375,11.680000305175781,108.79000091552734,1253.0,59.2599983215332,80.37000274658203,2.5840001106262207
2014-06-06,7583.39990234375,15.979999542236328,1949.43994140625,10.729999542236328,108.61000061035156,1252.0999755859375,59.16299819946289,80.41000366210938,2.5969998836517334
2014-06-09,7654.60009765625,17.100000381469727,1951.27001953125,11.149999618530273,109.98999786376953,1253.5,59.167999267578125,80.6500015258789,2.61299991607666
2014-06-10,7656.39990234375,16.65999984741211,1950.7900390625,10.989999771118164,109.5199966430664,1259.800048828125,59.198001861572266,80.81999969482422,2.634999990463257
2014-06-11,7626.85009765625,17.059999465942383,1943.8900146484375,11.600000381469727,109.94999694824219,1260.800048828125,59.119998931884766,80.79000091552734,2.640000104904175
2014-06-12,7649.89990234375,16.899999618530273,1930.1099853515625,12.5600004196167,113.0199966430664,1273.5999755859375,59.33300018310547,80.58000183105469,2.5859999656677246
2014-06-13,7542.10009765625,17.760000228881836,1936.1600341796875,12.180000305175781,113.41000366210938,1273.699951171875,59.28799819946289,80.58000183105469,2.6040000915527344
2014-06-16,7533.5498046875,17.979999542236328,1937.780029296875,12.649999618530273,113.22000122070312,1274.9000244140625,59.702999114990234,80.47000122070312,2.5969998836517334
2014-06-17,7631.7001953125,17.700000762939453,1941.989990234375,12.0600004196167,113.44999694824219,1271.699951171875,60.09000015258789,80.62999725341797,2.6549999713897705
2014-06-18,7558.2001953125,18.579999923706055,1956.97998046875,10.609999656677246,114.26000213623047,1272.4000244140625,60.323001861572266,80.58000183105469,2.61299991607666
2014-06-19,7540.7001953125,18.739999771118164,1959.47998046875,10.619999885559082,115.05999755859375,1313.699951171875,59.810001373291016,80.31999969482422,2.621999979019165
2014-06-20,7511.4501953125,18.850000381469727,1962.8699951171875,10.850000381469727,114.80999755859375,1316.199951171875,60.15999984741211,80.37000274658203,2.624000072479248
2014-06-23,7493.35009765625,18.959999084472656,1962.6099853515625,10.979999542236328,114.12000274658203,1318.0,60.167999267578125,80.26000213623047,2.622999906539917
2014-06-24,7580.2001953125,19.190000534057617,1949.97998046875,12.130000114440918,114.45999908447266,1320.9000244140625,60.15299987792969,80.33000183105469,2.5859999656677246
2014-06-25,7569.25,18.309999465942383,1959.530029296875,11.59000015258789,114.0,1322.199951171875,60.189998626708984,80.22000122070312,2.559000015258789
2014-06-26,7493.2001953125,17.700000762939453,1957.219970703125,11.630000114440918,113.20999908447266,1316.0999755859375,59.95000076293945,80.2300033569336,2.5250000953674316
2014-06-27,7508.7998046875,17.6299991607666,1960.9599609375,11.260000228881836,113.30000305175781,1319.0,60.08000183105469,80.04000091552734,2.5320000648498535
2014-06-30,7611.35009765625,17.8700008392334,1960.22998046875,11.569999694824219,112.36000061035156,1321.800048828125,60.03799819946289,79.77999877929688,2.5160000324249268
2014-07-01,7634.7001953125,17.65999984741211,1973.3199462890625,11.149999618530273,112.29000091552734,1326.4000244140625,59.970001220703125,79.81999969482422,2.562999963760376
2014-07-02,7725.14990234375,17.56999969482422,1974.6199951171875,10.819999694824219,111.23999786376953,1330.699951171875,60.02799987792969,79.95999908447266,2.628000020980835
2014-07-03,7714.7998046875,17.809999465942383,1985.43994140625,10.319999694824219,111.0,1320.4000244140625,59.439998626708984,80.20999908447266,2.6480000019073486
2014-07-04,7751.60009765625,18.15999984741211,,,,,59.61000061035156,,
2014-07-07,7787.14990234375,19.40999984741211,1977.6500244140625,11.329999923706055,110.23999786376953,1316.5,59.71799850463867,80.22000122070312,2.617000102996826
2014-07-08,7623.2001953125,19.18000030517578,1963.7099609375,11.979999542236328,108.94000244140625,1316.0,59.948001861572266,80.18000030517578,2.565000057220459
2014-07-09,7585.0,18.190000534057617,1972.8299560546875,11.649999618530273,108.27999877929688,1323.800048828125,59.74800109863281,79.98999786376953,2.546999931335449
2014-07-10,7567.75,15.970000267028809,1964.6800537109375,12.59000015258789,108.66999816894531,1338.699951171875,59.757999420166016,80.12999725341797,2.5320000648498535
2014-07-11,7459.60009765625,15.720000267028809,1967.5699462890625,12.079999923706055,106.66000366210938,1337.0,60.1879997253418,80.19000244140625,2.5199999809265137
2014-07-14,7454.14990234375,15.5600004196167,1977.0999755859375,11.819999694824219,106.9800033569336,1306.300048828125,60.0880012512207,80.19000244140625,2.5490000247955322
2014-07-15,7526.64990234375,14.770000457763672,1973.280029296875,11.960000038146973,106.0199966430664,1296.9000244140625,60.060001373291016,80.38999938964844,2.5490000247955322
2014-07-16,7624.39990234375,14.729999542236328,1981.5699462890625,11.0,105.8499984741211,1299.5999755859375,60.16999816894531,80.55999755859375,2.5380001068115234
2014-07-17,7640.4501953125,14.970000267028809,1958.1199951171875,14.539999961853027,105.95999908447266,1316.699951171875,60.08000183105469,80.5199966430664,2.4749999046325684
2014-07-18,7663.89990234375,15.100000381469727,1978.219970703125,12.0600004196167,107.23999786376953,1309.199951171875,60.599998474121094,80.5199966430664,2.4839999675750732
2014-07-21,7684.2001953125,14.899999618530273,1973.6300048828125,12.8100004196167,107.68000030517578,1313.699951171875,60.27799987792969,80.55999755859375,2.4739999771118164
2014-07-22,7767.85009765625,14.640000343322754,1983.530029296875,12.239999771118164,107.33000183105469,1306.0999755859375,60.25,80.77999877929688,2.4660000801086426
2014-07-23,7795.75,14.6899995803833,1987.010009765625,11.520000457763672,108.02999877929688,1304.5,60.097999572753906,80.80999755859375,2.4639999866485596
2014-07-24,7830.60009765625,14.720000267028809,1987.97998046875,11.84000015258789,107.06999969482422,1290.5999755859375,59.86000061035156,80.87000274658203,2.509000062942505
2014-07-25,7790.4501953125,14.220000267028809,1978.3399658203125,12.6899995803833,108.38999938964844,1303.0999755859375,60.060001373291016,81.02999877929688,2.4690001010894775
2014-07-28,7748.7001953125,14.319999694824219,1978.9100341796875,12.5600004196167,107.56999969482422,1303.300048828125,60.053001403808594,81.02999877929688,2.490999937057495
2014-07-29,,,1969.949951171875,13.279999732971191,107.72000122070312,1298.300048828125,60.04999923706055,81.20999908447266,2.4619998931884766
2014-07-30,7791.39990234375,13.890000343322754,1970.0699462890625,13.329999923706055,106.51000213623047,1294.9000244140625,60.040000915527344,81.41999816894531,2.553999900817871
2014-07-31,7721.2998046875,13.819999694824219,1930.6700439453125,16.950000762939453,106.0199966430664,1281.300048828125,60.25,81.45999908447266,2.555999994277954
2014-08-01,7602.60009765625,15.220000267028809,1925.1500244140625,17.030000686645508,104.83999633789062,1293.5999755859375,60.77000045776367,81.30000305175781,2.505000114440918
2014-08-04,7683.64990234375,14.819999694824219,1938.989990234375,15.119999885559082,105.41000366210938,1287.699951171875,61.20800018310547,81.33000183105469,2.490999937057495
2014-08-05,7746.5498046875,13.949999809265137,1920.2099609375,16.8700008392334,104.61000061035156,1284.0,60.900001525878906,81.5199966430664,2.4830000400543213
2014-08-06,7672.0498046875,14.300000190734863,1920.239990234375,16.3700008392334,104.58999633789062,1306.699951171875,60.84299850463867,81.44000244140625,2.4739999771118164
2014-08-07,7649.25,14.140000343322754,1909.5699462890625,16.65999984741211,105.44000244140625,1310.800048828125,61.189998626708984,81.5199966430664,2.4240000247955322
2014-08-08,7568.5498046875,14.619999885559082,1931.5899658203125,15.770000457763672,105.0199966430664,1308.9000244140625,61.237998962402344,81.38999938964844,2.4149999618530273
2014-08-11,7625.9501953125,14.0,1936.9200439453125,14.229999542236328,104.68000030517578,1308.5,61.13800048828125,81.47000122070312,2.4200000762939453
2014-08-12,7727.0498046875,13.470000267028809,1933.75,14.130000114440918,103.0199966430664,1308.800048828125,61.119998931884766,81.5,2.441999912261963
2014-08-13,7739.5498046875,13.760000228881836,1946.719970703125,12.899999618530273,104.27999877929688,1312.800048828125,61.220001220703125,81.5999984741211,2.4130001068115234
2014-08-14,7791.7001953125,13.220000267028809,1955.1800537109375,12.420000076293945,102.01000213623047,1313.9000244140625,61.02000045776367,81.58999633789062,2.4000000953674316
2014-08-15,,,1955.06005859375,13.149999618530273,101.94999694824219,1304.5,60.63999938964844,81.41999816894531,2.3450000286102295
2014-08-18,7874.25,13.5,1971.739990234375,12.319999694824219,101.5999984741211,1297.699951171875,60.77299880981445,81.58000183105469,2.38700008392334
2014-08-19,7897.5,13.90999984741211,1981.5999755859375,12.210000038146973,101.55999755859375,1295.0999755859375,60.81999969482422,81.87999725341797,2.4049999713897705
2014-08-20,7875.2998046875,13.65999984741211,1986.510009765625,11.779999732971191,102.27999877929688,1293.4000244140625,60.7400016784668,82.25,2.4260001182556152
2014-08-21,7891.10009765625,13.729999542236328,1992.3699951171875,11.760000228881836,102.62999725341797,1273.699951171875,60.608001708984375,82.1500015258789,2.4070000648498535
2014-08-22,7913.2001953125,13.619999885559082,1988.4000244140625,11.470000267028809,102.29000091552734,1278.5999755859375,60.439998626708984,82.33999633789062,2.4030001163482666
2014-08-25,7906.2998046875,13.789999961853027,1997.9200439453125,11.699999809265137,102.6500015258789,1277.300048828125,60.4630012512207,82.55000305175781,2.38700008392334
2014-08-26,7904.75,13.899999618530273,2000.02001953125,11.630000114440918,102.5,1283.800048828125,60.5099983215332,82.6500015258789,2.3910000324249268
2014-08-27,7936.0498046875,13.0600004196167,2000.1199951171875,11.779999732971191,102.72000122070312,1281.9000244140625,60.428001403808594,82.43000030517578,2.3610000610351562
2014-08-28,7954.35009765625,13.069999694824219,1996.739990234375,12.050000190734863,102.45999908447266,1288.699951171875,60.448001861572266,82.4800033569336,2.3340001106262207
2014-08-29,,,2003.3699951171875,12.09000015258789,103.19000244140625,1285.800048828125,60.61000061035156,82.75,2.3429999351501465
2014-09-01,8027.7001953125,13.529999732971191,,,,,60.51300048828125,,
2014-09-02,8083.0498046875,13.449999809265137,2002.280029296875,12.25,100.33999633789062,1263.699951171875,60.52299880981445,82.98999786376953,2.4189999103546143
2014-09-03,8114.60009765625,13.390000343322754,2000.719970703125,12.359999656677246,102.7699966430664,1268.9000244140625,60.678001403808594,82.87000274658203,2.4100000858306885
2014-09-04,8095.9501953125,13.079999923706055,1997.6500244140625,12.640000343322754,101.83000183105469,1265.0999755859375,60.38999938964844,83.81999969482422,2.447999954223633
2014-09-05,8086.85009765625,12.9399995803833,2007.7099609375,12.09000015258789,100.81999969482422,1265.800048828125,60.369998931884766,83.76000213623047,2.4609999656677246
2014-09-08,8173.89990234375,12.789999961853027,2001.5400390625,12.65999984741211,100.19999694824219,1252.699951171875,60.38800048828125,84.2300033569336,2.4690001010894775
2014-09-09,8152.9501953125,12.760000228881836,1988.43994140625,13.5,99.16000366210938,1246.800048828125,60.380001068115234,84.27999877929688,2.5
2014-09-10,8094.10009765625,12.930000305175781,1995.68994140625,12.880000114440918,98.04000091552734,1243.5,60.790000915527344,84.25,2.5339999198913574
2014-09-11,8085.7001953125,12.520000457763672,1997.449951171875,12.800000190734863,98.08000183105469,1237.4000244140625,60.79999923706055,84.30000305175781,2.5309998989105225
2014-09-12,8105.5,12.369999885559082,1985.5400390625,13.3100004196167,97.11000061035156,1229.9000244140625,60.810001373291016,84.23999786376953,2.614000082015991
2014-09-15,8042.0,13.260000228881836,1984.1300048828125,14.119999885559082,96.6500015258789,1233.5999755859375,60.64799880981445,84.26000213623047,2.5910000801086426
2014-09-16,7932.89990234375,13.279999732971191,1998.97998046875,12.729999542236328,96.62999725341797,1235.199951171875,60.970001220703125,84.06999969482422,2.5889999866485596
2014-09-17,7975.5,12.949999809265137,2001.5699462890625,12.649999618530273,98.97000122070312,1234.4000244140625,61.053001403808594,84.69999694824219,2.5999999046325684
2014-09-18,8114.75,12.329999923706055,2011.3599853515625,12.029999732971191,97.69999694824219,1225.699951171875,60.90800094604492,84.31999969482422,2.628999948501587
2014-09-19,8121.4501953125,11.890000343322754,2010.4000244140625,12.109999656677246,98.38999938964844,1215.300048828125,60.689998626708984,84.80000305175781,2.5869998931884766
2014-09-22,8146.2998046875,11.569999694824219,1994.2900390625,13.6899995803833,96.97000122070312,1216.800048828125,60.85300064086914,84.66999816894531,2.565999984741211
2014-09-23,8017.5498046875,12.40999984741211,1982.77001953125,14.930000305175781,96.8499984741211,1221.0,61.0,84.66000366210938,2.5350000858306885
2014-09-24,8002.39990234375,12.539999961853027,1998.300048828125,13.270000457763672,96.94999694824219,1218.5999755859375,60.97999954223633,85.05000305175781,2.569000005722046
2014-09-25,7911.85009765625,13.300000190734863,1965.989990234375,15.640000343322754,97.0,1221.199951171875,60.810001373291016,85.19999694824219,2.510999917984009
2014-09-26,7968.85009765625,12.930000305175781,1982.8499755859375,14.850000381469727,97.0,1214.0999755859375,61.4900016784668,85.63999938964844,2.5350000858306885
2014-09-29,7958.89990234375,13.390000343322754,1977.800048828125,15.979999542236328,97.19999694824219,1217.5,61.13800048828125,85.58999633789062,2.490999937057495
2014-09-30,7964.7998046875,13.149999618530273,1972.2900390625,16.309999465942383,94.66999816894531,1210.5,61.553001403808594,85.94000244140625,2.507999897003174
2014-10-01,7945.5498046875,13.0,1946.1600341796875,16.709999084472656,94.16000366210938,1214.5999755859375,61.81999969482422,85.97000122070312,2.4030001163482666
2014-10-02,,,1946.1700439453125,16.15999984741211,93.41999816894531,1214.199951171875,61.7130012512207,85.5999984741211,2.437999963760376
2014-10-03,,,1967.9000244140625,14.550000190734863,92.30999755859375,1192.199951171875,61.439998626708984,86.69000244140625,2.447000026702881
2014-10-06,,,1964.8199462890625,15.460000038146973,92.79000091552734,1206.699951171875,61.53799819946289,85.70999908447266,2.424999952316284
2014-10-07,7852.39990234375,14.460000038146973,1935.0999755859375,17.200000762939453,92.11000061035156,1211.699951171875,61.209999084472656,85.66999816894531,2.3499999046325684
2014-10-08,7842.7001953125,14.109999656677246,1968.8900146484375,15.109999656677246,91.37999725341797,1205.300048828125,61.27000045776367,85.30000305175781,2.3299999237060547
2014-10-09,7960.5498046875,13.15999984741211,1928.2099609375,18.760000228881836,90.05000305175781,1224.5999755859375,60.880001068115234,85.5199966430664,2.3269999027252197
2014-10-10,7859.9501953125,14.329999923706055,1906.1300048828125,21.239999771118164,90.20999908447266,1221.0,61.02000045776367,85.91000366210938,2.306999921798706
2014-10-13,7884.25,14.5,1874.739990234375,24.639999389648438,88.88999938964844,1229.300048828125,61.27799987792969,85.43000030517578,2.2860000133514404
2014-10-14,7864.0,14.59000015258789,1877.699951171875,22.790000915527344,85.04000091552734,1233.5999755859375,61.00299835205078,85.81999969482422,2.2060000896453857
2014-10-15,,,1862.489990234375,25.270000457763672,83.77999877929688,1244.0999755859375,61.393001556396484,85.1500015258789,2.0899999141693115
2014-10-16,7748.2001953125,16.43000030517578,1862.760009765625,25.200000762939453,84.47000122070312,1240.5,61.37300109863281,85.0,2.1530001163482666
2014-10-17,7779.7001953125,16.399999618530273,1886.760009765625,21.989999771118164,84.54000091552734,1238.300048828125,61.722999572753906,85.19000244140625,2.1989998817443848
2014-10-20,7879.39990234375,14.1899995803833,1904.010009765625,18.56999969482422,85.4000015258789,1244.0,61.358001708984375,84.94999694824219,2.180999994277954
2014-10-21,7927.75,13.329999923706055,1941.280029296875,16.079999923706055,86.22000122070312,1251.0,61.22800064086914,85.30999755859375,2.2079999446868896
2014-10-22,7995.89990234375,13.029999732971191,1927.1099853515625,17.8700008392334,84.70999908447266,1244.800048828125,61.143001556396484,85.73999786376953,2.2290000915527344
2014-10-23,,,1950.8199462890625,16.530000686645508,86.83000183105469,1228.5,61.099998474121094,85.83999633789062,2.2750000953674316
2014-10-24,,,1964.5799560546875,16.110000610351562,86.12999725341797,1231.199951171875,61.130001068115234,85.7300033569336,2.2730000019073486
2014-10-27,7991.7001953125,13.520000457763672,1961.6300048828125,16.040000915527344,85.83000183105469,1229.0999755859375,61.16299819946289,85.5,2.256999969482422
2014-10-28,8027.60009765625,13.319999694824219,1985.050048828125,14.390000343322754,86.02999877929688,1229.199951171875,61.29800033569336,85.41000366210938,2.2839999198913574
2014-10-29,8090.4501953125,13.010000228881836,1982.300048828125,15.149999618530273,87.12000274658203,1224.300048828125,61.180999755859375,85.94999694824219,2.322999954223633
2014-10-30,8169.2001953125,13.270000457763672,1994.6500244140625,14.520000457763672,86.23999786376953,1198.0999755859375,61.28300094604492,86.1500015258789,2.305000066757202
2014-10-31,8322.2001953125,13.300000190734863,2018.050048828125,14.029999732971191,85.86000061035156,1171.0999755859375,61.43299865722656,86.87999725341797,2.3350000381469727
2014-11-03,8324.150390625,13.739999771118164,2017.81005859375,14.729999542236328,84.77999877929688,1169.4000244140625,61.39799880981445,87.30999755859375,2.3480000495910645
2014-11-04,,,2012.0999755859375,14.890000343322754,82.81999969482422,1167.4000244140625,61.41299819946289,86.9800033569336,2.3420000076293945
2014-11-05,8338.2998046875,13.760000228881836,2023.5699462890625,14.170000076293945,82.94999694824219,1145.4000244140625,61.28799819946289,87.44000244140625,2.3499999046325684
2014-11-06,,,2031.2099609375,13.670000076293945,82.86000061035156,1142.300048828125,61.369998931884766,88.01000213623047,2.375
2014-11-07,8337.0,14.109999656677246,2031.9200439453125,13.119999885559082,83.38999938964844,1169.5999755859375,61.49300003051758,87.63999938964844,2.312000036239624
2014-11-10,8344.25,13.930000305175781,2038.260009765625,12.670000076293945,82.33999633789062,1159.5999755859375,61.51300048828125,87.80999755859375,2.3589999675750732
2014-11-11,8362.650390625,14.800000190734863,2039.6800537109375,12.920000076293945,81.66999816894531,1162.800048828125,61.529998779296875,87.52999877929688,2.359999895095825
2014-11-12,8383.2998046875,14.4399995803833,2038.25,13.020000457763672,80.37999725341797,1158.9000244140625,61.4900016784668,87.81999969482422,2.3589999675750732
2014-11-13,8357.849609375,13.800000190734863,2039.3299560546875,13.789999961853027,77.91999816894531,1161.0999755859375,61.36800003051758,87.66999816894531,2.3469998836517334
2014-11-14,8389.900390625,13.970000267028809,2039.8199462890625,13.3100004196167,77.73999786376953,1185.0,61.59299850463867,87.52999877929688,2.319999933242798
2014-11-17,8430.75,14.40999984741211,2041.3199462890625,13.989999771118164,79.30999755859375,1183.0,61.70800018310547,87.93000030517578,2.3399999141693115
2014-11-18,8425.900390625,14.069999694824219,2051.800048828125,13.859999656677246,78.47000122070312,1196.699951171875,61.823001861572266,87.58000183105469,2.322000026702881
2014-11-19,8382.2998046875,14.350000381469727,2048.719970703125,13.960000038146973,78.0999984741211,1193.5999755859375,61.71799850463867,87.6500015258789,2.3510000705718994
2014-11-20,8401.900390625,14.170000076293945,2052.75,13.579999923706055,79.33000183105469,1190.699951171875,61.9379997253418,87.58999633789062,2.3350000381469727
2014-11-21,8477.349609375,13.850000381469727,2063.5,12.899999618530273,80.36000061035156,1197.5,61.92300033569336,88.30999755859375,2.315000057220459
2014-11-24,8530.150390625,13.020000457763672,2069.409912109375,12.619999885559082,79.68000030517578,1195.5,61.7599983215332,88.1500015258789,2.309999942779541
2014-11-25,8463.099609375,13.529999732971191,2067.030029296875,12.25,78.33000183105469,1197.0999755859375,61.85300064086914,87.91999816894531,2.259999990463257
2014-11-26,8475.75,12.989999771118164,2072.830078125,12.069999694824219,77.75,1196.5999755859375,61.84000015258789,87.61000061035156,2.2339999675750732
2014-11-27,8494.2001953125,12.739999771118164,,,,,61.78799819946289,,
2014-11-28,8588.25,12.899999618530273,2067.56005859375,13.329999923706055,70.1500015258789,1175.199951171875,61.85300064086914,88.36000061035156,2.194000005722046
2014-12-01,8555.900390625,13.199999809265137,2053.43994140625,14.15999984741211,72.54000091552734,1218.0,62.202999114990234,87.94999694824219,2.2179999351501465
2014-12-02,8524.7001953125,12.399999618530273,2066.550048828125,12.850000381469727,70.54000091552734,1199.199951171875,61.948001861572266,88.6500015258789,2.2850000858306885
2014-12-03,8537.650390625,12.369999885559082,2074.330078125,12.5,69.91999816894531,1208.5,61.78799819946289,88.95999908447266,2.2869999408721924
2014-12-04,8564.400390625,12.449999809265137,2071.919921875,12.380000114440918,69.63999938964844,1207.5,61.85599899291992,88.69999694824219,2.256999969482422
2014-12-05,8538.2998046875,11.949999809265137,2075.3701171875,11.890000343322754,69.06999969482422,1190.0999755859375,61.78300094604492,89.33000183105469,2.306999921798706
2014-12-08,8438.25,12.210000038146973,2060.31005859375,14.210000038146973,66.19000244140625,1194.699951171875,61.9109992980957,89.04000091552734,2.256999969482422
2014-12-09,8340.7001953125,12.5,2059.820068359375,15.350000381469727,66.83999633789062,1231.5,61.81800079345703,88.69000244140625,2.2200000286102295
2014-12-10,8355.650390625,12.239999771118164,2026.1400146484375,18.530000686645508,64.23999786376953,1228.9000244140625,61.87300109863281,88.2699966430664,2.1689999103546143
2014-12-11,8292.900390625,12.770000457763672,2035.3299560546875,20.079999923706055,63.68000030517578,1225.0999755859375,62.00299835205078,88.66000366210938,2.177999973297119
2014-12-12,8224.099609375,13.75,2002.3299560546875,21.079999923706055,61.849998474121094,1222.0,62.472999572753906,88.36000061035156,2.1029999256134033
2014-12-15,8219.599609375,14.020000457763672,1989.6300048828125,20.420000076293945,61.060001373291016,1207.199951171875,62.518001556396484,88.45999908447266,2.115999937057495
2014-12-16,8067.60009765625,16.309999465942383,1972.739990234375,23.56999969482422,59.86000061035156,1193.9000244140625,63.167999267578125,88.12999725341797,2.071000099182129
2014-12-17,8029.7998046875,16.93000030517578,2012.8900146484375,19.440000534057617,59.79999923706055,1194.300048828125,63.65299987792969,89.12999725341797,2.1480000019073486
2014-12-18,8159.2998046875,14.600000381469727,2061.22998046875,16.809999465942383,59.27000045776367,1194.699951171875,63.518001556396484,89.23999786376953,2.2039999961853027
2014-12-19,8225.2001953125,14.510000228881836,2070.64990234375,16.489999771118164,61.380001068115234,1195.9000244140625,62.983001708984375,89.5999984741211,2.1760001182556152
2014-12-22,8324.0,14.210000038146973,2078.5400390625,15.25,60.11000061035156,1179.699951171875,63.2400016784668,89.7699966430664,2.1619999408721924
2014-12-23,8267.0,15.300000190734863,2082.169921875,14.800000190734863,61.689998626708984,1177.9000244140625,63.222999572753906,90.05999755859375,2.256999969482422
2014-12-24,8174.10009765625,15.069999694824219,2081.8798828125,14.369999885559082,60.2400016784668,1173.5,63.43299865722656,89.97000122070312,2.2639999389648438
2014-12-25,,,,,,,63.400001525878906,,
2014-12-26,8200.7001953125,14.649999618530273,2088.77001953125,14.5,59.45000076293945,1195.300048828125,63.51300048828125,90.02999877929688,2.25
2014-12-29,8246.2998046875,14.579999923706055,2090.570068359375,15.0600004196167,57.880001068115234,1181.699951171875,63.59000015258789,90.19000244140625,2.2070000171661377
2014-12-30,8248.25,14.859999656677246,2080.35009765625,15.920000076293945,57.900001525878906,1200.199951171875,63.66299819946289,89.98999786376953,2.190000057220459
2014-12-31,8282.7001953125,15.119999885559082,2058.89990234375,19.200000762939453,57.33000183105469,1183.9000244140625,63.37799835205078,90.2699966430664,2.1700000762939453
2015-01-01,,15.029999732971191,,,,,63.02799987792969,,
2015-01-02,8395.4501953125,13.800000190734863,2058.199951171875,17.790000915527344,56.41999816894531,1186.0,63.02799987792969,91.08000183105469,2.122999906539917
2015-01-05,8378.400390625,14.149999618530273,2020.5799560546875,19.920000076293945,53.11000061035156,1203.9000244140625,63.27799987792969,91.37999725341797,2.0390000343322754
2015-01-06,8127.35009765625,17.420000076293945,2002.6099853515625,21.1200008392334,51.099998474121094,1219.300048828125,63.3380012512207,91.5,1.9630000591278076
2015-01-07,8102.10009765625,18.139999389648438,2025.9000244140625,19.309999465942383,51.150001525878906,1210.5999755859375,63.56800079345703,91.88999938964844,1.9539999961853027
2015-01-08,8234.599609375,16.469999313354492,2062.139892578125,17.010000228881836,50.959999084472656,1208.4000244140625,63.27299880981445,92.37000274658203,2.0160000324249268
2015-01-09,8284.5,15.960000038146973,2044.81005859375,17.549999237060547,50.11000061035156,1216.0,62.667999267578125,91.94000244140625,1.9709999561309814
2015-01-12,8323.0,16.110000610351562,2028.260009765625,19.600000381469727,47.43000030517578,1232.699951171875,62.347999572753906,91.9800033569336,1.9119999408721924
2015-01-13,8299.400390625,16.479999542236328,2023.030029296875,20.559999465942383,46.59000015258789,1234.300048828125,62.06800079345703,92.30999755859375,1.8899999856948853
2015-01-14,8277.5498046875,17.25,2011.27001953125,21.479999542236328,48.689998626708984,1234.4000244140625,61.972999572753906,92.16000366210938,1.8370000123977661
2015-01-15,8494.150390625,16.15999984741211,1992.6700439453125,22.389999389648438,47.66999816894531,1264.699951171875,62.0880012512207,92.3499984741211,1.774999976158142
2015-01-16,8513.7998046875,17.270000457763672,2019.4200439453125,20.950000762939453,47.689998626708984,1276.9000244140625,62.05799865722656,92.5199966430664,1.815000057220459
2015-01-19,8550.7001953125,17.649999618530273,,,,,61.862998962402344,,
2015-01-20,8695.599609375,17.270000457763672,2022.550048828125,19.889999389648438,47.9900016784668,1294.199951171875,61.63800048828125,93.05000305175781,1.8070000410079956
2015-01-21,8729.5,17.709999084472656,2032.1199951171875,18.850000381469727,49.029998779296875,1293.699951171875,61.64799880981445,92.9000015258789,1.8530000448226929
2015-01-22,8761.400390625,18.56999969482422,2063.14990234375,16.399999618530273,48.52000045776367,1300.699951171875,61.553001403808594,94.23999786376953,1.8960000276565552
2015-01-23,8835.599609375,17.889999389648438,2051.820068359375,16.65999984741211,48.790000915527344,1292.5999755859375,61.597999572753906,95.0,1.8170000314712524
2015-01-26,,,2057.090087890625,15.520000457763672,48.15999984741211,1279.4000244140625,61.43299865722656,94.80000305175781,1.8279999494552612
2015-01-27,8910.5,18.09000015258789,2029.550048828125,17.219999313354492,49.599998474121094,1291.699951171875,61.472999572753906,94.0199966430664,1.8250000476837158
2015-01-28,8914.2998046875,19.770000457763672,2002.1600341796875,20.440000534057617,48.470001220703125,1285.9000244140625,61.40299987792969,94.47000122070312,1.7239999771118164
2015-01-29,8952.349609375,19.43000030517578,2021.25,18.760000228881836,49.130001068115234,1254.5999755859375,61.35100173950195,94.77999877929688,1.7510000467300415
2015-01-30,8808.900390625,20.170000076293945,1994.989990234375,20.969999313354492,52.9900016784668,1278.5,61.79600143432617,94.80000305175781,1.6749999523162842
2015-02-02,8797.400390625,20.40999984741211,2020.8499755859375,19.43000030517578,54.75,1276.199951171875,62.01300048828125,94.5,1.6729999780654907
2015-02-03,8756.5498046875,19.809999465942383,2050.030029296875,17.329999923706055,57.90999984741211,1259.699951171875,61.72800064086914,93.5999984741211,1.7799999713897705
2015-02-04,8723.7001953125,20.049999237060547,2041.510009765625,18.329999923706055,54.15999984741211,1263.800048828125,61.61399841308594,93.98999786376953,1.7970000505447388
2015-02-05,8711.7001953125,20.6200008392334,2062.52001953125,16.850000381469727,56.56999969482422,1262.0,61.86000061035156,94.69999694824219,1.815000057220459
2015-02-06,8661.0498046875,20.690000534057617,2055.469970703125,17.290000915527344,57.79999923706055,1233.9000244140625,61.733001708984375,94.69999694824219,1.937999963760376
2015-02-09,8526.349609375,22.020000457763672,2046.739990234375,18.549999237060547,58.34000015258789,1240.800048828125,61.9630012512207,94.44999694824219,1.9479999542236328
2015-02-10,8565.5498046875,21.190000534057617,2068.590087890625,17.229999542236328,56.43000030517578,1231.5999755859375,62.130001068115234,94.76000213623047,1.9910000562667847
2015-02-11,8627.400390625,20.5,2068.530029296875,16.959999084472656,54.65999984741211,1219.0,62.34199905395508,94.98999786376953,1.9880000352859497
2015-02-12,8711.5498046875,20.15999984741211,2088.47998046875,15.34000015258789,57.04999923706055,1220.0999755859375,62.38199996948242,94.08999633789062,1.9859999418258667
2015-02-13,8805.5,20.100000381469727,2096.989990234375,14.6899995803833,57.38999938964844,1226.5,62.16999816894531,94.19999694824219,2.0209999084472656
2015-02-16,8809.349609375,20.829999923706055,,,,,62.069000244140625,,
2015-02-17,,,2100.340087890625,15.800000190734863,62.529998779296875,1208.0999755859375,62.18600082397461,94.05999755859375,2.1449999809265137
2015-02-18,8869.099609375,20.90999984741211,2099.679931640625,15.449999809265137,60.529998779296875,1199.699951171875,62.11199951171875,94.19999694824219,2.065999984741211
2015-02-19,8895.2998046875,20.399999618530273,2097.449951171875,15.289999961853027,60.209999084472656,1207.0999755859375,62.07400131225586,94.4000015258789,2.11299991607666
2015-02-20,8833.599609375,21.270000457763672,2110.300048828125,14.300000190734863,60.220001220703125,1204.4000244140625,62.165000915527344,94.25,2.132999897003174
2015-02-23,8754.9501953125,21.6299991607666,2109.659912109375,14.5600004196167,58.900001525878906,1200.300048828125,62.10100173950195,94.56999969482422,2.059000015258789
2015-02-24,8762.099609375,21.549999237060547,2115.47998046875,13.6899995803833,58.65999984741211,1196.9000244140625,62.17100143432617,94.48999786376953,1.9880000352859497
2015-02-25,8767.25,20.780000686645508,2113.860107421875,13.84000015258789,61.630001068115234,1201.0,62.233001708984375,94.20999908447266,1.968999981880188
2015-02-26,8683.849609375,20.579999923706055,2110.739990234375,13.90999984741211,60.04999923706055,1209.5999755859375,61.87699890136719,95.29000091552734,2.0160000324249268
2015-02-27,8844.599609375,19.56999969482422,2104.5,13.34000015258789,62.58000183105469,1212.5999755859375,61.75400161743164,95.25,2.002000093460083
2015-03-02,8956.75,15.850000381469727,2117.389892578125,13.039999961853027,59.540000915527344,1207.699951171875,61.6510009765625,95.45999908447266,2.0840001106262207
2015-03-03,8996.25,15.489999771118164,2107.780029296875,13.859999656677246,61.02000045776367,1204.0,61.9010009765625,95.37999725341797,2.121999979019165
2015-03-04,8922.650390625,15.199999809265137,2098.530029296875,14.229999542236328,60.54999923706055,1200.5999755859375,61.8129997253418,95.97000122070312,2.122999906539917
2015-03-05,8937.75,14.4399995803833,2101.0400390625,14.039999961853027,60.47999954223633,1195.9000244140625,62.30500030517578,96.37999725341797,2.111999988555908
2015-03-06,,,2071.260009765625,15.199999809265137,59.72999954223633,1164.0999755859375,62.44300079345703,97.62000274658203,2.240000009536743
2015-03-09,8756.75,15.8100004196167,2079.429931640625,15.0600004196167,58.529998779296875,1166.4000244140625,62.452999114990234,97.58999633789062,2.194999933242798
2015-03-10,8712.0498046875,15.529999732971191,2044.1600341796875,16.690000534057617,56.38999938964844,1160.0999755859375,62.67300033569336,98.62000274658203,2.125999927520752
2015-03-11,8699.9501953125,15.130000114440918,2040.239990234375,16.8700008392334,57.540000915527344,1150.699951171875,62.7130012512207,99.80000305175781,2.1089999675750732
2015-03-12,8776.0,14.75,2065.949951171875,15.420000076293945,57.08000183105469,1152.0999755859375,62.755001068115234,99.1500015258789,2.0959999561309814
2015-03-13,8647.75,14.970000267028809,2053.39990234375,16.0,54.66999816894531,1152.5999755859375,62.53499984741211,100.33000183105469,2.111999988555908
2015-03-16,8633.150390625,15.180000305175781,2081.18994140625,15.609999656677246,53.439998626708984,1153.300048828125,63.07600021362305,99.5999984741211,2.0980000495910645
2015-03-17,8723.2998046875,15.130000114440918,2074.280029296875,15.65999984741211,53.43000030517578,1148.300048828125,62.78900146484375,99.58999633789062,2.058000087738037
2015-03-18,8685.900390625,15.510000228881836,2099.5,13.970000267028809,55.90999984741211,1151.4000244140625,62.61600112915039,98.55000305175781,1.9509999752044678
2015-03-19,8634.650390625,15.199999809265137,2089.27001953125,14.069999694824219,54.43000030517578,1169.0999755859375,62.69300079345703,99.0999984741211,1.9769999980926514
2015-03-20,8570.900390625,14.260000228881836,2108.10009765625,13.020000457763672,55.31999969482422,1184.800048828125,62.483001708984375,97.91000366210938,1.9299999475479126
2015-03-23,8550.900390625,14.270000457763672,2104.419921875,13.40999984741211,55.91999816894531,1188.0,62.40299987792969,97.02999877929688,1.9149999618530273
2015-03-24,8542.9501953125,13.670000076293945,2091.5,13.619999885559082,55.11000061035156,1191.699951171875,62.222999572753906,97.19000244140625,1.878000020980835
2015-03-25,8530.7998046875,13.140000343322754,2061.050048828125,15.4399995803833,56.47999954223633,1197.300048828125,62.27799987792969,96.9800033569336,1.9199999570846558
2015-03-26,8342.150390625,15.15999984741211,2056.14990234375,15.800000190734863,59.189998626708984,1205.0999755859375,62.46200180053711,97.44000244140625,2.006999969482422
2015-03-27,8341.400390625,14.5,2061.02001953125,15.069999694824219,56.40999984741211,1199.800048828125,62.82899856567383,97.29000091552734,1.9479999542236328
2015-03-30,8492.2998046875,14.260000228881836,2086.239990234375,14.510000228881836,56.290000915527344,1184.800048828125,62.51499938964844,97.9800033569336,1.9630000591278076
2015-03-31,8491.0,14.489999771118164,2067.889892578125,15.289999961853027,55.11000061035156,1183.0999755859375,62.50899887084961,98.36000061035156,1.934000015258789
2015-04-01,8586.25,13.670000076293945,2059.68994140625,15.109999656677246,57.099998474121094,1208.0999755859375,62.305999755859375,98.19000244140625,1.8680000305175781
2015-04-02,,,2066.9599609375,14.670000076293945,54.95000076293945,1200.9000244140625,62.16899871826172,97.44000244140625,1.9040000438690186
2015-04-03,,,,,,,62.060001373291016,,
2015-04-06,8659.900390625,14.569999694824219,2080.6201171875,14.739999771118164,58.119998931884766,1218.5999755859375,62.060001373291016,97.11000061035156,1.9040000438690186
2015-04-07,8660.2998046875,14.25,2076.330078125,14.779999732971191,59.099998474121094,1210.5999755859375,62.060001373291016,97.83000183105469,1.8930000066757202
2015-04-08,8714.400390625,14.350000381469727,2081.89990234375,13.979999542236328,55.54999923706055,1203.0999755859375,62.308998107910156,98.06999969482422,1.8949999809265137
2015-04-09,8778.2998046875,14.420000076293945,2091.179931640625,13.09000015258789,56.56999969482422,1193.5999755859375,62.18199920654297,99.16000366210938,1.9579999446868896
2015-04-10,8780.349609375,14.260000228881836,2102.06005859375,12.579999923706055,57.869998931884766,1204.5999755859375,62.31399917602539,99.38999938964844,1.9509999752044678
2015-04-13,8834.0,14.489999771118164,2092.429931640625,13.9399995803833,57.93000030517578,1199.300048828125,62.26900100708008,99.48999786376953,1.9390000104904175
2015-04-14,,,2095.840087890625,13.670000076293945,58.43000030517578,1192.800048828125,62.39099884033203,98.76000213623047,1.9040000438690186
2015-04-15,,14.619999885559082,2106.6298828125,12.84000015258789,60.31999969482422,1201.5,62.31399917602539,98.33000183105469,1.899999976158142
2015-04-16,8706.7001953125,14.949999809265137,2104.989990234375,12.600000381469727,60.400001525878906,1198.0,62.38999938964844,97.41999816894531,1.878000020980835
2015-04-17,8606.0,15.039999961853027,2081.179931640625,13.890000343322754,63.45000076293945,1202.9000244140625,62.32600021362305,97.5199966430664,1.850000023841858
2015-04-20,8448.099609375,16.299999237060547,2100.39990234375,13.300000190734863,63.45000076293945,1193.5,62.542999267578125,97.94000244140625,1.8949999809265137
2015-04-21,8377.75,17.030000686645508,2097.2900390625,13.25,62.08000183105469,1202.9000244140625,63.14500045776367,97.9800033569336,1.9160000085830688
2015-04-22,8429.7001953125,17.209999084472656,2107.9599609375,12.710000038146973,62.72999954223633,1186.9000244140625,62.87799835205078,98.0199966430664,1.972000002861023
2015-04-23,8398.2998046875,18.5,2112.929931640625,12.479999542236328,64.8499984741211,1194.4000244140625,62.935001373291016,97.27999877929688,1.9470000267028809
2015-04-24,8305.25,19.110000610351562,2117.68994140625,12.289999961853027,65.27999877929688,1175.199951171875,63.2869987487793,96.91999816894531,1.9170000553131104
2015-04-27,8213.7998046875,18.739999771118164,2108.919921875,13.119999885559082,64.83000183105469,1203.300048828125,63.654998779296875,96.7699966430664,1.9240000247955322
2015-04-28,8285.599609375,17.40999984741211,2114.760009765625,12.40999984741211,64.63999938964844,1214.0,63.13999938964844,96.08999633789062,1.9730000495910645
2015-04-29,8239.75,17.239999771118164,2106.85009765625,13.390000343322754,65.83999633789062,1209.800048828125,63.03300094604492,95.12000274658203,2.0350000858306885
2015-04-30,8181.5,17.229999542236328,2085.510009765625,14.550000190734863,66.77999877929688,1182.4000244140625,63.44200134277344,94.5999984741211,2.0460000038146973
2015-05-01,,,2108.2900390625,12.699999809265137,66.45999908447266,1174.5,63.52299880981445,95.30000305175781,2.117000102996826
2015-05-04,8331.9501953125,17.309999465942383,2114.489990234375,12.850000381469727,66.44999694824219,1186.800048828125,63.52299880981445,95.4800033569336,2.134999990463257
2015-05-05,8324.7998046875,17.360000610351562,2089.4599609375,14.3100004196167,67.5199966430664,1193.199951171875,63.59299850463867,95.12999725341797,2.1760001182556152
2015-05-06,8097.0,19.670000076293945,2080.14990234375,15.149999618530273,67.7699966430664,1190.300048828125,63.34400177001953,94.12999725341797,2.240000009536743
2015-05-07,8057.2998046875,19.649999618530273,2088.0,15.130000114440918,65.54000091552734,1182.4000244140625,63.65999984741211,94.62000274658203,2.184000015258789
2015-05-08,8191.5,19.110000610351562,2116.10009765625,12.859999656677246,65.38999938964844,1189.0999755859375,64.08200073242188,94.79000091552734,2.1500000953674316
2015-05-11,8325.25,18.6299991607666,2105.330078125,13.850000381469727,64.91000366210938,1183.199951171875,63.70399856567383,95.01000213623047,2.2739999294281006
2015-05-12,8126.9501953125,20.549999237060547,2099.1201171875,13.859999656677246,66.86000061035156,1192.5999755859375,64.0199966430664,94.52999877929688,2.259999990463257
2015-05-13,8235.4501953125,20.690000534057617,2098.47998046875,13.760000228881836,66.80999755859375,1218.4000244140625,64.21099853515625,93.62000274658203,2.2820000648498535
2015-05-14,8224.2001953125,20.700000762939453,2121.10009765625,12.739999771118164,66.58999633789062,1225.4000244140625,64.04399871826172,93.36000061035156,2.239000082015991
2015-05-15,8262.349609375,19.81999969482422,2122.72998046875,12.380000114440918,66.56999969482422,1225.5,63.40800094604492,93.13999938964844,2.1410000324249268
2015-05-18,8373.650390625,17.899999618530273,2129.199951171875,12.729999542236328,66.2699966430664,1227.800048828125,63.43299865722656,94.19000244140625,2.2279999256134033
2015-05-19,8365.650390625,18.270000457763672,2127.830078125,12.850000381469727,64.0199966430664,1206.9000244140625,63.729000091552734,95.2699966430664,2.26200008392334
2015-05-20,8423.25,17.719999313354492,2125.85009765625,12.880000114440918,65.02999877929688,1208.9000244140625,63.78499984741211,95.44999694824219,2.250999927520752
2015-05-21,8421.0,17.40999984741211,2130.820068359375,12.109999656677246,66.54000091552734,1204.4000244140625,63.625,95.26000213623047,2.184999942779541
2015-05-22,8458.9501953125,16.950000762939453,2126.06005859375,12.130000114440918,65.37000274658203,1204.300048828125,63.625999450683594,96.01000213623047,2.2149999141693115
2015-05-25,8370.25,16.93000030517578,,,,,63.483001708984375,,
2015-05-26,8339.349609375,17.06999969482422,2104.199951171875,14.0600004196167,63.720001220703125,1187.199951171875,63.57099914550781,97.30000305175781,2.13700008392334
2015-05-27,8334.599609375,17.280000686645508,2123.47998046875,13.270000457763672,62.060001373291016,1185.9000244140625,63.97600173950195,97.37000274658203,2.134999990463257
2015-05-28,8319.0,17.1299991607666,2120.7900390625,13.3100004196167,62.58000183105469,1188.0999755859375,63.874000549316406,96.97000122070312,2.130000114440918
2015-05-29,8433.650390625,16.65999984741211,2107.389892578125,13.84000015258789,65.55999755859375,1189.4000244140625,63.82500076293945,96.91000366210938,2.0950000286102295
2015-06-01,8433.400390625,16.90999984741211,2111.72998046875,13.970000267028809,64.87999725341797,1188.300048828125,63.736000061035156,97.38999938964844,2.191999912261963
2015-06-02,8236.4501953125,16.81999969482422,2109.60009765625,14.239999771118164,65.48999786376953,1194.0999755859375,63.61000061035156,95.83999633789062,2.2660000324249268
2015-06-03,8135.10009765625,17.510000228881836,2114.070068359375,13.65999984741211,63.79999923706055,1184.699951171875,63.6619987487793,95.47000122070312,2.365999937057495
2015-06-04,8130.64990234375,18.1200008392334,2095.840087890625,14.710000038146973,62.029998779296875,1174.9000244140625,64.05899810791016,95.45999908447266,2.306999921798706
2015-06-05,8114.7001953125,18.09000015258789,2092.830078125,14.210000038146973,63.310001373291016,1167.800048828125,64.0009994506836,96.30999755859375,2.4019999504089355
2015-06-08,8044.14990234375,18.889999389648438,2079.280029296875,15.289999961853027,62.689998626708984,1173.199951171875,63.762001037597656,95.30000305175781,2.38100004196167
2015-06-09,8022.39990234375,18.010000228881836,2080.14990234375,14.470000267028809,64.87999725341797,1177.300048828125,63.97600173950195,95.16999816894531,2.4170000553131104
2015-06-10,8124.4501953125,17.079999923706055,2105.199951171875,13.220000267028809,65.69999694824219,1186.0999755859375,64.03800201416016,94.6500015258789,2.4779999256134033
2015-06-11,7965.35009765625,17.809999465942383,2108.860107421875,12.850000381469727,65.11000061035156,1179.9000244140625,63.79899978637695,94.9800033569336,2.382999897003174
2015-06-12,7982.89990234375,17.479999542236328,2094.110107421875,13.779999732971191,63.869998931884766,1178.800048828125,63.999000549316406,94.97000122070312,2.384999990463257
2015-06-15,8013.89990234375,17.520000457763672,2084.429931640625,15.390000343322754,62.61000061035156,1185.300048828125,64.09200286865234,94.80999755859375,2.3580000400543213
2015-06-16,8047.2998046875,17.170000076293945,2096.2900390625,14.8100004196167,62.630001068115234,1180.5,64.052001953125,95.0,2.318000078201294
2015-06-17,8091.5498046875,16.729999542236328,2100.43994140625,14.5,63.869998931884766,1176.4000244140625,64.18199920654297,94.30000305175781,2.305999994277954
2015-06-18,8174.60009765625,16.020000457763672,2121.239990234375,13.1899995803833,64.26000213623047,1201.5,64.00299835205078,94.04000091552734,2.3510000705718994
2015-06-19,8224.9501953125,15.09000015258789,2109.989990234375,13.960000038146973,63.02000045776367,1201.5,63.64500045776367,94.08999633789062,2.2669999599456787
2015-06-22,8353.099609375,15.489999771118164,2122.85009765625,12.739999771118164,63.34000015258789,1183.699951171875,63.492000579833984,94.33000183105469,2.359999895095825
2015-06-23,8381.5498046875,15.039999961853027,2124.199951171875,12.109999656677246,64.44999694824219,1176.199951171875,63.50699996948242,95.43000030517578,2.4089999198913574
2015-06-24,8360.849609375,15.920000076293945,2108.580078125,13.260000228881836,63.4900016784668,1172.5999755859375,63.599998474121094,95.26000213623047,2.371000051498413
2015-06-25,8398.0,15.930000305175781,2102.31005859375,14.010000228881836,63.20000076293945,1171.5,63.5620002746582,95.19000244140625,2.3929998874664307
2015-06-26,8381.099609375,15.760000228881836,2101.489990234375,14.020000457763672,63.2599983215332,1172.9000244140625,63.51100158691406,95.47000122070312,2.4760000705718994
2015-06-29,8318.400390625,17.299999237060547,2057.639892578125,18.850000381469727,62.0099983215332,1178.5,63.444000244140625,94.79000091552734,2.3310000896453857
2015-06-30,8368.5,16.93000030517578,2063.110107421875,18.229999542236328,63.59000015258789,1171.5,63.7239990234375,95.48999786376953,2.3350000381469727
2015-07-01,8453.0498046875,15.850000381469727,2077.419921875,16.09000015258789,62.0099983215332,1169.0,63.59000015258789,96.30999755859375,2.4179999828338623
2015-07-02,8444.900390625,15.5600004196167,2076.780029296875,16.790000915527344,62.06999969482422,1163.0,63.57400131225586,96.11000061035156,2.3929998874664307
2015-07-03,8484.900390625,16.309999465942383,,,,,63.369998931884766,,
2015-07-06,8522.150390625,16.020000457763672,2068.760009765625,17.010000228881836,56.540000915527344,1172.9000244140625,63.40399932861328,96.30000305175781,2.2780001163482666
2015-07-07,8510.7998046875,16.309999465942383,2081.340087890625,16.09000015258789,56.849998474121094,1152.4000244140625,63.3650016784668,96.87000274658203,2.2309999465942383
2015-07-08,8363.0498046875,17.790000915527344,2046.6800537109375,19.65999984741211,57.04999923706055,1163.300048828125,63.518001556396484,96.29000091552734,2.2060000896453857
2015-07-09,8328.5498046875,17.440000534057617,2051.31005859375,19.969999313354492,58.61000061035156,1159.0,63.5620002746582,96.61000061035156,2.3010001182556152
2015-07-10,8360.5498046875,17.06999969482422,2076.6201171875,16.829999923706055,58.72999954223633,1157.699951171875,63.36399841308594,96.02999877929688,2.4170000553131104
2015-07-13,8459.650390625,16.270000457763672,2099.60009765625,13.899999618530273,57.849998474121094,1155.199951171875,63.35200119018555,96.86000061035156,2.430000066757202
2015-07-14,8454.099609375,16.010000228881836,2108.949951171875,13.369999885559082,58.5099983215332,1153.300048828125,63.513999938964844,96.63999938964844,2.3989999294281006
2015-07-15,8523.7998046875,15.569999694824219,2107.39990234375,13.229999542236328,57.04999923706055,1147.199951171875,63.32400131225586,97.12999725341797,2.3499999046325684
2015-07-16,8608.0498046875,14.779999732971191,2124.2900390625,12.109999656677246,57.5099983215332,1143.800048828125,63.52399826049805,97.66000366210938,2.3519999980926514
2015-07-17,8609.849609375,14.800000190734863,2126.639892578125,11.949999809265137,57.52000045776367,1131.800048828125,63.481998443603516,97.86000061035156,2.3489999771118164
2015-07-20,8603.4501953125,14.960000038146973,2128.280029296875,12.25,56.650001525878906,1106.699951171875,63.48400115966797,98.02999877929688,2.371999979019165
2015-07-21,8529.4501953125,15.100000381469727,2119.2099609375,12.220000267028809,57.040000915527344,1103.4000244140625,63.625,97.33000183105469,2.3399999141693115
2015-07-22,8633.5,15.130000114440918,2114.14990234375,12.119999885559082,56.130001068115234,1091.4000244140625,63.58300018310547,97.5999984741211,2.322000026702881
2015-07-23,8589.7998046875,15.520000457763672,2102.14990234375,12.640000343322754,55.27000045776367,1094.0,63.66400146484375,97.12000274658203,2.2769999504089355
2015-07-24,8521.5498046875,15.460000038146973,2079.64990234375,13.739999771118164,54.619998931884766,1085.5999755859375,63.847999572753906,97.23999786376953,2.2709999084472656
2015-07-27,8361.0,16.3700008392334,2067.639892578125,15.600000381469727,53.470001220703125,1096.5,64.0999984741211,96.5,2.2279999256134033
2015-07-28,8337.0,15.920000076293945,2093.25,13.4399995803833,53.29999923706055,1096.300048828125,64.21700286865234,96.7699966430664,2.25
2015-07-29,8375.0498046875,15.880000114440918,2108.570068359375,12.5,53.380001068115234,1092.699951171875,63.8390007019043,96.9800033569336,2.2790000438690186
2015-07-30,8421.7998046875,15.329999923706055,2108.6298828125,12.130000114440918,53.310001373291016,1088.4000244140625,63.882999420166016,97.55999755859375,2.2679998874664307
2015-07-31,8532.849609375,14.569999694824219,2103.840087890625,12.119999885559082,52.209999084472656,1094.9000244140625,64.11799621582031,97.37000274658203,2.2049999237060547
2015-08-03,8543.0498046875,15.390000343322754,2098.0400390625,12.5600004196167,49.52000045776367,1089.4000244140625,63.97999954223633,97.48999786376953,2.1500000953674316
2015-08-04,8516.900390625,14.829999923706055,2093.320068359375,13.0,49.9900016784668,1090.699951171875,64.1240005493164,97.93000030517578,2.2109999656677246
2015-08-05,8567.9501953125,14.670000076293945,2099.840087890625,12.510000228881836,49.59000015258789,1085.699951171875,63.819000244140625,97.95999908447266,2.2679998874664307
2015-08-06,8588.650390625,14.729999542236328,2083.56005859375,13.770000457763672,49.52000045776367,1090.199951171875,63.69599914550781,97.83000183105469,2.2339999675750732
2015-08-07,8564.599609375,14.90999984741211,2077.570068359375,13.390000343322754,48.61000061035156,1094.0999755859375,63.733001708984375,97.55999755859375,2.174999952316284
2015-08-10,8525.599609375,15.470000267028809,2104.179931640625,12.229999542236328,50.40999984741211,1104.199951171875,63.733001708984375,97.16000366210938,2.23799991607666
2015-08-11,8462.349609375,15.890000343322754,2084.070068359375,13.710000038146973,49.18000030517578,1107.5999755859375,63.8380012512207,97.29000091552734,2.13700008392334
2015-08-12,8349.4501953125,17.450000762939453,2086.050048828125,13.609999656677246,49.65999984741211,1123.199951171875,64.32599639892578,96.26000213623047,2.130000114440918
2015-08-13,8355.849609375,17.020000457763672,2083.389892578125,13.489999771118164,49.220001220703125,1115.699951171875,64.79900360107422,96.44999694824219,2.188999891281128
2015-08-14,8518.5498046875,16.020000457763672,2091.5400390625,12.829999923706055,49.029998779296875,1112.9000244140625,65.26899719238281,96.56999969482422,2.196000099182129
2015-08-17,8477.2998046875,16.459999084472656,2102.43994140625,13.020000457763672,49.029998779296875,1118.5999755859375,65.12200164794922,96.81999969482422,2.1500000953674316
2015-08-18,8466.5498046875,16.360000610351562,2096.919921875,13.789999961853027,48.810001373291016,1117.0999755859375,65.44300079345703,96.97000122070312,2.196000099182129
2015-08-19,8495.150390625,16.68000030517578,2079.610107421875,15.25,47.15999984741211,1128.0999755859375,65.44599914550781,96.45999908447266,2.128999948501587
2015-08-20,8372.75,16.979999542236328,2035.72998046875,19.139999389648438,46.619998931884766,1153.0,65.05400085449219,95.75,2.0840001106262207
2015-08-21,8299.9501953125,17.110000610351562,1970.8900146484375,28.030000686645508,45.459999084472656,1159.5999755859375,65.46099853515625,94.83000183105469,2.053999900817871
2015-08-24,7809.0,28.1299991607666,1893.2099609375,40.7400016784668,42.689998626708984,1153.4000244140625,66.0260009765625,93.30999755859375,1.996999979019165
2015-08-25,7880.7001953125,26.850000381469727,1867.6099853515625,36.02000045776367,43.209999084472656,1138.199951171875,66.80699920654297,94.52999877929688,2.132999897003174
2015-08-26,7791.85009765625,25.520000457763672,1940.510009765625,30.31999969482422,43.13999938964844,1124.5999755859375,66.28299713134766,95.0999984741211,2.171999931335449
2015-08-27,7948.9501953125,22.040000915527344,1987.6600341796875,26.100000381469727,47.560001373291016,1122.4000244140625,66.05599975585938,95.61000061035156,2.1679999828338623
2015-08-28,8001.9501953125,23.329999923706055,1988.8699951171875,26.049999237060547,50.04999923706055,1133.0999755859375,66.05500030517578,96.11000061035156,2.186000108718872
2015-08-31,7971.2998046875,24.600000381469727,1972.1800537109375,28.43000030517578,54.150001525878906,1131.5999755859375,66.14299774169922,95.94999694824219,2.200000047683716
2015-09-01,7785.85009765625,28.719999313354492,1913.8499755859375,31.399999618530273,49.560001373291016,1138.699951171875,66.3499984741211,95.44999694824219,2.171999931335449
2015-09-02,7717.0,26.649999618530273,1948.8599853515625,26.09000015258789,50.5,1132.5,66.4229965209961,95.83000183105469,2.193000078201294
2015-09-03,7823.0,24.1200008392334,1951.1300048828125,25.610000610351562,50.68000030517578,1123.699951171875,66.22599792480469,96.41000366210938,2.1679999828338623
2015-09-04,7655.0498046875,26.420000076293945,1921.219970703125,27.799999237060547,49.61000061035156,1120.5999755859375,66.16000366210938,96.2300033569336,2.128000020980835
2015-09-07,7558.7998046875,26.350000381469727,,,,,66.6780014038086,,
2015-09-08,7688.25,24.56999969482422,1969.4100341796875,24.899999618530273,49.52000045776367,1120.4000244140625,66.8030014038086,95.87999725341797,2.194000005722046
2015-09-09,7818.60009765625,24.299999237060547,1942.0400390625,26.229999542236328,47.58000183105469,1102.199951171875,66.40599822998047,96.01000213623047,2.180999994277954
2015-09-10,7788.10009765625,24.75,1952.2900390625,24.3700008392334,48.88999938964844,1109.5,66.59700012207031,95.45999908447266,2.2219998836517334
2015-09-11,7789.2998046875,24.979999542236328,1961.050048828125,23.200000762939453,48.13999938964844,1103.5,66.31900024414062,95.19000244140625,2.183000087738037
2015-09-14,7872.25,24.31999969482422,1953.030029296875,24.25,46.369998931884766,1107.699951171875,66.23400115966797,95.25,2.180000066757202
2015-09-15,7829.10009765625,23.739999771118164,1978.0899658203125,22.540000915527344,46.630001068115234,1102.800048828125,66.31500244140625,95.61000061035156,2.2809998989105225
2015-09-16,7899.14990234375,22.0,1995.31005859375,21.350000381469727,46.61000061035156,1119.199951171875,66.43000030517578,95.41999816894531,2.302999973297119
2015-09-17,,,1990.199951171875,21.139999389648438,49.08000183105469,1117.300048828125,66.19599914550781,94.55000305175781,2.2170000076293945
2015-09-18,7981.89990234375,18.290000915527344,1958.030029296875,22.280000686645508,47.470001220703125,1138.0999755859375,66.12200164794922,94.86000061035156,2.130000114440918
2015-09-21,7977.10009765625,18.18000030517578,1966.969970703125,20.139999389648438,48.91999816894531,1133.0999755859375,65.86100006103516,95.88999938964844,2.2139999866485596
2015-09-22,7812.0,20.350000381469727,1942.739990234375,22.440000534057617,49.08000183105469,1125.0,65.73899841308594,96.27999877929688,2.125
2015-09-23,7845.9501953125,20.690000534057617,1938.760009765625,22.1299991607666,47.75,1131.5999755859375,65.875,96.06999969482422,2.1440000534057617
2015-09-24,7868.5,20.8799991607666,1932.239990234375,23.469999313354492,48.16999816894531,1153.800048828125,66.16200256347656,95.98999786376953,2.119999885559082
2015-09-25,,,1931.3399658203125,23.6200008392334,48.599998474121094,1146.0,66.22100067138672,96.2699966430664,2.1679999828338623
2015-09-28,7795.7001953125,21.670000076293945,1881.77001953125,27.6299991607666,47.34000015258789,1132.0,66.16300201416016,96.02999877929688,2.0950000286102295
2015-09-29,7843.2998046875,21.56999969482422,1884.0899658203125,26.829999923706055,48.22999954223633,1127.0999755859375,66.26000213623047,95.88999938964844,2.053999900817871
2015-09-30,7948.89990234375,19.6299991607666,1920.030029296875,24.5,48.369998931884766,1115.5,65.91999816894531,96.3499984741211,2.059999942779541
2015-10-01,7950.89990234375,19.239999771118164,1923.8199462890625,22.549999237060547,47.689998626708984,1114.199951171875,65.5270004272461,96.19000244140625,2.0420000553131104
2015-10-02,,,1951.3599853515625,20.940000534057617,48.130001068115234,1137.0999755859375,65.61799621582031,95.83000183105469,1.9889999628067017
2015-10-05,8119.2998046875,19.1299991607666,1987.050048828125,19.540000915527344,49.25,1138.0999755859375,65.35700225830078,96.11000061035156,2.055999994277954
2015-10-06,8152.89990234375,19.309999465942383,1979.9200439453125,19.399999618530273,51.91999816894531,1146.800048828125,65.12300109863281,95.45999908447266,2.0350000858306885
2015-10-07,8177.39990234375,19.34000015258789,1995.8299560546875,18.399999618530273,51.33000183105469,1149.0,65.18399810791016,95.5,2.062000036239624
2015-10-08,8129.35009765625,19.559999465942383,2013.4300537109375,17.420000076293945,53.04999923706055,1144.699951171875,64.93900299072266,95.31999969482422,2.1080000400543213
2015-10-09,8189.7001953125,18.93000030517578,2014.8900146484375,17.079999923706055,52.650001525878906,1156.300048828125,64.99500274658203,94.80999755859375,2.0989999771118164
2015-10-12,8143.60009765625,19.1200008392334,2017.4599609375,16.170000076293945,49.86000061035156,1164.9000244140625,64.77200317382812,94.83999633789062,2.0899999141693115
2015-10-13,8131.7001953125,18.020000457763672,2003.68994140625,17.670000076293945,49.2400016784668,1165.800048828125,64.78199768066406,94.76000213623047,2.055000066757202
2015-10-14,8107.89990234375,17.719999313354492,1994.239990234375,18.030000686645508,49.150001525878906,1180.0999755859375,65.08499908447266,93.93000030517578,1.9809999465942383
2015-10-15,8179.5,17.170000076293945,2023.8599853515625,16.049999237060547,48.709999084472656,1187.9000244140625,64.8489990234375,94.37000274658203,2.0230000019073486
2015-10-16,8238.150390625,16.270000457763672,2033.1099853515625,15.050000190734863,48.72999954223633,1183.5999755859375,64.78399658203125,94.54000091552734,2.0230000019073486
2015-10-19,8275.0498046875,16.8799991607666,2033.6600341796875,14.979999542236328,48.61000061035156,1173.300048828125,64.69499969482422,94.95999908447266,2.0280001163482666
2015-10-20,8261.650390625,17.0,2030.77001953125,15.75,48.709999084472656,1178.0,64.95099639892578,94.8499984741211,2.071000099182129
2015-10-21,8251.7001953125,16.6200008392334,2018.93994140625,16.700000762939453,47.849998474121094,1167.5999755859375,64.99400329589844,95.05000305175781,2.0299999713897705
2015-10-22,,,2052.510009765625,14.449999809265137,48.08000183105469,1166.5999755859375,65.15899658203125,96.33999633789062,2.0250000953674316
2015-10-23,8295.4501953125,16.190000534057617,2075.14990234375,14.460000038146973,47.9900016784668,1163.300048828125,65.05000305175781,97.06999969482422,2.0829999446868896
2015-10-26,8260.5498046875,17.229999542236328,2071.179931640625,15.289999961853027,47.540000915527344,1167.0,64.88500213623047,96.86000061035156,2.058000087738037
2015-10-27,8232.900390625,16.540000915527344,2065.889892578125,15.430000305175781,46.810001373291016,1166.800048828125,64.9010009765625,96.91000366210938,2.0280001163482666
2015-10-28,8171.2001953125,17.040000915527344,2090.35009765625,14.329999923706055,49.04999923706055,1177.0999755859375,65.06700134277344,97.77999877929688,2.0920000076293945
2015-10-29,8111.75,17.579999923706055,2089.409912109375,14.609999656677246,48.79999923706055,1147.199951171875,64.94599914550781,97.27999877929688,2.1730000972747803
2015-10-30,8065.7998046875,17.8799991607666,2079.360107421875,15.069999694824219,49.560001373291016,1141.5,65.44400024414062,96.94999694824219,2.1510000228881836
2015-11-02,8050.7998046875,19.479999542236328,2104.050048828125,14.149999618530273,48.790000915527344,1135.800048828125,65.41500091552734,96.93000030517578,2.187000036239624
2015-11-03,8060.7001953125,19.559999465942383,2109.7900390625,14.539999961853027,50.540000915527344,1114.199951171875,65.54100036621094,97.16000366210938,2.2200000286102295
2015-11-04,8040.2001953125,19.360000610351562,2102.31005859375,15.510000228881836,48.58000183105469,1106.5,65.53099822998047,97.94999694824219,2.2300000190734863
2015-11-05,7955.4501953125,19.290000915527344,2099.929931640625,15.050000190734863,47.97999954223633,1104.4000244140625,65.58499908447266,97.94000244140625,2.244999885559082
2015-11-06,7954.2998046875,19.469999313354492,2099.199951171875,14.329999923706055,47.41999816894531,1087.5999755859375,65.86000061035156,99.16000366210938,2.3329999446868896
2015-11-09,7915.2001953125,17.040000915527344,2078.580078125,16.520000457763672,47.189998626708984,1087.9000244140625,66.13300323486328,98.9800033569336,2.3420000076293945
2015-11-10,7783.35009765625,16.829999923706055,2081.719970703125,15.289999961853027,47.439998626708984,1088.199951171875,66.46800231933594,99.29000091552734,2.322000026702881
2015-11-11,,,2075.0,16.059999465942383,45.810001373291016,1084.699951171875,66.19300079345703,99.01000213623047,2.3380000591278076
2015-11-12,,,2045.969970703125,18.3700008392334,44.060001373291016,1080.800048828125,66.06300354003906,98.6500015258789,2.319000005722046
2015-11-13,7762.25,17.649999618530273,2023.0400390625,20.079999923706055,43.61000061035156,1080.800048828125,66.0479965209961,98.98999786376953,2.2799999713897705
2015-11-16,7806.60009765625,17.8799991607666,2053.18994140625,18.15999984741211,43.58000183105469,1083.699951171875,66.0510025024414,99.44000244140625,2.2730000019073486
2015-11-17,7837.5498046875,16.969999313354492,2050.43994140625,18.84000015258789,43.56999969482422,1068.699951171875,65.89700317382812,99.62999725341797,2.260999917984009
2015-11-18,7731.7998046875,17.420000076293945,2083.580078125,16.850000381469727,44.13999938964844,1068.800048828125,66.03700256347656,99.6500015258789,2.2690000534057617
2015-11-19,7842.75,15.84000015258789,2081.239990234375,16.989999771118164,44.18000030517578,1078.0,66.07499694824219,98.98999786376953,2.247999906539917
2015-11-20,7856.5498046875,15.899999618530273,2089.169921875,15.470000267028809,44.65999984741211,1076.4000244140625,66.08499908447266,99.56999969482422,2.26200008392334
2015-11-23,7849.25,17.079999923706055,2086.590087890625,15.619999885559082,44.83000183105469,1066.800048828125,66.05000305175781,99.80000305175781,2.25
2015-11-24,7831.60009765625,16.25,2089.139892578125,15.930000305175781,46.119998931884766,1074.300048828125,66.37100219726562,99.52999877929688,2.243000030517578
2015-11-25,,,2088.8701171875,15.1899995803833,46.16999816894531,1070.5,66.30000305175781,99.80000305175781,2.2320001125335693
2015-11-26,7883.7998046875,16.690000534057617,,,,,66.38200378417969,,
2015-11-27,7942.7001953125,16.729999542236328,2090.110107421875,15.119999885559082,44.86000061035156,1056.199951171875,66.55799865722656,100.0199966430664,2.2249999046325684
2015-11-30,7935.25,16.43000030517578,2080.409912109375,16.1299991607666,44.61000061035156,1065.800048828125,66.9000015258789,100.16999816894531,2.2179999351501465
2015-12-01,7954.89990234375,15.640000343322754,2102.6298828125,14.670000076293945,44.439998626708984,1063.800048828125,66.50800323486328,99.80000305175781,2.1549999713897705
2015-12-02,7931.35009765625,15.489999771118164,2079.510009765625,15.90999984741211,42.4900016784668,1054.199951171875,66.46099853515625,99.98999786376953,2.177999973297119
2015-12-03,7864.14990234375,16.059999465942383,2049.6201171875,18.110000610351562,43.84000015258789,1061.699951171875,66.55699920654297,97.62000274658203,2.3299999237060547
2015-12-04,7781.89990234375,16.09000015258789,2091.68994140625,14.8100004196167,43.0,1084.5,66.8030014038086,98.3499984741211,2.2750000953674316
2015-12-07,7765.39990234375,15.869999885559082,2077.070068359375,15.84000015258789,40.72999954223633,1076.4000244140625,66.63600158691406,98.66000366210938,2.2249999046325684
2015-12-08,7701.7001953125,15.970000267028809,2063.590087890625,17.600000381469727,40.2599983215332,1076.300048828125,66.76799774169922,98.47000122070312,2.23799991607666
2015-12-09,7612.5,16.729999542236328,2047.6199951171875,19.610000610351562,40.11000061035156,1077.5999755859375,66.83300018310547,97.3499984741211,2.2079999446868896
2015-12-10,7683.2998046875,16.290000915527344,2052.22998046875,19.34000015258789,39.72999954223633,1073.0999755859375,66.88999938964844,97.94000244140625,2.239000082015991
2015-12-11,7610.4501953125,17.18000030517578,2012.3699951171875,24.389999389648438,37.93000030517578,1076.9000244140625,66.78600311279297,97.56999969482422,2.1389999389648438
2015-12-14,7650.0498046875,17.799999237060547,2021.93994140625,22.729999542236328,37.91999816894531,1064.699951171875,67.14099884033203,97.5999984741211,2.2249999046325684
2015-12-15,7700.89990234375,17.34000015258789,2043.4100341796875,20.950000762939453,38.45000076293945,1062.9000244140625,67.07099914550781,98.22000122070312,2.2679998874664307
2015-12-16,7750.89990234375,16.729999542236328,2073.070068359375,17.860000610351562,37.189998626708984,1078.0,66.90299987792969,97.87000274658203,2.2869999408721924
2015-12-17,7844.35009765625,14.220000267028809,2041.8900146484375,18.940000534057617,37.18000030517578,1050.800048828125,66.4280014038086,99.2699966430664,2.23799991607666
2015-12-18,7761.9501953125,14.489999771118164,2005.550048828125,20.700000762939453,36.880001068115234,1066.199951171875,66.45899963378906,98.69999694824219,2.1989998817443848
2015-12-21,7834.4501953125,14.229999542236328,2021.1500244140625,18.700000762939453,36.349998474121094,1081.9000244140625,66.24800109863281,98.45999908447266,2.197000026702881
2015-12-22,7786.10009765625,14.479999542236328,2038.969970703125,16.600000381469727,36.11000061035156,1074.800048828125,66.26899719238281,98.23999786376953,2.239000082015991
2015-12-23,7865.9501953125,13.649999618530273,2064.2900390625,15.569999694824219,37.36000061035156,1069.4000244140625,66.24299621582031,98.33999633789062,2.2639999389648438
2015-12-24,7861.0498046875,13.75,2060.989990234375,15.739999771118164,37.88999938964844,1077.199951171875,66.15399932861328,97.9800033569336,2.243000030517578
2015-12-25,,,,,,,65.94000244140625,,
2015-12-28,7925.14990234375,14.399999618530273,2056.5,16.90999984741211,36.619998931884766,1070.5,65.94000244140625,97.91999816894531,2.2249999046325684
2015-12-29,7928.9501953125,14.239999771118164,2078.360107421875,16.079999923706055,37.790000915527344,1077.5,66.13400268554688,98.0999984741211,2.306999921798706
2015-12-30,7896.25,14.350000381469727,2063.360107421875,17.290000915527344,36.459999084472656,1060.0999755859375,66.26000213623047,98.2699966430664,2.302999973297119
2015-12-31,7946.35009765625,13.869999885559082,2043.93994140625,18.209999084472656,37.279998779296875,1060.300048828125,66.45500183105469,98.62999725341797,2.2690000534057617
2016-01-01,,14.260000228881836,,,,,66.19300079345703,,
2016-01-04,7791.2998046875,16.84000015258789,2012.6600341796875,20.700000762939453,37.220001220703125,1075.0999755859375,66.19300079345703,98.87000274658203,2.244999885559082
2016-01-05,7784.64990234375,16.700000762939453,2016.7099609375,19.34000015258789,36.41999816894531,1078.4000244140625,66.60099792480469,99.4000015258789,2.247999906539917
2016-01-06,7741.0,16.549999237060547,1990.260009765625,20.59000015258789,34.22999954223633,1091.9000244140625,66.52400207519531,99.18000030517578,2.177000045776367
2016-01-07,7568.2998046875,18.959999084472656,1943.0899658203125,24.989999771118164,33.75,1107.699951171875,66.7239990234375,98.22000122070312,2.1530001163482666
2016-01-08,7601.35009765625,17.799999237060547,1922.030029296875,27.010000228881836,33.54999923706055,1097.800048828125,66.9209976196289,98.54000091552734,2.130000114440918
2016-01-11,7563.85009765625,18.690000534057617,1923.6700439453125,24.299999237060547,31.549999237060547,1096.5,66.83999633789062,98.7300033569336,2.1579999923706055
2016-01-12,7510.2998046875,18.709999084472656,1938.6800537109375,22.469999313354492,30.860000610351562,1085.5999755859375,66.79299926757812,98.97000122070312,2.1019999980926514
2016-01-13,7562.39990234375,18.350000381469727,1890.280029296875,25.219999313354492,30.309999465942383,1087.5,66.91999816894531,98.93000030517578,2.065999984741211
2016-01-14,7536.7998046875,18.610000610351562,1921.8399658203125,23.950000762939453,31.030000686645508,1073.9000244140625,66.93599700927734,99.08999633789062,2.0980000495910645
2016-01-15,7437.7998046875,19.420000076293945,1880.3299560546875,27.020000457763672,31.010000228881836,1091.5,67.30400085449219,98.95999908447266,2.0329999923706055
2016-01-18,7351.0,20.229999542236328,,,,,67.76699829101562,99.12000274658203,
2016-01-19,7435.10009765625,18.43000030517578,1881.3299560546875,26.049999237060547,28.760000228881836,1089.9000244140625,67.71099853515625,98.98999786376953,2.0350000858306885
2016-01-20,7309.2998046875,20.969999313354492,1859.3299560546875,27.59000015258789,27.8799991607666,1107.0999755859375,67.76699829101562,99.08999633789062,1.9839999675750732
2016-01-21,7276.7998046875,20.809999465942383,1868.989990234375,26.690000534057617,29.25,1099.0999755859375,67.9489974975586,99.05999755859375,2.0190000534057617
2016-01-22,7422.4501953125,18.81999969482422,1906.9000244140625,22.34000015258789,32.18000030517578,1097.199951171875,67.80799865722656,99.56999969482422,2.0480000972747803
2016-01-25,7436.14990234375,18.270000457763672,1877.0799560546875,24.149999618530273,30.5,1106.199951171875,67.54100036621094,99.36000061035156,2.0220000743865967
2016-01-26,,,1903.6300048828125,22.5,31.799999237060547,1121.699951171875,67.74099731445312,99.36000061035156,1.99399995803833
2016-01-27,7437.75,19.059999465942383,1882.949951171875,23.110000610351562,33.099998474121094,1116.0999755859375,67.7699966430664,98.9000015258789,2.000999927520752
2016-01-28,7424.64990234375,17.899999618530273,1893.3599853515625,22.420000076293945,33.88999938964844,1115.5999755859375,68.19599914550781,98.51000213623047,1.9850000143051147
2016-01-29,7563.5498046875,17.239999771118164,1940.239990234375,20.200000762939453,34.7400016784668,1116.4000244140625,68.09300231933594,99.61000061035156,1.930999994277954
2016-02-01,7555.9501953125,17.889999389648438,1939.3800048828125,19.979999542236328,34.689998626708984,1127.9000244140625,67.87000274658203,99.0,1.965999960899353
2016-02-02,7455.5498046875,18.040000915527344,1903.030029296875,21.979999542236328,32.720001220703125,1127.300048828125,67.88200378417969,98.87000274658203,1.8639999628067017
2016-02-03,7361.7998046875,18.59000015258789,1912.530029296875,21.649999618530273,35.040000915527344,1141.300048828125,67.98600006103516,97.29000091552734,1.88100004196167
2016-02-04,7404.0,18.209999084472656,1915.449951171875,21.84000015258789,34.459999084472656,1157.5999755859375,67.927001953125,96.47000122070312,1.8639999628067017
2016-02-05,7489.10009765625,18.110000610351562,1880.050048828125,23.3799991607666,34.060001373291016,1157.800048828125,67.56400299072266,97.02999877929688,1.8480000495910645
2016-02-08,7387.25,20.260000228881836,1853.43994140625,26.0,32.880001068115234,1197.9000244140625,67.802001953125,96.56999969482422,1.7350000143051147
2016-02-09,7298.2001953125,21.729999542236328,1852.2099609375,26.540000915527344,30.31999969482422,1198.699951171875,68.07599639892578,96.06999969482422,1.7289999723434448
2016-02-10,7215.7001953125,22.469999313354492,1851.8599853515625,26.290000915527344,30.84000015258789,1194.699951171875,67.9280014038086,95.88999938964844,1.7050000429153442
2016-02-11,6976.35009765625,25.969999313354492,1829.0799560546875,28.139999389648438,30.059999465942383,1247.9000244140625,67.89299774169922,95.55999755859375,1.6440000534057617
2016-02-12,6980.9501953125,24.670000076293945,1864.780029296875,25.399999618530273,33.36000061035156,1239.0999755859375,68.4739990234375,95.9800033569336,1.7480000257492065
2016-02-15,7162.9501953125,22.3799991607666,,,,,68.11100006103516,,
2016-02-16,7048.25,23.040000915527344,1895.5799560546875,24.110000610351562,32.18000030517578,1207.9000244140625,68.13700103759766,96.87000274658203,1.777999997138977
2016-02-17,7108.4501953125,21.829999923706055,1926.8199462890625,22.309999465942383,34.5,1211.0999755859375,68.50599670410156,96.79000091552734,1.819000005722046
2016-02-18,7191.75,21.489999771118164,1917.8299560546875,21.639999389648438,34.279998779296875,1226.0999755859375,68.35600280761719,96.94999694824219,1.7589999437332153
2016-02-19,7210.75,20.920000076293945,1917.780029296875,20.530000686645508,33.0099983215332,1230.4000244140625,68.56600189208984,96.5999984741211,1.7480000257492065
2016-02-22,7234.5498046875,21.020000457763672,1945.5,19.3799991607666,34.689998626708984,1209.5,68.53800201416016,97.37999725341797,1.7660000324249268
2016-02-23,7109.5498046875,23.84000015258789,1921.27001953125,20.979999542236328,33.27000045776367,1222.300048828125,68.5739974975586,97.4800033569336,1.7450000047683716
2016-02-24,7018.7001953125,22.959999084472656,1929.800048828125,20.719999313354492,34.40999984741211,1238.699951171875,68.60299682617188,97.45999908447266,1.7419999837875366
2016-02-25,6970.60009765625,22.75,1951.699951171875,19.110000610351562,35.290000915527344,1238.199951171875,68.3759994506836,97.29000091552734,1.6970000267028809
2016-02-26,7029.75,21.8700008392334,1948.050048828125,19.809999465942383,35.099998474121094,1219.800048828125,68.7969970703125,98.1500015258789,1.7619999647140503
2016-02-29,6987.0498046875,20.15999984741211,1932.22998046875,20.549999237060547,35.970001220703125,1233.9000244140625,68.7300033569336,98.20999908447266,1.7400000095367432
2016-03-01,7222.2998046875,18.670000076293945,1978.3499755859375,17.700000762939453,35.959999084472656,1230.300048828125,68.21800231933594,98.3499984741211,1.8339999914169312
2016-03-02,7368.85009765625,18.989999771118164,1986.449951171875,17.09000015258789,36.93000030517578,1241.0999755859375,67.74600219726562,98.20999908447266,1.8480000495910645
2016-03-03,7475.60009765625,18.040000915527344,1993.4000244140625,16.700000762939453,37.06999969482422,1257.4000244140625,67.38800048828125,97.56999969482422,1.8300000429153442
2016-03-04,7485.35009765625,17.8799991607666,1999.989990234375,16.860000610351562,38.720001220703125,1269.9000244140625,67.14299774169922,97.33999633789062,1.8830000162124634
2016-03-07,,,2001.760009765625,17.350000381469727,40.84000015258789,1263.199951171875,66.93000030517578,97.06999969482422,1.9019999504089355
2016-03-08,7485.2998046875,18.469999313354492,1979.260009765625,18.670000076293945,39.650001525878906,1262.0999755859375,67.0459976196289,97.20999908447266,1.8320000171661377
2016-03-09,7531.7998046875,17.510000228881836,1989.260009765625,18.34000015258789,41.06999969482422,1256.5999755859375,67.35700225830078,97.16999816894531,1.8919999599456787
2016-03-10,7486.14990234375,17.899999618530273,1989.5699462890625,18.049999237060547,40.04999923706055,1272.0,67.1449966430664,96.06999969482422,1.9290000200271606
2016-03-11,7510.2001953125,17.100000381469727,2022.18994140625,16.5,40.38999938964844,1258.699951171875,67.30899810791016,96.16999816894531,1.9769999980926514
2016-03-14,7538.75,17.100000381469727,2019.6400146484375,16.920000076293945,39.529998779296875,1244.4000244140625,66.91300201416016,96.62000274658203,1.9630000591278076
2016-03-15,7460.60009765625,17.600000381469727,2015.9300537109375,16.84000015258789,38.7400016784668,1230.4000244140625,67.17400360107422,96.62999725341797,1.9589999914169312
2016-03-16,7498.75,17.110000610351562,2027.219970703125,14.989999771118164,40.33000183105469,1229.300048828125,67.35900115966797,95.88999938964844,1.937999963760376
2016-03-17,7512.5498046875,16.84000015258789,2040.5899658203125,14.4399995803833,41.540000915527344,1264.5,66.83000183105469,94.76000213623047,1.902999997138977
2016-03-18,7604.35009765625,16.3799991607666,2049.580078125,14.020000457763672,41.20000076293945,1253.800048828125,66.61199951171875,94.98999786376953,1.871000051498413
2016-03-21,7704.25,16.329999923706055,2051.60009765625,13.789999961853027,41.540000915527344,1243.800048828125,66.3759994506836,95.29000091552734,1.9229999780654907
2016-03-22,7714.89990234375,16.43000030517578,2049.800048828125,14.170000076293945,41.790000915527344,1248.199951171875,66.5199966430664,95.6500015258789,1.934999942779541
2016-03-23,7716.5,16.350000381469727,2036.7099609375,14.9399995803833,40.470001220703125,1223.699951171875,66.76399993896484,96.05000305175781,1.875
2016-03-24,,,2035.93994140625,14.739999771118164,40.439998626708984,1221.4000244140625,66.9020004272461,96.13999938964844,1.899999976158142
2016-03-25,,,,,,,66.90699768066406,,
2016-03-28,7615.10009765625,17.489999771118164,2037.050048828125,15.239999771118164,40.27000045776367,1219.9000244140625,66.90699768066406,95.94000244140625,1.8700000047683716
2016-03-29,7597.0,17.639999389648438,2055.010009765625,13.819999694824219,39.13999938964844,1235.5999755859375,66.90699768066406,95.16000366210938,1.8140000104904175
2016-03-30,7735.2001953125,16.809999465942383,2063.949951171875,13.5600004196167,39.2599983215332,1226.9000244140625,66.36799621582031,94.83999633789062,1.8300000429153442
2016-03-31,7738.39990234375,16.579999923706055,2059.739990234375,13.949999809265137,39.599998474121094,1234.199951171875,66.36799621582031,94.58999633789062,1.7860000133514404
2016-04-01,7713.0498046875,17.280000686645508,2072.780029296875,13.100000381469727,39.65999984741211,1222.199951171875,66.24800109863281,94.62000274658203,1.7920000553131104
2016-04-04,7758.7998046875,17.450000762939453,2066.1298828125,14.119999885559082,37.689998626708984,1218.0,66.35800170898438,94.51000213623047,1.7790000438690186
2016-04-05,7603.2001953125,17.829999923706055,2045.1700439453125,15.420000076293945,37.869998931884766,1228.4000244140625,66.13300323486328,94.62999725341797,1.7269999980926514
2016-04-06,7614.35009765625,17.350000381469727,2066.659912109375,14.09000015258789,39.84000015258789,1222.5,66.46800231933594,94.43000030517578,1.7549999952316284
2016-04-07,7546.4501953125,16.93000030517578,2041.9100341796875,16.15999984741211,39.43000030517578,1236.199951171875,66.53299713134766,94.4800033569336,1.690999984741211
2016-04-08,7555.2001953125,16.43000030517578,2047.5999755859375,15.359999656677246,41.939998626708984,1242.5,66.77899932861328,94.23999786376953,1.7200000286102295
2016-04-11,7671.39990234375,16.010000228881836,2041.989990234375,16.260000228881836,42.83000183105469,1256.699951171875,66.54399871826172,93.94999694824219,1.7239999771118164
2016-04-12,7708.9501953125,16.020000457763672,2061.719970703125,14.850000381469727,44.689998626708984,1259.4000244140625,66.29000091552734,93.95999908447266,1.781000018119812
2016-04-13,7850.4501953125,16.040000915527344,2082.419921875,13.84000015258789,44.18000030517578,1246.800048828125,66.31500244140625,94.73999786376953,1.7619999647140503
2016-04-14,,,2082.780029296875,13.720000267028809,43.84000015258789,1225.0,66.5250015258789,94.9000015258789,1.781000018119812
2016-04-15,,,2080.72998046875,13.619999885559082,43.099998474121094,1233.0999755859375,66.63700103759766,94.69999694824219,1.7519999742507935
2016-04-18,7914.7001953125,16.950000762939453,2094.340087890625,13.350000381469727,42.90999984741211,1233.5999755859375,66.65299987792969,94.48999786376953,1.7730000019073486
2016-04-19,,,2100.800048828125,13.239999771118164,44.029998779296875,1253.0,66.40899658203125,93.9800033569336,1.7829999923706055
2016-04-20,7914.75,17.079999923706055,2102.39990234375,13.279999732971191,45.79999923706055,1253.199951171875,66.22200012207031,94.48999786376953,1.8539999723434448
2016-04-21,7912.0498046875,16.510000228881836,2091.47998046875,13.949999809265137,44.529998779296875,1249.0,66.2040023803711,94.5999984741211,1.8700000047683716
2016-04-22,7899.2998046875,16.3799991607666,2091.580078125,13.220000267028809,45.11000061035156,1228.699951171875,66.51200103759766,95.12000274658203,1.8880000114440918
2016-04-25,7855.0498046875,16.56999969482422,2087.7900390625,14.079999923706055,44.47999954223633,1238.9000244140625,66.65299987792969,94.83999633789062,1.9019999504089355
2016-04-26,7962.64990234375,16.579999923706055,2091.699951171875,13.960000038146973,45.7400016784668,1242.199951171875,66.70500183105469,94.56999969482422,1.930999994277954
2016-04-27,7979.89990234375,16.350000381469727,2095.14990234375,13.770000457763672,47.18000030517578,1249.199951171875,66.45700073242188,94.38999938964844,1.8600000143051147
2016-04-28,7847.25,16.600000381469727,2075.81005859375,15.220000267028809,48.13999938964844,1265.5,66.3550033569336,93.76000213623047,1.8380000591278076
2016-04-29,7849.7998046875,16.540000915527344,2065.300048828125,15.699999809265137,48.130001068115234,1289.199951171875,66.43800354003906,93.08000183105469,1.819000005722046
2016-05-02,7805.89990234375,17.09000015258789,2081.429931640625,14.680000305175781,48.099998474121094,1294.699951171875,66.41799926757812,92.62999725341797,1.8650000095367432
2016-05-03,7747.0,17.459999084472656,2063.3701171875,15.600000381469727,46.75,1290.699951171875,66.37100219726562,92.94000244140625,1.7999999523162842
2016-05-04,7706.5498046875,17.450000762939453,2051.1201171875,16.049999237060547,44.619998931884766,1273.300048828125,66.59200286865234,93.18000030517578,1.784000039100647
2016-05-05,7735.5,17.170000076293945,2050.6298828125,15.90999984741211,45.0099983215332,1271.4000244140625,66.62000274658203,93.77999877929688,1.746999979019165
2016-05-06,7733.4501953125,16.950000762939453,2057.139892578125,14.720000267028809,45.369998931884766,1292.9000244140625,66.60199737548828,93.88999938964844,1.7790000438690186
2016-05-09,7866.0498046875,16.610000610351562,2058.68994140625,14.569999694824219,43.630001068115234,1265.5999755859375,66.59400177001953,94.1500015258789,1.7599999904632568
2016-05-10,7887.7998046875,16.420000076293945,2084.389892578125,13.630000114440918,45.52000045776367,1263.9000244140625,66.72100067138672,94.29000091552734,1.7599999904632568
2016-05-11,7848.85009765625,16.959999084472656,2064.4599609375,14.6899995803833,47.599998474121094,1274.5999755859375,66.66600036621094,93.81999969482422,1.7369999885559082
2016-05-12,7900.39990234375,16.329999923706055,2064.110107421875,14.40999984741211,48.08000183105469,1270.300048828125,66.59100341796875,94.13999938964844,1.7569999694824219
2016-05-13,7814.89990234375,17.0,2046.6099853515625,15.039999961853027,47.83000183105469,1271.9000244140625,66.7509994506836,94.61000061035156,1.7050000429153442
2016-05-16,7860.75,17.030000686645508,2066.659912109375,14.680000305175781,48.970001220703125,1273.4000244140625,66.9000015258789,94.56999969482422,1.753000020980835
2016-05-17,7890.75,16.3700008392334,2047.2099609375,15.569999694824219,49.279998779296875,1276.199951171875,66.875,94.55000305175781,1.7589999437332153
2016-05-18,7870.14990234375,16.450000762939453,2047.6300048828125,15.949999809265137,48.93000030517578,1273.699951171875,66.86799621582031,95.08000183105469,1.8799999952316284
2016-05-19,7783.39990234375,17.059999465942383,2040.0400390625,16.329999923706055,48.810001373291016,1254.199951171875,67.16000366210938,95.29000091552734,1.8450000286102295
2016-05-20,7749.7001953125,16.43000030517578,2052.320068359375,15.199999809265137,48.720001220703125,1252.4000244140625,67.47699737548828,95.30999755859375,1.8489999771118164
2016-05-23,7731.0498046875,16.15999984741211,2048.0400390625,15.819999694824219,48.349998474121094,1251.0999755859375,67.4229965209961,95.2300033569336,1.8380000591278076
2016-05-24,7748.85009765625,16.219999313354492,2076.06005859375,14.420000076293945,48.61000061035156,1228.9000244140625,67.447998046875,95.56999969482422,1.8589999675750732
2016-05-25,7934.89990234375,15.520000457763672,2090.5400390625,13.899999618530273,49.7400016784668,1223.5,67.6510009765625,95.3499984741211,1.8700000047683716
2016-05-26,8069.64990234375,15.329999923706055,2090.10009765625,13.430000305175781,49.59000015258789,1220.0999755859375,67.30400085449219,95.16999816894531,1.8229999542236328
2016-05-27,8156.64990234375,15.260000228881836,2099.06005859375,13.119999885559082,49.31999969482422,1213.800048828125,66.9540023803711,95.5199966430664,1.8509999513626099
2016-05-30,8178.5,15.979999542236328,,,,,67.02400207519531,,
2016-05-31,8160.10009765625,16.049999237060547,2096.949951171875,14.1899995803833,49.689998626708984,1214.800048828125,67.13300323486328,95.88999938964844,1.8339999914169312
2016-06-01,8179.9501953125,15.84000015258789,2099.330078125,14.199999809265137,49.709999084472656,1211.9000244140625,67.23100280761719,95.45999908447266,1.8459999561309814
2016-06-02,8218.9501953125,15.09000015258789,2105.260009765625,13.630000114440918,50.040000915527344,1209.800048828125,67.4260025024414,95.55999755859375,1.8109999895095825
2016-06-03,8220.7998046875,15.0,2099.1298828125,13.470000267028809,49.63999938964844,1240.0999755859375,67.29199981689453,94.02999877929688,1.7039999961853027
2016-06-06,8201.0498046875,15.359999656677246,2109.409912109375,13.649999618530273,50.54999923706055,1244.5999755859375,66.99199676513672,93.9000015258789,1.7230000495910645
2016-06-07,8266.4501953125,14.869999885559082,2112.1298828125,14.050000190734863,51.439998626708984,1244.4000244140625,66.8010025024414,93.83000183105469,1.7130000591278076
2016-06-08,8273.0498046875,15.140000343322754,2119.1201171875,14.079999923706055,52.5099983215332,1259.800048828125,66.76300048828125,93.58999633789062,1.7059999704360962
2016-06-09,8203.599609375,15.670000076293945,2115.47998046875,14.640000343322754,51.95000076293945,1270.199951171875,66.51000213623047,94.0999984741211,1.6799999475479126
2016-06-10,8170.0498046875,15.970000267028809,2096.070068359375,17.030000686645508,50.540000915527344,1273.4000244140625,66.74099731445312,94.5999984741211,1.6390000581741333
2016-06-13,8110.60009765625,16.579999923706055,2079.06005859375,20.969999313354492,50.349998474121094,1284.4000244140625,66.94499969482422,94.37000274658203,1.6160000562667847
2016-06-14,8108.85009765625,17.190000534057617,2075.320068359375,20.5,49.83000183105469,1285.5999755859375,67.15399932861328,94.93000030517578,1.6109999418258667
2016-06-15,8206.599609375,17.059999465942383,2071.5,20.139999389648438,48.970001220703125,1285.800048828125,67.2979965209961,94.61000061035156,1.5959999561309814
2016-06-16,8140.75,17.700000762939453,2077.989990234375,19.3700008392334,47.189998626708984,1296.0999755859375,67.072998046875,94.56999969482422,1.5640000104904175
2016-06-17,8170.2001953125,17.350000381469727,2071.219970703125,19.40999984741211,49.16999816894531,1292.5,67.30699920654297,94.20999908447266,1.6180000305175781
2016-06-20,8238.5,17.520000457763672,2083.25,18.3700008392334,50.650001525878906,1290.0,67.06600189208984,93.61000061035156,1.6699999570846558
2016-06-21,8219.900390625,17.260000228881836,2088.89990234375,18.479999542236328,50.619998931884766,1270.5,67.12999725341797,94.0199966430664,1.6970000267028809
2016-06-22,8203.7001953125,18.18000030517578,2085.449951171875,21.170000076293945,49.880001068115234,1268.0,67.60600280761719,93.72000122070312,1.684999942779541
2016-06-23,8270.4501953125,18.020000457763672,2113.320068359375,17.25,50.90999984741211,1261.199951171875,67.4219970703125,93.52999877929688,1.7389999628067017
2016-06-24,8088.60009765625,18.6299991607666,2037.4100341796875,25.760000228881836,48.40999984741211,1320.0,67.24199676513672,95.44999694824219,1.5789999961853027
2016-06-27,8094.7001953125,18.530000686645508,2000.5400390625,23.850000381469727,47.15999984741211,1322.5,67.87699890136719,96.54000091552734,1.4600000381469727
2016-06-28,8127.85009765625,17.729999542236328,2036.0899658203125,18.75,48.58000183105469,1315.300048828125,67.9209976196289,96.25,1.4609999656677246
2016-06-29,8204.0,16.15999984741211,2070.77001953125,16.639999389648438,50.61000061035156,1323.9000244140625,67.70500183105469,95.7699966430664,1.4769999980926514
2016-06-30,8287.75,16.290000915527344,2098.860107421875,15.630000114440918,49.68000030517578,1318.4000244140625,67.41600036621094,96.13999938964844,1.4880000352859497
2016-07-01,8328.349609375,15.739999771118164,2102.949951171875,14.770000457763672,49.84000015258789,1336.699951171875,67.5009994506836,95.6500015258789,1.4559999704360962
2016-07-04,8370.7001953125,15.579999923706055,,,,,67.18199920654297,,
2016-07-05,8335.9501953125,15.359999656677246,2088.550048828125,15.579999923706055,47.959999084472656,1356.4000244140625,67.23699951171875,96.16999816894531,1.3669999837875366
2016-07-06,,,2099.72998046875,14.960000038146973,48.79999923706055,1364.9000244140625,67.4260025024414,96.05999755859375,1.3849999904632568
2016-07-07,8337.900390625,15.3100004196167,2097.89990234375,14.760000228881836,46.400001525878906,1360.0999755859375,67.4010009765625,96.33000183105469,1.3869999647140503
2016-07-08,8323.2001953125,15.079999923706055,2129.89990234375,13.199999809265137,46.7599983215332,1356.5999755859375,67.49700164794922,96.30000305175781,1.3660000562667847
2016-07-11,8467.900390625,14.850000381469727,2137.159912109375,13.539999961853027,46.25,1355.0,67.13200378417969,96.56999969482422,1.434000015258789
2016-07-12,8521.0498046875,14.779999732971191,2152.139892578125,13.550000190734863,48.470001220703125,1334.0999755859375,67.1449966430664,96.44000244140625,1.5130000114440918
2016-07-13,8519.5,15.329999923706055,2152.429931640625,13.039999961853027,46.2599983215332,1342.4000244140625,66.87000274658203,96.22000122070312,1.468000054359436
2016-07-14,8565.0,15.609999656677246,2163.75,12.819999694824219,47.369998931884766,1331.300048828125,67.00599670410156,96.08000183105469,1.531000018119812
2016-07-15,8541.400390625,15.640000343322754,2161.739990234375,12.670000076293945,47.61000061035156,1326.5,66.83799743652344,96.58000183105469,1.593999981880188
2016-07-18,8508.7001953125,15.989999771118164,2166.889892578125,12.4399995803833,46.959999084472656,1328.4000244140625,67.13300323486328,96.55999755859375,1.5870000123977661
2016-07-19,8528.5498046875,15.800000190734863,2163.780029296875,11.970000267028809,46.65999984741211,1331.5,67.13899993896484,97.05000305175781,1.5579999685287476
2016-07-20,8565.849609375,15.989999771118164,2173.02001953125,11.770000457763672,47.16999816894531,1318.800048828125,67.20600128173828,97.19999694824219,1.5800000429153442
2016-07-21,8510.099609375,15.710000038146973,2165.169921875,12.739999771118164,46.20000076293945,1330.5,67.16400146484375,97.0,1.565000057220459
2016-07-22,8541.2001953125,15.5,2175.030029296875,12.020000457763672,45.689998626708984,1323.0999755859375,67.15399932861328,97.47000122070312,1.5700000524520874
2016-07-25,8635.650390625,15.720000267028809,2168.47998046875,12.869999885559082,44.720001220703125,1319.300048828125,67.14600372314453,97.29000091552734,1.5709999799728394
2016-07-26,8590.650390625,15.619999885559082,2169.179931640625,13.050000190734863,44.869998931884766,1320.699951171875,67.40499877929688,97.16000366210938,1.562999963760376
2016-07-27,8615.7998046875,15.430000305175781,2166.580078125,12.829999923706055,43.470001220703125,1326.5999755859375,67.28399658203125,97.05000305175781,1.5149999856948853
2016-07-28,8666.2998046875,15.149999618530273,2170.06005859375,12.720000267028809,42.70000076293945,1332.300048828125,67.06300354003906,96.73999786376953,1.5110000371932983
2016-07-29,8638.5,14.920000076293945,2173.60009765625,11.869999885559082,42.459999084472656,1349.0,67.00700378417969,95.52999877929688,1.4579999446868896
2016-08-01,8636.5498046875,15.180000305175781,2170.840087890625,12.4399995803833,42.45000076293945,1351.4000244140625,66.64800262451172,95.70999908447266,1.496000051498413
2016-08-02,8622.900390625,15.6899995803833,2157.030029296875,13.369999885559082,41.79999923706055,1364.4000244140625,66.7509994506836,95.05999755859375,1.5369999408721924
2016-08-03,8544.849609375,16.239999771118164,2163.7900390625,12.859999656677246,43.099998474121094,1356.0999755859375,66.6760025024414,95.55999755859375,1.5420000553131104
2016-08-04,8551.099609375,15.140000343322754,2164.25,12.420000076293945,44.290000915527344,1358.800048828125,66.76000213623047,95.76000213623047,1.503000020980835
2016-08-05,8683.150390625,14.350000381469727,2182.8701171875,11.390000343322754,44.27000045776367,1336.4000244140625,66.84100341796875,96.19000244140625,1.5820000171661377
2016-08-08,8711.349609375,14.59000015258789,2180.889892578125,11.5,45.38999938964844,1333.4000244140625,66.83499908447266,96.4000015258789,1.5829999446868896
2016-08-09,8678.25,14.539999961853027,2181.739990234375,11.65999984741211,44.97999954223633,1339.0,66.79399871826172,96.18000030517578,1.5449999570846558
2016-08-10,8575.2998046875,14.920000076293945,2175.489990234375,12.050000190734863,44.04999923706055,1344.300048828125,66.78299713134766,95.6500015258789,1.5089999437332153
2016-08-11,8592.150390625,14.210000038146973,2185.7900390625,11.680000305175781,46.040000915527344,1342.5,66.75800323486328,95.86000061035156,1.5729999542236328
2016-08-12,,13.770000457763672,2184.050048828125,11.550000190734863,46.970001220703125,1335.800048828125,66.73999786376953,95.72000122070312,1.5149999856948853
2016-08-15,,,2190.14990234375,11.8100004196167,48.349998474121094,1340.300048828125,66.89959716796875,95.62999725341797,1.5529999732971191
2016-08-16,8642.5498046875,14.180000305175781,2178.14990234375,12.640000343322754,49.22999954223633,1350.5,66.86489868164062,94.79000091552734,1.5759999752044678
2016-08-17,8624.0498046875,14.779999732971191,2182.219970703125,12.1899995803833,49.849998474121094,1342.699951171875,66.85769653320312,94.72000122070312,1.5609999895095825
2016-08-18,8673.25,14.550000190734863,2187.02001953125,11.430000305175781,50.88999938964844,1351.199951171875,66.90550231933594,94.16000366210938,1.5360000133514404
2016-08-19,8666.900390625,14.539999961853027,2183.8701171875,11.34000015258789,50.880001068115234,1340.4000244140625,66.81999969482422,94.51000213623047,1.5779999494552612
2016-08-22,8629.150390625,14.239999771118164,2182.639892578125,12.270000457763672,49.15999984741211,1337.699951171875,67.12750244140625,94.5199966430664,1.5390000343322754
2016-08-23,8632.599609375,13.899999618530273,2186.89990234375,12.380000114440918,49.959999084472656,1340.5999755859375,67.1874008178711,94.54000091552734,1.5529999732971191
2016-08-24,8650.2998046875,13.489999771118164,2175.43994140625,13.449999809265137,49.04999923706055,1324.4000244140625,67.12999725341797,94.79000091552734,1.559000015258789
2016-08-25,8592.2001953125,13.289999961853027,2172.469970703125,13.630000114440918,49.66999816894531,1320.0999755859375,67.16000366210938,94.7699966430664,1.5770000219345093
2016-08-26,8572.5498046875,13.569999694824219,2169.0400390625,13.649999618530273,49.91999816894531,1321.5,67.00559997558594,95.56999969482422,1.6349999904632568
2016-08-29,8607.4501953125,13.170000076293945,2180.3798828125,12.9399995803833,49.2599983215332,1322.9000244140625,67.12899780273438,95.58000183105469,1.565999984741211
2016-08-30,8744.349609375,13.020000457763672,2176.1201171875,13.119999885559082,48.369998931884766,1311.699951171875,67.08999633789062,96.05000305175781,1.5700000524520874
2016-08-31,8786.2001953125,13.239999771118164,2170.949951171875,13.420000076293945,47.040000915527344,1306.9000244140625,67.12660217285156,96.0199966430664,1.5679999589920044
2016-09-01,8774.650390625,13.34000015258789,2170.860107421875,13.479999542236328,47.04999923706055,1312.199951171875,66.97470092773438,95.6500015258789,1.5700000524520874
2016-09-02,8809.650390625,12.9399995803833,2179.97998046875,11.979999542236328,46.83000183105469,1322.0999755859375,66.79299926757812,95.87999725341797,1.5959999561309814
2016-09-05,,,,,,,66.57279968261719,,
2016-09-06,8943.0,12.75,2186.47998046875,12.020000457763672,47.2599983215332,1349.4000244140625,66.45999908447266,94.81999969482422,1.5429999828338623
2016-09-07,8917.9501953125,13.149999618530273,2186.159912109375,11.9399995803833,47.97999954223633,1344.300048828125,66.25520324707031,94.95999908447266,1.5410000085830688
2016-09-08,8952.5,13.119999885559082,2181.300048828125,12.510000228881836,49.9900016784668,1336.800048828125,66.47160339355469,95.02999877929688,1.6160000562667847
2016-09-09,8866.7001953125,13.229999542236328,2127.81005859375,17.5,48.0099983215332,1330.0999755859375,66.44999694824219,95.33999633789062,1.6720000505447388
2016-09-12,8715.599609375,15.239999771118164,2159.0400390625,15.15999984741211,48.31999969482422,1321.0,66.77799987792969,95.0999984741211,1.6720000505447388
2016-09-13,,,2127.02001953125,17.850000381469727,47.099998474121094,1319.0,66.7229995727539,95.62999725341797,1.7339999675750732
2016-09-14,8726.599609375,14.760000228881836,2125.77001953125,18.139999389648438,45.849998474121094,1321.5,66.99500274658203,95.33000183105469,1.6890000104904175
2016-09-15,8742.5498046875,14.680000305175781,2147.260009765625,16.299999237060547,46.59000015258789,1313.5,66.75810241699219,95.29000091552734,1.7029999494552612
2016-09-16,8779.849609375,14.579999923706055,2139.159912109375,15.369999885559082,45.77000045776367,1305.800048828125,66.85030364990234,96.11000061035156,1.7009999752044678
2016-09-19,8808.400390625,14.9399995803833,2139.1201171875,15.529999732971191,45.95000076293945,1313.5,67.06529998779297,95.83999633789062,1.6959999799728394
2016-09-20,8775.900390625,14.779999732971191,2139.760009765625,15.920000076293945,45.880001068115234,1313.699951171875,66.9552001953125,96.0199966430664,1.687999963760376
2016-09-21,8777.150390625,14.8100004196167,2163.1201171875,13.300000190734863,46.83000183105469,1326.9000244140625,66.9749984741211,95.66000366210938,1.6679999828338623
2016-09-22,8867.4501953125,13.34000015258789,2177.179931640625,12.020000457763672,47.650001525878906,1340.4000244140625,66.76119995117188,95.44999694824219,1.6319999694824219
2016-09-23,8831.5498046875,13.25,2164.68994140625,12.289999961853027,45.88999938964844,1337.199951171875,66.62259674072266,95.4800033569336,1.6150000095367432
2016-09-26,8723.0498046875,14.569999694824219,2146.10009765625,14.5,47.349998474121094,1339.699951171875,66.69650268554688,95.30999755859375,1.5889999866485596
2016-09-27,8706.400390625,14.25,2159.929931640625,13.100000381469727,45.970001220703125,1325.9000244140625,66.60649871826172,95.44000244140625,1.555999994277954
2016-09-28,8745.150390625,13.850000381469727,2171.3701171875,12.390000343322754,48.689998626708984,1319.4000244140625,66.44129943847656,95.43000030517578,1.5670000314712524
2016-09-29,8591.25,18.450000762939453,2151.1298828125,14.020000457763672,49.2400016784668,1321.699951171875,66.33280181884766,95.54000091552734,1.5570000410079956
2016-09-30,8611.150390625,17.18000030517578,2168.27001953125,13.289999961853027,49.060001373291016,1313.300048828125,66.81629943847656,95.45999908447266,1.6080000400543213
2016-10-03,8738.099609375,15.619999885559082,2161.199951171875,13.569999694824219,49.099998474121094,1309.0,66.54650115966797,95.75,1.621999979019165
2016-10-04,8769.150390625,14.989999771118164,2150.489990234375,13.630000114440918,50.869998931884766,1266.300048828125,66.38030242919922,96.12000274658203,1.6829999685287476
2016-10-05,8743.9501953125,14.930000305175781,2159.72998046875,12.989999771118164,51.86000061035156,1265.199951171875,66.5780029296875,96.12999725341797,1.715999960899353
2016-10-06,8709.5498046875,14.84000015258789,2160.77001953125,12.84000015258789,52.5099983215332,1249.800048828125,66.56320190429688,96.66000366210938,1.7419999837875366
2016-10-07,8697.599609375,14.489999771118164,2153.739990234375,13.479999542236328,51.93000030517578,1248.9000244140625,66.68710327148438,96.5199966430664,1.7359999418258667
2016-10-10,8708.7998046875,14.289999961853027,2163.659912109375,13.380000114440918,,,66.59120178222656,,1.7230000495910645
2016-10-11,,,2136.72998046875,15.359999656677246,52.40999984741211,1253.0,66.48509979248047,97.69999694824219,1.7589999437332153
2016-10-12,,,2139.179931640625,15.90999984741211,51.810001373291016,1251.0999755859375,66.79850006103516,97.97000122070312,1.777999997138977
2016-10-13,8573.349609375,15.430000305175781,2132.550048828125,16.690000534057617,52.029998779296875,1255.0,66.81809997558594,97.5199966430664,1.7380000352859497
2016-10-14,8583.400390625,14.890000343322754,2132.97998046875,16.1200008392334,51.95000076293945,1253.0999755859375,66.78399658203125,98.0199966430664,1.7940000295639038
2016-10-17,8520.400390625,15.65999984741211,2126.5,16.209999084472656,51.52000045776367,1254.4000244140625,66.7052993774414,97.88999938964844,1.7660000324249268
2016-10-18,8677.900390625,14.539999961853027,2139.60009765625,15.279999732971191,51.68000030517578,1260.800048828125,66.78359985351562,97.9000015258789,1.7489999532699585
2016-10-19,8659.099609375,14.609999656677246,2144.2900390625,14.40999984741211,52.66999816894531,1267.9000244140625,66.73799896240234,97.87000274658203,1.7519999742507935
2016-10-20,8699.400390625,14.170000076293945,2141.340087890625,13.75,51.380001068115234,1265.5999755859375,66.63639831542969,98.31999969482422,1.746999979019165
2016-10-21,8693.0498046875,13.829999923706055,2141.159912109375,13.34000015258789,51.779998779296875,1265.9000244140625,66.84130096435547,98.69999694824219,1.7400000095367432
2016-10-24,8708.9501953125,14.329999923706055,2151.330078125,13.020000457763672,51.459999084472656,1262.0,66.91120147705078,98.66999816894531,1.7630000114440918
2016-10-25,8691.2998046875,14.479999542236328,2143.159912109375,13.460000038146973,50.790000915527344,1271.9000244140625,66.83399963378906,98.72000122070312,1.7580000162124634
2016-10-26,8615.25,14.449999809265137,2139.429931640625,14.239999771118164,49.97999954223633,1264.800048828125,66.78130340576172,98.62999725341797,1.7899999618530273
2016-10-27,8615.25,14.09000015258789,2133.0400390625,15.359999656677246,50.470001220703125,1267.9000244140625,66.86399841308594,98.88999938964844,1.843000054359436
2016-10-28,8638.0,14.649999618530273,2126.409912109375,16.190000534057617,49.709999084472656,1275.5,66.90299987792969,98.3499984741211,1.8450000286102295
2016-10-31,,,2126.14990234375,17.059999465942383,48.29999923706055,1271.5,66.78140258789062,98.44999694824219,1.8339999914169312
2016-11-01,8626.25,15.739999771118164,2111.719970703125,18.559999465942383,48.33000183105469,1286.4000244140625,66.66549682617188,97.69999694824219,1.8200000524520874
2016-11-02,8514.0,16.799999237060547,2097.93994140625,19.31999969482422,46.86000061035156,1306.800048828125,66.67849731445312,97.4000015258789,1.7990000247955322
2016-11-03,8484.9501953125,16.469999313354492,2088.659912109375,22.079999923706055,46.349998474121094,1302.0999755859375,66.77749633789062,97.16000366210938,1.812000036239624
2016-11-04,8433.75,16.850000381469727,2085.179931640625,22.510000228881836,45.58000183105469,1303.300048828125,66.68450164794922,97.06999969482422,1.7829999923706055
2016-11-07,8497.0498046875,16.510000228881836,2131.52001953125,18.709999084472656,46.150001525878906,1278.300048828125,66.7853012084961,97.77999877929688,1.8279999494552612
2016-11-08,8543.5498046875,16.770000457763672,2139.56005859375,18.739999771118164,46.040000915527344,1273.4000244140625,66.73500061035156,97.86000061035156,1.8619999885559082
2016-11-09,8432.0,16.6200008392334,2163.260009765625,14.380000114440918,46.36000061035156,1272.5999755859375,66.22949981689453,98.5,2.072000026702881
2016-11-10,8525.75,15.460000038146973,2167.47998046875,14.739999771118164,45.84000015258789,1265.5,66.50749969482422,98.79000091552734,2.117000102996826
2016-11-11,8296.2998046875,17.360000610351562,2164.449951171875,14.170000076293945,,,67.2145004272461,,
2016-11-14,,,2164.199951171875,14.479999542236328,44.43000030517578,1221.199951171875,67.54679870605469,100.11000061035156,2.2219998836517334
2016-11-15,8108.4501953125,20.149999618530273,2180.389892578125,13.369999885559082,46.95000076293945,1224.0,67.77549743652344,100.19000244140625,2.23799991607666
2016-11-16,8111.60009765625,19.5,2176.93994140625,13.720000267028809,46.630001068115234,1223.4000244140625,67.74800109863281,100.41000366210938,2.2230000495910645
2016-11-17,8079.9501953125,18.709999084472656,2187.1201171875,13.350000381469727,46.4900016784668,1216.5,67.98149871826172,100.88999938964844,2.2760000228881836
2016-11-18,8074.10009765625,17.809999465942383,2181.89990234375,12.850000381469727,46.86000061035156,1208.5,67.97480010986328,101.20999908447266,2.3350000381469727
2016-11-21,7929.10009765625,19.100000381469727,2198.179931640625,12.420000076293945,48.900001525878906,1209.5999755859375,68.16999816894531,101.05000305175781,2.3389999866485596
2016-11-22,8002.2998046875,18.469999313354492,2202.93994140625,12.40999984741211,49.119998931884766,1211.0,68.21549987792969,101.04000091552734,2.321000099182129
2016-11-23,8033.2998046875,18.040000915527344,2204.719970703125,12.430000305175781,48.95000076293945,1189.0999755859375,68.385498046875,101.69999694824219,2.3570001125335693
2016-11-24,7965.5,17.15999984741211,,,,,68.79850006103516,,
2016-11-25,8114.2998046875,17.610000610351562,2213.35009765625,12.34000015258789,47.2400016784668,1178.199951171875,68.74549865722656,101.48999786376953,2.371999979019165
2016-11-28,8126.89990234375,18.059999465942383,2201.719970703125,13.149999618530273,48.2400016784668,1190.5999755859375,68.50849914550781,101.33000183105469,2.319999933242798
2016-11-29,8142.14990234375,17.709999084472656,2204.659912109375,12.899999618530273,46.380001068115234,1187.9000244140625,68.55549621582031,100.93000030517578,2.302000045776367
2016-11-30,8224.5,16.850000381469727,2198.81005859375,13.329999923706055,50.470001220703125,1170.800048828125,68.60800170898438,101.5,2.368000030517578
2016-12-01,8192.900390625,16.690000534057617,2191.080078125,14.069999694824219,50.459999084472656,1166.9000244140625,68.58799743652344,101.04000091552734,2.440999984741211
2016-12-02,8086.7998046875,17.93000030517578,2191.949951171875,14.119999885559082,54.459999084472656,1175.0999755859375,68.21649932861328,100.7699966430664,2.390000104904175
2016-12-05,8128.75,17.290000915527344,2204.7099609375,12.140000343322754,54.939998626708984,1174.0,68.0114974975586,100.13999938964844,2.38700008392334
2016-12-06,8143.14990234375,17.110000610351562,2212.22998046875,11.789999961853027,53.93000030517578,1167.5999755859375,68.01249694824219,100.48999786376953,2.3959999084472656
2016-12-07,8102.0498046875,16.850000381469727,2241.35009765625,12.220000267028809,53.0,1175.0,67.72200012207031,100.2300033569336,2.3469998836517334
2016-12-08,8246.849609375,15.529999732971191,2246.18994140625,12.640000343322754,53.88999938964844,1169.800048828125,67.43150329589844,101.06999969482422,2.38700008392334
2016-12-09,8261.75,15.069999694824219,2259.530029296875,11.75,54.33000183105469,1159.4000244140625,67.40599822998047,101.56999969482422,2.4639999866485596
2016-12-12,8170.7998046875,16.190000534057617,2256.9599609375,12.640000343322754,55.689998626708984,1163.5,67.46050262451172,100.95999908447266,2.4790000915527344
2016-12-13,8221.7998046875,15.920000076293945,2271.719970703125,12.720000267028809,55.720001220703125,1156.699951171875,67.41799926757812,101.02999877929688,2.4809999465942383
2016-12-14,8182.4501953125,16.59000015258789,2253.280029296875,13.1899995803833,53.900001525878906,1161.300048828125,67.3864974975586,102.0,2.5250000953674316
2016-12-15,8153.60009765625,15.65999984741211,2262.030029296875,12.789999961853027,54.02000045776367,1127.800048828125,67.81999969482422,103.12999725341797,2.5799999237060547
2016-12-16,8139.4501953125,15.25,2258.070068359375,12.199999809265137,55.209999084472656,1135.300048828125,67.84500122070312,102.94999694824219,2.5969998836517334
2016-12-19,8104.35009765625,14.84000015258789,2262.530029296875,11.710000038146973,54.91999816894531,1140.5,67.83499908447266,103.13999938964844,2.5420000553131104
2016-12-20,8082.39990234375,14.539999961853027,2270.760009765625,11.449999809265137,55.349998474121094,1131.5,67.84020233154297,103.29000091552734,2.568000078201294
2016-12-21,8061.2998046875,14.710000038146973,2265.179931640625,11.270000457763672,54.459999084472656,1131.0999755859375,67.89700317382812,103.0199966430664,2.5460000038146973
2016-12-22,7979.10009765625,15.550000190734863,2260.9599609375,11.430000305175781,55.04999923706055,1128.800048828125,67.82550048828125,103.08999633789062,2.552999973297119
2016-12-23,7985.75,15.130000114440918,2263.7900390625,11.4399995803833,55.15999984741211,1131.9000244140625,67.83799743652344,103.01000213623047,2.5429999828338623
2016-12-26,7908.25,16.600000381469727,,,,,67.83080291748047,,
2016-12-27,8032.85009765625,15.079999923706055,2268.8798828125,11.989999771118164,56.09000015258789,1137.300048828125,67.77200317382812,103.0199966430664,2.562999963760376
2016-12-28,8034.85009765625,15.539999961853027,2249.919921875,12.949999809265137,56.220001220703125,1139.4000244140625,67.96800231933594,103.26000213623047,2.50600004196167
2016-12-29,8103.60009765625,15.279999732971191,2249.260009765625,13.369999885559082,56.13999938964844,1156.4000244140625,68.20500183105469,102.68000030517578,2.4769999980926514
2016-12-30,8185.7998046875,15.470000267028809,2238.830078125,14.039999961853027,56.130001068115234,1150.0,67.93299865722656,102.38999938964844,2.446000099182129
2017-01-02,8179.5,15.829999923706055,,,,,67.9448013305664,,
2017-01-03,8192.25,15.960000038146973,2257.830078125,12.850000381469727,55.470001220703125,1160.4000244140625,68.13390350341797,103.20999908447266,2.450000047683716
2017-01-04,8190.5,15.890000343322754,2270.75,11.850000381469727,56.459999084472656,1163.800048828125,68.2697982788086,102.69999694824219,2.4519999027252197
2017-01-05,8273.7998046875,15.050000190734863,2269.0,11.670000076293945,56.88999938964844,1179.699951171875,67.885498046875,101.5199966430664,2.368000030517578
2017-01-06,8243.7998046875,14.90999984741211,2276.97998046875,11.319999694824219,57.099998474121094,1171.9000244140625,67.73300170898438,102.22000122070312,2.4179999828338623
2017-01-09,8236.0498046875,15.479999542236328,2268.89990234375,11.5600004196167,54.939998626708984,1183.5,68.1426010131836,101.93000030517578,2.375999927520752
2017-01-10,8288.599609375,15.199999809265137,2268.89990234375,11.489999771118164,53.63999938964844,1184.199951171875,68.09700012207031,102.01000213623047,2.378999948501587
2017-01-11,8380.650390625,14.8100004196167,2275.320068359375,11.260000228881836,55.099998474121094,1195.5999755859375,68.31800079345703,101.77999877929688,2.369999885559082
2017-01-12,8407.2001953125,14.609999656677246,2270.43994140625,11.539999961853027,56.0099983215332,1198.9000244140625,68.13999938964844,101.3499984741211,2.3610000610351562
2017-01-13,8400.349609375,14.380000114440918,2274.639892578125,11.229999542236328,55.45000076293945,1195.300048828125,68.12950134277344,101.18000030517578,2.380000114440918
2017-01-16,8412.7998046875,15.069999694824219,,,,,68.15779876708984,,
2017-01-17,8398.0,15.390000343322754,2267.889892578125,11.869999885559082,55.470001220703125,1212.0,68.09459686279297,100.33000183105469,2.3269999027252197
2017-01-18,8417.0,15.180000305175781,2271.889892578125,12.479999542236328,53.91999816894531,1211.300048828125,67.89949798583984,100.93000030517578,2.3889999389648438
2017-01-19,8435.099609375,15.020000457763672,2263.68994140625,12.779999732971191,54.15999984741211,1200.9000244140625,68.197998046875,101.1500015258789,2.4590001106262207
2017-01-20,8349.349609375,15.789999961853027,2271.31005859375,11.539999961853027,55.4900016784668,1204.300048828125,68.09030151367188,100.73999786376953,2.4670000076293945
2017-01-23,8391.5,15.90999984741211,2265.199951171875,11.770000457763672,55.22999954223633,1215.0,68.07720184326172,100.16000366210938,2.4030001163482666
2017-01-24,8475.7998046875,15.289999961853027,2280.070068359375,11.069999694824219,55.439998626708984,1210.300048828125,68.05139923095703,100.3499984741211,2.4709999561309814
2017-01-25,8602.75,15.170000076293945,2298.3701171875,10.8100004196167,55.08000183105469,1197.300048828125,68.16449737548828,100.02999877929688,2.5230000019073486
2017-01-26,,,2296.679931640625,10.630000114440918,56.2400016784668,1189.5,67.9729995727539,100.37999725341797,2.507999897003174
2017-01-27,8641.25,16.010000228881836,2294.68994140625,10.579999923706055,55.52000045776367,1188.0999755859375,68.14900207519531,100.52999877929688,2.4809999465942383
2017-01-30,8632.75,16.670000076293945,2280.89990234375,11.880000114440918,55.22999954223633,1193.199951171875,68.11000061035156,100.43000030517578,2.4830000400543213
2017-01-31,8561.2998046875,16.829999923706055,2278.8701171875,11.989999771118164,55.70000076293945,1208.5999755859375,67.82099914550781,99.51000213623047,2.4509999752044678
2017-02-01,8716.400390625,13.970000267028809,2279.550048828125,11.8100004196167,55.65999984741211,1205.5999755859375,67.50160217285156,99.63999938964844,2.4739999771118164
2017-02-02,8734.25,13.520000457763672,2280.85009765625,11.930000305175781,56.560001373291016,1216.699951171875,67.39540100097656,99.8499984741211,2.4700000286102295
2017-02-03,8740.9501953125,13.130000114440918,2297.419921875,10.970000267028809,56.810001373291016,1218.5,67.2656021118164,99.87000274658203,2.490999937057495
2017-02-06,8801.0498046875,13.399999618530273,2292.56005859375,11.369999885559082,55.720001220703125,1230.0,67.15730285644531,99.91000366210938,2.4130001068115234
2017-02-07,8768.2998046875,13.510000228881836,2293.080078125,11.289999961853027,55.04999923706055,1234.199951171875,67.19529724121094,100.26000213623047,2.3889999389648438
2017-02-08,8769.0498046875,13.350000381469727,2294.669921875,11.449999809265137,55.119998931884766,1237.5999755859375,67.34049987792969,100.27999877929688,2.3510000705718994
2017-02-09,8778.400390625,13.239999771118164,2307.8701171875,10.880000114440918,55.630001068115234,1235.0999755859375,66.96430206298828,100.6500015258789,2.3949999809265137
2017-02-10,8793.5498046875,13.180000305175781,2316.10009765625,10.850000381469727,56.70000076293945,1234.4000244140625,66.74530029296875,100.80000305175781,2.4089999198913574
2017-02-13,8805.0498046875,13.6899995803833,2328.25,11.069999694824219,55.59000015258789,1224.4000244140625,66.84369659423828,100.95999908447266,2.434000015258789
2017-02-14,8792.2998046875,13.800000190734863,2337.580078125,10.739999771118164,55.970001220703125,1223.9000244140625,66.91539764404297,101.25,2.4700000286102295
2017-02-15,8724.7001953125,14.210000038146973,2349.25,11.970000267028809,55.75,1231.699951171875,66.7759017944336,101.18000030517578,2.502000093460083
2017-02-16,8778.0,13.729999542236328,2347.219970703125,11.760000228881836,55.650001525878906,1240.0,66.8655014038086,100.44000244140625,2.450000047683716
2017-02-17,8821.7001953125,13.430000305175781,2351.159912109375,11.489999771118164,55.810001373291016,1237.5999755859375,67.16480255126953,100.94999694824219,2.424999952316284
2017-02-20,8879.2001953125,13.609999656677246,,,,,67.06520080566406,,
2017-02-21,8907.849609375,13.529999732971191,2365.3798828125,11.569999694824219,56.65999984741211,1237.5,66.96499633789062,101.37000274658203,2.427000045776367
2017-02-22,8926.900390625,13.699999809265137,2362.820068359375,11.739999771118164,55.84000015258789,1232.0,66.96510314941406,101.33000183105469,2.4179999828338623
2017-02-23,8939.5,13.399999618530273,2363.81005859375,11.710000038146973,56.58000183105469,1250.199951171875,66.91429901123047,101.05000305175781,2.388000011444092
2017-02-24,,,2367.340087890625,11.470000267028809,55.9900016784668,1256.9000244140625,66.68280029296875,101.08999633789062,2.316999912261963
2017-02-27,8896.7001953125,13.680000305175781,2369.75,12.09000015258789,55.93000030517578,1257.4000244140625,66.63500213623047,101.12999725341797,2.36899995803833
2017-02-28,8879.599609375,13.789999961853027,2363.639892578125,12.920000076293945,55.59000015258789,1252.5999755859375,66.69319915771484,101.12000274658203,2.3580000400543213
2017-03-01,8945.7998046875,13.579999923706055,2395.9599609375,12.539999961853027,55.599998474121094,1248.9000244140625,66.7051010131836,101.77999877929688,2.4630000591278076
2017-03-02,8899.75,13.359999656677246,2381.919921875,11.8100004196167,55.08000183105469,1231.9000244140625,66.85800170898438,102.19999694824219,2.489000082015991
2017-03-03,8897.5498046875,13.350000381469727,2383.1201171875,10.960000038146973,55.900001525878906,1225.5,66.84510040283203,101.54000091552734,2.492000102996826
2017-03-06,8963.4501953125,13.640000343322754,2375.31005859375,11.239999771118164,56.0099983215332,1224.5,66.77300262451172,101.63999938964844,2.49399995803833
2017-03-07,8946.900390625,13.880000114440918,2368.389892578125,11.449999809265137,55.91999816894531,1215.0999755859375,66.66470336914062,101.80999755859375,2.510999917984009
2017-03-08,8924.2998046875,14.079999923706055,2362.97998046875,11.859999656677246,53.11000061035156,1208.5,66.61620330810547,102.06999969482422,2.552000045776367
2017-03-09,8927.0,14.390000343322754,2364.8701171875,12.300000190734863,52.189998626708984,1202.4000244140625,66.76499938964844,101.8499984741211,2.5980000495910645
2017-03-10,8934.5498046875,13.960000038146973,2372.60009765625,11.65999984741211,51.369998931884766,1200.699951171875,66.68049621582031,101.25,2.5820000171661377
2017-03-13,,,2373.469970703125,11.350000381469727,51.349998474121094,1202.4000244140625,66.48500061035156,101.37999725341797,2.6080000400543213
2017-03-14,9087.0,12.399999618530273,2365.449951171875,12.300000190734863,50.91999816894531,1201.9000244140625,66.17009735107422,101.69999694824219,2.5950000286102295
2017-03-15,9084.7998046875,12.420000076293945,2385.260009765625,11.630000114440918,51.810001373291016,1200.0999755859375,65.77510070800781,100.73999786376953,2.507999897003174
2017-03-16,9153.7001953125,11.90999984741211,2381.3798828125,11.210000038146973,51.7400016784668,1226.5,65.62049865722656,100.2699966430664,2.5220000743865967
2017-03-17,9160.0498046875,11.850000381469727,2378.25,11.279999732971191,51.7599983215332,1229.800048828125,65.40450286865234,100.30000305175781,2.500999927520752
2017-03-20,9126.849609375,12.020000457763672,2373.469970703125,11.34000015258789,51.619998931884766,1233.5999755859375,65.46810150146484,100.41000366210938,2.4730000495910645
2017-03-21,9121.5,11.9399995803833,2344.02001953125,12.470000267028809,50.959999084472656,1246.0999755859375,65.33529663085938,99.80999755859375,2.436000108718872
2017-03-22,9030.4501953125,12.270000457763672,2348.449951171875,12.8100004196167,50.63999938964844,1249.300048828125,65.49500274658203,99.68000030517578,2.3959999084472656
2017-03-23,9086.2998046875,11.84000015258789,2345.9599609375,13.119999885559082,50.560001373291016,1246.9000244140625,65.36499786376953,99.76000213623047,2.4179999828338623
2017-03-24,9108.0,11.979999542236328,2343.97998046875,12.960000038146973,50.79999923706055,1248.199951171875,65.44439697265625,99.62999725341797,2.4000000953674316
2017-03-27,9045.2001953125,12.4399995803833,2341.590087890625,12.5,50.75,1255.4000244140625,65.39309692382812,99.16999816894531,2.372999906539917
2017-03-28,9100.7998046875,12.119999885559082,2358.570068359375,11.529999732971191,51.33000183105469,1255.300048828125,65.04499816894531,99.70999908447266,2.4089999198913574
2017-03-29,9143.7998046875,12.09000015258789,2361.1298828125,11.420000076293945,52.41999816894531,1253.4000244140625,65.11000061035156,100.0,2.385999917984009
2017-03-30,9173.75,12.149999618530273,2368.06005859375,11.539999961853027,52.959999084472656,1245.0,64.77999877929688,100.41000366210938,2.4159998893737793
2017-03-31,9173.75,12.420000076293945,2362.719970703125,12.369999885559082,52.83000183105469,1247.300048828125,64.79000091552734,100.3499984741211,2.3959999084472656
2017-04-03,9237.849609375,11.489999771118164,2358.840087890625,12.380000114440918,53.119998931884766,1250.800048828125,64.79669952392578,100.54000091552734,2.3499999046325684
2017-04-04,,,2360.159912109375,11.789999961853027,54.16999816894531,1255.0,64.87750244140625,100.54000091552734,2.3499999046325684
2017-04-05,9265.150390625,11.550000190734863,2352.949951171875,12.890000343322754,54.36000061035156,1245.4000244140625,65.05000305175781,100.55999755859375,2.3570001125335693
2017-04-06,9261.9501953125,11.289999961853027,2357.489990234375,12.390000343322754,54.88999938964844,1250.300048828125,65.04000091552734,100.66999816894531,2.3429999351501465
2017-04-07,9198.2998046875,11.6899995803833,2355.5400390625,12.869999885559082,55.2400016784668,1254.300048828125,64.58000183105469,101.18000030517578,2.372999906539917
2017-04-10,9181.4501953125,11.619999885559082,2357.159912109375,14.050000190734863,55.97999954223633,1251.0999755859375,64.26000213623047,101.0199966430664,2.3610000610351562
2017-04-11,9237.0,11.399999618530273,2353.780029296875,15.069999694824219,56.22999954223633,1271.199951171875,64.57499694824219,100.70999908447266,2.2980000972747803
2017-04-12,9203.4501953125,11.630000114440918,2344.929931640625,15.770000457763672,55.86000061035156,1275.300048828125,64.62999725341797,100.77999877929688,2.2960000038146973
2017-04-13,9150.7998046875,11.579999923706055,2328.949951171875,15.960000038146973,55.88999938964844,1285.9000244140625,64.5,100.55999755859375,2.2320001125335693
2017-04-14,,,,,,,64.44999694824219,,
2017-04-17,9139.2998046875,11.890000343322754,2349.010009765625,14.65999984741211,55.36000061035156,1289.4000244140625,64.45369720458984,100.30000305175781,2.252000093460083
2017-04-18,9105.150390625,12.380000114440918,2342.18994140625,14.420000076293945,54.88999938964844,1291.699951171875,64.4083023071289,99.5,2.178999900817871
2017-04-19,9103.5,12.220000267028809,2338.169921875,14.930000305175781,52.93000030517578,1281.4000244140625,64.56999969482422,99.73999786376953,2.2019999027252197
2017-04-20,9136.400390625,11.5600004196167,2355.840087890625,14.149999618530273,52.9900016784668,1281.9000244140625,64.64669799804688,99.77999877929688,2.240999937057495
2017-04-21,9119.400390625,11.420000076293945,2348.68994140625,14.630000114440918,51.959999084472656,1287.4000244140625,64.66000366210938,99.9800033569336,2.236999988555908
2017-04-24,9217.9501953125,11.630000114440918,2374.14990234375,10.84000015258789,51.599998474121094,1275.800048828125,64.63999938964844,99.08999633789062,2.2730000019073486
2017-04-25,9306.599609375,11.15999984741211,2388.610107421875,10.760000228881836,52.099998474121094,1265.5999755859375,64.38999938964844,98.81999969482422,2.3269999027252197
2017-04-26,9351.849609375,11.739999771118164,2387.449951171875,10.850000381469727,51.81999969482422,1262.0999755859375,64.3499984741211,98.95999908447266,2.311000108718872
2017-04-27,9342.150390625,11.069999694824219,2388.77001953125,10.359999656677246,51.439998626708984,1263.699951171875,64.0199966430664,99.08000183105469,2.2960000038146973
2017-04-28,9304.0498046875,10.859999656677246,2384.199951171875,10.819999694824219,51.72999954223633,1266.0999755859375,64.05999755859375,99.05000305175781,2.2820000648498535
2017-05-01,,,2388.330078125,10.109999656677246,51.52000045776367,1253.300048828125,64.25830078125,99.13999938964844,2.325000047683716
2017-05-02,9313.7998046875,11.449999809265137,2391.169921875,10.59000015258789,50.459999084472656,1255.0999755859375,64.18000030517578,98.9800033569336,2.2960000038146973
2017-05-03,9311.9501953125,11.529999732971191,2388.1298828125,10.680000305175781,50.790000915527344,1246.4000244140625,64.06999969482422,99.20999908447266,2.309000015258789
2017-05-04,9359.900390625,11.329999923706055,2389.52001953125,10.460000038146973,48.380001068115234,1226.5,64.20999908447266,98.76000213623047,2.3559999465942383
2017-05-05,9285.2998046875,11.989999771118164,2399.2900390625,10.569999694824219,49.099998474121094,1224.800048828125,64.16999816894531,98.6500015258789,2.3519999980926514
2017-05-08,9314.0498046875,11.670000076293945,2399.3798828125,9.770000457763672,49.34000015258789,1225.300048828125,64.30799865722656,99.1500015258789,2.375999927520752
2017-05-09,9316.849609375,11.109999656677246,2396.919921875,9.960000038146973,48.72999954223633,1214.300048828125,64.41179656982422,99.58999633789062,2.4070000648498535
2017-05-10,9407.2998046875,10.949999809265137,2399.6298828125,10.210000038146973,50.220001220703125,1217.300048828125,64.63999938964844,99.66999816894531,2.4140000343322754
2017-05-11,9422.400390625,10.84000015258789,2394.43994140625,10.600000381469727,50.77000045776367,1222.699951171875,64.55000305175781,99.62000274658203,2.4000000953674316
2017-05-12,9400.900390625,10.630000114440918,2390.89990234375,10.399999618530273,50.84000015258789,1226.199951171875,64.36000061035156,99.25,2.3350000381469727
2017-05-15,9445.400390625,10.680000305175781,2402.320068359375,10.420000076293945,51.81999969482422,1228.5999755859375,64.16549682617188,98.91000366210938,2.3380000591278076
2017-05-16,9512.25,10.5600004196167,2400.669921875,10.649999618530273,51.650001525878906,1235.0,64.03829956054688,98.11000061035156,2.3289999961853027
2017-05-17,9525.75,10.640000343322754,2357.030029296875,15.59000015258789,52.209999084472656,1257.5,63.900001525878906,97.41999816894531,2.2160000801086426
2017-05-18,9429.4501953125,11.789999961853027,2365.719970703125,14.65999984741211,52.5099983215332,1251.699951171875,64.2300033569336,97.87999725341797,2.2330000400543213
2017-05-19,9427.900390625,11.300000190734863,2381.72998046875,12.039999961853027,53.61000061035156,1252.699951171875,64.87110137939453,97.1500015258789,2.244999885559082
2017-05-22,9438.25,11.199999809265137,2394.02001953125,10.930000305175781,53.869998931884766,1260.699951171875,64.44850158691406,96.9800033569336,2.253999948501587
2017-05-23,9386.150390625,12.199999809265137,2398.419921875,10.720000267028809,54.150001525878906,1254.800048828125,64.50019836425781,97.3499984741211,2.2850000858306885
2017-05-24,9360.5498046875,11.829999923706055,2404.389892578125,10.020000457763672,53.959999084472656,1252.4000244140625,64.88520050048828,97.23999786376953,2.2660000324249268
2017-05-25,9509.75,10.449999809265137,2415.070068359375,9.989999771118164,51.459999084472656,1255.800048828125,64.76010131835938,97.25,2.255000114440918
2017-05-26,9595.099609375,10.859999656677246,2415.820068359375,9.8100004196167,52.150001525878906,1267.5999755859375,64.54540252685547,97.4000015258789,2.25
2017-05-29,9604.900390625,11.789999961853027,,,,,64.51319885253906,,
2017-05-30,9624.5498046875,11.770000457763672,2412.909912109375,10.380000114440918,51.84000015258789,1262.0999755859375,64.50859832763672,97.27999877929688,2.2170000076293945
2017-05-31,9621.25,11.760000228881836,2411.800048828125,10.40999984741211,50.310001373291016,1272.0,64.61859893798828,96.91999816894531,2.196000099182129
2017-06-01,9616.099609375,11.3100004196167,2430.06005859375,9.890000343322754,50.33000183105469,1267.0,64.5000991821289,97.19999694824219,2.2170000076293945
2017-06-02,9653.5,10.8100004196167,2439.070068359375,9.75,49.95000076293945,1276.800048828125,64.37229919433594,96.72000122070312,2.1589999198913574
2017-06-05,9675.099609375,11.020000457763672,2436.10009765625,10.069999694824219,49.470001220703125,1279.300048828125,64.40499877929688,96.80000305175781,2.181999921798706
2017-06-06,9637.150390625,11.130000114440918,2429.330078125,10.449999809265137,50.119998931884766,1294.4000244140625,64.34400177001953,96.63999938964844,2.1470000743865967
2017-06-07,9663.900390625,10.890000343322754,2433.139892578125,10.390000343322754,48.060001373291016,1290.0999755859375,64.42050170898438,96.75,2.177999973297119
2017-06-08,9647.25,11.069999694824219,2433.7900390625,10.15999984741211,47.86000061035156,1276.300048828125,64.41829681396484,96.91999816894531,2.194000005722046
2017-06-09,9668.25,10.859999656677246,2431.77001953125,10.699999809265137,48.150001525878906,1268.5,64.243896484375,97.2699966430664,2.1989998817443848
2017-06-12,9616.400390625,11.420000076293945,2429.389892578125,11.460000038146973,48.290000915527344,1266.0999755859375,64.37699890136719,97.13999938964844,2.2130000591278076
2017-06-13,9606.900390625,11.34000015258789,2440.35009765625,10.420000076293945,48.720001220703125,1265.800048828125,64.46910095214844,96.9800033569336,2.2070000171661377
2017-06-14,9618.150390625,11.180000305175781,2437.919921875,10.640000343322754,47.0,1272.800048828125,64.35749816894531,96.94000244140625,2.138000011444092
2017-06-15,9578.0498046875,11.329999923706055,2432.4599609375,10.899999618530273,46.91999816894531,1252.199951171875,64.16580200195312,97.43000030517578,2.1619999408721924
2017-06-16,9588.0498046875,10.920000076293945,2433.14990234375,10.380000114440918,47.369998931884766,1254.0,64.55999755859375,97.16000366210938,2.1570000648498535
2017-06-19,9657.5498046875,10.630000114440918,2453.4599609375,10.369999885559082,46.90999984741211,1244.199951171875,64.3949966430664,97.52999877929688,2.190000057220459
2017-06-20,9653.5,10.65999984741211,2437.030029296875,10.859999656677246,46.02000045776367,1241.0,64.48760223388672,97.75,2.1530001163482666
2017-06-21,9633.599609375,10.920000076293945,2435.610107421875,10.75,44.81999969482422,1243.4000244140625,64.53050231933594,97.55999755859375,2.1549999713897705
2017-06-22,9630.0,11.210000038146973,2434.5,10.479999542236328,45.220001220703125,1247.5999755859375,64.5416030883789,97.54000091552734,2.1530001163482666
2017-06-23,9574.9501953125,11.5600004196167,2438.300048828125,10.020000457763672,45.540000915527344,1256.199951171875,64.59100341796875,97.30000305175781,2.1440000534057617
2017-06-26,,,2439.070068359375,9.899999618530273,45.83000183105469,1246.300048828125,64.49800109863281,97.43000030517578,2.13700008392334
2017-06-27,9511.400390625,12.510000228881836,2419.3798828125,11.0600004196167,46.650001525878906,1246.4000244140625,64.42130279541016,96.47000122070312,2.197999954223633
2017-06-28,9491.25,11.989999771118164,2440.68994140625,10.029999732971191,47.310001373291016,1248.0,64.5248031616211,96.05000305175781,2.2209999561309814
2017-06-29,9504.099609375,11.380000114440918,2419.699951171875,11.4399995803833,47.41999816894531,1244.199951171875,64.51190185546875,95.62999725341797,2.2669999599456787
2017-06-30,9520.900390625,11.729999542236328,2423.409912109375,11.180000305175781,47.91999816894531,1240.699951171875,64.78510284423828,95.66000366210938,2.302000045776367
2017-07-03,9615.0,11.199999809265137,2429.010009765625,11.220000267028809,49.68000030517578,1217.9000244140625,64.60679626464844,96.19999694824219,2.3459999561309814
2017-07-04,9613.2998046875,11.279999732971191,,,,,64.84269714355469,,
2017-07-05,9637.599609375,11.149999618530273,2432.5400390625,11.069999694824219,47.790000915527344,1220.4000244140625,64.7688980102539,96.29000091552734,2.3340001106262207
2017-07-06,9674.5498046875,10.979999542236328,2409.75,12.539999961853027,48.11000061035156,1222.199951171875,64.79139709472656,95.81999969482422,2.369999885559082
2017-07-07,9665.7998046875,10.869999885559082,2425.179931640625,11.1899995803833,46.709999084472656,1208.5999755859375,64.71330261230469,96.01000213623047,2.3929998874664307
2017-07-10,9771.0498046875,10.90999984741211,2427.429931640625,11.109999656677246,46.880001068115234,1212.0999755859375,64.61170196533203,96.05000305175781,2.371000051498413
2017-07-11,9786.0498046875,10.890000343322754,2425.530029296875,10.890000343322754,47.52000045776367,1213.5999755859375,,95.73999786376953,2.361999988555908
2017-07-12,9816.099609375,11.050000190734863,2443.25,10.300000190734863,47.7400016784668,1218.0999755859375,64.52559661865234,95.79000091552734,2.3269999027252197
2017-07-13,9891.7001953125,11.25,2447.830078125,9.899999618530273,48.41999816894531,1216.300048828125,64.36499786376953,95.7300033569336,2.3480000495910645
2017-07-14,9886.349609375,11.170000076293945,2459.27001953125,9.510000228881836,48.90999984741211,1226.5999755859375,64.42579650878906,95.11000061035156,2.319000005722046
2017-07-17,9915.9501953125,11.460000038146973,2459.139892578125,9.819999694824219,48.41999816894531,1232.800048828125,64.26730346679688,95.12999725341797,2.309000015258789
2017-07-18,9827.150390625,11.489999771118164,2460.610107421875,9.890000343322754,48.84000015258789,1241.0999755859375,64.33000183105469,94.66000366210938,2.263000011444092
2017-07-19,9899.599609375,11.260000228881836,2473.830078125,9.789999961853027,49.70000076293945,1241.199951171875,64.3062973022461,94.80000305175781,2.2679998874664307
2017-07-20,9873.2998046875,11.319999694824219,2473.449951171875,9.579999923706055,49.29999923706055,1244.800048828125,64.26329803466797,94.2699966430664,2.2660000324249268
2017-07-21,9915.25,11.09000015258789,2472.5400390625,9.359999656677246,48.060001373291016,1254.300048828125,64.32499694824219,93.94000244140625,2.2320001125335693
2017-07-24,9966.400390625,11.3100004196167,2469.909912109375,9.430000305175781,48.599998474121094,1253.9000244140625,64.46109771728516,93.9800033569336,2.253999948501587
2017-07-25,9964.5498046875,10.90999984741211,2477.1298828125,9.430000305175781,50.20000076293945,1251.699951171875,64.36509704589844,94.05000305175781,2.3259999752044678
2017-07-26,10020.650390625,11.170000076293945,2477.830078125,9.600000381469727,50.970001220703125,1249.0,64.4469985961914,93.66999816894531,2.2820000648498535
2017-07-27,10020.5498046875,11.220000267028809,2475.419921875,10.109999656677246,51.4900016784668,1259.5999755859375,64.3447036743164,93.86000061035156,2.309999942779541
2017-07-28,10014.5,11.140000343322754,2472.10009765625,10.289999961853027,52.52000045776367,1268.4000244140625,64.18499755859375,93.26000213623047,2.2890000343322754
2017-07-31,10077.099609375,11.899999618530273,2470.300048828125,10.260000228881836,52.650001525878906,1266.5999755859375,64.12349700927734,92.86000061035156,2.2920000553131104
2017-08-01,10114.650390625,11.90999984741211,2476.35009765625,10.09000015258789,52.630001068115234,1272.5999755859375,64.18949890136719,93.02999877929688,2.250999927520752
2017-08-02,10081.5,11.9399995803833,2477.570068359375,10.279999732971191,52.36000061035156,1271.800048828125,64.05580139160156,92.83000183105469,2.26200008392334
2017-08-03,10013.650390625,11.640000343322754,2472.159912109375,10.4399995803833,52.0099983215332,1267.800048828125,63.64059829711914,92.80999755859375,2.2279999256134033
2017-08-04,10066.400390625,11.390000343322754,2476.830078125,10.029999732971191,52.41999816894531,1258.300048828125,63.696998596191406,93.54000091552734,2.2669999599456787
2017-08-07,10057.400390625,11.899999618530273,2480.909912109375,9.930000305175781,52.369998931884766,1258.199951171875,63.66510009765625,93.43000030517578,2.256999969482422
2017-08-08,9978.5498046875,12.770000457763672,2474.919921875,10.960000038146973,52.13999938964844,1256.4000244140625,63.830101013183594,93.63999938964844,2.2829999923706055
2017-08-09,9908.0498046875,13.449999809265137,2474.02001953125,11.109999656677246,52.70000076293945,1273.0,63.70289993286133,93.5199966430664,2.240999937057495
2017-08-10,9820.25,13.800000190734863,2438.2099609375,16.040000915527344,51.900001525878906,1283.699951171875,63.887699127197266,93.4000015258789,2.2119998931884766
2017-08-11,9710.7998046875,15.199999809265137,2441.320068359375,15.510000228881836,52.099998474121094,1287.699951171875,64.13860321044922,93.06999969482422,2.188999891281128
2017-08-14,9794.150390625,14.380000114440918,2465.840087890625,12.329999923706055,50.72999954223633,1284.199951171875,64.08100128173828,93.45999908447266,2.2190001010894775
2017-08-15,,,2464.610107421875,12.039999961853027,50.79999923706055,1273.699951171875,64.17430114746094,93.8499984741211,2.2660000324249268
2017-08-16,9897.2998046875,14.239999771118164,2468.110107421875,11.739999771118164,50.27000045776367,1276.9000244140625,64.26300048828125,93.48999786376953,2.2260000705718994
2017-08-17,9904.150390625,14.34000015258789,2430.010009765625,15.550000190734863,51.029998779296875,1286.4000244140625,64.1604995727539,93.62000274658203,2.1989998817443848
2017-08-18,9837.400390625,14.569999694824219,2425.550048828125,14.260000228881836,52.720001220703125,1285.699951171875,64.18890380859375,93.43000030517578,2.194000005722046
2017-08-21,9754.349609375,14.819999694824219,2428.3701171875,13.1899995803833,51.65999984741211,1290.800048828125,64.07589721679688,93.0999984741211,2.180000066757202
2017-08-22,9765.5498046875,14.109999656677246,2452.510009765625,11.350000381469727,51.869998931884766,1285.0999755859375,64.15750122070312,93.55000305175781,2.2149999141693115
2017-08-23,9852.5,13.180000305175781,2444.0400390625,12.25,52.56999969482422,1288.9000244140625,64.05750274658203,93.1500015258789,2.1710000038146973
2017-08-24,9857.0498046875,12.569999694824219,2438.969970703125,12.229999542236328,52.040000915527344,1286.5,64.00499725341797,93.27999877929688,2.194000005722046
2017-08-25,,,2443.050048828125,11.279999732971191,52.40999984741211,1292.5,64.03500366210938,92.73999786376953,2.1689999103546143
2017-08-28,9912.7998046875,12.640000343322754,2444.239990234375,11.319999694824219,51.88999938964844,1309.699951171875,63.99549865722656,92.20999908447266,2.1589999198913574
2017-08-29,9796.0498046875,13.539999961853027,2446.300048828125,11.699999809265137,52.0,1313.0999755859375,63.78929901123047,92.3499984741211,2.135999917984009
2017-08-30,9884.400390625,12.890000343322754,2457.590087890625,11.220000267028809,50.86000061035156,1308.0999755859375,63.98680114746094,92.87999725341797,2.1429998874664307
2017-08-31,9917.900390625,11.949999809265137,2471.64990234375,10.59000015258789,52.380001068115234,1316.199951171875,63.976200103759766,92.66999816894531,2.121000051498413
2017-09-01,9974.400390625,11.680000305175781,2476.550048828125,10.130000114440918,52.31999969482422,1324.5,63.91189956665039,92.80999755859375,2.1570000648498535
2017-09-04,9912.849609375,13.170000076293945,,,,,64.0155029296875,,
2017-09-05,9952.2001953125,12.890000343322754,2457.85009765625,12.229999542236328,53.380001068115234,1339.199951171875,64.02629852294922,92.30999755859375,2.069999933242798
2017-09-06,9916.2001953125,13.119999885559082,2465.5400390625,11.630000114440918,54.20000076293945,1333.9000244140625,64.0999984741211,92.29000091552734,2.1080000400543213
2017-09-07,9929.900390625,13.010000228881836,2465.10009765625,11.550000190734863,54.4900016784668,1345.0999755859375,64.0154037475586,91.52999877929688,2.061000108718872
2017-09-08,9934.7998046875,12.960000038146973,2461.429931640625,12.119999885559082,53.779998779296875,1346.0,63.95009994506836,91.33000183105469,2.061000108718872
2017-09-11,10006.0498046875,12.359999656677246,2488.110107421875,10.729999542236328,53.84000015258789,1331.0,63.930999755859375,91.86000061035156,2.125
2017-09-12,10093.0498046875,11.760000228881836,2496.47998046875,10.579999923706055,54.27000045776367,1328.0,63.97999954223633,91.91000366210938,2.1710000038146973
2017-09-13,10079.2998046875,11.760000228881836,2498.3701171875,10.5,55.15999984741211,1323.4000244140625,63.98759841918945,92.5199966430664,2.194999933242798
2017-09-14,10086.599609375,11.470000267028809,2495.6201171875,10.4399995803833,55.470001220703125,1324.699951171875,64.11509704589844,92.12000274658203,2.197000026702881
2017-09-15,10085.400390625,11.680000305175781,2500.22998046875,10.170000076293945,55.619998931884766,1320.4000244140625,64.15499877929688,91.87000274658203,2.2019999027252197
2017-09-18,10153.099609375,11.4399995803833,2503.8701171875,10.149999618530273,55.47999954223633,1306.300048828125,64.12020111083984,92.05000305175781,2.2290000915527344
2017-09-19,10147.5498046875,11.470000267028809,2506.64990234375,10.180000305175781,55.13999938964844,1306.199951171875,64.2146987915039,91.79000091552734,2.243000030517578
2017-09-20,10141.150390625,11.630000114440918,2508.239990234375,9.779999732971191,56.290000915527344,1312.0,64.29869842529297,92.51000213623047,2.2769999504089355
2017-09-21,10121.900390625,11.630000114440918,2500.60009765625,9.670000076293945,56.43000030517578,1290.5999755859375,64.28369903564453,92.26000213623047,2.2780001163482666
2017-09-22,9964.400390625,12.8100004196167,2502.219970703125,9.59000015258789,56.86000061035156,1293.300048828125,64.80229949951172,92.16999816894531,2.26200008392334
2017-09-25,9872.599609375,13.34000015258789,2496.659912109375,10.210000038146973,59.02000045776367,1306.800048828125,64.89099884033203,92.6500015258789,2.2200000286102295
2017-09-26,9871.5,12.930000305175781,2496.840087890625,10.170000076293945,58.439998626708984,1297.0,65.26509857177734,92.97000122070312,2.2290000915527344
2017-09-27,9735.75,13.859999656677246,2507.0400390625,9.869999885559082,57.900001525878906,1283.4000244140625,65.3499984741211,93.36000061035156,2.309000015258789
2017-09-28,9768.9501953125,13.170000076293945,2510.06005859375,9.550000190734863,57.40999984741211,1285.5,65.5250015258789,93.08999633789062,2.309000015258789
2017-09-29,9788.599609375,12.489999771118164,2519.360107421875,9.510000228881836,57.540000915527344,1281.5,65.36000061035156,93.08000183105469,2.3259999752044678
2017-10-02,,,2529.1201171875,9.449999809265137,56.119998931884766,1272.699951171875,65.29329681396484,93.55999755859375,2.3369998931884766
2017-10-03,9859.5,12.460000038146973,2534.580078125,9.510000228881836,56.0,1271.5,65.57170104980469,93.56999969482422,2.3340001106262207
2017-10-04,9914.900390625,11.800000190734863,2537.739990234375,9.630000114440918,55.79999923706055,1273.699951171875,65.44309997558594,93.45999908447266,2.3299999237060547
2017-10-05,9888.7001953125,11.710000038146973,2552.070068359375,9.1899995803833,57.0,1269.9000244140625,65.01950073242188,93.95999908447266,2.3499999046325684
2017-10-06,9979.7001953125,11.119999885559082,2549.330078125,9.649999618530273,55.619998931884766,1271.5999755859375,65.20999908447266,93.80000305175781,2.369999885559082
2017-10-09,9988.75,11.390000343322754,2544.72998046875,10.329999923706055,55.790000915527344,1281.800048828125,65.41419982910156,93.73999786376953,2.3610000610351562
2017-10-10,10016.9501953125,11.109999656677246,2550.639892578125,10.079999923706055,56.61000061035156,1290.5999755859375,65.41459655761719,93.29000091552734,2.3450000286102295
2017-10-11,9984.7998046875,11.729999542236328,2555.239990234375,9.850000381469727,56.939998626708984,1285.800048828125,65.23889923095703,92.95999908447266,2.3450000286102295
2017-10-12,10096.400390625,11.039999961853027,2550.929931640625,9.90999984741211,56.25,1293.300048828125,65.20539855957031,93.12000274658203,2.322999954223633
2017-10-13,10167.4501953125,11.260000228881836,2553.169921875,9.609999656677246,57.16999816894531,1301.5,65.0459976196289,93.08999633789062,2.2799999713897705
2017-10-16,10230.849609375,11.3100004196167,2557.639892578125,9.90999984741211,57.81999969482422,1299.9000244140625,64.6729965209961,93.27999877929688,2.306999921798706
2017-10-17,10234.4501953125,11.609999656677246,2559.360107421875,10.3100004196167,57.880001068115234,1283.0,64.6946029663086,93.48999786376953,2.2980000972747803
2017-10-18,10210.849609375,11.539999961853027,2561.260009765625,10.069999694824219,58.150001525878906,1279.9000244140625,64.92870330810547,93.36000061035156,2.3389999866485596
2017-10-19,10146.5498046875,12.399999618530273,2562.10009765625,10.050000190734863,57.22999954223633,1286.9000244140625,65.04010009765625,93.2699966430664,2.321000099182129
2017-10-20,,,2575.2099609375,9.970000267028809,57.75,1277.4000244140625,64.90460205078125,93.69999694824219,2.38100004196167
2017-10-23,10184.849609375,12.329999923706055,2564.97998046875,11.069999694824219,57.369998931884766,1277.699951171875,65.1041030883789,93.94000244140625,2.375999927520752
2017-10-24,10207.7001953125,11.59000015258789,2569.1298828125,11.15999984741211,58.33000183105469,1275.0,65.03489685058594,93.95999908447266,2.4059998989105225
2017-10-25,10295.349609375,11.760000228881836,2557.14990234375,11.229999542236328,58.439998626708984,1275.4000244140625,65.07949829101562,93.70999908447266,2.444000005722046
2017-10-26,10343.7998046875,11.619999885559082,2560.39990234375,11.300000190734863,59.29999923706055,1266.300048828125,64.83999633789062,94.61000061035156,2.4519999027252197
2017-10-27,10323.0498046875,11.479999542236328,2581.070068359375,9.800000190734863,60.439998626708984,1268.5,64.5999984741211,94.91999816894531,2.427999973297119
2017-10-30,10363.650390625,12.109999656677246,2572.830078125,10.5,60.900001525878906,1274.0999755859375,64.87339782714844,94.48999786376953,2.369999885559082
2017-10-31,10335.2998046875,12.4399995803833,2575.260009765625,10.180000305175781,61.369998931884766,1267.0,64.84239959716797,94.55000305175781,2.375999927520752
2017-11-01,10440.5,12.140000343322754,2579.360107421875,10.199999809265137,61.290000915527344,1274.0999755859375,64.67009735107422,94.81999969482422,2.375999927520752
2017-11-02,10423.7998046875,12.010000228881836,2579.85009765625,9.930000305175781,60.619998931884766,1274.9000244140625,64.55509948730469,94.69000244140625,2.3469998836517334
2017-11-03,10452.5,11.90999984741211,2587.840087890625,9.140000343322754,62.06999969482422,1266.5,64.50050354003906,94.94000244140625,2.3429999351501465
2017-11-06,10451.7998046875,13.020000457763672,2591.1298828125,9.399999618530273,64.2699966430664,1279.4000244140625,64.69339752197266,94.72000122070312,2.319999933242798
2017-11-07,10350.150390625,13.239999771118164,2590.639892578125,9.890000343322754,63.689998626708984,1273.699951171875,64.59089660644531,94.91000366210938,2.306999921798706
2017-11-08,10303.150390625,13.609999656677246,2594.3798828125,9.779999732971191,63.4900016784668,1281.5999755859375,65.16449737548828,94.87000274658203,2.325000047683716
2017-11-09,10308.9501953125,13.270000457763672,2584.6201171875,10.5,63.93000030517578,1285.5999755859375,64.9104995727539,94.44000244140625,2.3310000896453857
2017-11-10,10321.75,13.479999542236328,2582.300048828125,11.289999961853027,63.52000045776367,1272.4000244140625,64.96800231933594,94.38999938964844,2.4000000953674316
2017-11-13,10224.9501953125,14.050000190734863,2584.840087890625,11.5,63.15999984741211,1277.300048828125,65.1603012084961,94.48999786376953,2.4000000953674316
2017-11-14,10186.599609375,14.170000076293945,2578.8701171875,11.59000015258789,62.209999084472656,1281.5,65.43840026855469,93.83000183105469,2.38100004196167
2017-11-15,10118.0498046875,14.270000457763672,2564.6201171875,13.130000114440918,61.869998931884766,1276.5,65.41339874267578,93.80999755859375,2.3350000381469727
2017-11-16,10214.75,13.460000038146973,2585.639892578125,11.760000228881836,61.36000061035156,1277.4000244140625,,93.93000030517578,2.3610000610351562
2017-11-17,10283.599609375,13.710000038146973,2578.85009765625,11.430000305175781,62.720001220703125,1295.800048828125,65.20999908447266,93.66000366210938,2.3540000915527344
2017-11-20,10298.75,13.430000305175781,2582.139892578125,10.649999618530273,62.220001220703125,1274.5999755859375,64.90499877929688,94.08000183105469,2.371999979019165
2017-11-21,10326.900390625,13.720000267028809,2599.030029296875,9.729999542236328,62.56999969482422,1281.0999755859375,65.0250015258789,93.94999694824219,2.36299991607666
2017-11-22,10342.2998046875,14.039999961853027,2597.080078125,9.880000114440918,63.31999969482422,1291.5999755859375,64.76129913330078,93.22000122070312,2.322000026702881
2017-11-23,10348.75,13.869999885559082,,,,,64.7699966430664,,
2017-11-24,10389.7001953125,13.510000228881836,2602.419921875,9.670000076293945,63.86000061035156,1286.699951171875,64.57939910888672,92.76000213623047,2.3399999141693115
2017-11-27,10399.5498046875,13.029999732971191,2601.419921875,9.869999885559082,63.84000015258789,1293.800048828125,64.54499816894531,92.9000015258789,2.328000068664551
2017-11-28,10370.25,13.149999618530273,2627.0400390625,10.029999732971191,63.61000061035156,1294.699951171875,64.43389892578125,93.26000213623047,2.3380000591278076
2017-11-29,10361.2998046875,13.0600004196167,2626.070068359375,10.699999809265137,63.11000061035156,1282.0999755859375,64.47000122070312,93.26000213623047,2.375999927520752
2017-11-30,10226.5498046875,13.550000190734863,2647.580078125,11.279999732971191,63.56999969482422,1273.199951171875,64.41480255126953,93.01000213623047,2.4170000553131104
2017-12-01,10121.7998046875,14.800000190734863,2642.219970703125,11.430000305175781,63.4900016784668,1278.800048828125,64.49939727783203,92.9000015258789,2.361999988555908
2017-12-04,10127.75,14.859999656677246,2639.43994140625,11.680000305175781,62.45000076293945,1274.300048828125,64.50900268554688,93.19000244140625,2.378999948501587
2017-12-05,10118.25,15.010000228881836,2629.570068359375,11.329999923706055,62.86000061035156,1261.5999755859375,64.35140228271484,93.37999725341797,2.3559999465942383
2017-12-06,10044.099609375,15.09000015258789,2629.27001953125,11.020000457763672,61.220001220703125,1262.800048828125,64.35690307617188,93.61000061035156,2.3299999237060547
2017-12-07,10166.7001953125,14.270000457763672,2636.97998046875,10.15999984741211,62.20000076293945,1249.800048828125,64.51519775390625,93.80000305175781,2.375999927520752
2017-12-08,10265.650390625,13.670000076293945,2651.5,9.579999923706055,63.400001525878906,1245.199951171875,64.54239654541016,93.9000015258789,2.382999897003174
2017-12-11,10322.25,14.149999618530273,2659.989990234375,9.34000015258789,64.69000244140625,1243.699951171875,64.4729995727539,93.87000274658203,2.384999990463257
2017-12-12,10240.150390625,15.260000228881836,2664.110107421875,9.920000076293945,63.34000015258789,1238.5,64.3499984741211,94.0999984741211,2.4030001163482666
2017-12-13,10192.9501953125,15.949999809265137,2662.85009765625,10.180000305175781,62.439998626708984,1245.4000244140625,64.55000305175781,93.43000030517578,2.3489999771118164
2017-12-14,10252.099609375,16.40999984741211,2652.010009765625,10.489999771118164,63.310001373291016,1253.800048828125,64.31999969482422,93.48999786376953,2.3459999561309814
2017-12-15,10333.25,14.9399995803833,2675.81005859375,9.420000076293945,63.22999954223633,1254.300048828125,64.2750015258789,93.93000030517578,2.3550000190734863
2017-12-18,10388.75,13.119999885559082,2690.159912109375,9.529999732971191,63.40999984741211,1262.199951171875,64.07230377197266,93.69999694824219,2.3919999599456787
2017-12-19,10463.2001953125,12.1899995803833,2681.469970703125,10.029999732971191,63.79999923706055,1260.699951171875,64.20010375976562,93.47000122070312,2.4630000591278076
2017-12-20,10444.2001953125,12.1899995803833,2679.25,9.720000267028809,64.55999755859375,1266.0999755859375,64.04759979248047,93.3499984741211,2.496999979019165
2017-12-21,10440.2998046875,12.09000015258789,2684.570068359375,9.619999885559082,64.9000015258789,1267.300048828125,63.96500015258789,93.27999877929688,2.4809999465942383
2017-12-22,10493.0,11.59000015258789,2683.340087890625,9.899999618530273,65.25,1275.4000244140625,64.00969696044922,93.3499984741211,2.484999895095825
2017-12-25,,,,,,,64.00779724121094,,
2017-12-26,10531.5,12.050000190734863,2680.5,10.25,67.0199966430664,1284.0999755859375,64.010498046875,93.26000213623047,2.4670000076293945
2017-12-27,10490.75,12.489999771118164,2682.6201171875,10.470000267028809,66.44000244140625,1287.0,64.0281982421875,93.02999877929688,2.4140000343322754
2017-12-28,10477.900390625,12.300000190734863,2687.5400390625,10.180000305175781,66.72000122070312,1294.0999755859375,64.11499786376953,92.5999984741211,2.431999921798706
2017-12-29,10530.7001953125,12.670000076293945,2673.610107421875,11.039999961853027,66.5999984741211,1306.300048828125,64.06199645996094,92.12000274658203,2.4049999713897705
2018-01-01,,13.350000381469727,,,,,63.84080123901367,,
2018-01-02,10442.2001953125,13.6899995803833,2695.81005859375,9.770000457763672,66.56999969482422,1313.699951171875,63.86759948730469,91.8499984741211,2.4649999141693115
2018-01-03,10443.2001953125,13.619999885559082,2713.06005859375,9.149999618530273,67.83999633789062,1316.199951171875,63.459999084472656,92.16000366210938,2.447000026702881
2018-01-04,10504.7998046875,13.420000076293945,2723.989990234375,9.220000267028809,68.06999969482422,1319.4000244140625,63.41910171508789,91.8499984741211,2.453000068664551
2018-01-05,10558.849609375,13.109999656677246,2743.14990234375,9.220000267028809,67.62000274658203,1320.300048828125,63.369598388671875,91.94999694824219,2.4760000705718994
2018-01-08,10623.599609375,13.739999771118164,2747.7099609375,9.520000457763672,67.77999877929688,1318.5999755859375,63.26499938964844,92.33000183105469,2.4800000190734863
2018-01-09,10637.0,13.850000381469727,2751.2900390625,10.079999923706055,68.81999969482422,1311.699951171875,63.45199966430664,92.52999877929688,2.5460000038146973
2018-01-10,10632.2001953125,14.039999961853027,2748.22998046875,9.819999694824219,69.19999694824219,1317.4000244140625,63.63610076904297,92.33000183105469,2.549999952316284
2018-01-11,10651.2001953125,14.010000228881836,2767.56005859375,9.880000114440918,69.26000213623047,1320.5999755859375,63.7599983215332,91.8499984741211,2.5309998989105225
2018-01-12,10681.25,13.729999542236328,2786.239990234375,10.15999984741211,69.87000274658203,1333.4000244140625,63.67210006713867,90.97000122070312,2.552000045776367
2018-01-15,10741.5498046875,14.3100004196167,,,,,63.5885009765625,,
2018-01-16,10700.4501953125,14.09000015258789,2776.419921875,11.65999984741211,69.1500015258789,1335.4000244140625,63.52119827270508,90.38999938964844,2.5439999103546143
2018-01-17,10788.5498046875,13.859999656677246,2802.56005859375,11.90999984741211,69.37999725341797,1338.0,63.994300842285156,90.54000091552734,2.578000068664551
2018-01-18,10817.0,13.960000038146973,2798.030029296875,12.220000267028809,69.30999755859375,1326.0,63.82500076293945,90.5,2.6110000610351562
2018-01-19,10894.7001953125,13.979999542236328,2810.300048828125,11.270000457763672,68.61000061035156,1331.9000244140625,63.86759948730469,90.56999969482422,2.63700008392334
2018-01-22,10966.2001953125,15.390000343322754,2832.969970703125,11.029999732971191,69.02999877929688,1330.9000244140625,63.83209991455078,90.4000015258789,2.6649999618530273
2018-01-23,11083.7001953125,16.229999542236328,2839.1298828125,11.100000381469727,69.95999908447266,1335.699951171875,63.88010025024414,90.12000274658203,2.624000072479248
2018-01-24,11086.0,18.040000915527344,2837.5400390625,11.470000267028809,70.52999877929688,1355.9000244140625,63.7504997253418,89.20999908447266,2.6540000438690186
2018-01-25,11069.650390625,17.510000228881836,2839.25,11.579999923706055,70.41999816894531,1362.4000244140625,63.57789993286133,89.38999938964844,2.621000051498413
2018-01-26,,,2872.8701171875,11.079999923706055,70.5199966430664,1351.5999755859375,63.57310104370117,89.06999969482422,2.6619999408721924
2018-01-29,11130.400390625,17.889999389648438,2853.530029296875,13.84000015258789,69.45999908447266,,63.56999969482422,89.30999755859375,2.6989998817443848
2018-01-30,11049.650390625,16.420000076293945,2822.429931640625,14.789999961853027,69.0199966430664,1335.4000244140625,63.66939926147461,89.19000244140625,2.7260000705718994
2018-01-31,11027.7001953125,15.930000305175781,2823.81005859375,13.539999961853027,69.05000305175781,1339.0,63.769901275634766,89.12999725341797,2.7200000286102295
2018-02-01,11016.900390625,14.109999656677246,2821.97998046875,13.470000267028809,69.08000183105469,1344.300048828125,63.665000915527344,88.66999816894531,2.7730000019073486
2018-02-02,10760.599609375,15.25,2762.1298828125,17.309999465942383,68.58000183105469,1333.699951171875,63.974998474121094,89.19999694824219,2.8540000915527344
2018-02-05,10666.5498046875,16.049999237060547,2648.93994140625,37.31999969482422,67.62000274658203,1333.0,64.13249969482422,89.55000305175781,2.7939999103546143
2018-02-06,10498.25,20.020000457763672,2695.139892578125,29.979999542236328,66.86000061035156,1326.0999755859375,64.314697265625,89.58999633789062,2.7679998874664307
2018-02-07,10476.7001953125,19.469999313354492,2681.659912109375,27.729999542236328,65.51000213623047,1311.5999755859375,63.97999954223633,90.26000213623047,2.8440001010894775
2018-02-08,10576.849609375,17.770000457763672,2581.0,33.459999084472656,64.80999755859375,1316.9000244140625,64.19999694824219,90.2300033569336,2.8510000705718994
2018-02-09,10454.9501953125,19.229999542236328,2619.550048828125,29.059999465942383,62.790000915527344,1313.0999755859375,64.44049835205078,90.44000244140625,2.8289999961853027
2018-02-12,10539.75,17.8799991607666,2656.0,25.610000610351562,62.59000015258789,1324.199951171875,64.2113037109375,90.20999908447266,2.8570001125335693
2018-02-13,,,2662.93994140625,24.969999313354492,62.720001220703125,1328.0999755859375,64.28350067138672,89.69999694824219,2.8399999141693115
2018-02-14,10500.900390625,17.18000030517578,2698.6298828125,19.260000228881836,64.36000061035156,1355.5,64.2500991821289,89.12000274658203,2.9130001068115234
2018-02-15,10545.5,16.31999969482422,2731.199951171875,19.1299991607666,64.33000183105469,1352.0999755859375,64.02519989013672,88.58999633789062,2.8910000324249268
2018-02-16,10452.2998046875,16.3799991607666,2732.219970703125,19.459999084472656,64.83999633789062,1353.199951171875,63.890899658203125,89.0999984741211,2.877000093460083
2018-02-19,10378.400390625,16.670000076293945,,,,,64.37999725341797,,
2018-02-20,10360.400390625,16.8700008392334,2716.260009765625,20.600000381469727,65.25,1328.800048828125,64.50499725341797,89.72000122070312,2.8929998874664307
2018-02-21,10397.4501953125,15.920000076293945,2701.330078125,20.020000457763672,65.41999816894531,1330.0,64.86499786376953,90.08000183105469,2.943000078201294
2018-02-22,10382.7001953125,14.829999923706055,2703.9599609375,18.719999313354492,66.38999938964844,1330.5999755859375,64.8949966430664,89.75,2.9170000553131104
2018-02-23,10491.0498046875,14.199999809265137,2747.300048828125,16.489999771118164,67.30999755859375,1328.199951171875,64.95140075683594,89.87999725341797,2.871000051498413
2018-02-26,10582.599609375,13.699999809265137,2779.60009765625,15.800000190734863,67.5,1330.699951171875,64.7030029296875,89.81999969482422,2.8589999675750732
2018-02-27,10554.2998046875,13.920000076293945,2744.280029296875,18.59000015258789,66.62999725341797,1315.5,64.78040313720703,90.36000061035156,2.9079999923706055
2018-02-28,10492.849609375,13.8100004196167,2713.830078125,19.850000381469727,65.77999877929688,1315.5,64.91000366210938,90.61000061035156,2.868000030517578
2018-03-01,10458.349609375,14.069999694824219,2677.669921875,22.469999313354492,65.70999908447266,1302.9000244140625,65.23999786376953,90.31999969482422,2.803999900817871
2018-03-02,,,2691.25,19.59000015258789,64.37000274658203,1321.0999755859375,65.1500015258789,89.94000244140625,2.8570001125335693
2018-03-05,10358.849609375,15.399999618530273,2720.93994140625,18.729999542236328,65.54000091552734,1318.0999755859375,65.18669891357422,90.08000183105469,2.88100004196167
2018-03-06,10249.25,16.25,2728.1201171875,18.360000610351562,65.79000091552734,1333.5999755859375,65.00370025634766,89.62000274658203,2.877000093460083
2018-03-07,10154.2001953125,15.699999809265137,2726.800048828125,17.760000228881836,64.33999633789062,1326.0,64.88999938964844,89.63999938964844,2.882999897003174
2018-03-08,10242.650390625,14.59000015258789,2738.969970703125,16.540000915527344,63.61000061035156,1319.9000244140625,64.89119720458984,90.12000274658203,2.865999937057495
2018-03-09,10226.849609375,14.529999732971191,2786.570068359375,14.640000343322754,65.48999786376953,1322.4000244140625,65.09040069580078,90.08999633789062,2.8940000534057617
2018-03-12,10421.400390625,14.489999771118164,2783.02001953125,15.779999732971191,64.94999694824219,1319.4000244140625,64.96489715576172,89.9000015258789,2.869999885559082
2018-03-13,10426.849609375,14.460000038146973,2765.31005859375,16.350000381469727,64.63999938964844,1325.9000244140625,64.94550323486328,89.66000366210938,2.8480000495910645
2018-03-14,10410.900390625,14.359999656677246,2749.47998046875,17.229999542236328,64.88999938964844,1324.4000244140625,64.8281021118164,89.69999694824219,2.816999912261963
2018-03-15,10360.150390625,14.329999923706055,2747.330078125,16.59000015258789,65.12000274658203,1316.800048828125,64.83679962158203,90.13999938964844,2.8259999752044678
2018-03-16,10195.150390625,15.220000267028809,2752.010009765625,15.800000190734863,66.20999908447266,1311.300048828125,65.01439666748047,90.2300033569336,2.8480000495910645
2018-03-19,10094.25,15.819999694824219,2712.919921875,19.020000457763672,66.05000305175781,1316.800048828125,65.06500244140625,89.9000015258789,2.8450000286102295
2018-03-20,10124.349609375,15.609999656677246,2716.93994140625,18.200000762939453,67.41999816894531,1311.0999755859375,65.21009826660156,90.37000274658203,2.878999948501587
2018-03-21,10155.25,15.109999656677246,2711.929931640625,17.860000610351562,69.47000122070312,1320.699951171875,65.2323989868164,89.77999877929688,2.9070000648498535
2018-03-22,10114.75,15.25,2643.68994140625,23.34000015258789,68.91000366210938,1326.5999755859375,65.06559753417969,89.86000061035156,2.8320000171661377
2018-03-23,9998.0498046875,15.550000190734863,2588.260009765625,24.8700008392334,70.44999694824219,1349.300048828125,65.16000366210938,89.44000244140625,2.8299999237060547
2018-03-26,10130.650390625,15.199999809265137,2658.550048828125,21.030000686645508,70.12000274658203,1354.4000244140625,65.01499938964844,89.02999877929688,2.8429999351501465
2018-03-27,10184.150390625,15.550000190734863,2612.6201171875,22.5,70.11000061035156,1341.300048828125,64.69499969482422,89.37000274658203,2.7860000133514404
2018-03-28,10113.7001953125,15.760000228881836,2605.0,22.8700008392334,69.52999877929688,1324.199951171875,64.89550018310547,90.05999755859375,2.7750000953674316
2018-03-29,,,2640.8701171875,19.969999313354492,70.2699966430664,1322.800048828125,65.14920043945312,90.1500015258789,2.740999937057495
2018-03-30,,,,,,,65.02999877929688,,
2018-04-02,10211.7998046875,15.350000381469727,2581.8798828125,23.6200008392334,67.63999938964844,1342.0999755859375,65.10549926757812,90.05000305175781,2.7320001125335693
2018-04-03,10245.0,15.1899995803833,2614.449951171875,21.100000381469727,68.12000274658203,1332.800048828125,65.13999938964844,90.19999694824219,2.7839999198913574
2018-04-04,10128.400390625,16.34000015258789,2644.68994140625,20.059999465942383,68.0199966430664,1335.800048828125,64.90499877929688,90.13999938964844,2.7880001068115234
2018-04-05,10325.150390625,14.800000190734863,2662.840087890625,18.940000534057617,68.33000183105469,1324.300048828125,64.99500274658203,90.45999908447266,2.8320000171661377
2018-04-06,10331.599609375,14.75,2604.469970703125,21.489999771118164,67.11000061035156,1331.9000244140625,64.86150360107422,90.11000061035156,2.7750000953674316
2018-04-09,10379.349609375,14.869999885559082,2613.159912109375,21.770000457763672,68.6500015258789,1336.300048828125,64.90450286865234,89.83999633789062,2.7860000133514404
2018-04-10,10402.25,14.5,2656.8701171875,20.469999313354492,71.04000091552734,1342.0,64.87000274658203,89.58999633789062,2.796999931335449
2018-04-11,10417.150390625,14.720000267028809,2642.18994140625,20.239999771118164,72.05999755859375,1356.5,64.92530059814453,89.56999969482422,2.7899999618530273
2018-04-12,10458.650390625,14.5600004196167,2663.989990234375,18.489999771118164,72.0199966430664,1338.4000244140625,65.19000244140625,89.75,2.8340001106262207
2018-04-13,10480.599609375,14.140000343322754,2656.300048828125,17.40999984741211,72.58000183105469,1344.800048828125,65.27570343017578,89.80000305175781,2.8289999961853027
2018-04-16,10528.349609375,14.260000228881836,2677.840087890625,16.559999465942383,71.41999816894531,1347.5,65.19560241699219,89.43000030517578,2.8320000171661377
2018-04-17,10548.7001953125,14.039999961853027,2706.389892578125,15.25,71.58000183105469,1347.199951171875,65.4292984008789,89.5199966430664,2.813999891281128
2018-04-18,10526.2001953125,14.109999656677246,2708.639892578125,15.600000381469727,73.4800033569336,1351.199951171875,65.67500305175781,89.62000274658203,2.867000102996826
2018-04-19,10565.2998046875,13.75,2693.1298828125,15.960000038146973,73.77999877929688,1346.800048828125,66.01000213623047,89.94000244140625,2.9140000343322754
2018-04-20,10564.0498046875,12.9399995803833,2670.139892578125,16.8799991607666,74.05999755859375,1336.699951171875,66.11479949951172,90.31999969482422,2.9509999752044678
2018-04-23,10584.7001953125,13.149999618530273,2670.2900390625,16.34000015258789,74.70999908447266,1322.5,66.1968994140625,90.94000244140625,2.9730000495910645
2018-04-24,10614.349609375,11.899999618530273,2634.56005859375,18.020000457763672,73.86000061035156,1331.4000244140625,66.54499816894531,90.7699966430664,2.9830000400543213
2018-04-25,10570.5498046875,12.399999618530273,2639.39990234375,17.84000015258789,74.0,1321.199951171875,66.41410064697266,91.16999816894531,3.0239999294281006
2018-04-26,10617.7998046875,12.039999961853027,2666.93994140625,16.239999771118164,74.73999786376953,1316.300048828125,66.90769958496094,91.55999755859375,2.990000009536743
2018-04-27,10692.2998046875,12.020000457763672,2669.909912109375,15.40999984741211,74.63999938964844,1320.300048828125,66.9000015258789,91.54000091552734,2.9570000171661377
2018-04-30,10739.349609375,12.359999656677246,2648.050048828125,15.930000305175781,75.16999816894531,1316.199951171875,66.61000061035156,91.83999633789062,2.936000108718872
2018-05-01,,,2654.800048828125,15.489999771118164,75.16999816894531,1303.800048828125,66.44999694824219,92.44999694824219,2.9760000705718994
2018-05-02,10718.0498046875,12.84000015258789,2635.669921875,15.970000267028809,73.36000061035156,1302.5999755859375,66.7886962890625,92.51000213623047,2.9639999866485596
2018-05-03,10679.650390625,12.989999771118164,2629.72998046875,15.899999618530273,73.62000274658203,1310.699951171875,67.08000183105469,92.41000366210938,2.946000099182129
2018-05-04,10618.25,13.25,2663.419921875,14.770000457763672,74.87000274658203,1312.699951171875,66.66000366210938,92.56999969482422,2.944000005722046
2018-05-07,10715.5,13.760000228881836,2672.6298828125,14.75,76.16999816894531,1312.199951171875,66.81050109863281,92.75,2.950000047683716
2018-05-08,10717.7998046875,14.0600004196167,2671.919921875,14.710000038146973,74.8499984741211,1312.0,67.1187973022461,93.12000274658203,2.9690001010894775
2018-05-09,10741.7001953125,14.270000457763672,2697.7900390625,13.420000076293945,77.20999908447266,1311.300048828125,67.1624984741211,93.04000091552734,3.003999948501587
2018-05-10,10716.5498046875,14.430000305175781,2723.070068359375,13.229999542236328,77.47000122070312,1320.800048828125,67.62000274658203,92.6500015258789,2.9709999561309814
2018-05-11,10806.5,13.979999542236328,2727.719970703125,12.649999618530273,77.12000274658203,1319.0,67.38999938964844,92.54000091552734,2.9709999561309814
2018-05-14,10806.599609375,14.25,2730.1298828125,12.930000305175781,78.2300033569336,1316.5,67.3822021484375,92.58999633789062,2.994999885559082
2018-05-15,10801.849609375,13.170000076293945,2711.449951171875,14.630000114440918,78.43000030517578,1288.9000244140625,67.6780014038086,93.22000122070312,3.0799999237060547
2018-05-16,10741.099609375,13.4399995803833,2722.4599609375,13.420000076293945,79.27999877929688,1290.199951171875,68.45999908447266,93.38999938964844,3.0950000286102295
2018-05-17,10682.7001953125,13.40999984741211,2720.1298828125,13.430000305175781,79.30000305175781,1288.199951171875,68.05999755859375,93.47000122070312,3.1089999675750732
2018-05-18,10596.400390625,14.149999618530273,2712.969970703125,13.420000076293945,78.51000213623047,1290.199951171875,68.13999938964844,93.63999938964844,3.066999912261963
2018-05-21,10516.7001953125,14.40999984741211,2733.010009765625,13.079999923706055,79.22000122070312,1290.199951171875,67.9749984741211,93.68000030517578,3.065000057220459
2018-05-22,10536.7001953125,13.600000381469727,2724.43994140625,13.220000267028809,79.56999969482422,1291.699951171875,68.4000015258789,93.61000061035156,3.065000057220459
2018-05-23,10430.349609375,14.15999984741211,2733.2900390625,12.579999923706055,79.80000305175781,1289.300048828125,68.43000030517578,94.01000213623047,3.003000020980835
2018-05-24,10513.849609375,13.149999618530273,2727.760009765625,12.529999732971191,78.79000091552734,1303.699951171875,68.6500015258789,93.77999877929688,2.9809999465942383
2018-05-25,10605.150390625,12.649999618530273,2721.330078125,13.220000267028809,76.44000244140625,1303.300048828125,68.26010131835938,94.19000244140625,2.930999994277954
2018-05-28,10688.650390625,13.0600004196167,,,,,67.7217025756836,,
2018-05-29,10633.2998046875,13.069999694824219,2689.860107421875,17.020000457763672,75.38999938964844,1298.699951171875,67.40280151367188,94.83000183105469,2.7679998874664307
2018-05-30,10614.349609375,13.40999984741211,2724.010009765625,14.9399995803833,77.5,1301.5,68.12999725341797,94.1500015258789,2.8420000076293945
2018-05-31,10736.150390625,13.220000267028809,2705.27001953125,15.430000305175781,77.58999633789062,1300.0999755859375,67.43000030517578,93.98999786376953,2.822000026702881
2018-06-01,10696.2001953125,13.569999694824219,2734.6201171875,13.460000038146973,77.58999633789062,1294.800048828125,67.43499755859375,94.19000244140625,2.8949999809265137
2018-06-04,10628.5,13.880000114440918,2746.8701171875,12.739999771118164,75.29000091552734,1293.0999755859375,66.92500305175781,94.0199966430664,2.937000036239624
2018-06-05,10593.150390625,13.319999694824219,2748.800048828125,12.399999618530273,75.37999725341797,1297.5,67.05999755859375,93.88999938964844,2.9189999103546143
2018-06-06,10684.650390625,12.550000190734863,2772.35009765625,11.640000343322754,75.36000061035156,1297.0999755859375,67.08999633789062,93.66000366210938,2.9749999046325684
2018-06-07,10768.349609375,12.779999732971191,2770.3701171875,12.130000114440918,77.31999969482422,1298.699951171875,66.8301010131836,93.4000015258789,2.933000087738037
2018-06-08,10767.650390625,12.699999809265137,2779.030029296875,12.180000305175781,76.45999908447266,1298.0999755859375,67.41000366210938,93.55000305175781,2.937000036239624
2018-06-11,10786.9501953125,13.180000305175781,2782.0,12.350000381469727,76.45999908447266,1298.9000244140625,67.51000213623047,93.58000183105469,2.9570000171661377
2018-06-12,10842.849609375,12.729999542236328,2786.85009765625,12.34000015258789,75.87999725341797,1295.0999755859375,67.48999786376953,93.80000305175781,2.9570000171661377
2018-06-13,10856.7001953125,12.640000343322754,2775.6298828125,12.9399995803833,76.73999786376953,1296.9000244140625,67.91000366210938,93.70999908447266,2.9769999980926514
2018-06-14,10808.0498046875,12.100000381469727,2782.489990234375,12.119999885559082,75.94000244140625,1304.0,67.77999877929688,94.7699966430664,2.946000099182129
2018-06-15,10817.7001953125,12.069999694824219,2779.659912109375,11.979999542236328,73.44000244140625,1274.5999755859375,68.12999725341797,94.79000091552734,2.9240000247955322
2018-06-18,10799.849609375,12.380000114440918,2773.75,12.3100004196167,75.33999633789062,1276.199951171875,68.05000305175781,94.75,2.9260001182556152
2018-06-19,10710.4501953125,12.920000076293945,2762.590087890625,13.350000381469727,75.08000183105469,1275.5999755859375,68.01000213623047,95.08999633789062,2.8929998874664307
2018-06-20,10772.0498046875,12.170000076293945,2767.320068359375,12.789999961853027,74.73999786376953,1271.199951171875,68.05000305175781,95.05999755859375,2.927999973297119
2018-06-21,10741.099609375,12.449999809265137,2749.760009765625,14.640000343322754,73.05000305175781,1267.199951171875,68.3499984741211,94.87000274658203,2.8970000743865967
2018-06-22,10821.849609375,12.020000457763672,2754.8798828125,13.770000457763672,75.55000305175781,1267.4000244140625,67.83000183105469,94.5199966430664,2.9000000953674316
2018-06-25,10762.4501953125,12.579999923706055,2717.070068359375,17.329999923706055,74.7300033569336,1265.5999755859375,67.85489654541016,94.27999877929688,2.875
2018-06-26,10769.150390625,12.800000190734863,2723.06005859375,15.920000076293945,76.30999755859375,1256.5999755859375,68.33999633789062,94.68000030517578,2.880000114440918
2018-06-27,10671.400390625,13.510000228881836,2699.6298828125,17.90999984741211,77.62000274658203,1252.800048828125,68.36499786376953,95.29000091552734,2.8269999027252197
2018-06-28,10589.099609375,13.949999809265137,2716.31005859375,16.850000381469727,77.8499984741211,1247.800048828125,69.23999786376953,95.38999938964844,2.8469998836517334
2018-06-29,10714.2998046875,12.9399995803833,2718.3701171875,16.09000015258789,79.44000244140625,1251.300048828125,68.79669952392578,94.62999725341797,2.8489999771118164
2018-07-02,10657.2998046875,13.369999885559082,2726.7099609375,15.600000381469727,77.30000305175781,1239.800048828125,68.43499755859375,94.87000274658203,2.865999937057495
2018-07-03,10699.900390625,13.0,2713.219970703125,16.139999389648438,77.76000213623047,1251.5999755859375,68.6948013305664,94.58999633789062,2.8380000591278076
2018-07-04,10769.900390625,12.65999984741211,,,,,68.83000183105469,,
2018-07-05,10749.75,12.579999923706055,2736.610107421875,14.970000267028809,77.38999938964844,1257.300048828125,68.9800033569336,94.47000122070312,2.8399999141693115
2018-07-06,10772.650390625,12.4399995803833,2759.820068359375,13.369999885559082,77.11000061035156,1254.300048828125,69.06999969482422,94.04000091552734,2.8310000896453857
2018-07-09,10852.900390625,12.390000343322754,2784.169921875,12.6899995803833,78.06999969482422,1258.0999755859375,68.75499725341797,94.08000183105469,2.859999895095825
2018-07-10,10947.25,12.399999618530273,2793.840087890625,12.640000343322754,78.86000061035156,1253.800048828125,68.65979766845703,94.11000061035156,2.872999906539917
2018-07-11,10948.2998046875,12.779999732971191,2774.02001953125,13.630000114440918,73.4000015258789,1242.800048828125,68.9000015258789,94.72000122070312,2.8420000076293945
2018-07-12,11023.2001953125,12.510000228881836,2798.2900390625,12.579999923706055,74.44999694824219,1245.0,68.72000122070312,94.80999755859375,2.8529999256134033
2018-07-13,11018.900390625,12.300000190734863,2801.31005859375,12.180000305175781,75.33000183105469,1239.5999755859375,68.54000091552734,94.75,2.8310000896453857
2018-07-16,10936.849609375,12.949999809265137,2798.429931640625,12.829999923706055,71.83999633789062,1238.0999755859375,68.48670196533203,94.51000213623047,2.8580000400543213
2018-07-17,11008.0498046875,12.829999923706055,2809.550048828125,12.0600004196167,72.16000366210938,1225.699951171875,68.72000122070312,94.97000122070312,2.864000082015991
2018-07-18,10980.4501953125,13.680000305175781,2815.6201171875,12.100000381469727,72.9000015258789,1226.300048828125,68.35600280761719,95.08000183105469,2.875
2018-07-19,10957.099609375,13.59000015258789,2804.489990234375,12.869999885559082,72.58000183105469,1222.4000244140625,68.6155014038086,95.16999816894531,2.8469998836517334
2018-07-20,11010.2001953125,13.539999961853027,2801.830078125,12.859999656677246,73.06999969482422,1229.5,68.93509674072266,94.45999908447266,2.8949999809265137
2018-07-23,11084.75,13.010000228881836,2806.97998046875,12.619999885559082,73.05999755859375,1224.0,68.7332992553711,94.66999816894531,2.9649999141693115
2018-07-24,11134.2998046875,12.470000267028809,2820.39990234375,12.40999984741211,73.44000244140625,1223.9000244140625,69.19999694824219,94.61000061035156,2.9489998817443848
2018-07-25,11132.0,12.210000038146973,2846.070068359375,12.289999961853027,73.93000030517578,1231.4000244140625,68.80999755859375,94.36000061035156,2.936000108718872
2018-07-26,11167.2998046875,12.029999732971191,2837.43994140625,12.140000343322754,74.54000091552734,1225.300048828125,68.83999633789062,94.75,2.9749999046325684
2018-07-27,11278.349609375,12.3100004196167,2818.820068359375,13.029999732971191,74.29000091552734,1222.5999755859375,68.73999786376953,94.68000030517578,2.9600000381469727
2018-07-30,11319.5498046875,12.59000015258789,2802.60009765625,14.260000228881836,74.97000122070312,1221.300048828125,68.61499786376953,94.36000061035156,2.9749999046325684
2018-07-31,11356.5,12.479999542236328,2816.2900390625,12.829999923706055,74.25,1223.699951171875,68.68499755859375,94.48999786376953,2.9639999866485596
2018-08-01,11346.2001953125,12.529999732971191,2813.360107421875,13.149999618530273,74.25,1217.9000244140625,68.4968032836914,94.62000274658203,3.003000020980835
2018-08-02,11244.7001953125,12.5600004196167,2827.219970703125,12.1899995803833,73.44999694824219,1210.5999755859375,68.30709838867188,95.16999816894531,2.9860000610351562
2018-08-03,11360.7998046875,12.079999923706055,2840.35009765625,11.640000343322754,73.20999908447266,1214.199951171875,68.6155014038086,95.13999938964844,2.953000068664551
2018-08-06,11387.099609375,12.5600004196167,2850.39990234375,11.270000457763672,73.75,1208.5999755859375,68.50499725341797,95.36000061035156,2.937999963760376
2018-08-07,11389.4501953125,12.579999923706055,2858.449951171875,10.930000305175781,74.6500015258789,1209.5999755859375,68.80999755859375,95.22000122070312,2.9730000495910645
2018-08-08,11450.0,12.539999961853027,2857.699951171875,10.850000381469727,72.27999877929688,1212.5999755859375,68.59600067138672,95.0999984741211,2.9709999561309814
2018-08-09,11470.7001953125,12.680000305175781,2853.580078125,11.270000457763672,72.06999969482422,1211.9000244140625,68.45500183105469,95.5,2.934999942779541
2018-08-10,11429.5,12.850000381469727,2833.280029296875,13.15999984741211,72.80999755859375,1211.0999755859375,69.0999984741211,96.36000061035156,2.8570001125335693
2018-08-13,11355.75,13.399999618530273,2821.929931640625,14.779999732971191,72.61000061035156,1191.300048828125,69.08499908447266,96.38999938964844,2.877000093460083
2018-08-14,11435.099609375,13.279999732971191,2839.9599609375,13.3100004196167,72.45999908447266,1193.0,69.9490966796875,96.7300033569336,2.8949999809265137
2018-08-15,,,2818.3701171875,14.640000343322754,70.76000213623047,1177.5,69.94999694824219,96.69999694824219,2.8519999980926514
2018-08-16,11385.0498046875,13.649999618530273,2840.68994140625,13.449999809265137,71.43000030517578,1176.199951171875,70.66000366210938,96.6500015258789,2.871000051498413
2018-08-17,11470.75,13.15999984741211,2850.1298828125,12.640000343322754,71.83000183105469,1176.5,70.00499725341797,96.0999984741211,2.872999906539917
2018-08-20,11551.75,13.029999732971191,2857.050048828125,12.489999771118164,72.20999908447266,1186.800048828125,69.78500366210938,95.9000015258789,2.822999954223633
2018-08-21,11570.900390625,12.899999618530273,2862.9599609375,12.859999656677246,72.62999725341797,1192.5999755859375,69.73999786376953,95.26000213623047,2.8440001010894775
2018-08-22,,,2861.820068359375,12.25,74.77999877929688,1196.300048828125,69.80999755859375,95.1500015258789,2.822999954223633
2018-08-23,11582.75,12.760000228881836,2856.97998046875,12.40999984741211,74.7300033569336,1187.0,69.79000091552734,95.62000274658203,2.821000099182129
2018-08-24,11557.099609375,12.40999984741211,2874.68994140625,11.989999771118164,75.81999969482422,1206.300048828125,70.2750015258789,95.1500015258789,2.8259999752044678
2018-08-27,11691.9501953125,12.239999771118164,2896.739990234375,12.15999984741211,76.20999908447266,1209.0,69.76499938964844,94.77999877929688,2.8480000495910645
2018-08-28,11738.5,12.430000305175781,2897.52001953125,12.5,75.94999694824219,1207.4000244140625,69.94499969482422,94.72000122070312,2.884000062942505
2018-08-29,11691.900390625,12.4399995803833,2914.0400390625,12.25,77.13999938964844,1204.5,70.54000091552734,94.5999984741211,2.884000062942505
2018-08-30,11676.7998046875,12.40999984741211,2901.1298828125,13.529999732971191,77.7699966430664,1197.699951171875,70.91000366210938,94.72000122070312,2.859999895095825
2018-08-31,11680.5,12.600000381469727,2901.52001953125,12.859999656677246,77.41999816894531,1200.300048828125,71.40499877929688,95.13999938964844,2.8529999256134033
2018-09-03,11582.349609375,13.390000343322754,,,,,70.99500274658203,,
2018-09-04,11520.2998046875,13.779999732971191,2896.719970703125,13.15999984741211,78.16999816894531,1192.699951171875,71.06999969482422,95.41999816894531,2.9019999504089355
2018-09-05,11476.9501953125,13.649999618530273,2888.60009765625,13.90999984741211,77.2699966430664,1194.9000244140625,71.75,95.12999725341797,2.9019999504089355
2018-09-06,11536.900390625,13.720000267028809,2878.050048828125,14.649999618530273,76.5,1197.9000244140625,71.88999938964844,95.0199966430664,2.878999948501587
2018-09-07,11589.099609375,13.890000343322754,2871.679931640625,14.880000114440918,76.83000183105469,1193.5999755859375,71.93890380859375,95.37000274658203,2.941999912261963
2018-09-10,11438.099609375,15.199999809265137,2877.1298828125,14.15999984741211,77.37000274658203,1193.0,72.09500122070312,95.1500015258789,2.937000036239624
2018-09-11,11287.5,15.329999923706055,2887.889892578125,13.220000267028809,79.05999755859375,1195.4000244140625,72.44499969482422,95.05999755859375,2.9769999980926514
2018-09-12,11369.900390625,14.25,2888.919921875,13.140000343322754,79.73999786376953,1204.699951171875,72.98999786376953,94.80000305175781,2.9630000591278076
2018-09-13,,,2904.179931640625,12.369999885559082,78.18000030517578,1202.0,71.92520141601562,94.54000091552734,2.9630000591278076
2018-09-14,11515.2001953125,13.84000015258789,2904.97998046875,12.069999694824219,78.08999633789062,1195.0,72.02749633789062,94.9800033569336,2.99399995803833
2018-09-17,11377.75,14.5,2888.800048828125,13.680000305175781,78.05000305175781,1199.699951171875,72.09500122070312,94.51000213623047,3.000999927520752
2018-09-18,11278.900390625,14.420000076293945,2904.31005859375,12.789999961853027,79.02999877929688,1196.800048828125,72.53479766845703,94.62000274658203,3.0480000972747803
2018-09-19,11234.349609375,14.010000228881836,2907.949951171875,11.75,79.4000015258789,1202.199951171875,73.12000274658203,94.55000305175781,3.0829999446868896
2018-09-20,,,2930.75,11.800000190734863,78.69999694824219,1206.199951171875,72.34500122070312,93.91000366210938,3.078000068664551
2018-09-21,11143.099609375,15.539999961853027,2929.669921875,11.680000305175781,78.80000305175781,1196.199951171875,71.72000122070312,94.22000122070312,3.068000078201294
2018-09-24,10967.400390625,17.43000030517578,2919.3701171875,12.199999809265137,81.19999694824219,1199.300048828125,72.2300033569336,94.26000213623047,3.078000068664551
2018-09-25,11067.4501953125,16.68000030517578,2915.56005859375,12.420000076293945,81.87000274658203,1200.0,73.30000305175781,94.12999725341797,3.1019999980926514
2018-09-26,11053.7998046875,17.09000015258789,2905.969970703125,12.890000343322754,81.33999633789062,1194.0,73.08999633789062,94.19000244140625,3.061000108718872
2018-09-27,10977.5498046875,16.920000076293945,2914.0,12.40999984741211,81.72000122070312,1182.300048828125,72.7699966430664,95.0,3.055999994277954
2018-09-28,10930.4501953125,17.0,2913.97998046875,12.119999885559082,82.72000122070312,1191.5,72.94999694824219,95.19000244140625,3.055999994277954
2018-10-01,11008.2998046875,16.84000015258789,2924.590087890625,12.0,84.9800033569336,1187.0999755859375,72.50499725341797,95.30000305175781,3.0799999237060547
2018-10-02,,,2923.429931640625,12.050000190734863,84.80000305175781,1202.4000244140625,73.75499725341797,95.51000213623047,3.055999994277954
2018-10-03,10858.25,18.1200008392334,2925.510009765625,11.609999656677246,86.29000091552734,1198.300048828125,73.27999877929688,95.76000213623047,3.1610000133514404
2018-10-04,10599.25,18.920000076293945,2901.610107421875,14.220000267028809,84.58000183105469,1197.199951171875,73.8499984741211,95.75,3.197000026702881
2018-10-05,10316.4501953125,19.729999542236328,2885.570068359375,14.819999694824219,84.16000366210938,1201.199951171875,74.22000122070312,95.62000274658203,3.2249999046325684
2018-10-08,10348.0498046875,20.149999618530273,2884.429931640625,15.6899995803833,83.91000366210938,1184.4000244140625,73.76300048828125,95.7699966430664,3.2330000400543213
2018-10-09,10301.0498046875,19.760000228881836,2880.340087890625,15.949999809265137,85.0,1187.199951171875,73.88999938964844,95.68000030517578,3.2079999446868896
2018-10-10,10460.099609375,17.90999984741211,2785.679931640625,22.959999084472656,83.08999633789062,1189.300048828125,74.55000305175781,95.51000213623047,3.2249999046325684
2018-10-11,10234.650390625,20.549999237060547,2728.3701171875,24.979999542236328,80.26000213623047,1223.5,74.5999984741211,95.0199966430664,3.132999897003174
2018-10-12,10472.5,18.6299991607666,2767.1298828125,21.309999465942383,80.43000030517578,1218.0999755859375,74.16000366210938,95.22000122070312,3.1410000324249268
2018-10-15,10512.5,18.889999389648438,2750.7900390625,21.299999237060547,80.77999877929688,1226.4000244140625,73.6760025024414,95.06999969482422,3.1630001068115234
2018-10-16,10584.75,17.3700008392334,2809.919921875,17.6200008392334,81.41000366210938,1227.300048828125,74.08000183105469,95.05000305175781,3.1559998989105225
2018-10-17,10453.0498046875,17.979999542236328,2809.2099609375,17.399999618530273,80.05000305175781,1223.699951171875,73.45549774169922,95.58000183105469,3.178999900817871
2018-10-18,,,2768.780029296875,20.059999465942383,79.29000091552734,1226.5,73.91999816894531,95.9000015258789,3.174999952316284
2018-10-19,10303.5498046875,19.790000915527344,2767.780029296875,19.889999389648438,79.77999877929688,1225.300048828125,74.16000366210938,95.70999908447266,3.197999954223633
2018-10-22,10245.25,21.360000610351562,2755.8798828125,19.639999389648438,79.83000183105469,1221.199951171875,73.46499633789062,96.01000213623047,3.196000099182129
2018-10-23,10146.7998046875,19.040000915527344,2740.68994140625,20.709999084472656,76.44000244140625,1233.4000244140625,73.8594970703125,95.95999908447266,3.1659998893737793
2018-10-24,10224.75,18.8799991607666,2656.10009765625,25.229999542236328,76.16999816894531,1227.800048828125,73.22129821777344,96.43000030517578,3.124000072479248
2018-10-25,10124.900390625,18.959999084472656,2705.570068359375,24.219999313354492,76.88999938964844,1229.0999755859375,73.22049713134766,96.68000030517578,3.135999917984009
2018-10-26,10030.0,19.229999542236328,2658.68994140625,24.15999984741211,77.62000274658203,1232.5,73.22019958496094,96.36000061035156,3.0769999027252197
2018-10-29,10250.849609375,19.829999923706055,2641.25,24.700000762939453,77.33999633789062,1224.5,73.125,96.58000183105469,3.0869998931884766
2018-10-30,10198.400390625,20.5,2682.6298828125,23.350000381469727,75.91000366210938,1222.5999755859375,73.5905990600586,97.01000213623047,3.109999895095825
2018-10-31,10386.599609375,19.799999237060547,2711.739990234375,21.229999542236328,75.47000122070312,1212.300048828125,73.6500015258789,97.12999725341797,3.1589999198913574
2018-11-01,10380.4501953125,19.190000534057617,2740.3701171875,19.34000015258789,75.5,1236.0,74.06999969482422,96.27999877929688,3.1440000534057617
2018-11-02,10553.0,18.229999542236328,2723.06005859375,19.510000228881836,72.83000183105469,1230.9000244140625,73.30999755859375,96.54000091552734,3.2139999866485596
2018-11-05,10524.0,19.479999542236328,2738.31005859375,19.959999084472656,73.16999816894531,1229.800048828125,72.90499877929688,96.3499984741211,3.2009999752044678
2018-11-06,10530.0,18.510000228881836,2755.449951171875,19.90999984741211,72.12999725341797,1223.800048828125,72.86000061035156,96.31999969482422,3.2139999866485596
2018-11-07,10598.400390625,17.719999313354492,2813.889892578125,16.360000610351562,72.06999969482422,1226.199951171875,73.2300033569336,96.0,3.2130000591278076
2018-11-08,,,2806.830078125,16.719999313354492,70.6500015258789,1222.9000244140625,72.37999725341797,96.63999938964844,3.2339999675750732
2018-11-09,10585.2001953125,17.770000457763672,2781.010009765625,17.360000610351562,70.18000030517578,1206.4000244140625,72.9000015258789,96.91000366210938,3.188999891281128
2018-11-12,10482.2001953125,19.3700008392334,2726.219970703125,20.450000762939453,70.12000274658203,1201.300048828125,72.47000122070312,97.54000091552734,3.186000108718872
2018-11-13,10582.5,18.700000762939453,2722.179931640625,20.020000457763672,65.47000122070312,1199.199951171875,73.18000030517578,97.30000305175781,3.1449999809265137
2018-11-14,10576.2998046875,18.829999923706055,2701.580078125,21.25,66.12000274658203,1207.9000244140625,72.55000305175781,96.80000305175781,3.119999885559082
2018-11-15,10616.7001953125,18.450000762939453,2730.199951171875,19.979999542236328,66.62000274658203,1212.800048828125,72.4000015258789,96.93000030517578,3.118000030517578
2018-11-16,10682.2001953125,18.350000381469727,2736.27001953125,18.139999389648438,66.76000213623047,1220.800048828125,71.8917007446289,96.47000122070312,3.0739998817443848
2018-11-19,10763.400390625,19.260000228881836,2690.72998046875,20.100000381469727,66.79000091552734,1223.0999755859375,71.7750015258789,96.19000244140625,3.056999921798706
2018-11-20,10656.2001953125,19.329999923706055,2641.889892578125,22.479999542236328,62.529998779296875,1219.0,71.69000244140625,96.80999755859375,3.0480000972747803
2018-11-21,10600.0498046875,19.559999465942383,2649.929931640625,20.799999237060547,63.47999954223633,1225.800048828125,71.41500091552734,96.70999908447266,3.061000108718872
2018-11-22,10526.75,19.15999984741211,,,,,71.29499816894531,,
2018-11-23,,,2632.56005859375,21.520000457763672,58.79999923706055,1221.0,70.83499908447266,96.91999816894531,3.053999900817871
2018-11-26,10628.599609375,20.399999618530273,2673.449951171875,18.899999618530273,60.47999954223633,1220.199951171875,70.66999816894531,97.06999969482422,3.072000026702881
2018-11-27,10685.599609375,18.31999969482422,2682.169921875,19.020000457763672,60.209999084472656,1211.199951171875,70.80999755859375,97.37000274658203,3.055000066757202
2018-11-28,10728.849609375,17.959999084472656,2743.7900390625,18.489999771118164,58.7599983215332,1221.4000244140625,70.87999725341797,96.79000091552734,3.0439999103546143
2018-11-29,10858.7001953125,18.700000762939453,2737.800048828125,18.790000915527344,59.5099983215332,1224.0999755859375,70.5999984741211,96.77999877929688,3.0350000858306885
2018-11-30,10876.75,19.15999984741211,2760.169921875,18.06999969482422,58.709999084472656,1220.199951171875,69.91999816894531,97.2699966430664,3.013000011444092
2018-12-03,10883.75,18.219999313354492,2790.3701171875,16.440000534057617,61.689998626708984,1233.9000244140625,69.76000213623047,97.04000091552734,2.992000102996826
2018-12-04,10869.5,18.110000610351562,2700.06005859375,20.739999771118164,62.08000183105469,1241.0999755859375,70.48500061035156,96.97000122070312,2.9240000247955322
2018-12-05,10782.900390625,18.389999389648438,,,,,70.62999725341797,,
2018-12-06,10601.150390625,19.309999465942383,2695.949951171875,21.190000534057617,60.060001373291016,1238.0999755859375,70.87000274658203,96.80999755859375,2.875999927520752
2018-12-07,10693.7001953125,18.59000015258789,2633.080078125,23.229999542236328,61.66999816894531,1246.800048828125,70.75,96.51000213623047,2.8499999046325684
2018-12-10,10488.4501953125,20.440000534057617,2637.719970703125,22.639999389648438,59.970001220703125,1243.699951171875,71.36499786376953,97.22000122070312,2.8559999465942383
2018-12-11,10549.150390625,17.950000762939453,2636.780029296875,21.760000228881836,60.20000076293945,1241.9000244140625,72.7300033569336,97.38999938964844,2.878999948501587
2018-12-12,10737.599609375,15.8100004196167,2651.070068359375,21.459999084472656,60.150001525878906,1244.4000244140625,72.62000274658203,97.04000091552734,2.9059998989105225
2018-12-13,10791.5498046875,15.550000190734863,2650.5400390625,20.649999618530273,61.45000076293945,1242.699951171875,72.1500015258789,97.05999755859375,2.9110000133514404
2018-12-14,10805.4501953125,15.15999984741211,2599.949951171875,21.6299991607666,60.279998779296875,1237.0,71.5469970703125,97.44000244140625,2.8910000324249268
2018-12-17,10888.349609375,14.539999961853027,2545.93994140625,24.520000457763672,59.61000061035156,1247.4000244140625,71.91000366210938,97.0999984741211,2.8570001125335693
2018-12-18,10908.7001953125,14.579999923706055,2546.159912109375,25.579999923706055,56.2599983215332,1249.199951171875,71.58999633789062,97.13999938964844,2.825000047683716
2018-12-19,10967.2998046875,14.65999984741211,2506.9599609375,25.579999923706055,57.2400016784668,1252.0999755859375,70.56999969482422,97.04000091552734,2.7780001163482666
2018-12-20,10951.7001953125,14.329999923706055,2467.419921875,28.3799991607666,54.349998474121094,1263.5999755859375,70.68550109863281,96.27999877929688,2.7890000343322754
2018-12-21,10754.0,15.989999771118164,2416.6201171875,30.110000610351562,53.81999969482422,1253.800048828125,70.30000305175781,96.95999908447266,2.7920000553131104
2018-12-24,10663.5,15.75,2351.10009765625,36.06999969482422,50.470001220703125,1267.5,70.13999938964844,96.55000305175781,2.749000072479248
2018-12-25,,,,,,,70.23999786376953,,
2018-12-26,10729.849609375,15.920000076293945,2467.699951171875,30.40999984741211,54.470001220703125,1269.199951171875,70.23999786376953,97.05000305175781,2.796999931335449
2018-12-27,10779.7998046875,16.06999969482422,2488.830078125,29.959999084472656,52.15999984741211,1277.300048828125,70.1500015258789,96.4800033569336,2.743000030517578
2018-12-28,10859.900390625,15.270000457763672,2485.739990234375,28.34000015258789,52.20000076293945,1279.9000244140625,69.98999786376953,96.38999938964844,2.7360000610351562
2018-12-31,10862.5498046875,16.0,2506.85009765625,25.420000076293945,53.79999923706055,1278.300048828125,69.92250061035156,96.16999816894531,2.686000108718872
2019-01-01,,15.329999923706055,,,,,69.70999908447266,,
2019-01-02,10792.5,16.389999389648438,2510.030029296875,23.219999313354492,54.90999984741211,1281.0,69.70999908447266,96.81999969482422,2.6610000133514404
2019-01-03,10672.25,16.790000915527344,2447.889892578125,25.450000762939453,55.95000076293945,1291.800048828125,69.95999908447266,96.30999755859375,2.553999900817871
2019-01-04,10727.349609375,16.15999984741211,2531.93994140625,21.3799991607666,57.060001373291016,1282.699951171875,70.30000305175781,96.19000244140625,2.6589999198913574
2019-01-07,10771.7998046875,16.299999237060547,2549.68994140625,21.399999618530273,57.33000183105469,1286.800048828125,69.5250015258789,95.70999908447266,2.681999921798706
2019-01-08,10802.150390625,15.699999809265137,2574.409912109375,20.469999313354492,58.720001220703125,1283.199951171875,69.80999755859375,95.9000015258789,2.7160000801086426
2019-01-09,10855.150390625,15.270000457763672,2584.9599609375,19.979999542236328,61.439998626708984,1289.300048828125,70.33000183105469,95.22000122070312,2.7279999256134033
2019-01-10,10821.599609375,15.350000381469727,2596.639892578125,19.5,61.68000030517578,1284.699951171875,70.55049896240234,95.54000091552734,2.7309999465942383
2019-01-11,10794.9501953125,15.350000381469727,2596.260009765625,18.190000534057617,60.47999954223633,1287.0999755859375,70.72000122070312,95.66999816894531,2.7009999752044678
2019-01-14,10737.599609375,16.15999984741211,2582.610107421875,19.06999969482422,58.9900016784668,1289.0999755859375,70.37000274658203,95.58999633789062,2.7100000381469727
2019-01-15,10886.7998046875,15.579999923706055,2610.300048828125,18.600000381469727,60.63999938964844,1286.199951171875,71.08499908447266,95.97000122070312,2.7109999656677246
2019-01-16,10890.2998046875,16.079999923706055,2616.10009765625,19.040000915527344,61.31999969482422,1291.5999755859375,71.09249877929688,96.05999755859375,2.7309999465942383
2019-01-17,10905.2001953125,16.239999771118164,2635.9599609375,18.059999465942383,61.18000030517578,1291.0,71.36499786376953,96.06999969482422,2.749000072479248
2019-01-18,10906.9501953125,16.6200008392334,2670.7099609375,17.799999237060547,62.70000076293945,1281.300048828125,71.03019714355469,96.33999633789062,2.7839999198913574
2019-01-21,10961.849609375,18.149999618530273,,,,,71.2300033569336,,
2019-01-22,10922.75,17.989999771118164,2632.89990234375,20.799999237060547,61.5,1282.5,71.5,96.30000305175781,2.7300000190734863
2019-01-23,10831.5,18.09000015258789,2638.699951171875,19.520000457763672,61.13999938964844,1283.0999755859375,71.2302017211914,96.12000274658203,2.755000114440918
2019-01-24,10849.7998046875,17.43000030517578,2642.330078125,18.889999389648438,61.09000015258789,1279.0999755859375,71.15730285644531,96.5999984741211,2.7119998931884766
2019-01-25,10780.5498046875,17.690000534057617,2664.760009765625,17.420000076293945,61.63999938964844,1297.4000244140625,70.98999786376953,95.79000091552734,2.753000020980835
2019-01-28,10661.5498046875,18.899999618530273,2643.85009765625,18.8700008392334,59.93000030517578,1302.4000244140625,70.9749984741211,95.75,2.74399995803833
2019-01-29,10652.2001953125,18.43000030517578,2640.0,19.1299991607666,61.31999969482422,1308.199951171875,71.09010314941406,95.81999969482422,2.7119998931884766
2019-01-30,10651.7998046875,17.850000381469727,2681.050048828125,17.65999984741211,61.650001525878906,1309.9000244140625,71.62000274658203,95.33999633789062,2.694999933242798
2019-01-31,10830.9501953125,17.1200008392334,2704.10009765625,16.56999969482422,61.88999938964844,1319.699951171875,71.12000274658203,95.58000183105469,2.634999990463257
2019-02-01,10893.650390625,15.720000267028809,2706.530029296875,16.139999389648438,61.869998931884766,1316.9000244140625,71.19999694824219,95.58000183105469,2.690999984741211
2019-02-04,10912.25,15.720000267028809,2724.8701171875,15.729999542236328,62.5099983215332,1314.300048828125,71.45169830322266,95.8499984741211,2.7239999771118164
2019-02-05,10934.349609375,15.779999732971191,2737.699951171875,15.569999694824219,61.97999954223633,1314.199951171875,71.68499755859375,96.0999984741211,2.7019999027252197
2019-02-06,11062.4501953125,15.630000114440918,2731.610107421875,15.380000114440918,62.689998626708984,1309.5,71.7699966430664,96.41999816894531,2.7019999027252197
2019-02-07,11069.400390625,15.4399995803833,2706.050048828125,16.3700008392334,61.630001068115234,1309.4000244140625,71.54049682617188,96.51000213623047,2.6519999504089355
2019-02-08,10943.599609375,15.569999694824219,2707.8798828125,15.720000267028809,62.099998474121094,1313.699951171875,71.58000183105469,96.63999938964844,2.631999969482422
2019-02-11,10888.7998046875,15.84000015258789,2709.800048828125,15.970000267028809,61.5099983215332,1307.0,71.1500015258789,97.05999755859375,2.6610000133514404
2019-02-12,10831.400390625,15.75,2744.72998046875,15.430000305175781,62.41999816894531,1309.199951171875,71.2300033569336,96.70999908447266,2.684000015258789
2019-02-13,,,2753.030029296875,15.649999618530273,63.61000061035156,1310.800048828125,70.80999755859375,97.12999725341797,2.7079999446868896
2019-02-14,10746.0498046875,15.770000457763672,2745.72998046875,16.219999313354492,64.56999969482422,1309.800048828125,70.86509704589844,96.9800033569336,2.6570000648498535
2019-02-15,10724.400390625,16.459999084472656,2775.60009765625,14.90999984741211,66.25,1318.0999755859375,71.01000213623047,96.91999816894531,2.6659998893737793
2019-02-18,10640.9501953125,18.0,,,,,71.31999969482422,,
2019-02-19,10604.349609375,18.469999313354492,2779.760009765625,14.880000114440918,66.44999694824219,1340.0999755859375,71.69999694824219,96.5199966430664,2.6470000743865967
2019-02-20,10735.4501953125,17.059999465942383,2784.699951171875,14.020000457763672,67.08000183105469,1343.300048828125,71.5999984741211,96.44999694824219,2.6540000438690186
2019-02-21,10789.849609375,16.049999237060547,2774.8798828125,14.460000038146973,67.06999969482422,1323.5,71.30000305175781,96.61000061035156,2.687999963760376
2019-02-22,10791.650390625,15.449999809265137,2792.669921875,13.510000228881836,67.12000274658203,1329.199951171875,71.18499755859375,96.51000213623047,2.6549999713897705
2019-02-25,10880.099609375,15.359999656677246,2796.110107421875,14.850000381469727,64.76000213623047,1325.9000244140625,71.03099822998047,96.41000366210938,2.6730000972747803
2019-02-26,10835.2998046875,17.110000610351562,2793.89990234375,15.170000076293945,65.20999908447266,1325.0999755859375,71.08999633789062,96.0,2.635999917984009
2019-02-27,10806.650390625,18.899999618530273,2792.3798828125,14.699999809265137,66.38999938964844,1317.699951171875,70.94000244140625,96.1500015258789,2.693000078201294
2019-02-28,10792.5,18.280000686645508,2784.489990234375,14.779999732971191,66.02999877929688,1312.800048828125,71.19000244140625,96.16000366210938,2.7109999656677246
2019-03-01,10863.5,16.270000457763672,2803.68994140625,13.569999694824219,65.06999969482422,1296.4000244140625,70.81600189208984,96.52999877929688,2.755000114440918
2019-03-04,,,2792.81005859375,14.630000114440918,65.66999816894531,1284.800048828125,70.98999786376953,96.68000030517578,2.7219998836517334
2019-03-05,10987.4501953125,15.65999984741211,2789.64990234375,14.739999771118164,65.86000061035156,1282.0,70.9000015258789,96.8499984741211,2.7219998836517334
2019-03-06,11053.0,15.609999656677246,2771.449951171875,15.739999771118164,65.98999786376953,1284.9000244140625,70.74250030517578,96.87000274658203,2.691999912261963
2019-03-07,11058.2001953125,15.289999961853027,2748.929931640625,16.59000015258789,66.30000305175781,1283.800048828125,70.36499786376953,97.66999816894531,2.635999917984009
2019-03-08,11035.400390625,14.9399995803833,2743.070068359375,16.049999237060547,65.73999786376953,1297.0,70.48750305175781,97.37000274658203,2.625
2019-03-11,11168.0498046875,14.899999618530273,2783.300048828125,14.329999923706055,66.58000183105469,1288.800048828125,69.98690032958984,97.22000122070312,2.6429998874664307
2019-03-12,11301.2001953125,15.100000381469727,2791.52001953125,13.770000457763672,66.66999816894531,1296.300048828125,69.79010009765625,96.94000244140625,2.6050000190734863
2019-03-13,11341.7001953125,15.279999732971191,2810.919921875,13.40999984741211,67.55000305175781,1307.5,69.84500122070312,96.55000305175781,2.6110000610351562
2019-03-14,11343.25,15.149999618530273,2808.47998046875,13.5,67.2300033569336,1293.4000244140625,69.72630310058594,96.79000091552734,2.630000114440918
2019-03-15,11426.849609375,15.869999885559082,2822.47998046875,12.880000114440918,67.16000366210938,1301.800048828125,69.3373031616211,96.5999984741211,2.5929999351501465
2019-03-18,11462.2001953125,16.899999618530273,2832.93994140625,13.100000381469727,67.54000091552734,1300.300048828125,68.9530029296875,96.5199966430664,2.6019999980926514
2019-03-19,11532.400390625,16.489999771118164,2832.570068359375,13.5600004196167,67.61000061035156,1305.0,68.61799621582031,96.37999725341797,2.614000082015991
2019-03-20,11521.0498046875,16.030000686645508,2824.22998046875,13.90999984741211,68.5,1300.5,69.31749725341797,95.76000213623047,2.5350000858306885
2019-03-21,,,2854.8798828125,13.630000114440918,67.86000061035156,1306.0999755859375,68.82499694824219,96.5,2.5369999408721924
2019-03-22,11456.900390625,16.270000457763672,2800.7099609375,16.479999542236328,67.02999877929688,1311.5999755859375,68.93000030517578,96.6500015258789,2.4549999237060547
2019-03-25,11354.25,16.670000076293945,2798.360107421875,16.329999923706055,67.20999908447266,1321.9000244140625,69.1604995727539,96.56999969482422,2.4200000762939453
2019-03-26,11483.25,16.489999771118164,2818.4599609375,14.680000305175781,67.97000122070312,1314.300048828125,68.92340087890625,96.73999786376953,2.4140000343322754
2019-03-27,11445.0498046875,17.049999237060547,2805.3701171875,15.149999618530273,67.83000183105469,1309.9000244140625,69.42749786376953,96.7699966430664,2.374000072479248
2019-03-28,11570.0,16.649999618530273,2815.43994140625,14.430000305175781,67.81999969482422,1289.800048828125,69.37000274658203,97.19999694824219,2.3889999389648438
2019-03-29,,,2834.39990234375,13.710000038146973,68.38999938964844,1293.0,69.5,97.27999877929688,2.4140000343322754
2019-04-01,11669.150390625,18.010000228881836,2867.18994140625,13.399999618530273,69.01000213623047,1288.4000244140625,69.43000030517578,97.25,2.496999979019165
2019-04-02,11713.2001953125,18.079999923706055,2867.239990234375,13.359999656677246,69.37000274658203,1290.0,69.19529724121094,97.36000061035156,2.4809999465942383
2019-04-03,11643.9501953125,18.780000686645508,2873.39990234375,13.739999771118164,69.30999755859375,1289.9000244140625,68.91020202636719,97.08999633789062,2.5169999599456787
2019-04-04,11598.0,18.649999618530273,2879.389892578125,13.579999923706055,69.4000015258789,1289.0,68.8499984741211,97.30999755859375,2.51200008392334
2019-04-05,11665.9501953125,18.389999389648438,2892.739990234375,12.819999694824219,70.33999633789062,1290.4000244140625,68.97039794921875,97.4000015258789,2.500999927520752
2019-04-08,11604.5,20.149999618530273,2895.77001953125,13.180000305175781,71.0999984741211,1297.0999755859375,69.16000366210938,97.05000305175781,2.5190000534057617
2019-04-09,11671.9501953125,20.280000686645508,2878.199951171875,14.279999732971191,70.61000061035156,1303.5,69.55249786376953,97.01000213623047,2.499000072479248
2019-04-10,11584.2998046875,21.1299991607666,2888.2099609375,13.300000190734863,71.7300033569336,1309.0999755859375,69.26180267333984,96.94999694824219,2.4769999980926514
2019-04-11,11596.7001953125,20.959999084472656,2888.320068359375,13.020000457763672,70.83000183105469,1288.5999755859375,69.14019775390625,97.18000030517578,2.503999948501587
2019-04-12,11643.4501953125,21.0,2907.409912109375,12.010000228881836,71.55000305175781,1290.5999755859375,69.43000030517578,96.97000122070312,2.559999942779541
2019-04-15,11690.349609375,21.389999389648438,2905.580078125,12.319999694824219,71.18000030517578,1286.800048828125,69.16100311279297,96.94000244140625,2.552999973297119
2019-04-16,11787.150390625,21.690000534057617,2907.06005859375,12.180000305175781,71.72000122070312,1272.5999755859375,69.80999755859375,97.04000091552734,2.5920000076293945
2019-04-17,,,2900.449951171875,12.600000381469727,71.62000274658203,1272.199951171875,69.88500213623047,97.01000213623047,2.5920000076293945
2019-04-18,11752.7998046875,22.739999771118164,2905.030029296875,12.09000015258789,71.97000122070312,1271.9000244140625,69.4010009765625,97.47000122070312,2.559999942779541
2019-04-19,,,,,,,69.38099670410156,,
2019-04-22,11594.4501953125,24.049999237060547,2907.969970703125,12.420000076293945,74.04000091552734,1273.5,69.36000061035156,97.27999877929688,2.5899999141693115
2019-04-23,11575.9501953125,24.649999618530273,2933.679931640625,12.279999732971191,74.51000213623047,1269.300048828125,70.0625,97.56999969482422,2.569999933242798
2019-04-24,11726.150390625,23.709999084472656,2927.25,13.140000343322754,74.56999969482422,1275.5,69.75800323486328,98.0999984741211,2.5220000743865967
2019-04-25,11641.7998046875,23.229999542236328,2926.169921875,13.25,74.3499984741211,1275.800048828125,70.0958023071289,98.19999694824219,2.5339999198913574
2019-04-26,11754.650390625,21.719999313354492,2939.8798828125,12.729999542236328,72.1500015258789,1284.9000244140625,70.16000366210938,98.01000213623047,2.505000114440918
2019-04-29,,,2943.030029296875,13.109999656677246,72.04000091552734,1278.5999755859375,69.84200286865234,97.86000061035156,2.5360000133514404
2019-04-30,11748.150390625,21.829999923706055,2945.830078125,13.119999885559082,72.80000305175781,1282.800048828125,69.81179809570312,97.4800033569336,2.509000062942505
2019-05-01,,,2923.72998046875,14.800000190734863,72.18000030517578,1281.4000244140625,69.55599975585938,97.69000244140625,2.510999917984009
2019-05-02,11724.75,22.979999542236328,2917.52001953125,14.420000076293945,70.75,1269.699951171875,69.63289642333984,97.83000183105469,2.552000045776367
2019-05-03,11712.25,24.030000686645508,2945.639892578125,12.869999885559082,70.8499984741211,1279.199951171875,69.42440032958984,97.5199966430664,2.5309998989105225
2019-05-06,11598.25,26.43000030517578,2932.469970703125,15.4399995803833,71.23999786376953,1281.699951171875,69.16799926757812,97.5199966430664,2.5
2019-05-07,11497.900390625,26.479999542236328,2884.050048828125,19.31999969482422,69.87999725341797,1283.5,69.40029907226562,97.62999725341797,2.447999954223633
2019-05-08,11359.4501953125,26.3700008392334,2879.419921875,19.399999618530273,70.37000274658203,1279.4000244140625,69.91000366210938,97.62000274658203,2.4820001125335693
2019-05-09,11301.7998046875,25.489999771118164,2870.719970703125,19.100000381469727,70.38999938964844,1283.5,70.01000213623047,97.37000274658203,2.4570000171661377
2019-05-10,11278.900390625,26.34000015258789,2881.39990234375,16.040000915527344,70.62000274658203,1285.699951171875,70.41000366210938,97.33000183105469,2.4549999237060547
2019-05-13,11148.2001953125,27.3799991607666,2811.8701171875,20.549999237060547,70.2300033569336,1300.0999755859375,69.92250061035156,97.31999969482422,2.4049999713897705
2019-05-14,11222.0498046875,27.1299991607666,2834.409912109375,18.059999465942383,71.23999786376953,1294.699951171875,70.61699676513672,97.52999877929688,2.4189999103546143
2019-05-15,11157.0,28.65999984741211,2850.9599609375,16.440000534057617,71.7699966430664,1296.300048828125,70.30699920654297,97.56999969482422,2.378999948501587
2019-05-16,11257.099609375,28.3700008392334,2876.320068359375,15.289999961853027,72.62000274658203,1285.0,70.20919799804688,97.83999633789062,2.4049999713897705
2019-05-17,11407.150390625,28.079999923706055,2859.530029296875,15.960000038146973,72.20999908447266,1274.5,70.23500061035156,98.0,2.3929998874664307
2019-05-20,11828.25,23.68000030517578,2840.22998046875,16.309999465942383,71.97000122070312,1276.0999755859375,70.28150177001953,97.93000030517578,2.4159998893737793
2019-05-21,11709.099609375,25.649999618530273,2864.360107421875,14.949999809265137,72.18000030517578,1272.0,70.12750244140625,98.05999755859375,2.4260001182556152
2019-05-22,11737.900390625,27.6299991607666,2856.27001953125,14.75,70.98999786376953,1273.5999755859375,,98.11000061035156,2.3929998874664307
2019-05-23,11657.0498046875,19.40999984741211,2822.239990234375,16.920000076293945,67.76000213623047,1284.800048828125,69.97250366210938,97.8499984741211,2.2960000038146973
2019-05-24,11844.099609375,16.469999313354492,2826.06005859375,15.850000381469727,68.69000244140625,1283.0,69.94499969482422,97.61000061035156,2.3239998817443848
2019-05-27,11924.75,16.190000534057617,,,,,69.36000061035156,,
2019-05-28,11928.75,15.920000076293945,2802.389892578125,17.5,70.11000061035156,1276.5,69.72000122070312,97.95999908447266,2.2679998874664307
2019-05-29,11861.099609375,16.40999984741211,2783.02001953125,17.899999618530273,69.44999694824219,1280.5999755859375,69.875,98.13999938964844,2.2360000610351562
2019-05-30,11945.900390625,15.609999656677246,2788.860107421875,17.299999237060547,66.87000274658203,1287.0999755859375,69.81500244140625,98.13999938964844,2.2269999980926514
2019-05-31,11922.7998046875,16.06999969482422,2752.06005859375,18.709999084472656,64.48999786376953,1305.800048828125,69.9800033569336,97.75,2.1419999599456787
2019-06-03,12088.5498046875,15.970000267028809,2744.449951171875,18.860000610351562,61.279998779296875,1322.699951171875,69.5696029663086,97.13999938964844,2.0810000896453857
2019-06-04,12021.650390625,15.630000114440918,2803.27001953125,16.969999313354492,61.970001220703125,1323.4000244140625,69.16190338134766,97.06999969482422,2.11899995803833
2019-06-05,,,2826.14990234375,16.09000015258789,60.630001068115234,1328.300048828125,69.55999755859375,97.37000274658203,2.122999906539917
2019-06-06,11843.75,15.529999732971191,2843.489990234375,15.930000305175781,61.66999816894531,1337.5999755859375,69.625,97.02999877929688,2.124000072479248
2019-06-07,11870.650390625,14.859999656677246,2873.340087890625,16.299999237060547,63.290000915527344,1341.199951171875,69.36000061035156,96.61000061035156,2.0840001106262207
2019-06-10,11922.7001953125,14.979999542236328,2886.72998046875,15.9399995803833,62.290000915527344,1324.699951171875,69.34500122070312,96.76000213623047,2.1429998874664307
2019-06-11,11965.599609375,14.489999771118164,2885.719970703125,15.989999771118164,62.290000915527344,1326.4000244140625,69.52349853515625,96.69000244140625,2.140000104904175
2019-06-12,11906.2001953125,14.119999885559082,2879.840087890625,15.90999984741211,59.970001220703125,1331.9000244140625,69.3864974975586,97.0,2.127000093460083
2019-06-13,11914.0498046875,13.65999984741211,2891.639892578125,15.819999694824219,61.310001373291016,1339.199951171875,69.69999694824219,97.01000213623047,2.0910000801086426
2019-06-14,11823.2998046875,13.899999618530273,2886.97998046875,15.279999732971191,62.0099983215332,1340.0999755859375,69.80000305175781,97.56999969482422,2.0929999351501465
2019-06-17,11672.150390625,14.649999618530273,2889.669921875,15.350000381469727,60.939998626708984,1338.699951171875,69.77050018310547,97.55999755859375,2.0859999656677246
2019-06-18,11691.5,14.600000381469727,2917.75,15.149999618530273,62.13999938964844,1346.5999755859375,70.11250305175781,97.63999938964844,2.059999942779541
2019-06-19,11691.4501953125,14.729999542236328,2926.4599609375,14.329999923706055,61.81999969482422,1344.5999755859375,69.76499938964844,97.12000274658203,2.0290000438690186
2019-06-20,11831.75,14.0,2954.179931640625,14.75,64.44999694824219,1392.9000244140625,69.87000274658203,96.62999725341797,2.000999927520752
2019-06-21,11724.099609375,14.609999656677246,2950.4599609375,15.399999618530273,65.19999694824219,1396.199951171875,69.77999877929688,96.22000122070312,2.068000078201294
2019-06-24,11699.650390625,15.220000267028809,2945.35009765625,15.260000228881836,64.86000061035156,1414.300048828125,69.56990051269531,95.9800033569336,2.0209999084472656
2019-06-25,11796.4501953125,15.010000228881836,2917.3798828125,16.280000686645508,65.05000305175781,1414.9000244140625,69.60250091552734,96.16000366210938,1.99399995803833
2019-06-26,11847.5498046875,14.75,2913.780029296875,16.209999084472656,66.48999786376953,1411.5999755859375,69.63749694824219,96.20999908447266,2.0490000247955322
2019-06-27,11841.5498046875,14.649999618530273,2924.919921875,15.819999694824219,66.55000305175781,1408.4000244140625,69.60250091552734,96.19000244140625,2.005000114440918
2019-06-28,11788.849609375,14.949999809265137,2941.760009765625,15.079999923706055,66.55000305175781,1409.699951171875,69.32499694824219,96.12999725341797,2.0
2019-07-01,11865.599609375,14.600000381469727,2964.330078125,14.0600004196167,65.05999755859375,1385.5999755859375,68.94049835205078,96.83999633789062,2.0339999198913574
2019-07-02,11910.2998046875,14.25,2973.010009765625,12.930000305175781,62.400001525878906,1404.5999755859375,69.1675033569336,96.7300033569336,1.9759999513626099
2019-07-03,11916.75,13.699999809265137,2995.820068359375,12.569999694824219,63.81999969482422,1417.699951171875,69.0824966430664,96.7699966430664,1.9529999494552612
2019-07-04,11946.75,13.529999732971191,,,,,69.00749969482422,,
2019-07-05,11811.150390625,13.069999694824219,2990.409912109375,13.279999732971191,64.2300033569336,1396.699951171875,68.73999786376953,97.25,2.0480000972747803
2019-07-08,11558.599609375,13.850000381469727,2975.949951171875,13.960000038146973,64.11000061035156,1397.0,68.44000244140625,97.37999725341797,2.0339999198913574
2019-07-09,11555.900390625,13.6899995803833,2979.6298828125,14.09000015258789,64.16000366210938,1397.5,68.8499984741211,97.48999786376953,2.053999900817871
2019-07-10,11498.900390625,13.640000343322754,2993.070068359375,13.029999732971191,67.01000213623047,1410.0999755859375,68.76499938964844,97.0999984741211,2.061000108718872
2019-07-11,11582.900390625,12.470000267028809,2999.909912109375,12.930000305175781,66.5199966430664,1404.300048828125,68.36759948730469,97.05000305175781,2.119999885559082
2019-07-12,11552.5,12.0,3013.77001953125,12.390000343322754,66.72000122070312,1409.9000244140625,68.66999816894531,96.80999755859375,2.1059999465942383
2019-07-15,11588.349609375,12.020000457763672,3014.300048828125,12.680000305175781,66.4800033569336,1411.4000244140625,68.55030059814453,96.93000030517578,2.0920000076293945
2019-07-16,11662.599609375,11.5600004196167,3004.0400390625,12.859999656677246,64.3499984741211,1409.199951171875,68.74749755859375,97.4000015258789,2.121999979019165
2019-07-17,11687.5,11.800000190734863,2984.419921875,13.970000267028809,63.65999984741211,1421.300048828125,68.8949966430664,97.22000122070312,2.061000108718872
2019-07-18,11596.900390625,11.75,2995.110107421875,13.529999732971191,61.93000030517578,1426.0999755859375,68.78600311279297,96.79000091552734,2.0380001068115234
2019-07-19,11419.25,12.520000457763672,2976.610107421875,14.449999809265137,62.470001220703125,1425.0999755859375,68.8499984741211,97.1500015258789,2.0480000972747803
2019-07-22,11346.2001953125,13.010000228881836,2985.030029296875,13.529999732971191,63.2599983215332,1425.300048828125,68.83000183105469,97.26000213623047,2.0429999828338623
2019-07-23,11331.0498046875,13.430000305175781,3005.469970703125,12.609999656677246,63.83000183105469,1420.0999755859375,69.16000366210938,97.70999908447266,2.0739998817443848
2019-07-24,11271.2998046875,12.760000228881836,3019.56005859375,12.069999694824219,63.18000030517578,1422.800048828125,69.0199966430664,97.7300033569336,2.049999952316284
2019-07-25,11252.150390625,12.640000343322754,3003.669921875,12.739999771118164,63.38999938964844,1413.9000244140625,69.18499755859375,97.81999969482422,2.0739998817443848
2019-07-26,11284.2998046875,12.130000114440918,3025.860107421875,12.15999984741211,63.459999084472656,1418.5,69.15049743652344,98.01000213623047,2.0810000896453857
2019-07-29,11189.2001953125,13.0600004196167,3020.969970703125,12.829999923706055,63.709999084472656,1419.5999755859375,68.87000274658203,98.04000091552734,2.055000066757202
2019-07-30,11085.400390625,13.609999656677246,3013.179931640625,13.9399995803833,64.72000122070312,1429.699951171875,68.94999694824219,98.05000305175781,2.061000108718872
2019-07-31,11118.0,13.59000015258789,2980.3798828125,16.1200008392334,65.16999816894531,1426.0999755859375,69.07749938964844,98.5199966430664,2.0209999084472656
2019-08-01,10980.0,14.5600004196167,2953.56005859375,17.8700008392334,60.5,1420.9000244140625,69.40499877929688,98.38999938964844,1.8940000534057617
2019-08-02,10997.349609375,15.1899995803833,2932.050048828125,17.610000610351562,61.88999938964844,1445.5999755859375,69.29720306396484,98.0999984741211,1.8550000190734863
2019-08-05,10862.599609375,16.59000015258789,2844.739990234375,24.59000015258789,59.810001373291016,1464.5999755859375,69.65689849853516,97.5,1.7350000143051147
2019-08-06,10948.25,16.1200008392334,2881.77001953125,20.170000076293945,58.939998626708984,1472.4000244140625,71.5199966430664,97.62999725341797,1.7389999628067017
2019-08-07,10855.5,16.739999771118164,2883.97998046875,19.489999771118164,56.22999954223633,1507.300048828125,71.2300033569336,97.54000091552734,1.684000015258789
2019-08-08,11032.4501953125,16.09000015258789,2938.090087890625,16.90999984741211,57.380001068115234,1497.699951171875,71.16510009765625,97.62000274658203,1.715999960899353
2019-08-09,11109.650390625,15.850000381469727,2918.64990234375,17.969999313354492,58.529998779296875,1496.5999755859375,70.47090148925781,97.48999786376953,1.7339999675750732
2019-08-12,,,2882.699951171875,21.09000015258789,58.56999969482422,1505.300048828125,71.03500366210938,97.37999725341797,1.6390000581741333
2019-08-13,10925.849609375,17.780000686645508,2926.320068359375,17.520000457763672,61.29999923706055,1502.199951171875,71.58000183105469,97.80999755859375,1.6799999475479126
2019-08-14,11029.400390625,16.360000610351562,2840.60009765625,22.100000381469727,59.47999954223633,1515.9000244140625,71.08000183105469,97.98999786376953,1.5809999704360962
2019-08-15,,,2847.60009765625,21.18000030517578,58.22999954223633,1519.5999755859375,71.63520050048828,98.13999938964844,1.5290000438690186
2019-08-16,11047.7998046875,16.649999618530273,2888.679931640625,18.469999313354492,58.63999938964844,1512.5,71.72000122070312,98.13999938964844,1.5390000343322754
2019-08-19,11053.900390625,16.75,2923.64990234375,16.8799991607666,59.7400016784668,1500.4000244140625,71.13200378417969,98.3499984741211,1.5980000495910645
2019-08-20,11017.0,16.6299991607666,2900.510009765625,17.5,60.029998779296875,1504.5999755859375,71.99500274658203,98.19000244140625,1.5609999895095825
2019-08-21,10918.7001953125,17.020000457763672,2924.429931640625,15.800000190734863,60.29999923706055,1504.5999755859375,71.80999755859375,98.30000305175781,1.5770000219345093
2019-08-22,10741.349609375,17.850000381469727,2922.949951171875,16.68000030517578,59.91999816894531,1497.300048828125,71.43779754638672,98.16999816894531,1.6100000143051147
2019-08-23,10829.349609375,17.350000381469727,2847.110107421875,19.8700008392334,59.34000015258789,1526.5999755859375,71.92040252685547,97.63999938964844,1.527999997138977
2019-08-26,11057.849609375,16.65999984741211,2878.3798828125,19.31999969482422,58.70000076293945,1526.300048828125,71.50250244140625,98.08000183105469,1.5449999570846558
2019-08-27,11105.349609375,16.010000228881836,2869.159912109375,20.309999465942383,59.5099983215332,1541.0,72.16000366210938,98.0,1.4900000095367432
2019-08-28,11046.099609375,16.84000015258789,2887.93994140625,19.350000381469727,60.4900016784668,1537.800048828125,71.53500366210938,98.20999908447266,1.465999960899353
2019-08-29,10948.2998046875,16.43000030517578,2924.580078125,17.8799991607666,61.08000183105469,1526.5,72.08499908447266,98.51000213623047,1.5160000324249268
2019-08-30,11023.25,16.280000686645508,2926.4599609375,18.979999542236328,60.43000030517578,1519.0999755859375,71.6801986694336,98.91999816894531,1.50600004196167
2019-09-02,,,,,,,71.72989654541016,,
2019-09-03,10797.900390625,18.059999465942383,2906.27001953125,19.65999984741211,58.2599983215332,1545.9000244140625,71.96209716796875,98.94999694824219,1.465999960899353
2019-09-04,10844.650390625,17.239999771118164,2937.780029296875,17.329999923706055,60.70000076293945,1550.300048828125,72.45999908447266,98.44999694824219,1.4589999914169312
2019-09-05,10847.900390625,17.270000457763672,2976.0,16.270000457763672,60.95000076293945,1515.4000244140625,71.95570373535156,98.41000366210938,1.565000057220459
2019-09-06,10946.2001953125,16.270000457763672,2978.7099609375,15.0,61.540000915527344,1506.199951171875,72.22000122070312,98.38999938964844,1.5499999523162842
2019-09-09,11003.0498046875,15.850000381469727,2978.429931640625,15.270000457763672,62.59000015258789,1502.199951171875,71.66999816894531,98.27999877929688,1.621999979019165
2019-09-10,,,2979.389892578125,15.199999809265137,62.380001068115234,1490.300048828125,72.09249877929688,98.33000183105469,1.7020000219345093
2019-09-11,11035.7001953125,15.369999885559082,3000.929931640625,14.609999656677246,60.810001373291016,1494.4000244140625,71.85900115966797,98.6500015258789,1.7330000400543213
2019-09-12,10982.7998046875,14.899999618530273,3009.570068359375,14.220000267028809,60.380001068115234,1498.699951171875,71.56009674072266,98.30999755859375,1.7910000085830688
2019-09-13,11075.900390625,14.119999885559082,3007.389892578125,13.739999771118164,60.220001220703125,1490.9000244140625,71.28500366210938,98.26000213623047,1.902999997138977
2019-09-16,11003.5,14.949999809265137,2997.9599609375,14.670000076293945,69.0199966430664,1503.0999755859375,71.02069854736328,98.6500015258789,1.840999960899353
2019-09-17,10817.599609375,16.020000457763672,3005.699951171875,14.4399995803833,64.55000305175781,1505.0999755859375,71.74909973144531,98.26000213623047,1.812000036239624
2019-09-18,10840.650390625,15.350000381469727,3006.72998046875,13.949999809265137,63.599998474121094,1507.5,71.70999908447266,98.5999984741211,1.7860000133514404
2019-09-19,10704.7998046875,15.550000190734863,3006.7900390625,14.050000190734863,64.4000015258789,1498.4000244140625,71.5425033569336,98.2699966430664,1.7740000486373901
2019-09-20,11274.2001953125,15.399999618530273,2992.070068359375,15.319999694824219,64.27999877929688,1507.300048828125,71.71749877929688,98.51000213623047,1.7549999952316284
2019-09-23,11600.2001953125,16.790000915527344,2991.780029296875,14.90999984741211,64.7699966430664,1523.699951171875,71.19159698486328,98.5999984741211,1.7079999446868896
2019-09-24,11588.2001953125,16.729999542236328,2966.60009765625,17.049999237060547,63.099998474121094,1532.0999755859375,70.78959655761719,98.33999633789062,1.6349999904632568
2019-09-25,11440.2001953125,16.170000076293945,2984.8701171875,15.960000038146973,62.38999938964844,1504.5999755859375,71.28500366210938,99.04000091552734,1.7319999933242798
2019-09-26,11571.2001953125,16.34000015258789,2977.6201171875,16.06999969482422,62.7400016784668,1507.5,71.30999755859375,99.20999908447266,1.684999942779541
2019-09-27,11512.400390625,16.110000610351562,2961.7900390625,17.219999313354492,61.90999984741211,1499.0999755859375,71.21499633789062,99.11000061035156,1.6749999523162842
2019-09-30,11474.4501953125,15.869999885559082,2976.739990234375,16.239999771118164,60.779998779296875,1465.699951171875,70.49870300292969,99.37999725341797,1.6749999523162842
2019-10-01,11359.900390625,16.760000228881836,2940.25,18.559999465942383,58.88999938964844,1482.0,70.92250061035156,99.12999725341797,1.6440000534057617
2019-10-02,,,2887.610107421875,20.559999465942383,57.689998626708984,1501.0,71.0999984741211,99.04000091552734,1.5959999561309814
2019-10-03,11314.0,17.700000762939453,2910.6298828125,19.1200008392334,57.709999084472656,1507.0999755859375,71.1416015625,98.86000061035156,1.5360000133514404
2019-10-04,11174.75,17.579999923706055,2952.010009765625,17.040000915527344,58.369998931884766,1506.199951171875,71.0199966430664,98.80999755859375,1.5149999856948853
2019-10-07,11126.400390625,17.829999923706055,2938.7900390625,17.860000610351562,58.349998474121094,1497.699951171875,70.81500244140625,98.98999786376953,1.5529999732971191
2019-10-08,,,2893.06005859375,20.280000686645508,58.2400016784668,1497.199951171875,71.36000061035156,99.13999938964844,1.5369999408721924
2019-10-09,11313.2998046875,17.15999984741211,2919.39990234375,18.639999389648438,58.31999969482422,1506.0999755859375,71.20999908447266,99.12000274658203,1.5889999866485596
2019-10-10,11234.5498046875,17.229999542236328,2938.1298828125,17.56999969482422,59.099998474121094,1494.800048828125,71.41000366210938,98.70999908447266,1.6579999923706055
2019-10-11,11305.0498046875,17.139999389648438,2970.27001953125,15.579999923706055,60.5099983215332,1482.699951171875,70.9800033569336,98.30000305175781,1.7519999742507935
2019-10-14,11341.150390625,17.43000030517578,2966.14990234375,14.569999694824219,59.349998474121094,1491.699951171875,70.91400146484375,98.44999694824219,1.7330000400543213
2019-10-15,11428.2998046875,16.850000381469727,2995.679931640625,13.539999961853027,58.7400016784668,1477.5999755859375,71.45249938964844,98.29000091552734,1.7710000276565552
2019-10-16,11464.0,16.360000610351562,2989.68994140625,13.680000305175781,59.41999816894531,1488.0,71.76000213623047,98.01000213623047,1.7480000257492065
2019-10-17,11586.349609375,15.880000114440918,2997.949951171875,13.789999961853027,59.90999984741211,1492.300048828125,71.62000274658203,97.61000061035156,1.7569999694824219
2019-10-18,11661.849609375,15.930000305175781,2986.199951171875,14.25,59.41999816894531,1488.199951171875,71.42250061035156,97.27999877929688,1.746999979019165
2019-10-21,,,3006.719970703125,14.0,58.959999084472656,1482.4000244140625,71.02999877929688,97.33000183105469,1.7920000553131104
2019-10-22,11588.349609375,16.809999465942383,2995.989990234375,14.460000038146973,59.70000076293945,1481.699951171875,71.1050033569336,97.52999877929688,1.7680000066757202
2019-10-23,11604.099609375,16.540000915527344,3004.52001953125,14.010000228881836,61.16999816894531,1489.9000244140625,71.07499694824219,97.47000122070312,1.7589999437332153
2019-10-24,11582.599609375,16.239999771118164,3010.2900390625,13.710000038146973,61.66999816894531,1498.9000244140625,70.71499633789062,97.62999725341797,1.7660000324249268
2019-10-25,11583.900390625,15.319999694824219,3022.550048828125,12.649999618530273,62.02000045776367,1499.5,71.19000244140625,97.83000183105469,1.8009999990463257
2019-10-28,,,3039.419921875,13.109999656677246,61.56999969482422,1490.0,70.83000183105469,97.76000213623047,1.8530000448226929
2019-10-29,11786.849609375,16.420000076293945,3036.889892578125,13.199999809265137,61.59000015258789,1487.0,70.73500061035156,97.69000244140625,1.8350000381469727
2019-10-30,11844.099609375,16.65999984741211,3046.77001953125,12.329999923706055,60.61000061035156,1493.199951171875,70.88459777832031,97.6500015258789,1.7979999780654907
2019-10-31,11877.4501953125,16.280000686645508,3037.56005859375,13.220000267028809,60.22999954223633,1511.4000244140625,70.98999786376953,97.3499984741211,1.690999984741211
2019-11-01,11890.599609375,15.729999542236328,3066.909912109375,12.300000190734863,61.689998626708984,1508.0,70.97000122070312,97.23999786376953,1.7280000448226929
2019-11-04,11941.2998046875,15.930000305175781,3078.27001953125,12.829999923706055,62.130001068115234,1508.0,70.51210021972656,97.51000213623047,1.7860000133514404
2019-11-05,11917.2001953125,15.920000076293945,3074.6201171875,13.100000381469727,62.959999084472656,1480.800048828125,71.0,97.9800033569336,1.8660000562667847
2019-11-06,11966.0498046875,15.779999732971191,3076.780029296875,12.619999885559082,61.7400016784668,1490.199951171875,70.8949966430664,97.94999694824219,1.8140000104904175
2019-11-07,12012.0498046875,15.210000038146973,3085.179931640625,12.729999542236328,62.290000915527344,1464.199951171875,71.0,98.13999938964844,1.9259999990463257
2019-11-08,11908.150390625,15.859999656677246,3093.080078125,12.069999694824219,62.5099983215332,1461.300048828125,71.37650299072266,98.3499984741211,1.9329999685287476
2019-11-11,11913.4501953125,16.25,3087.010009765625,12.6899995803833,62.18000030517578,1455.5,71.37650299072266,98.19999694824219,1.9429999589920044
2019-11-12,,,3091.840087890625,12.680000305175781,62.060001373291016,1452.0999755859375,71.5739974975586,98.30999755859375,1.909000039100647
2019-11-13,11840.4501953125,16.459999084472656,3094.0400390625,13.0,62.369998931884766,1461.699951171875,71.77999877929688,98.37000274658203,1.8700000047683716
2019-11-14,11872.099609375,15.649999618530273,3096.6298828125,13.050000190734863,62.279998779296875,1471.800048828125,72.1415023803711,98.16000366210938,1.815000057220459
2019-11-15,11895.4501953125,15.029999732971191,3120.4599609375,12.050000190734863,63.29999923706055,1467.300048828125,71.95580291748047,98.0,1.8339999914169312
2019-11-18,11884.5,15.760000228881836,3122.030029296875,12.460000038146973,62.439998626708984,1470.9000244140625,71.70580291748047,97.79000091552734,1.8079999685287476
2019-11-19,11940.099609375,15.40999984741211,3120.179931640625,12.859999656677246,60.90999984741211,1473.300048828125,71.93509674072266,97.86000061035156,1.7860000133514404
2019-11-20,11999.099609375,15.15999984741211,3108.4599609375,12.779999732971191,62.400001525878906,1473.300048828125,71.85099792480469,97.93000030517578,1.7380000352859497
2019-11-21,11968.400390625,14.979999542236328,3103.5400390625,13.130000114440918,63.970001220703125,1463.0999755859375,71.76820373535156,97.98999786376953,1.7719999551773071
2019-11-22,11914.400390625,14.869999885559082,3110.2900390625,12.34000015258789,63.38999938964844,1463.0999755859375,71.7405014038086,98.2699966430664,1.7740000486373901
2019-11-25,12073.75,15.0,3133.639892578125,11.869999885559082,63.650001525878906,1456.5999755859375,71.78260040283203,98.31999969482422,1.7640000581741333
2019-11-26,12037.7001953125,14.84000015258789,3140.52001953125,11.539999961853027,64.2699966430664,1459.800048828125,71.67949676513672,98.25,1.7400000095367432
2019-11-27,12100.7001953125,14.619999885559082,3153.6298828125,11.75,64.05999755859375,1453.4000244140625,71.42839813232422,98.41000366210938,1.7669999599456787
2019-11-28,12151.150390625,13.989999771118164,,,,,71.22810363769531,,
2019-11-29,12056.0498046875,13.899999618530273,3140.97998046875,12.619999885559082,62.43000030517578,1465.5999755859375,71.54740142822266,98.2699966430664,1.7760000228881836
2019-12-02,12048.2001953125,14.199999809265137,3113.8701171875,14.90999984741211,60.91999816894531,1462.300048828125,71.7229995727539,97.86000061035156,1.8359999656677246
2019-12-03,11994.2001953125,14.5600004196167,3093.199951171875,15.960000038146973,60.81999969482422,1478.199951171875,71.625,97.73999786376953,1.7089999914169312
2019-12-04,12043.2001953125,13.319999694824219,3112.760009765625,14.800000190734863,63.0,1474.0,71.95999908447266,97.6500015258789,1.781000018119812
2019-12-05,12018.400390625,14.3100004196167,3117.429931640625,14.520000457763672,63.38999938964844,1476.9000244140625,71.4801025390625,97.41000366210938,1.7970000505447388
2019-12-06,11921.5,13.640000343322754,3145.909912109375,13.619999885559082,64.38999938964844,1459.0999755859375,71.38500213623047,97.69999694824219,1.8420000076293945
2019-12-09,11937.5,14.600000381469727,3135.9599609375,15.859999656677246,64.25,1459.300048828125,71.28679656982422,97.63999938964844,1.8289999961853027
2019-12-10,11856.7998046875,14.289999961853027,3132.52001953125,15.680000305175781,64.33999633789062,1462.5999755859375,70.96019744873047,97.41000366210938,1.8329999446868896
2019-12-11,11910.150390625,13.380000114440918,3141.6298828125,14.989999771118164,63.720001220703125,1469.4000244140625,71.01000213623047,97.16000366210938,1.7899999618530273
2019-12-12,11971.7998046875,13.350000381469727,3168.570068359375,13.9399995803833,64.19999694824219,1466.699951171875,70.72930145263672,97.4000015258789,1.8969999551773071
2019-12-13,12086.7001953125,13.300000190734863,3168.800048828125,12.630000114440918,65.22000122070312,1475.5999755859375,70.55989837646484,97.16999816894531,1.819000005722046
2019-12-16,12053.9501953125,13.420000076293945,3191.449951171875,12.140000343322754,65.33999633789062,1475.0,70.68900299072266,97.06999969482422,1.8919999599456787
2019-12-17,12165.0,12.520000457763672,3192.52001953125,12.289999961853027,66.0999984741211,1474.5999755859375,70.92050170898438,97.20999908447266,1.8890000581741333
2019-12-18,12221.650390625,12.34000015258789,3191.139892578125,12.579999923706055,66.16999816894531,1472.5999755859375,71.21499633789062,97.41000366210938,1.9240000247955322
2019-12-19,12259.7001953125,12.119999885559082,3205.3701171875,12.5,66.54000091552734,1478.199951171875,70.98989868164062,97.41999816894531,1.9079999923706055
2019-12-20,12271.7998046875,12.329999923706055,3221.219970703125,12.510000228881836,66.13999938964844,1474.699951171875,71.22270202636719,97.70999908447266,1.9170000553131104
2019-12-23,12262.75,11.960000038146973,3224.010009765625,12.609999656677246,66.38999938964844,1482.5,71.02400207519531,97.66000366210938,1.934999942779541
2019-12-24,12214.5498046875,11.630000114440918,3223.3798828125,12.670000076293945,67.19999694824219,1499.0999755859375,71.21070098876953,97.6500015258789,1.909999966621399
2019-12-25,,,,,,,71.45999908447266,,
2019-12-26,12126.5498046875,11.119999885559082,3239.909912109375,12.649999618530273,67.91999816894531,1509.300048828125,71.54000091552734,97.58999633789062,1.9049999713897705
2019-12-27,12245.7998046875,10.529999732971191,3240.02001953125,13.430000305175781,68.16000366210938,1513.800048828125,71.30030059814453,96.91999816894531,1.8739999532699585
2019-12-30,12255.849609375,11.010000228881836,3221.2900390625,14.819999694824219,68.44000244140625,1514.5,71.31300354003906,96.73999786376953,1.8949999809265137
2019-12-31,12168.4501953125,11.670000076293945,3230.780029296875,13.779999732971191,66.0,1519.5,71.31099700927734,96.38999938964844,1.9190000295639038
2020-01-01,12182.5,,,,,,71.27580261230469,,
2020-01-02,12282.2001953125,11.489999771118164,3257.85009765625,12.470000267028809,66.25,1524.5,71.0250015258789,96.8499984741211,1.8819999694824219
2020-01-03,12226.650390625,12.699999809265137,3234.85009765625,14.020000457763672,68.5999984741211,1549.199951171875,71.41500091552734,96.83999633789062,1.7879999876022339
2020-01-06,11993.0498046875,14.779999732971191,3246.280029296875,13.850000381469727,68.91000366210938,1566.199951171875,71.73100280761719,96.66999816894531,1.8109999895095825
2020-01-07,12052.9501953125,14.609999656677246,3237.179931640625,13.789999961853027,68.2699966430664,1571.800048828125,71.78700256347656,96.9800033569336,1.8270000219345093
2020-01-08,12025.349609375,15.640000343322754,3253.050048828125,13.449999809265137,65.44000244140625,1557.4000244140625,72.16000366210938,97.30000305175781,1.8739999532699585
2020-01-09,12215.900390625,14.0,3274.699951171875,12.539999961853027,65.37000274658203,1551.699951171875,71.41190338134766,97.44999694824219,1.8580000400543213
2020-01-10,12256.7998046875,14.079999923706055,3265.35009765625,12.5600004196167,64.9800033569336,1557.5,71.19429779052734,97.36000061035156,1.8250000476837158
2020-01-13,12329.5498046875,14.279999732971191,3288.1298828125,12.319999694824219,64.19999694824219,1548.4000244140625,70.9530029296875,97.3499984741211,1.8480000495910645
2020-01-14,12362.2998046875,13.90999984741211,3283.14990234375,12.390000343322754,64.48999786376953,1542.4000244140625,70.71890258789062,97.37000274658203,1.8179999589920044
2020-01-15,12343.2998046875,14.119999885559082,3289.2900390625,12.420000076293945,64.0,1552.0999755859375,70.84510040283203,97.2300033569336,1.7879999876022339
2020-01-16,12355.5,14.180000305175781,3316.81005859375,12.319999694824219,64.62000274658203,1549.0,70.71800231933594,97.31999969482422,1.809000015258789
2020-01-17,12352.349609375,14.130000114440918,3329.6201171875,12.100000381469727,64.8499984741211,1558.800048828125,70.94560241699219,97.61000061035156,1.8359999656677246
2020-01-20,12224.5498046875,15.40999984741211,,,,,71.03469848632812,,
2020-01-21,12169.849609375,15.859999656677246,3320.7900390625,12.850000381469727,64.58999633789062,1556.4000244140625,71.03099822998047,97.52999877929688,1.7690000534057617
2020-01-22,12106.900390625,16.360000610351562,3321.75,12.90999984741211,63.209999084472656,1555.300048828125,71.16999816894531,97.52999877929688,1.7690000534057617
2020-01-23,12180.349609375,15.859999656677246,3325.5400390625,12.979999542236328,62.040000915527344,1564.5999755859375,71.0781021118164,97.69000244140625,1.7400000095367432
2020-01-24,12248.25,15.5600004196167,3295.469970703125,14.5600004196167,60.689998626708984,1571.0999755859375,71.32099914550781,97.8499984741211,1.680999994277954
2020-01-27,12119.0,17.18000030517578,3243.6298828125,18.229999542236328,59.31999969482422,1576.800048828125,71.32499694824219,97.95999908447266,1.6050000190734863
2020-01-28,12055.7998046875,17.299999237060547,3276.239990234375,16.280000686645508,59.5099983215332,1569.199951171875,71.44000244140625,98.0199966430664,1.6410000324249268
2020-01-29,12129.5,16.5,3273.39990234375,16.389999389648438,59.810001373291016,1569.800048828125,71.23040008544922,97.98999786376953,1.593999981880188
2020-01-30,12035.7998046875,16.799999237060547,3283.659912109375,15.489999771118164,58.290000915527344,1583.5,71.30000305175781,97.87000274658203,1.5579999685287476
2020-01-31,11962.099609375,17.3700008392334,3225.52001953125,18.84000015258789,58.15999984741211,1582.9000244140625,71.63999938964844,97.38999938964844,1.5199999809265137
2020-02-03,11707.900390625,15.779999732971191,3248.919921875,17.969999313354492,54.45000076293945,1577.199951171875,71.49649810791016,97.80000305175781,1.5199999809265137
2020-02-04,11979.650390625,14.380000114440918,3297.590087890625,16.049999237060547,53.959999084472656,1550.4000244140625,71.31410217285156,97.95999908447266,1.6030000448226929
2020-02-05,12089.150390625,14.170000076293945,3334.68994140625,15.149999618530273,55.279998779296875,1557.800048828125,71.0999984741211,98.2699966430664,1.6490000486373901
2020-02-06,12137.9501953125,13.779999732971191,3345.780029296875,14.960000038146973,54.93000030517578,1565.0999755859375,71.18000030517578,98.5,1.6440000534057617
2020-02-07,12098.349609375,13.75,3327.7099609375,15.470000267028809,54.470001220703125,1568.5999755859375,71.47000122070312,98.68000030517578,1.5779999494552612
2020-02-10,12031.5,14.210000038146973,3352.090087890625,15.039999961853027,53.27000045776367,1574.699951171875,71.5155029296875,98.83000183105469,1.5470000505447388
2020-02-11,12107.900390625,13.880000114440918,3357.75,15.180000305175781,54.0099983215332,1565.5999755859375,71.27999877929688,98.72000122070312,1.590000033378601
2020-02-12,12201.2001953125,13.619999885559082,3379.449951171875,13.739999771118164,55.790000915527344,1567.4000244140625,71.27529907226562,99.05000305175781,1.6299999952316284
2020-02-13,12174.650390625,13.369999885559082,3373.93994140625,14.149999618530273,56.34000015258789,1575.0999755859375,71.29620361328125,99.06999969482422,1.6169999837875366
2020-02-14,12113.4501953125,13.619999885559082,3380.159912109375,13.680000305175781,57.31999969482422,1582.699951171875,71.26850128173828,99.12000274658203,1.5880000591278076
2020-02-17,12045.7998046875,14.420000076293945,,,,,71.51480102539062,,
2020-02-18,11992.5,14.510000228881836,3370.2900390625,14.829999923706055,57.75,1600.0,71.34919738769531,99.45999908447266,1.555999994277954
2020-02-19,12125.900390625,14.020000457763672,3386.14990234375,14.380000114440918,59.119998931884766,1607.5,71.57499694824219,99.5999984741211,1.5700000524520874
2020-02-20,12080.849609375,13.699999809265137,3373.22998046875,15.5600004196167,59.310001373291016,1616.5999755859375,71.82749938964844,99.87000274658203,1.524999976158142
2020-02-21,,,3337.75,17.079999923706055,58.5,1644.5999755859375,72.11000061035156,99.26000213623047,1.4709999561309814
2020-02-24,11829.400390625,17.0,3225.889892578125,25.030000686645508,56.29999923706055,1672.4000244140625,71.88680267333984,99.29000091552734,1.3769999742507935
2020-02-25,11797.900390625,16.899999618530273,3128.2099609375,27.850000381469727,54.95000076293945,1646.9000244140625,72.04669952392578,98.97000122070312,1.3300000429153442
2020-02-26,11678.5,18.260000228881836,3116.389892578125,27.559999465942383,53.43000030517578,1640.0,71.87000274658203,99.0,1.309999942779541
2020-02-27,11633.2998046875,17.770000457763672,2978.760009765625,39.15999984741211,52.18000030517578,1640.0,71.66339874267578,98.44000244140625,1.2990000247955322
2020-02-28,11201.75,23.239999771118164,2954.219970703125,40.11000061035156,50.52000045776367,1564.0999755859375,71.93000030517578,98.12999725341797,1.1269999742507935
2020-03-02,11132.75,25.200000762939453,3090.22998046875,33.41999816894531,51.900001525878906,1592.300048828125,72.1500015258789,97.36000061035156,1.0880000591278076
2020-03-03,11303.2998046875,24.540000915527344,3003.3701171875,36.81999969482422,51.86000061035156,1642.0999755859375,72.82499694824219,97.1500015258789,1.0099999904632568
2020-03-04,11251.0,24.229999542236328,3130.1201171875,31.989999771118164,51.130001068115234,1641.0999755859375,73.34200286865234,97.33999633789062,0.9919999837875366
2020-03-05,11269.0,23.25,3023.93994140625,39.619998931884766,49.9900016784668,1666.4000244140625,74.0425033569336,96.81999969482422,0.9259999990463257
2020-03-06,10989.4501953125,25.639999389648438,2972.3701171875,41.939998626708984,45.27000045776367,1670.800048828125,73.8551025390625,95.94999694824219,0.7059999704360962
2020-03-09,10451.4501953125,30.799999237060547,2746.56005859375,54.459999084472656,34.36000061035156,1674.5,73.99530029296875,94.9000015258789,0.49900001287460327
2020-03-10,,,2882.22998046875,47.29999923706055,37.220001220703125,1659.0999755859375,74.40599822998047,96.41000366210938,0.7480000257492065
2020-03-11,10458.400390625,31.559999465942383,2741.3798828125,53.900001525878906,35.790000915527344,1641.4000244140625,74.20500183105469,96.51000213623047,0.8199999928474426
2020-03-12,9590.150390625,41.15999984741211,2480.639892578125,75.47000122070312,33.220001220703125,1589.300048828125,74.76000213623047,97.47000122070312,0.8489999771118164
2020-03-13,9955.2001953125,51.470001220703125,2711.02001953125,57.83000183105469,33.849998474121094,1515.699951171875,75.30000305175781,98.75,0.9509999752044678
2020-03-16,9197.400390625,58.880001068115234,2386.1298828125,82.69000244140625,30.049999237060547,1485.9000244140625,73.90399932861328,98.08999633789062,0.7279999852180481
2020-03-17,8967.0498046875,62.93000030517578,2529.18994140625,75.91000366210938,28.729999542236328,1524.9000244140625,75.15499877929688,99.58000183105469,0.996999979019165
2020-03-18,8468.7998046875,63.959999084472656,2398.10009765625,76.44999694824219,24.8799991607666,1477.300048828125,74.01239776611328,101.16000366210938,1.2660000324249268
2020-03-19,8263.4501953125,72.19999694824219,2409.389892578125,72.0,28.469999313354492,1478.5999755859375,74.98200225830078,102.76000213623047,1.11899995803833
2020-03-20,8745.4501953125,67.0999984741211,2304.919921875,66.04000091552734,26.979999542236328,1484.0,75.15969848632812,102.81999969482422,0.9380000233650208
2020-03-23,7610.25,71.98999786376953,2237.39990234375,61.59000015258789,27.030000686645508,1567.0,75.62210083007812,102.48999786376953,0.7639999985694885
2020-03-24,7801.0498046875,83.61000061035156,2447.330078125,61.66999816894531,27.149999618530273,1660.199951171875,76.50599670410156,101.73999786376953,0.8159999847412109
2020-03-25,8317.849609375,77.62999725341797,2475.56005859375,63.95000076293945,27.389999389648438,1632.300048828125,77.26000213623047,101.05000305175781,0.8579999804496765
2020-03-26,8641.4501953125,71.52999877929688,2630.070068359375,61.0,26.34000015258789,1650.0999755859375,75.84549713134766,99.41999816894531,0.8109999895095825
2020-03-27,8660.25,70.38999938964844,2541.469970703125,65.54000091552734,24.93000030517578,1623.9000244140625,74.72560119628906,98.37000274658203,0.7490000128746033
2020-03-30,8281.099609375,71.88999938964844,2626.64990234375,57.08000183105469,22.760000228881836,1622.0,75.46499633789062,99.18000030517578,0.6700000166893005
2020-03-31,8597.75,64.41000366210938,2584.590087890625,53.540000915527344,22.739999771118164,1583.4000244140625,75.4000015258789,99.05000305175781,0.6980000138282776
2020-04-01,8253.7998046875,60.04999923706055,2470.5,57.060001373291016,24.739999771118164,1578.199951171875,75.32499694824219,99.66999816894531,0.6349999904632568
2020-04-02,,,2526.89990234375,50.90999984741211,29.940000534057617,1625.699951171875,77.56999969482422,100.18000030517578,0.6269999742507935
2020-04-03,8083.7998046875,55.29999923706055,2488.64990234375,46.79999923706055,34.11000061035156,1633.699951171875,77.13999938964844,100.58000183105469,0.5870000123977661
2020-04-06,,,2663.679931640625,45.2400016784668,33.04999923706055,1677.0,76.2300033569336,100.69000244140625,0.6759999990463257
2020-04-07,8792.2001953125,51.79999923706055,2659.409912109375,46.70000076293945,31.8700008392334,1664.800048828125,75.96489715576172,99.9800033569336,0.7360000014305115
2020-04-08,8748.75,52.2400016784668,2749.97998046875,43.349998474121094,32.84000015258789,1665.4000244140625,76.66000366210938,100.12000274658203,0.7639999985694885
2020-04-09,9111.900390625,49.75,2789.820068359375,41.66999816894531,31.479999542236328,1736.199951171875,75.95899963378906,99.5199966430664,0.7289999723434448
2020-04-10,,,,,,,76.6500015258789,,
2020-04-13,8993.849609375,51.459999084472656,2761.6298828125,41.16999816894531,31.739999771118164,1744.800048828125,76.16649627685547,99.3499984741211,0.7490000128746033
2020-04-14,,,2846.06005859375,37.7599983215332,29.600000381469727,1756.699951171875,76.91000366210938,98.88999938964844,0.7519999742507935
2020-04-15,8925.2998046875,49.7400016784668,2783.360107421875,40.84000015258789,27.690000534057617,1727.199951171875,75.93099975585938,99.45999908447266,0.6380000114440918
2020-04-16,8992.7998046875,46.099998474121094,2799.550048828125,40.11000061035156,27.81999969482422,1720.4000244140625,77.2125015258789,100.02999877929688,0.609000027179718
2020-04-17,9266.75,42.59000015258789,2874.56005859375,38.150001525878906,28.079999923706055,1689.199951171875,77.56999969482422,99.77999877929688,0.6539999842643738
2020-04-20,9261.849609375,43.459999084472656,2823.159912109375,43.83000183105469,25.56999969482422,1701.5999755859375,76.55999755859375,99.95999908447266,0.6259999871253967
2020-04-21,8981.4501953125,45.20000076293945,2736.56005859375,45.40999984741211,19.329999923706055,1678.199951171875,77.20999908447266,100.26000213623047,0.5709999799728394
2020-04-22,9187.2998046875,42.81999969482422,2799.31005859375,41.97999954223633,20.3700008392334,1728.699951171875,76.96939849853516,100.38999938964844,0.6190000176429749
2020-04-23,9313.900390625,39.22999954223633,2797.800048828125,41.380001068115234,21.329999923706055,1733.300048828125,76.4000015258789,100.43000030517578,0.6129999756813049
2020-04-24,9154.400390625,39.119998931884766,2836.739990234375,35.93000030517578,21.440000534057617,1723.5,76.42250061035156,100.37999725341797,0.5960000157356262
2020-04-27,9282.2998046875,38.040000915527344,2878.47998046875,33.290000915527344,19.989999771118164,1711.9000244140625,76.27149963378906,100.04000091552734,0.656000018119812
2020-04-28,9380.900390625,35.349998474121094,2863.389892578125,33.56999969482422,20.459999084472656,1710.5,76.1863021850586,99.87000274658203,0.6100000143051147
2020-04-29,9553.349609375,33.84000015258789,2939.510009765625,31.229999542236328,22.540000915527344,1703.4000244140625,76.46499633789062,99.56999969482422,0.6269999742507935
2020-04-30,9859.900390625,33.9900016784668,2912.429931640625,34.150001525878906,25.270000457763672,1684.199951171875,75.25849914550781,99.0199966430664,0.621999979019165
2020-05-01,,,2830.7099609375,37.189998626708984,26.440000534057617,1694.5,75.72000122070312,98.80000305175781,0.6420000195503235
2020-05-04,9293.5,43.66999816894531,2842.739990234375,35.970001220703125,27.200000762939453,1706.9000244140625,75.60050201416016,99.4800033569336,0.6370000243186951
2020-05-05,9205.599609375,43.61000061035156,2868.43994140625,33.61000061035156,30.969999313354492,1704.4000244140625,75.8499984741211,99.70999908447266,0.6570000052452087
2020-05-06,9270.900390625,41.25,2848.419921875,34.119998931884766,29.719999313354492,1684.199951171875,76.16999816894531,100.08999633789062,0.7110000252723694
2020-05-07,9199.0498046875,39.93000030517578,2881.18994140625,31.440000534057617,29.459999084472656,1721.800048828125,76.15129852294922,99.88999938964844,0.6309999823570251
2020-05-08,9251.5,38.40999984741211,2929.800048828125,27.979999542236328,30.969999313354492,1709.9000244140625,76.08000183105469,99.7300033569336,0.6819999814033508
2020-05-11,9239.2001953125,38.040000915527344,2930.18994140625,27.56999969482422,29.6299991607666,1695.300048828125,75.5250015258789,100.23999786376953,0.7260000109672546
2020-05-12,9196.5498046875,38.209999084472656,2870.1201171875,33.040000915527344,29.979999542236328,1704.4000244140625,76.30999755859375,99.93000030517578,0.6779999732971191
2020-05-13,9383.5498046875,38.84000015258789,2820.0,35.279998779296875,29.190000534057617,1713.9000244140625,75.68000030517578,100.23999786376953,0.6489999890327454
2020-05-14,9142.75,38.18000030517578,2852.5,32.61000061035156,31.1299991607666,1738.0999755859375,75.42620086669922,100.47000122070312,0.6190000176429749
2020-05-15,9136.849609375,38.02000045776367,2863.699951171875,31.889999389648438,32.5,1753.4000244140625,75.48500061035156,100.4000015258789,0.6399999856948853
2020-05-18,8823.25,40.91999816894531,2953.909912109375,29.299999237060547,34.810001373291016,1731.800048828125,75.81999969482422,99.66999816894531,0.7440000176429749
2020-05-19,8879.099609375,39.45000076293945,2922.93994140625,30.530000686645508,34.650001525878906,1744.199951171875,75.60009765625,99.37000274658203,0.7110000252723694
2020-05-20,9066.5498046875,35.810001373291016,2971.610107421875,27.989999771118164,35.75,1750.5999755859375,76.0,99.12000274658203,0.6800000071525574
2020-05-21,9106.25,32.9900016784668,2948.510009765625,29.530000686645508,36.060001373291016,1720.5,75.77999877929688,99.37000274658203,0.6769999861717224
2020-05-22,9039.25,32.380001068115234,2955.449951171875,28.15999984741211,35.130001068115234,1734.5999755859375,75.625,99.86000061035156,0.6570000052452087
2020-05-25,,,,,,,75.98500061035156,,
2020-05-26,9029.0498046875,31.469999313354492,2991.77001953125,28.010000228881836,36.16999816894531,1704.800048828125,76.11000061035156,98.91000366210938,0.6980000138282776
2020-05-27,9314.9501953125,31.270000457763672,3036.1298828125,27.6200008392334,34.7400016784668,1710.300048828125,75.81999969482422,99.05999755859375,0.6800000071525574
2020-05-28,9490.099609375,30.020000457763672,3029.72998046875,28.59000015258789,35.290000915527344,1713.300048828125,76.12999725341797,98.37999725341797,0.7049999833106995
2020-05-29,9580.2998046875,30.219999313354492,3044.31005859375,27.510000228881836,35.33000183105469,1751.699951171875,75.95999908447266,98.33999633789062,0.6480000019073486
2020-06-01,9826.150390625,30.739999771118164,3055.72998046875,28.229999542236328,38.31999969482422,1750.300048828125,75.51319885253906,97.83000183105469,0.6620000004768372
2020-06-02,9979.099609375,30.1200008392334,3080.820068359375,26.84000015258789,39.56999969482422,1734.0,75.7300033569336,97.66999816894531,0.6800000071525574
2020-06-03,10061.5498046875,30.040000915527344,3122.8701171875,25.65999984741211,39.790000915527344,1704.800048828125,75.06580352783203,97.27999877929688,0.7609999775886536
2020-06-04,10029.099609375,29.690000534057617,3112.35009765625,25.809999465942383,39.9900016784668,1727.4000244140625,75.54499816894531,96.68000030517578,0.8199999928474426
2020-06-05,10142.150390625,28.68000030517578,3193.929931640625,24.520000457763672,42.29999923706055,1683.0,75.49089813232422,96.94000244140625,0.9039999842643738
2020-06-08,10167.4501953125,29.649999618530273,3232.389892578125,25.809999465942383,40.79999923706055,1705.0999755859375,75.5177001953125,96.62000274658203,0.8840000033378601
2020-06-09,10046.650390625,30.209999084472656,3207.179931640625,27.56999969482422,41.18000030517578,1721.9000244140625,75.625,96.31999969482422,0.8289999961853027
2020-06-10,10116.150390625,29.440000534057617,3190.139892578125,27.56999969482422,41.72999954223633,1720.699951171875,75.50980377197266,95.95999908447266,0.7480000257492065
2020-06-11,9902.0,29.65999984741211,3002.10009765625,40.790000915527344,38.54999923706055,1739.800048828125,75.875,96.7300033569336,0.652999997138977
2020-06-12,9972.900390625,30.81999969482422,3041.31005859375,36.09000015258789,38.72999954223633,1737.300048828125,76.38999938964844,97.31999969482422,0.6990000009536743
2020-06-15,9813.7001953125,32.58000183105469,3066.590087890625,34.400001525878906,39.720001220703125,1727.199951171875,75.95680236816406,96.68000030517578,0.7020000219345093
2020-06-16,9914.0,32.970001220703125,3124.739990234375,33.66999816894531,40.959999084472656,1736.5,75.97799682617188,96.95999908447266,0.7559999823570251
2020-06-17,9881.150390625,33.349998474121094,3113.489990234375,33.470001220703125,40.709999084472656,1735.5999755859375,76.65499877929688,97.16000366210938,0.7329999804496765
2020-06-18,10091.650390625,31.459999084472656,3115.340087890625,32.939998626708984,41.5099983215332,1731.0999755859375,76.55000305175781,97.41999816894531,0.6940000057220459
2020-06-19,10244.400390625,29.969999313354492,3097.739990234375,35.119998931884766,42.189998626708984,1753.0,76.40039825439453,97.62000274658203,0.6970000267028809
2020-06-22,10311.2001953125,30.459999084472656,3117.860107421875,31.770000457763672,43.08000183105469,1766.4000244140625,76.2520980834961,97.04000091552734,0.7039999961853027
2020-06-23,10471.0,29.34000015258789,3131.2900390625,31.3700008392334,42.630001068115234,1782.0,75.78980255126953,96.69000244140625,0.7089999914169312
2020-06-24,10305.2998046875,29.579999923706055,3050.330078125,33.84000015258789,40.310001373291016,1775.0999755859375,75.60780334472656,97.1500015258789,0.6840000152587891
2020-06-25,10288.900390625,29.729999542236328,3083.760009765625,32.220001220703125,41.04999923706055,1770.5999755859375,75.97000122070312,97.43000030517578,0.6740000247955322
2020-06-26,10383.0,28.739999771118164,3009.050048828125,34.72999954223633,41.02000045776367,1780.300048828125,75.53980255126953,97.5,0.6359999775886536
2020-06-29,10312.400390625,28.90999984741211,3053.239990234375,31.780000686645508,41.709999084472656,1781.199951171875,75.61979675292969,97.54000091552734,0.6359999775886536
2020-06-30,10302.099609375,29.1200008392334,3100.2900390625,30.43000030517578,41.150001525878906,1800.5,75.69999694824219,97.38999938964844,0.652999997138977
2020-07-01,10430.0498046875,28.1200008392334,3115.860107421875,28.6200008392334,42.029998779296875,1779.9000244140625,75.75,97.19999694824219,0.6819999814033508
2020-07-02,10551.7001953125,26.510000228881836,3130.010009765625,27.68000030517578,43.13999938964844,1790.0,75.45490264892578,97.31999969482422,0.6690000295639038
2020-07-03,10607.349609375,25.770000457763672,,,,,74.72100067138672,,
2020-07-06,10763.650390625,25.200000762939453,3179.719970703125,27.940000534057617,43.099998474121094,1793.5,74.6792984008789,96.79000091552734,0.6840000152587891
2020-07-07,10799.650390625,25.100000381469727,3145.320068359375,29.43000030517578,43.08000183105469,1809.9000244140625,74.60759735107422,96.87999725341797,0.6499999761581421
2020-07-08,10705.75,26.100000381469727,3169.93994140625,28.079999923706055,43.290000915527344,1820.5999755859375,75.125,96.43000030517578,0.652999997138977
2020-07-09,10813.4501953125,24.90999984741211,3152.050048828125,29.260000228881836,42.349998474121094,1803.800048828125,74.93990325927734,96.69999694824219,0.6050000190734863
2020-07-10,10768.0498046875,24.940000534057617,3185.0400390625,27.290000915527344,43.2400016784668,1801.9000244140625,75.33999633789062,96.6500015258789,0.6330000162124634
2020-07-13,10802.7001953125,25.25,3155.219970703125,32.189998626708984,42.720001220703125,1814.0999755859375,75.15850067138672,96.45999908447266,0.6399999856948853
2020-07-14,10607.349609375,26.639999389648438,3197.52001953125,29.520000457763672,42.900001525878906,1813.4000244140625,75.44999694824219,96.26000213623047,0.6150000095367432
2020-07-15,10618.2001953125,26.290000915527344,3226.56005859375,27.760000228881836,43.790000915527344,1813.800048828125,75.57499694824219,96.08000183105469,0.6299999952316284
2020-07-16,10739.9501953125,25.360000610351562,3215.570068359375,28.0,43.369998931884766,1800.300048828125,75.1249008178711,96.3499984741211,0.6119999885559082
2020-07-17,10901.7001953125,24.15999984741211,3224.72998046875,25.68000030517578,43.13999938964844,1810.0,75.17449951171875,95.94000244140625,0.628000020980835
2020-07-20,11022.2001953125,24.709999084472656,3251.840087890625,24.459999084472656,43.279998779296875,1817.4000244140625,74.89730072021484,95.83000183105469,0.6200000047683716
2020-07-21,11162.25,24.43000030517578,3257.300048828125,24.84000015258789,44.31999969482422,1843.9000244140625,74.98999786376953,95.12000274658203,0.6069999933242798
2020-07-22,11132.599609375,24.889999389648438,3276.02001953125,24.31999969482422,44.290000915527344,1865.0999755859375,74.7699966430664,94.97000122070312,0.5950000286102295
2020-07-23,11215.4501953125,24.639999389648438,3235.659912109375,26.079999923706055,43.310001373291016,1890.0,74.81999969482422,94.69000244140625,0.5820000171661377
2020-07-24,11194.150390625,24.540000915527344,3215.6298828125,25.84000015258789,43.34000015258789,1897.5,74.80729675292969,94.44000244140625,0.5889999866485596
2020-07-27,11131.7998046875,25.020000457763672,3239.409912109375,24.739999771118164,43.40999984741211,1931.0,74.75980377197266,93.66999816894531,0.609000027179718
2020-07-28,11300.5498046875,23.639999389648438,3218.43994140625,25.440000534057617,43.220001220703125,1944.5999755859375,75.0,93.76000213623047,0.5809999704360962
2020-07-29,11202.849609375,24.110000610351562,3258.43994140625,24.100000381469727,43.75,1953.4000244140625,75.08999633789062,93.26000213623047,0.5789999961853027
2020-07-30,11102.150390625,24.729999542236328,3246.219970703125,24.760000228881836,42.939998626708984,1942.300048828125,74.8311996459961,93.0199966430664,0.5410000085830688
2020-07-31,11073.4501953125,24.190000534057617,3271.1201171875,24.459999084472656,43.29999923706055,1962.800048828125,74.98999786376953,93.48999786376953,0.5360000133514404
2020-08-03,10891.599609375,25.190000534057617,3294.610107421875,24.280000686645508,44.150001525878906,1966.0,74.91780090332031,93.5,0.5630000233650208
2020-08-04,11095.25,23.81999969482422,3306.510009765625,23.760000228881836,44.43000030517578,2021.0,75.33000183105469,93.37999725341797,0.5149999856948853
2020-08-05,11101.650390625,23.56999969482422,3327.77001953125,22.989999771118164,45.16999816894531,2049.300048828125,75.25,92.83000183105469,0.5429999828338623
2020-08-06,11200.150390625,23.149999618530273,3349.159912109375,22.649999618530273,45.09000015258789,2069.39990234375,74.8822021484375,92.79000091552734,0.5360000133514404
2020-08-07,11214.0498046875,22.579999923706055,3351.280029296875,22.209999084472656,44.400001525878906,2028.0,74.8998031616211,93.44000244140625,0.5619999766349792
2020-08-10,11270.150390625,22.510000228881836,3360.469970703125,22.1299991607666,44.9900016784668,2039.699951171875,75.0248031616211,93.58000183105469,0.5740000009536743
2020-08-11,11322.5,21.360000610351562,3333.68994140625,24.030000686645508,44.5,1946.300048828125,75.0999984741211,93.62999725341797,0.6579999923706055
2020-08-12,11308.400390625,20.850000381469727,3380.35009765625,22.280000686645508,45.43000030517578,1949.0,74.9000015258789,93.44000244140625,0.6700000166893005
2020-08-13,11300.4501953125,20.56999969482422,3373.429931640625,22.1299991607666,44.959999084472656,1970.4000244140625,74.77210235595703,93.33999633789062,0.7160000205039978
2020-08-14,11178.400390625,21.670000076293945,3372.85009765625,22.049999237060547,44.79999923706055,1949.800048828125,75.02999877929688,93.0999984741211,0.7089999914169312
2020-08-17,11247.099609375,21.309999465942383,3381.989990234375,21.350000381469727,45.369998931884766,1998.699951171875,74.90280151367188,92.8499984741211,0.6830000281333923
2020-08-18,11385.349609375,20.43000030517578,3389.780029296875,21.510000228881836,45.459999084472656,2013.0999755859375,75.0,92.2699966430664,0.6690000295639038
2020-08-19,11408.400390625,19.959999084472656,3374.85009765625,22.540000915527344,45.369998931884766,1970.300048828125,74.79499816894531,92.88999938964844,0.675000011920929
2020-08-20,11312.2001953125,20.6200008392334,3385.510009765625,22.719999313354492,44.900001525878906,1946.5,74.966796875,92.79000091552734,0.6439999938011169
2020-08-21,11371.599609375,19.940000534057617,3397.159912109375,22.540000915527344,44.349998474121094,1947.0,74.9999008178711,93.25,0.6399999856948853
2020-08-24,11466.4501953125,19.229999542236328,3431.280029296875,22.3700008392334,45.130001068115234,1939.199951171875,74.92179870605469,93.30000305175781,0.6460000276565552
2020-08-25,11472.25,19.31999969482422,3443.6201171875,22.030000686645508,45.86000061035156,1923.0999755859375,74.4000015258789,93.0199966430664,0.6819999814033508
2020-08-26,11549.599609375,19.299999237060547,3478.72998046875,23.270000457763672,45.63999938964844,1952.5,74.45249938964844,93.01000213623047,0.6869999766349792
2020-08-27,11559.25,18.899999618530273,3484.550048828125,24.469999313354492,45.09000015258789,1932.5999755859375,74.24009704589844,93.01000213623047,0.7459999918937683
2020-08-28,11647.599609375,18.350000381469727,3508.010009765625,22.959999084472656,45.04999923706055,1974.9000244140625,73.77449798583984,92.37000274658203,0.7289999723434448
2020-08-31,11387.5,22.84000015258789,3500.31005859375,26.40999984741211,45.279998779296875,1978.5999755859375,73.12830352783203,92.13999938964844,0.6930000185966492
2020-09-01,11470.25,21.799999237060547,3526.64990234375,26.1200008392334,45.58000183105469,1978.9000244140625,73.66999816894531,92.33999633789062,0.671999990940094
2020-09-02,11535.0,21.110000610351562,3580.840087890625,26.56999969482422,44.43000030517578,1944.699951171875,73.2699966430664,92.8499984741211,0.6510000228881836
2020-09-03,11527.4501953125,20.5,3455.06005859375,33.599998474121094,44.06999969482422,1937.800048828125,73.24849700927734,92.73999786376953,0.621999979019165
2020-09-04,11333.849609375,22.149999618530273,3426.9599609375,30.75,42.65999984741211,1934.300048828125,73.4478988647461,92.72000122070312,0.7210000157356262
2020-09-07,11355.0498046875,22.010000228881836,,,,,73.29029846191406,,
2020-09-08,11317.349609375,22.719999313354492,3331.840087890625,31.459999084472656,39.779998779296875,1943.199951171875,73.6500015258789,93.4800033569336,0.6840000152587891
2020-09-09,11278.0,22.229999542236328,3398.9599609375,28.809999465942383,40.790000915527344,1954.9000244140625,73.78679656982422,93.26000213623047,0.703000009059906
2020-09-10,11449.25,21.260000228881836,3339.18994140625,29.709999084472656,40.060001373291016,1964.300048828125,73.55000305175781,93.33999633789062,0.6850000023841858
2020-09-11,11464.4501953125,20.709999084472656,3340.969970703125,26.8700008392334,39.83000183105469,1947.9000244140625,73.52729797363281,93.33000183105469,0.6690000295639038
2020-09-14,11440.0498046875,21.190000534057617,3383.5400390625,25.850000381469727,39.61000061035156,1963.699951171875,73.47859954833984,93.06999969482422,0.6710000038146973
2020-09-15,11521.7998046875,20.600000381469727,3401.199951171875,25.59000015258789,40.529998779296875,1966.199951171875,73.61499786376953,93.05000305175781,0.6790000200271606
2020-09-16,11604.5498046875,19.65999984741211,3385.489990234375,26.040000915527344,42.220001220703125,1970.5,73.80000305175781,93.20999908447266,0.6869999766349792
2020-09-17,11516.099609375,20.100000381469727,3357.010009765625,26.459999084472656,43.29999923706055,1949.9000244140625,73.55069732666016,92.97000122070312,0.6840000152587891
2020-09-18,11504.9501953125,20.049999237060547,3319.469970703125,25.829999923706055,43.150001525878906,1962.0999755859375,73.58360290527344,92.93000030517578,0.6940000057220459
2020-09-21,11250.5498046875,22.190000534057617,3281.06005859375,27.780000686645508,41.439998626708984,1910.5999755859375,73.53479766845703,93.54000091552734,0.6710000038146973
2020-09-22,11153.650390625,21.40999984741211,3315.570068359375,26.860000610351562,41.720001220703125,1907.5999755859375,73.57980346679688,93.98999786376953,0.6639999747276306
2020-09-23,11131.849609375,20.989999771118164,3236.919921875,28.579999923706055,41.77000045776367,1868.4000244140625,73.50299835205078,94.38999938964844,0.6759999990463257
2020-09-24,10805.5498046875,23.510000228881836,3246.590087890625,28.510000228881836,41.939998626708984,1876.9000244140625,73.77839660644531,94.3499984741211,0.6660000085830688
2020-09-25,11050.25,20.68000030517578,3298.4599609375,26.3799991607666,41.91999816894531,1866.300048828125,73.68240356445312,94.58000183105469,0.6589999794960022
2020-09-28,11227.5498046875,19.56999969482422,3351.60009765625,26.190000534057617,42.43000030517578,1882.300048828125,73.69930267333984,94.26000213623047,0.6629999876022339
2020-09-29,11222.400390625,19.770000457763672,3335.469970703125,26.270000457763672,41.029998779296875,1903.199951171875,73.9749984741211,93.88999938964844,0.6449999809265137
2020-09-30,11247.5498046875,19.530000686645508,3363.0,26.3700008392334,40.95000076293945,1895.5,73.84500122070312,93.88999938964844,0.6769999861717224
2020-10-01,11416.9501953125,18.350000381469727,3380.800048828125,26.700000762939453,40.93000030517578,1916.300048828125,73.70500183105469,93.70999908447266,0.6769999861717224
2020-10-02,,,3348.419921875,27.6299991607666,39.27000045776367,1907.5999755859375,73.21700286865234,93.83999633789062,0.6959999799728394
2020-10-05,11503.349609375,19.700000762939453,3408.60009765625,27.959999084472656,41.290000915527344,1920.0999755859375,73.32240295410156,93.51000213623047,0.7620000243186951
2020-10-06,11662.400390625,19.639999389648438,3360.969970703125,29.479999542236328,42.650001525878906,1908.800048828125,73.1082992553711,93.83000183105469,0.7419999837875366
2020-10-07,11738.849609375,20.059999465942383,3419.43994140625,28.059999465942383,41.9900016784668,1890.800048828125,73.81500244140625,93.62999725341797,0.7850000262260437
2020-10-08,11834.599609375,20.3799991607666,3446.830078125,26.360000610351562,43.34000015258789,1895.0999755859375,73.5425033569336,93.61000061035156,0.7649999856948853
2020-10-09,11914.2001953125,20.3799991607666,3477.139892578125,25.0,42.849998474121094,1926.199951171875,73.28050231933594,93.05999755859375,0.7749999761581421
2020-10-12,11930.9501953125,21.1299991607666,3534.219970703125,25.06999969482422,41.720001220703125,1928.9000244140625,73.01480102539062,93.06999969482422,0.7770000100135803
2020-10-13,11934.5,20.719999313354492,3511.929931640625,26.06999969482422,42.45000076293945,1894.5999755859375,73.35079956054688,93.52999877929688,0.7269999980926514
2020-10-14,11971.0498046875,20.209999084472656,3488.669921875,26.399999618530273,43.31999969482422,1907.300048828125,73.62000274658203,93.37999725341797,0.722000002861023
2020-10-15,11680.349609375,22.059999465942383,3483.340087890625,26.969999313354492,43.15999984741211,1908.9000244140625,73.29620361328125,93.86000061035156,0.7310000061988831
2020-10-16,11762.4501953125,21.649999618530273,3483.81005859375,27.40999984741211,42.93000030517578,1906.4000244140625,73.37100219726562,93.68000030517578,0.7440000176429749
2020-10-19,11873.0498046875,21.81999969482422,3426.919921875,29.18000030517578,42.619998931884766,1911.699951171875,73.44380187988281,93.43000030517578,0.7609999775886536
2020-10-20,11896.7998046875,22.690000534057617,3443.1201171875,29.350000381469727,43.15999984741211,1915.4000244140625,73.57499694824219,93.06999969482422,0.796999990940094
2020-10-21,11937.650390625,22.920000076293945,3435.56005859375,28.649999618530273,41.72999954223633,1929.5,73.64749908447266,92.61000061035156,0.8159999847412109
2020-10-22,11896.4501953125,22.639999389648438,3453.489990234375,28.110000610351562,42.459999084472656,1904.5999755859375,73.6812973022461,92.94999694824219,0.8479999899864197
2020-10-23,11930.349609375,21.829999923706055,3465.389892578125,27.549999237060547,41.77000045776367,1905.199951171875,73.72000122070312,92.7699966430664,0.8410000205039978
2020-10-26,11767.75,22.829999923706055,3400.969970703125,32.459999084472656,40.459999084472656,1905.699951171875,73.8228988647461,93.05000305175781,0.8009999990463257
2020-10-27,11889.400390625,22.200000762939453,3390.679931640625,33.349998474121094,41.20000076293945,1911.9000244140625,73.94850158691406,92.94000244140625,0.777999997138977
2020-10-28,11729.599609375,23.280000686645508,3271.030029296875,40.279998779296875,39.119998931884766,1879.199951171875,73.80500030517578,93.41000366210938,0.781000018119812
2020-10-29,11670.7998046875,24.020000457763672,3310.110107421875,37.59000015258789,37.650001525878906,1868.0,74.44000244140625,93.95999908447266,0.8349999785423279
2020-10-30,11642.400390625,24.75,3269.9599609375,38.02000045776367,37.459999084472656,1879.9000244140625,74.26399993896484,94.04000091552734,0.8600000143051147
2020-11-02,11669.150390625,25.209999084472656,3310.239990234375,37.130001068115234,38.970001220703125,1892.5,74.55049896240234,94.05000305175781,0.8489999771118164
2020-11-03,11813.5,24.239999771118164,3369.159912109375,35.54999923706055,39.709999084472656,1910.4000244140625,74.45680236816406,93.55000305175781,0.8820000290870667
2020-11-04,11908.5,23.200000762939453,3443.43994140625,29.56999969482422,41.22999954223633,1896.199951171875,74.65560150146484,93.41000366210938,0.7680000066757202
2020-11-05,12120.2998046875,20.969999313354492,3510.449951171875,27.579999923706055,40.93000030517578,1946.800048828125,74.37999725341797,92.52999877929688,0.7760000228881836
2020-11-06,12263.5498046875,20.5,3509.43994140625,24.860000610351562,39.45000076293945,1951.699951171875,74.12000274658203,92.2300033569336,0.8199999928474426
2020-11-09,12461.0498046875,20.110000610351562,3550.5,25.75,42.400001525878906,1854.4000244140625,73.97979736328125,92.7300033569336,0.9580000042915344
2020-11-10,12631.099609375,21.579999923706055,3545.530029296875,24.799999237060547,43.61000061035156,1876.4000244140625,73.95320129394531,92.75,0.972000002861023
2020-11-11,12749.150390625,22.030000686645508,3572.659912109375,23.450000762939453,43.79999923706055,1861.5999755859375,74.28160095214844,93.04000091552734,0.9580000042915344
2020-11-12,12690.7998046875,20.6200008392334,3537.010009765625,25.350000381469727,43.529998779296875,1873.300048828125,74.56999969482422,92.95999908447266,0.8849999904632568
2020-11-13,12719.9501953125,19.700000762939453,3585.14990234375,23.100000381469727,42.779998779296875,1886.199951171875,74.86499786376953,92.76000213623047,0.8930000066757202
2020-11-16,,,3626.909912109375,22.450000762939453,43.81999969482422,1887.800048828125,74.48770141601562,92.56999969482422,0.906000018119812
2020-11-17,12874.2001953125,19.799999237060547,3609.530029296875,22.709999084472656,43.75,1885.0999755859375,74.41809844970703,92.41999816894531,0.871999979019165
2020-11-18,12938.25,19.1200008392334,3567.7900390625,23.84000015258789,44.34000015258789,1873.9000244140625,74.47969818115234,92.31999969482422,0.8820000290870667
2020-11-19,12771.7001953125,19.56999969482422,3581.8701171875,23.110000610351562,44.20000076293945,1861.5,74.41999816894531,92.29000091552734,0.8539999723434448
2020-11-20,12859.0498046875,19.6200008392334,3557.5400390625,23.700000762939453,44.959999084472656,1872.4000244140625,74.09960174560547,92.38999938964844,0.8289999961853027
2020-11-23,12926.4501953125,20.799999237060547,3577.590087890625,22.65999984741211,46.060001373291016,1837.800048828125,74.16239929199219,92.51000213623047,0.8569999933242798
2020-11-24,13055.150390625,21.059999465942383,3635.409912109375,21.639999389648438,47.86000061035156,1804.5999755859375,74.24490356445312,92.2300033569336,0.8820000290870667
2020-11-25,12858.400390625,23.1299991607666,3629.64990234375,21.25,48.61000061035156,1805.5,73.96080017089844,91.98999786376953,0.878000020980835
2020-11-26,12987.0,20.020000457763672,,,,,73.77989959716797,,
2020-11-27,12968.9501953125,19.81999969482422,3638.35009765625,20.84000015258789,48.18000030517578,1781.9000244140625,74.04879760742188,91.79000091552734,0.8420000076293945
2020-11-30,,,3621.6298828125,20.56999969482422,47.59000015258789,1775.699951171875,73.94090270996094,91.87000274658203,0.843999981880188
2020-12-01,13109.0498046875,20.18000030517578,3662.449951171875,20.770000457763672,47.41999816894531,1814.0999755859375,74.02519989013672,91.30999755859375,0.9340000152587891
2020-12-02,13113.75,19.90999984741211,3669.010009765625,21.170000076293945,48.25,1830.199951171875,73.65499877929688,91.12000274658203,0.9480000138282776
2020-12-03,13133.900390625,19.0,3666.719970703125,21.280000686645508,48.709999084472656,1841.0999755859375,73.66259765625,90.70999908447266,0.9200000166893005
2020-12-04,13258.5498046875,18.030000686645508,3699.1201171875,20.790000915527344,49.25,1840.0,73.86489868164062,90.69999694824219,0.968999981880188
2020-12-07,13355.75,18.020000457763672,3691.9599609375,21.299999237060547,48.790000915527344,1866.0,73.79029846191406,90.79000091552734,0.9279999732971191
2020-12-08,13392.9501953125,18.6200008392334,3702.25,20.68000030517578,48.84000015258789,1874.9000244140625,74.0199966430664,90.97000122070312,0.9129999876022339
2020-12-09,13529.099609375,18.920000076293945,3672.820068359375,22.270000457763672,48.86000061035156,1838.5,73.72640228271484,91.08999633789062,0.9409999847412109
2020-12-10,13478.2998046875,18.709999084472656,3668.10009765625,22.520000457763672,50.25,1837.4000244140625,73.93499755859375,90.79000091552734,0.9079999923706055
2020-12-11,13513.849609375,18.790000915527344,3663.4599609375,23.309999465942383,49.970001220703125,1843.5999755859375,73.72669982910156,90.9800033569336,0.8930000066757202
2020-12-14,13558.150390625,19.399999618530273,3647.489990234375,24.719999313354492,50.290000915527344,1832.0999755859375,73.73799896240234,90.70999908447266,0.8920000195503235
2020-12-15,13567.849609375,19.350000381469727,3694.6201171875,22.889999389648438,50.7599983215332,1855.300048828125,73.86000061035156,90.47000122070312,0.9229999780654907
2020-12-16,13682.7001953125,19.200000762939453,3701.169921875,22.5,51.08000183105469,1859.0999755859375,73.75980377197266,90.44999694824219,0.9200000166893005
2020-12-17,13740.7001953125,19.15999984741211,3722.47998046875,21.93000030517578,51.5,1890.4000244140625,73.6166000366211,89.81999969482422,0.9300000071525574
2020-12-18,13760.5498046875,18.6200008392334,3709.409912109375,21.56999969482422,52.2599983215332,1888.9000244140625,73.52980041503906,90.0199966430664,0.9480000138282776
2020-12-21,13328.400390625,23.190000534057617,3694.919921875,25.15999984741211,50.90999984741211,1882.800048828125,73.60359954833984,90.04000091552734,0.9409999847412109
2020-12-22,13466.2998046875,21.989999771118164,3687.260009765625,24.229999542236328,50.08000183105469,1870.300048828125,73.935302734375,90.6500015258789,0.9179999828338623
2020-12-23,13601.099609375,20.5,3690.010009765625,23.309999465942383,51.20000076293945,1878.0999755859375,74.2699966430664,90.41000366210938,0.9549999833106995
2020-12-24,13749.25,19.969999313354492,3703.06005859375,21.530000686645508,51.290000915527344,1883.199951171875,73.83979797363281,90.33000183105469,0.9279999732971191
2020-12-25,,,,,,,73.55780029296875,,
2020-12-28,13873.2001953125,20.43000030517578,3735.360107421875,21.700000762939453,50.86000061035156,1880.4000244140625,73.68900299072266,90.33999633789062,0.9330000281333923
2020-12-29,13932.599609375,20.790000915527344,3727.0400390625,23.079999923706055,51.09000015258789,1882.9000244140625,73.5448989868164,90.01000213623047,0.9350000023841858
2020-12-30,13981.9501953125,21.110000610351562,3732.0400390625,22.770000457763672,51.34000015258789,1893.4000244140625,73.45359802246094,89.62999725341797,0.9259999990463257
2020-12-31,13981.75,21.100000381469727,3756.070068359375,22.75,51.79999923706055,1895.0999755859375,73.13400268554688,89.94000244140625,0.9169999957084656
2021-01-01,14018.5,,,,,,73.08920288085938,,
2021-01-04,14132.900390625,20.030000686645508,3700.64990234375,26.969999313354492,51.09000015258789,1946.5999755859375,73.09200286865234,89.87999725341797,0.9169999957084656
2021-01-05,14199.5,20.459999084472656,3726.860107421875,25.34000015258789,53.599998474121094,1954.4000244140625,73.31999969482422,89.44000244140625,0.9549999833106995
2021-01-06,14146.25,21.0,3748.139892578125,25.06999969482422,54.29999923706055,1908.5999755859375,73.37480163574219,89.52999877929688,1.0420000553131104
2021-01-07,14137.349609375,20.6200008392334,3803.7900390625,22.3700008392334,54.380001068115234,1913.5999755859375,73.36000061035156,89.83000183105469,1.0709999799728394
2021-01-08,14347.25,20.639999389648438,3824.679931640625,21.559999465942383,55.9900016784668,1835.4000244140625,73.44599914550781,90.0999984741211,1.1050000190734863
2021-01-11,14484.75,22.3799991607666,3799.610107421875,24.079999923706055,55.65999984741211,1850.800048828125,73.37339782714844,90.54000091552734,1.1319999694824219
2021-01-12,14563.4501953125,22.850000381469727,3801.18994140625,23.329999923706055,56.58000183105469,1844.199951171875,73.51349639892578,90.05000305175781,1.1380000114440918
2021-01-13,14564.849609375,23.290000915527344,3809.840087890625,22.209999084472656,56.060001373291016,1854.9000244140625,73.16500091552734,90.31999969482422,1.0880000591278076
2021-01-14,14595.599609375,23.030000686645508,3795.5400390625,23.25,56.41999816894531,1851.4000244140625,73.1698989868164,90.23999786376953,1.128999948501587
2021-01-15,14433.7001953125,24.010000228881836,3768.25,24.34000015258789,55.099998474121094,1829.9000244140625,73.08760070800781,90.77999877929688,1.097000002861023
2021-01-18,14281.2998046875,24.399999618530273,,,,,73.15899658203125,,
2021-01-19,14521.150390625,22.899999618530273,3798.909912109375,23.239999771118164,55.900001525878906,1840.199951171875,73.1886978149414,90.5,1.0920000076293945
2021-01-20,14644.7001953125,21.549999237060547,3851.85009765625,21.579999923706055,56.08000183105469,1866.5,73.19190216064453,90.47000122070312,1.090000033378601
2021-01-21,14590.349609375,22.18000030517578,3853.070068359375,21.31999969482422,56.099998474121094,1865.9000244140625,72.91089630126953,90.12999725341797,1.1089999675750732
2021-01-22,14371.900390625,,3841.469970703125,21.90999984741211,55.40999984741211,1856.199951171875,72.95490264892578,90.23999786376953,1.090999960899353
2021-01-25,14238.900390625,23.25,3855.360107421875,23.190000534057617,55.880001068115234,1855.199951171875,72.99590301513672,90.38999938964844,1.0399999618530273
2021-01-26,,,3849.6201171875,23.020000457763672,55.90999984741211,1850.9000244140625,72.97000122070312,90.16999816894531,1.0399999618530273
2021-01-27,13967.5,24.389999389648438,3750.77001953125,37.209999084472656,55.810001373291016,1844.9000244140625,72.91999816894531,90.6500015258789,1.0140000581741333
2021-01-28,13817.5498046875,24.290000915527344,3787.3798828125,30.209999084472656,55.529998779296875,1837.9000244140625,73.03710174560547,90.45999908447266,1.0570000410079956
2021-01-29,13634.599609375,25.34000015258789,3714.239990234375,33.09000015258789,55.880001068115234,1847.300048828125,72.93879699707031,90.58000183105469,1.093000054359436
2021-02-01,14281.2001953125,23.31999969482422,3773.860107421875,30.239999771118164,56.349998474121094,1863.9000244140625,72.90660095214844,91.0199966430664,1.0770000219345093
2021-02-02,14647.849609375,23.350000381469727,3826.31005859375,25.559999465942383,57.459999084472656,1833.4000244140625,73.11979675292969,91.19999694824219,1.1050000190734863
2021-02-03,14789.9501953125,23.75,3830.169921875,22.90999984741211,58.459999084472656,1835.0999755859375,72.91629791259766,91.12000274658203,1.13100004196167
2021-02-04,14895.650390625,23.1200008392334,3871.739990234375,21.770000457763672,58.84000015258789,1791.199951171875,72.85800170898438,91.52999877929688,1.1390000581741333
2021-02-05,14924.25,23.420000076293945,3886.830078125,20.8700008392334,59.34000015258789,1813.0,72.9457015991211,91.04000091552734,1.1699999570846558
2021-02-08,15115.7998046875,23.959999084472656,3915.590087890625,21.239999771118164,60.560001373291016,1834.199951171875,72.78479766845703,90.93000030517578,1.159999966621399
2021-02-09,15109.2998046875,24.270000457763672,3911.22998046875,21.6299991607666,61.09000015258789,1837.5,72.92990112304688,90.44000244140625,1.156999945640564
2021-02-10,15106.5,23.950000762939453,3909.8798828125,21.989999771118164,61.470001220703125,1842.699951171875,72.85489654541016,90.37000274658203,1.1330000162124634
2021-02-11,15173.2998046875,23.049999237060547,3916.3798828125,21.25,61.13999938964844,1826.800048828125,72.80729675292969,90.41999816894531,1.1579999923706055
2021-02-12,15163.2998046875,22.040000915527344,3934.830078125,19.969999313354492,62.43000030517578,1823.199951171875,72.70950317382812,90.4800033569336,1.2000000476837158
2021-02-15,15314.7001953125,,,,,,72.59480285644531,,
2021-02-16,15313.4501953125,21.780000686645508,3932.590087890625,21.459999084472656,63.349998474121094,1799.0,72.63870239257812,90.51000213623047,1.2990000247955322
2021-02-17,15208.900390625,,3931.330078125,21.5,64.33999633789062,1772.800048828125,72.93499755859375,90.94999694824219,1.3009999990463257
2021-02-18,15118.9501953125,21.540000915527344,3913.969970703125,22.489999771118164,63.93000030517578,1775.0,72.79730224609375,90.58999633789062,1.2869999408721924
2021-02-19,14981.75,22.25,3906.7099609375,22.049999237060547,62.90999984741211,1777.4000244140625,72.60540008544922,90.36000061035156,1.3450000286102295
2021-02-22,14675.7001953125,25.469999313354492,3876.5,23.450000762939453,65.23999786376953,1808.4000244140625,72.5530014038086,90.01000213623047,1.3700000047683716
2021-02-23,14707.7998046875,25.229999542236328,3881.3701171875,23.110000610351562,65.37000274658203,1805.9000244140625,72.44400024414062,90.16999816894531,1.3619999885559082
2021-02-24,14982.0,24.170000076293945,3925.429931640625,21.34000015258789,67.04000091552734,1797.9000244140625,72.37699890136719,90.18000030517578,1.3890000581741333
2021-02-25,15097.349609375,22.889999389648438,3829.340087890625,28.889999389648438,66.87999725341797,1775.4000244140625,72.4000015258789,90.12999725341797,1.5180000066757202
2021-02-26,14529.150390625,28.139999389648438,3811.14990234375,27.950000762939453,66.12999725341797,1728.800048828125,73.1509017944336,90.93000030517578,1.4600000381469727
2021-03-01,14761.5498046875,25.6299991607666,3901.820068359375,23.350000381469727,63.689998626708984,1723.0,73.59590148925781,91.04000091552734,1.4459999799728394
2021-03-02,14919.099609375,23.610000610351562,3870.2900390625,24.100000381469727,62.70000076293945,1733.5999755859375,73.30940246582031,90.79000091552734,1.4149999618530273
2021-03-03,15245.599609375,22.09000015258789,3819.719970703125,26.670000076293945,64.06999969482422,1715.800048828125,73.27749633789062,90.94999694824219,1.4700000286102295
2021-03-04,15080.75,24.149999618530273,3768.469970703125,28.56999969482422,66.73999786376953,1700.699951171875,72.88069915771484,91.62999725341797,1.5499999523162842
2021-03-05,14938.099609375,25.559999465942383,3841.93994140625,24.65999984741211,69.36000061035156,1698.5,73.13179779052734,91.9800033569336,1.5540000200271606
2021-03-08,14956.2001953125,24.68000030517578,3821.35009765625,25.469999313354492,68.23999786376953,1678.0,73.1333999633789,92.30999755859375,1.5959999561309814
2021-03-09,15098.400390625,22.5,3875.43994140625,24.030000686645508,67.5199966430664,1716.9000244140625,73.33000183105469,91.95999908447266,1.5460000038146973
2021-03-10,15174.7998046875,20.75,3898.81005859375,22.559999465942383,67.9000015258789,1721.800048828125,72.7759017944336,91.79000091552734,1.5199999809265137
2021-03-11,,,3939.340087890625,21.90999984741211,69.62999725341797,1722.5999755859375,72.70600128173828,91.41999816894531,1.5269999504089355
2021-03-12,15030.9501953125,21.709999084472656,3943.340087890625,20.690000534057617,69.22000122070312,1719.800048828125,72.63899993896484,91.68000030517578,1.6349999904632568
2021-03-15,14929.5,21.229999542236328,3968.93994140625,20.030000686645508,68.87999725341797,1729.199951171875,72.68299865722656,91.83000183105469,1.6069999933242798
2021-03-16,14910.4501953125,20.190000534057617,3962.7099609375,19.790000915527344,68.38999938964844,1730.9000244140625,72.51529693603516,91.87000274658203,1.621000051498413
2021-03-17,14721.2998046875,20.15999984741211,3974.1201171875,19.229999542236328,68.0,1727.0999755859375,72.5156021118164,91.4000015258789,1.6410000324249268
2021-03-18,14557.849609375,20.079999923706055,3915.4599609375,21.579999923706055,63.279998779296875,1732.5,72.29560089111328,91.8499984741211,1.7300000190734863
2021-03-19,14744.0,19.989999771118164,3913.10009765625,20.950000762939453,64.52999877929688,1741.699951171875,72.6688003540039,91.91999816894531,1.7319999933242798
2021-03-22,14736.400390625,20.489999771118164,3940.590087890625,18.8799991607666,64.62000274658203,1738.0999755859375,72.40499877929688,91.80000305175781,1.684000015258789
2021-03-23,14814.75,20.670000076293945,3910.52001953125,20.299999237060547,60.790000915527344,1725.0999755859375,72.38050079345703,92.33999633789062,1.6380000114440918
2021-03-24,14549.400390625,22.459999084472656,3889.139892578125,21.200000762939453,64.41000366210938,1733.199951171875,72.61219787597656,92.52999877929688,1.6139999628067017
2021-03-25,14324.900390625,22.700000762939453,3909.52001953125,19.809999465942383,61.95000076293945,1725.0999755859375,72.64559936523438,92.87999725341797,1.6139999628067017
2021-03-26,14507.2998046875,20.649999618530273,3974.5400390625,18.860000610351562,64.56999969482422,1732.300048828125,72.61280059814453,92.7699966430664,1.659999966621399
2021-03-29,,,3971.090087890625,20.739999771118164,64.9800033569336,1712.199951171875,72.44719696044922,92.94000244140625,1.7209999561309814
2021-03-30,14845.099609375,20.489999771118164,3958.550048828125,19.610000610351562,64.13999938964844,1683.9000244140625,72.74189758300781,93.30000305175781,1.7259999513626099
2021-03-31,14690.7001953125,20.649999618530273,3972.889892578125,19.399999618530273,63.540000915527344,1713.800048828125,73.44529724121094,93.2300033569336,1.746000051498413
2021-04-01,14867.349609375,19.989999771118164,4019.8701171875,17.329999923706055,64.86000061035156,1728.4000244140625,73.20349884033203,92.93000030517578,1.6790000200271606
2021-04-02,,,,,,,73.28730010986328,,
2021-04-05,14637.7998046875,21.219999313354492,4077.909912109375,17.90999984741211,62.150001525878906,1728.800048828125,73.3759994506836,92.5999984741211,1.7200000286102295
2021-04-06,14683.5,20.84000015258789,4073.93994140625,18.1200008392334,62.7400016784668,1743.0,73.27950286865234,92.33999633789062,1.656000018119812
2021-04-07,14819.0498046875,20.25,4079.949951171875,17.15999984741211,63.15999984741211,1741.5999755859375,73.48999786376953,92.45999908447266,1.652999997138977
2021-04-08,14873.7998046875,20.309999465942383,4097.169921875,16.950000762939453,63.20000076293945,1758.199951171875,74.40149688720703,92.05999755859375,1.6319999694824219
2021-04-09,14834.849609375,19.790000915527344,4128.7998046875,16.690000534057617,62.95000076293945,1744.800048828125,74.54450225830078,92.16000366210938,1.6660000085830688
2021-04-12,14310.7998046875,23.0,4127.990234375,16.90999984741211,63.279998779296875,1732.699951171875,74.72949981689453,92.13999938964844,1.6749999523162842
2021-04-13,14504.7998046875,20.459999084472656,4141.58984375,16.649999618530273,63.66999816894531,1747.5999755859375,74.99099731445312,91.8499984741211,1.6230000257492065
2021-04-14,,,4124.66015625,16.989999771118164,66.58000183105469,1736.300048828125,75.18150329589844,91.69000244140625,1.6380000114440918
2021-04-15,14581.4501953125,20.889999389648438,4170.419921875,16.56999969482422,66.94000244140625,1766.800048828125,75.0261001586914,91.66999816894531,1.5299999713897705
2021-04-16,14617.849609375,20.399999618530273,4185.47021484375,16.25,66.7699966430664,1780.199951171875,74.72740173339844,91.55999755859375,1.5729999542236328
2021-04-19,14359.4501953125,22.489999771118164,4163.259765625,17.290000915527344,67.05000305175781,1770.5999755859375,74.56320190429688,91.06999969482422,1.6009999513626099
2021-04-20,14296.400390625,22.43000030517578,4134.93994140625,18.68000030517578,66.56999969482422,1778.4000244140625,74.8781967163086,91.23999786376953,1.562000036239624
2021-04-21,,,4173.419921875,17.5,65.31999969482422,1793.0999755859375,75.44920349121094,91.16000366210938,1.5640000104904175
2021-04-22,14406.150390625,23.030000686645508,4134.97998046875,18.709999084472656,65.4000015258789,1782.0,75.42949676513672,91.33000183105469,1.5540000200271606
2021-04-23,14341.349609375,22.690000534057617,4180.169921875,17.329999923706055,66.11000061035156,1777.800048828125,75.0916976928711,90.86000061035156,1.5670000314712524
2021-04-26,14485.0,23.5,4187.6201171875,17.639999389648438,65.6500015258789,1780.0999755859375,74.86810302734375,90.80999755859375,1.5700000524520874
2021-04-27,14653.0498046875,23.079999923706055,4186.72021484375,17.559999465942383,66.41999816894531,1778.800048828125,74.81490325927734,90.91000366210938,1.621999979019165
2021-04-28,14864.5498046875,22.579999923706055,4183.18017578125,17.280000686645508,67.2699966430664,1773.9000244140625,74.57499694824219,90.61000061035156,1.6200000047683716
2021-04-29,14894.900390625,23.309999465942383,4211.47021484375,17.610000610351562,68.55999755859375,1768.300048828125,74.31179809570312,90.61000061035156,1.6399999856948853
2021-04-30,14631.099609375,23.030000686645508,4181.169921875,18.610000610351562,67.25,1767.699951171875,74.10579681396484,91.27999877929688,1.63100004196167
2021-05-03,14634.150390625,23.690000534057617,4192.66015625,18.309999465942383,67.55999755859375,1791.800048828125,74.09480285644531,90.94999694824219,1.6069999933242798
2021-05-04,14496.5,23.010000228881836,4164.66015625,19.479999542236328,68.87999725341797,1776.0,73.8375015258789,91.29000091552734,1.5920000076293945
2021-05-05,14617.849609375,,4167.58984375,19.149999618530273,68.95999908447266,1784.300048828125,73.77890014648438,91.30999755859375,1.5839999914169312
2021-05-06,14724.7998046875,22.040000915527344,4201.6201171875,18.389999389648438,68.08999633789062,1815.699951171875,73.79940032958984,90.94999694824219,1.5609999895095825
2021-05-07,14823.150390625,20.81999969482422,4232.60009765625,16.690000534057617,68.27999877929688,1831.300048828125,73.61519622802734,90.2300033569336,1.5770000219345093
2021-05-10,14942.349609375,20.229999542236328,4188.43017578125,19.65999984741211,68.31999969482422,1837.5999755859375,73.29029846191406,90.20999908447266,1.6019999980926514
2021-05-11,14850.75,,4152.10009765625,21.84000015258789,68.55000305175781,1836.0999755859375,73.5,90.13999938964844,1.6239999532699585
2021-05-12,14696.5,20.079999923706055,4063.0400390625,27.59000015258789,69.31999969482422,1822.800048828125,73.3750991821289,90.70999908447266,1.6950000524520874
2021-05-13,,,4112.5,23.1299991607666,67.05000305175781,1824.0,73.68160247802734,90.75,1.6679999828338623
2021-05-14,14677.7998046875,20.270000457763672,4173.85009765625,18.809999465942383,68.70999908447266,1838.0999755859375,73.44490051269531,90.31999969482422,1.6349999904632568
2021-05-17,14923.150390625,19.610000610351562,4163.2900390625,19.719999313354492,69.45999908447266,1867.5999755859375,73.27890014648438,90.22000122070312,1.6399999856948853
2021-05-18,15108.099609375,19.239999771118164,4127.830078125,21.34000015258789,68.70999908447266,1868.0,73.26969909667969,89.75,1.6419999599456787
2021-05-19,15030.150390625,19.31999969482422,4115.68017578125,22.18000030517578,66.66000366210938,1881.5,73.1281967163086,90.19000244140625,1.6829999685287476
2021-05-20,14906.0498046875,,4159.1201171875,20.670000076293945,65.11000061035156,1881.9000244140625,73.222900390625,89.80999755859375,1.6339999437332153
2021-05-21,15175.2998046875,19.079999923706055,4155.85986328125,20.149999618530273,66.44000244140625,1876.699951171875,73.02189636230469,90.0199966430664,1.6319999694824219
2021-05-24,15197.7001953125,19.1299991607666,4197.0498046875,18.399999618530273,68.45999908447266,1884.5,72.90979766845703,89.83000183105469,1.6080000400543213
2021-05-25,15208.4501953125,,4188.1298828125,18.84000015258789,68.6500015258789,1898.0,72.83660125732422,89.63999938964844,1.5640000104904175
2021-05-26,15301.4501953125,20.8700008392334,4195.990234375,17.360000610351562,68.87000274658203,1901.199951171875,72.80490112304688,90.04000091552734,1.5740000009536743
2021-05-27,15337.849609375,19.90999984741211,4200.8798828125,16.739999771118164,69.45999908447266,1895.699951171875,72.67250061035156,89.97000122070312,1.6100000143051147
2021-05-28,15435.650390625,17.399999618530273,4204.10986328125,16.760000228881836,69.62999725341797,1902.5,72.68299865722656,90.02999877929688,1.5809999704360962
2021-05-31,15582.7998046875,,,,,,72.39350128173828,,
2021-06-01,15574.849609375,17.389999389648438,4202.0400390625,17.899999618530273,70.25,1905.0,72.48719787597656,89.83000183105469,1.6150000095367432
2021-06-02,15576.2001953125,17.209999084472656,4208.1201171875,17.479999542236328,71.3499984741211,1909.9000244140625,72.8550033569336,89.9000015258789,1.590999960899353
2021-06-03,15690.349609375,15.75,4192.85009765625,18.040000915527344,71.30999755859375,1873.300048828125,72.96510314941406,90.5,1.625
2021-06-04,15670.25,15.9399995803833,4229.89013671875,16.420000076293945,71.88999938964844,1892.0,73.04419708251953,90.13999938964844,1.559999942779541
2021-06-07,15751.650390625,15.569999694824219,4226.52001953125,16.420000076293945,71.48999786376953,1898.800048828125,72.90969848632812,89.94999694824219,1.569000005722046
2021-06-08,15740.099609375,15.229999542236328,4227.259765625,17.06999969482422,72.22000122070312,1894.4000244140625,72.80940246582031,90.08000183105469,1.527999997138977
2021-06-09,15635.349609375,14.75,4219.5498046875,17.889999389648438,72.22000122070312,1895.5,72.97530364990234,90.12000274658203,1.4889999628067017
2021-06-10,15737.75,15.0,4239.18017578125,16.100000381469727,72.5199966430664,1896.4000244140625,72.98529815673828,90.08000183105469,1.4589999914169312
2021-06-11,15799.349609375,14.100000381469727,4247.43994140625,15.649999618530273,72.69000244140625,1879.5999755859375,73.01229858398438,90.55999755859375,1.4620000123977661
2021-06-14,15811.849609375,14.720000267028809,4255.14990234375,16.389999389648438,72.86000061035156,1865.9000244140625,73.23159790039062,90.5199966430664,1.5010000467300415
2021-06-15,15869.25,14.609999656677246,4246.58984375,17.020000457763672,73.98999786376953,1856.4000244140625,73.18080139160156,90.54000091552734,1.4989999532699585
2021-06-16,15767.5498046875,14.869999885559082,4223.7001953125,18.149999618530273,74.38999938964844,1861.4000244140625,73.3447036743164,91.12999725341797,1.569000005722046
2021-06-17,15691.400390625,15.289999961853027,4221.85986328125,17.75,73.08000183105469,1774.800048828125,73.8240966796875,91.88999938964844,1.5110000371932983
2021-06-18,15683.349609375,14.800000190734863,4166.4501953125,20.700000762939453,73.51000213623047,1769.0,74.25389862060547,92.2300033569336,1.4500000476837158
2021-06-21,15746.5,15.0600004196167,4224.7900390625,17.889999389648438,74.9000015258789,1782.9000244140625,74.1438980102539,91.86000061035156,1.4839999675750732
2021-06-22,15772.75,14.739999771118164,4246.43994140625,16.65999984741211,74.80999755859375,1777.4000244140625,74.13520050048828,91.7300033569336,1.472000002861023
2021-06-23,15686.9501953125,15.369999885559082,4241.83984375,16.31999969482422,75.19000244140625,1783.4000244140625,74.33219909667969,91.80000305175781,1.4869999885559082
2021-06-24,15790.4501953125,15.100000381469727,4266.490234375,15.970000267028809,75.55999755859375,1776.699951171875,74.24690246582031,91.81999969482422,1.4869999885559082
2021-06-25,15860.349609375,13.369999885559082,4280.7001953125,15.619999885559082,76.18000030517578,1777.800048828125,74.19029998779297,91.80999755859375,1.5360000133514404
2021-06-28,15814.7001953125,13.399999618530273,4290.60986328125,15.760000228881836,74.68000030517578,1780.699951171875,74.21299743652344,91.87999725341797,1.4780000448226929
2021-06-29,15748.4501953125,13.0,4291.7998046875,16.020000457763672,74.76000213623047,1763.5999755859375,74.285400390625,92.05000305175781,1.4800000190734863
2021-06-30,15721.5,13.050000190734863,4297.5,15.829999923706055,75.12999725341797,1771.5999755859375,74.28759765625,92.44000244140625,1.4429999589920044
2021-07-01,15680.0,12.84000015258789,4319.93994140625,15.479999542236328,75.83999633789062,1776.800048828125,74.37100219726562,92.5999984741211,1.4800000190734863
2021-07-02,15722.2001953125,12.09000015258789,4352.33984375,15.069999694824219,76.16999816894531,1783.300048828125,74.54499816894531,92.2300033569336,1.430999994277954
2021-07-05,15834.349609375,,,,,,74.48179626464844,,
2021-07-06,15818.25,12.279999732971191,4343.5400390625,16.440000534057617,74.52999877929688,1794.199951171875,74.31780242919922,92.55000305175781,1.3700000047683716
2021-07-07,15879.650390625,12.210000038146973,4358.1298828125,16.200000762939453,73.43000030517578,1802.0999755859375,74.76290130615234,92.63999938964844,1.3209999799728394
2021-07-08,15727.900390625,13.5600004196167,4320.81982421875,19.0,74.12000274658203,1800.199951171875,74.8218994140625,92.36000061035156,1.2879999876022339
2021-07-09,15689.7998046875,12.9399995803833,4369.5498046875,16.18000030517578,75.55000305175781,1810.5999755859375,74.72139739990234,92.12999725341797,1.3559999465942383
2021-07-12,15692.599609375,12.989999771118164,4384.6298828125,16.170000076293945,75.16000366210938,1805.9000244140625,74.4905014038086,92.2300033569336,1.3630000352859497
2021-07-13,15812.349609375,12.619999885559082,4369.2099609375,17.1200008392334,76.48999786376953,1809.9000244140625,74.54170227050781,92.75,1.4149999618530273
2021-07-14,15853.9501953125,12.59000015258789,4374.2998046875,16.329999923706055,74.76000213623047,1825.0,74.65910339355469,92.41000366210938,1.3559999465942383
2021-07-15,15924.2001953125,12.270000457763672,4360.02978515625,17.010000228881836,73.47000122070312,1829.0,74.46910095214844,92.62000274658203,1.2970000505447388
2021-07-16,15923.400390625,11.710000038146973,4327.16015625,18.450000762939453,73.58999633789062,1815.0,74.53700256347656,92.69000244140625,1.2999999523162842
2021-07-19,15752.400390625,12.680000305175781,4258.490234375,22.5,68.62000274658203,1809.199951171875,74.63179779052734,92.88999938964844,1.180999994277954
2021-07-20,15632.099609375,13.210000038146973,4323.06005859375,19.729999542236328,69.3499984741211,1811.4000244140625,74.99340057373047,92.97000122070312,1.2089999914169312
2021-07-21,,,4358.68994140625,17.90999984741211,72.2300033569336,1803.4000244140625,74.5270004272461,92.75,1.2799999713897705
2021-07-22,15824.0498046875,11.890000343322754,4367.47998046875,17.690000534057617,73.79000091552734,1805.4000244140625,74.44020080566406,92.81999969482422,1.2649999856948853
2021-07-23,15856.0498046875,11.760000228881836,4411.7900390625,17.200000762939453,74.0999984741211,1801.800048828125,74.4520034790039,92.91000366210938,1.2860000133514404
2021-07-26,15824.4501953125,12.449999809265137,4422.2998046875,17.579999923706055,74.5,1799.199951171875,74.44889831542969,92.6500015258789,1.2760000228881836
2021-07-27,15746.4501953125,13.229999542236328,4401.4599609375,19.360000610351562,74.4800033569336,1799.800048828125,74.28949737548828,92.43000030517578,1.2339999675750732
2021-07-28,15709.400390625,13.6899995803833,4400.64013671875,18.309999465942383,74.73999786376953,1799.699951171875,74.5022964477539,92.31999969482422,1.2610000371932983
2021-07-29,15778.4501953125,12.949999809265137,4419.14990234375,17.700000762939453,76.05000305175781,1831.199951171875,74.38999938964844,91.86000061035156,1.2690000534057617
2021-07-30,15763.0498046875,12.800000190734863,4395.259765625,18.239999771118164,76.33000183105469,1812.5999755859375,74.25199890136719,92.16999816894531,1.2389999628067017
2021-08-02,15885.150390625,12.8100004196167,4387.16015625,19.459999084472656,72.88999938964844,1822.199951171875,74.37909698486328,92.05000305175781,1.1740000247955322
2021-08-03,16130.75,13.75,4423.14990234375,18.040000915527344,72.41000366210938,1814.0999755859375,74.33200073242188,92.08000183105469,1.1759999990463257
2021-08-04,16258.7998046875,13.210000038146973,4402.66015625,17.969999313354492,70.37999725341797,1814.5,74.21440124511719,92.2699966430664,1.184000015258789
2021-08-05,16294.599609375,12.869999885559082,4429.10009765625,17.280000686645508,71.29000091552734,1808.9000244140625,74.18399810791016,92.23999786376953,1.2170000076293945
2021-08-06,16238.2001953125,12.609999656677246,4436.52001953125,16.149999618530273,70.69999694824219,1763.0999755859375,74.08200073242188,92.80000305175781,1.2899999618530273
2021-08-09,16258.25,12.609999656677246,4432.35009765625,16.719999313354492,69.04000091552734,1726.5,74.49140167236328,92.94999694824219,1.3170000314712524
2021-08-10,16280.099609375,12.710000038146973,4436.75,16.790000915527344,70.62999725341797,1731.699951171875,74.46620178222656,93.05999755859375,1.3420000076293945
2021-08-11,16282.25,12.710000038146973,4442.41015625,16.170000076293945,71.44000244140625,1753.300048828125,74.43550109863281,92.91000366210938,1.3289999961853027
2021-08-12,16364.400390625,12.369999885559082,4460.830078125,15.59000015258789,71.30999755859375,1751.800048828125,74.10299682617188,93.04000091552734,1.3669999837875366
2021-08-13,16529.099609375,12.989999771118164,4468.0,15.449999809265137,70.58999633789062,1778.199951171875,74.26010131835938,92.5199966430664,1.2970000505447388
2021-08-16,16563.05078125,13.460000038146973,4479.7099609375,16.1200008392334,69.51000213623047,1789.800048828125,74.216796875,92.62999725341797,1.2569999694824219
2021-08-17,16614.599609375,13.40999984741211,4448.080078125,17.90999984741211,69.02999877929688,1787.800048828125,74.13500213623047,93.12999725341797,1.2580000162124634
2021-08-18,16568.849609375,12.90999984741211,4400.27001953125,21.56999969482422,68.2300033569336,1784.4000244140625,74.364501953125,93.13999938964844,1.2730000019073486
2021-08-19,,,4405.7998046875,21.670000076293945,66.44999694824219,1783.0999755859375,74.2697982788086,93.56999969482422,1.2419999837875366
2021-08-20,16450.5,14.020000457763672,4441.669921875,18.559999465942383,65.18000030517578,1784.0,74.4292984008789,93.5,1.2599999904632568
2021-08-23,16496.44921875,13.6899995803833,4479.52978515625,17.149999618530273,68.75,1806.300048828125,74.30149841308594,92.95999908447266,1.2549999952316284
2021-08-24,16624.599609375,13.1899995803833,4486.22998046875,17.219999313354492,71.05000305175781,1808.5,74.10590362548828,92.88999938964844,1.2899999618530273
2021-08-25,16634.650390625,13.5,4496.18994140625,16.790000915527344,72.25,1791.0,74.1447982788086,92.83000183105469,1.3420000076293945
2021-08-26,16636.900390625,13.539999961853027,4470.0,18.84000015258789,71.06999969482422,1795.199951171875,74.0999984741211,93.05999755859375,1.3420000076293945
2021-08-27,16705.19921875,13.40999984741211,4509.3701171875,16.389999389648438,72.69999694824219,1819.5,74.15599822998047,92.69000244140625,1.312000036239624
2021-08-30,16931.05078125,13.319999694824219,4528.7900390625,16.190000534057617,73.41000366210938,1812.199951171875,73.49659729003906,92.6500015258789,1.284999966621399
2021-08-31,17132.19921875,14.520000457763672,4522.68017578125,16.479999542236328,72.98999786376953,1818.0999755859375,73.41120147705078,92.62999725341797,1.3040000200271606
2021-09-01,17076.25,14.1899995803833,4524.08984375,16.110000610351562,71.58999633789062,1816.0,72.99669647216797,92.44999694824219,1.3020000457763672
2021-09-02,17234.150390625,14.239999771118164,4536.9501953125,16.40999984741211,73.02999877929688,1811.5,72.98509979248047,92.2300033569336,1.2940000295639038
2021-09-03,17323.599609375,14.539999961853027,4535.43017578125,16.40999984741211,72.61000061035156,1833.699951171875,73.0542984008789,92.04000091552734,1.3220000267028809
2021-09-06,17377.80078125,15.109999656677246,,,,,72.99449920654297,,
2021-09-07,17362.099609375,14.899999618530273,4520.02978515625,18.139999389648438,71.69000244140625,1798.5,73.11000061035156,92.5199966430664,1.3700000047683716
2021-09-08,17353.5,14.40999984741211,4514.06982421875,17.959999084472656,72.5999984741211,1793.5,73.3904037475586,92.6500015258789,1.3339999914169312
2021-09-09,17369.25,13.9399995803833,4493.27978515625,18.799999237060547,71.44999694824219,1800.0,73.78900146484375,92.4800033569336,1.2990000247955322
2021-09-10,,,4458.580078125,20.950000762939453,72.91999816894531,1792.0999755859375,73.53800201416016,92.58000183105469,1.340999960899353
2021-09-13,17355.30078125,14.029999732971191,4468.72998046875,19.3700008392334,73.51000213623047,1794.4000244140625,73.52429962158203,92.62000274658203,1.3240000009536743
2021-09-14,17380.0,13.579999923706055,4443.0498046875,19.459999084472656,73.5999984741211,1807.0999755859375,73.54080200195312,92.6500015258789,1.2769999504089355
2021-09-15,17519.44921875,13.729999542236328,4480.7001953125,18.18000030517578,75.45999908447266,1794.800048828125,73.65080261230469,92.48999786376953,1.3040000200271606
2021-09-16,17629.5,14.40999984741211,4473.75,18.690000534057617,75.66999816894531,1756.699951171875,73.43800354003906,92.86000061035156,1.3309999704360962
2021-09-17,17585.150390625,15.229999542236328,4432.990234375,20.809999465942383,75.33999633789062,1751.4000244140625,73.56490325927734,93.19999694824219,1.3700000047683716
2021-09-20,17396.900390625,17.489999771118164,4357.72998046875,25.709999084472656,73.91999816894531,1763.800048828125,73.69609832763672,93.23999786376953,1.309000015258789
2021-09-21,17562.0,16.520000457763672,4354.18994140625,24.360000610351562,74.36000061035156,1778.199951171875,73.65899658203125,93.19999694824219,1.3240000009536743
2021-09-22,17546.650390625,16.489999771118164,4395.64013671875,20.8700008392334,76.19000244140625,1778.800048828125,73.7927017211914,93.45999908447266,1.3359999656677246
2021-09-23,17822.94921875,16.600000381469727,4448.97998046875,18.6299991607666,77.25,1749.800048828125,73.8749008178711,93.0999984741211,1.409999966621399
2021-09-24,17853.19921875,16.920000076293945,4455.47998046875,17.75,78.08999633789062,1751.699951171875,73.83999633789062,93.33000183105469,1.4600000381469727
2021-09-27,17855.099609375,18.049999237060547,4443.10986328125,18.760000228881836,79.52999877929688,1752.0,73.81289672851562,93.37999725341797,1.4839999675750732
2021-09-28,17748.599609375,18.540000915527344,4352.6298828125,23.25,79.08999633789062,1737.5,73.82530212402344,93.7699966430664,1.534000039100647
2021-09-29,17711.30078125,18.84000015258789,4359.4599609375,22.559999465942383,78.63999938964844,1722.9000244140625,74.16329956054688,94.33999633789062,1.5410000085830688
2021-09-30,17618.150390625,18.399999618530273,4307.5400390625,23.139999389648438,78.5199966430664,1757.0,74.3219985961914,94.25,1.5290000438690186
2021-10-01,17532.05078125,17.209999084472656,4357.0400390625,21.100000381469727,79.27999877929688,1758.4000244140625,74.25440216064453,94.04000091552734,1.4789999723434448
2021-10-04,17691.25,16.739999771118164,4300.4599609375,22.959999084472656,81.26000213623047,1767.5999755859375,74.152099609375,93.80999755859375,1.4809999465942383
2021-10-05,17822.30078125,16.399999618530273,4345.72021484375,21.299999237060547,82.55999755859375,1760.9000244140625,74.57279968261719,93.9800033569336,1.5290000438690186
2021-10-06,17646.0,17.329999923706055,4363.5498046875,21.0,81.08000183105469,1761.800048828125,74.56320190429688,94.2699966430664,1.5240000486373901
2021-10-07,17790.349609375,16.15999984741211,4399.759765625,19.540000915527344,81.94999694824219,1759.199951171875,74.76000213623047,94.22000122070312,1.5709999799728394
2021-10-08,17895.19921875,15.649999618530273,4391.33984375,18.770000457763672,82.38999938964844,1757.4000244140625,74.83000183105469,94.06999969482422,1.6050000190734863
2021-10-11,17945.94921875,16.09000015258789,4361.18994140625,20.0,83.6500015258789,1755.699951171875,75.30580139160156,94.31999969482422,1.6139999628067017
2021-10-12,17991.94921875,15.850000381469727,4350.64990234375,19.850000381469727,83.41999816894531,1759.300048828125,75.40260314941406,94.5199966430664,1.5800000429153442
2021-10-13,18161.75,16.100000381469727,4363.7998046875,18.639999389648438,83.18000030517578,1794.699951171875,75.48390197753906,94.08000183105469,1.5490000247955322
2021-10-14,18338.55078125,15.770000457763672,4438.259765625,16.860000610351562,84.0,1797.9000244140625,75.3062973022461,93.95999908447266,1.5190000534057617
2021-10-15,,,4471.3701171875,16.299999237060547,84.86000061035156,1768.300048828125,74.99500274658203,93.94000244140625,1.5759999752044678
2021-10-18,18477.05078125,17.18000030517578,4486.4599609375,16.309999465942383,84.33000183105469,1765.699951171875,75.00589752197266,93.94999694824219,1.5839999914169312
2021-10-19,18418.75,17.3799991607666,4519.6298828125,15.699999809265137,85.08000183105469,1770.5,75.2354965209961,93.79000091552734,1.6349999904632568
2021-10-20,18266.599609375,18.309999465942383,4536.18994140625,15.489999771118164,85.81999969482422,1784.9000244140625,75.12010192871094,93.55999755859375,1.6360000371932983
2021-10-21,18178.099609375,18.040000915527344,4549.77978515625,15.010000228881836,84.61000061035156,1781.9000244140625,74.80919647216797,93.7699966430664,1.6759999990463257
2021-10-22,18114.900390625,17.549999237060547,4544.89990234375,15.430000305175781,85.52999877929688,1796.300048828125,74.86540222167969,93.61000061035156,1.6549999713897705
2021-10-25,18125.400390625,17.610000610351562,4566.47998046875,15.239999771118164,85.98999786376953,1806.800048828125,74.99369812011719,93.80999755859375,1.6349999904632568
2021-10-26,18268.400390625,16.75,4574.7900390625,15.979999542236328,86.4000015258789,1793.4000244140625,75.08989715576172,93.94999694824219,1.61899995803833
2021-10-27,18210.94921875,16.829999923706055,4551.68017578125,16.979999542236328,84.58000183105469,1798.800048828125,74.88890075683594,93.86000061035156,1.5290000438690186
2021-10-28,17857.25,17.90999984741211,4596.419921875,16.530000686645508,84.31999969482422,1802.5999755859375,75.05000305175781,93.3499984741211,1.5679999589920044
2021-10-29,17671.650390625,17.43000030517578,4605.3798828125,16.260000228881836,84.37999725341797,1783.9000244140625,74.79720306396484,94.12000274658203,1.5570000410079956
2021-11-01,17929.650390625,17.239999771118164,4613.669921875,16.40999984741211,84.70999908447266,1795.800048828125,74.92829895019531,93.87999725341797,1.5750000476837158
2021-11-02,17888.94921875,17.059999465942383,4630.64990234375,16.030000686645508,84.72000122070312,1789.4000244140625,74.82990264892578,94.08999633789062,1.5490000247955322
2021-11-03,17829.19921875,16.1299991607666,4660.56982421875,15.100000381469727,81.98999786376953,1763.9000244140625,74.71199798583984,93.86000061035156,1.5789999961853027
2021-11-04,17916.80078125,15.75,4680.06005859375,15.4399995803833,80.54000091552734,1793.5,74.43550109863281,94.3499984741211,1.5240000486373901
2021-11-05,,,4697.52978515625,16.479999542236328,82.73999786376953,1816.800048828125,74.47810363769531,94.31999969482422,1.4529999494552612
2021-11-08,18068.55078125,16.34000015258789,4701.7001953125,17.219999313354492,83.43000030517578,1828.0,74.19110107421875,94.05000305175781,1.496999979019165
2021-11-09,18044.25,16.0,4685.25,17.780000686645508,84.77999877929688,1830.800048828125,73.91850280761719,93.95999908447266,1.4320000410079956
2021-11-10,18017.19921875,16.309999465942383,4646.7099609375,18.729999542236328,82.63999938964844,1848.300048828125,74.17479705810547,94.8499984741211,1.559999942779541
2021-11-11,17873.599609375,16.350000381469727,4649.27001953125,17.65999984741211,82.87000274658203,1863.9000244140625,74.40489959716797,95.18000030517578,1.559999942779541
2021-11-12,18102.75,15.220000267028809,4682.85009765625,16.290000915527344,82.16999816894531,1868.5,74.32209777832031,95.12999725341797,1.5820000171661377
2021-11-15,18109.44921875,15.470000267028809,4682.7998046875,16.489999771118164,82.05000305175781,1866.5999755859375,74.33999633789062,95.41000366210938,1.6230000257492065
2021-11-16,17999.19921875,15.199999809265137,4700.89990234375,16.3700008392334,82.43000030517578,1854.0999755859375,74.43509674072266,95.91999816894531,1.6339999437332153
2021-11-17,17898.650390625,14.979999542236328,4688.669921875,17.110000610351562,80.27999877929688,1870.199951171875,74.45860290527344,95.83000183105469,1.6039999723434448
2021-11-18,17764.80078125,14.859999656677246,4704.5400390625,17.59000015258789,81.23999786376953,1861.4000244140625,74.25980377197266,95.54000091552734,1.5889999866485596
2021-11-19,,,4697.9599609375,17.90999984741211,78.88999938964844,1851.5999755859375,74.17440032958984,96.06999969482422,1.5360000133514404
2021-11-22,17416.55078125,17.520000457763672,4682.93994140625,19.170000076293945,79.69999694824219,1806.300048828125,74.30259704589844,96.5,1.625
2021-11-23,17503.349609375,18.020000457763672,4690.7001953125,19.3799991607666,82.30999755859375,1783.800048828125,74.42980194091797,96.48999786376953,1.6670000553131104
2021-11-24,17415.05078125,17.100000381469727,4701.4599609375,18.579999923706055,82.25,1784.300048828125,74.4469985961914,96.83999633789062,1.6449999809265137
2021-11-25,17536.25,16.65999984741211,,,,,74.625,,
2021-11-26,17026.44921875,20.799999237060547,4594.6201171875,28.6200008392334,72.72000122070312,1785.5,74.50579833984375,96.08999633789062,1.4819999933242798
2021-11-29,17053.94921875,20.829999923706055,4655.27001953125,22.959999084472656,73.44000244140625,1782.300048828125,74.98159790039062,96.33999633789062,1.5299999713897705
2021-11-30,16983.19921875,21.170000076293945,4567.0,27.190000534057617,70.56999969482422,1773.5999755859375,75.05490112304688,95.98999786376953,1.4429999589920044
2021-12-01,17166.900390625,19.450000762939453,4513.0400390625,31.1200008392334,68.87000274658203,1784.300048828125,75.0509033203125,96.05000305175781,1.434000015258789
2021-12-02,17401.650390625,18.09000015258789,4577.10009765625,27.950000762939453,69.66999816894531,1762.699951171875,75.01789855957031,96.12999725341797,1.4479999542236328
2021-12-03,17196.69921875,18.450000762939453,4538.43017578125,30.670000076293945,69.87999725341797,1783.9000244140625,74.9834976196289,96.12000274658203,1.343000054359436
2021-12-06,16912.25,20.079999923706055,4591.669921875,27.18000030517578,73.08000183105469,1779.5,75.23400115966797,96.29000091552734,1.434000015258789
2021-12-07,17176.69921875,18.459999084472656,4686.75,21.889999389648438,75.44000244140625,1784.699951171875,75.39129638671875,96.37000274658203,1.4800000190734863
2021-12-08,17469.75,17.270000457763672,4701.2099609375,19.899999618530273,75.81999969482422,1785.5,75.40859985351562,95.88999938964844,1.5089999437332153
2021-12-09,17516.849609375,16.600000381469727,4667.4501953125,21.579999923706055,74.41999816894531,1776.699951171875,75.38330078125,96.2699966430664,1.4869999885559082
2021-12-10,17511.30078125,16.059999465942383,4712.02001953125,18.690000534057617,75.1500015258789,1784.800048828125,75.59919738769531,96.05000305175781,1.4889999628067017
2021-12-13,17368.25,16.56999969482422,4668.97021484375,20.309999465942383,74.38999938964844,1788.300048828125,75.70999908447266,96.31999969482422,1.4240000247955322
2021-12-14,17324.900390625,16.950000762939453,4634.08984375,21.889999389648438,73.69999694824219,1772.300048828125,75.82689666748047,96.56999969482422,1.437999963760376
2021-12-15,17221.400390625,17.219999313354492,4709.85009765625,19.290000915527344,73.87999725341797,1764.5,76.04720306396484,96.51000213623047,1.4630000591278076
2021-12-16,17248.400390625,15.899999618530273,4668.669921875,20.56999969482422,75.0199966430664,1798.199951171875,76.2114028930664,96.04000091552734,1.4220000505447388
2021-12-17,16985.19921875,16.34000015258789,4620.64013671875,21.56999969482422,73.5199966430664,1804.9000244140625,76.1675033569336,96.56999969482422,1.4019999504089355
2021-12-20,16614.19921875,18.969999313354492,4568.02001953125,22.8700008392334,71.5199966430664,1794.5999755859375,76.00599670410156,96.55000305175781,1.4190000295639038
2021-12-21,16770.849609375,17.540000915527344,4649.22998046875,21.010000228881836,73.9800033569336,1788.699951171875,75.75869750976562,96.48999786376953,1.4869999885559082
2021-12-22,16955.44921875,16.579999923706055,4696.56005859375,18.6299991607666,75.29000091552734,1802.199951171875,75.6864013671875,96.08000183105469,1.4570000171661377
2021-12-23,17072.599609375,15.829999923706055,4725.7900390625,17.959999084472656,76.8499984741211,1811.699951171875,75.45850372314453,96.0199966430664,1.4930000305175781
2021-12-24,17003.75,16.149999618530273,,,,,75.06739807128906,,
2021-12-27,17086.25,17.1200008392334,4791.18994140625,17.68000030517578,78.5999984741211,1808.800048828125,75.31500244140625,96.08999633789062,1.4809999465942383
2021-12-28,17233.25,16.479999542236328,4786.35009765625,17.540000915527344,78.94000244140625,1810.9000244140625,74.98030090332031,96.19999694824219,1.4809999465942383
2021-12-29,17213.599609375,16.239999771118164,4793.06005859375,16.950000762939453,79.2300033569336,1805.800048828125,74.74500274658203,95.93000030517578,1.5429999828338623
2021-12-30,17203.94921875,16.56999969482422,4778.72998046875,17.329999923706055,79.31999969482422,1814.0999755859375,74.57029724121094,95.97000122070312,1.5149999856948853
2021-12-31,17354.05078125,16.219999313354492,4766.18017578125,17.219999313354492,77.77999877929688,1828.5999755859375,74.43119812011719,95.66999816894531,1.5119999647140503
2022-01-03,17625.69921875,16.450000762939453,4796.56005859375,16.600000381469727,78.9800033569336,1800.0999755859375,74.51380157470703,96.23999786376953,1.628000020980835
2022-01-04,17805.25,16.1200008392334,4793.5400390625,16.90999984741211,80.0,1814.5999755859375,74.4032974243164,96.29000091552734,1.6679999828338623
2022-01-05,17925.25,17.229999542236328,4700.580078125,19.729999542236328,80.80000305175781,1825.0999755859375,74.53489685058594,96.19000244140625,1.7050000429153442
2022-01-06,17745.900390625,17.979999542236328,4696.0498046875,19.610000610351562,81.98999786376953,1789.199951171875,74.43009948730469,96.25,1.7330000400543213
2022-01-07,17812.69921875,17.600000381469727,4677.02978515625,18.760000228881836,81.75,1797.4000244140625,74.41929626464844,95.73999786376953,1.7710000276565552
2022-01-10,18003.30078125,17.68000030517578,4670.2900390625,19.399999618530273,80.87000274658203,1798.800048828125,74.2699966430664,95.98999786376953,1.7799999713897705
2022-01-11,18055.75,17.760000228881836,4713.06982421875,18.40999984741211,83.72000122070312,1818.5,74.05699920654297,95.62000274658203,1.746000051498413
2022-01-12,18212.349609375,17.18000030517578,4726.35009765625,17.6200008392334,84.66999816894531,1827.300048828125,73.81529998779297,95.0,1.725000023841858
2022-01-13,18257.80078125,16.700000762939453,4659.02978515625,20.309999465942383,84.47000122070312,1821.4000244140625,73.79910278320312,94.79000091552734,1.7109999656677246
2022-01-14,18255.75,16.559999465942383,4662.85009765625,19.190000534057617,86.05999755859375,1816.5,73.97229766845703,95.16999816894531,1.7719999551773071
2022-01-17,18308.099609375,16.770000457763672,,,,,74.37899780273438,,
2022-01-18,18113.05078125,17.780000686645508,4577.10986328125,22.790000915527344,87.51000213623047,1812.4000244140625,74.25509643554688,95.7300033569336,1.8650000095367432
2022-01-19,17938.400390625,17.81999969482422,4532.759765625,23.850000381469727,88.44000244140625,1843.199951171875,74.61969757080078,95.51000213623047,1.8270000219345093
2022-01-20,17757.0,17.790000915527344,4482.72998046875,25.59000015258789,88.37999725341797,1842.5999755859375,74.44920349121094,95.73999786376953,1.8329999446868896
2022-01-21,17617.150390625,18.889999389648438,4397.93994140625,28.850000381469727,87.88999938964844,1831.800048828125,74.45220184326172,95.63999938964844,1.746999979019165
2022-01-24,17149.099609375,22.829999923706055,4410.1298828125,29.899999618530273,86.2699966430664,1841.699951171875,74.41320037841797,95.91999816894531,1.7350000143051147
2022-01-25,17277.94921875,21.360000610351562,4356.4501953125,31.15999984741211,88.19999694824219,1852.5,74.6447982788086,95.94999694824219,1.7829999923706055
2022-01-26,,,4349.93017578125,31.959999084472656,89.95999908447266,1829.699951171875,74.77999877929688,96.48999786376953,1.8480000495910645
2022-01-27,17110.150390625,21.06999969482422,4326.509765625,30.489999771118164,89.33999633789062,1793.0999755859375,74.8949966430664,97.26000213623047,1.8070000410079956
2022-01-28,17101.94921875,20.700000762939453,4431.85009765625,27.65999984741211,90.02999877929688,1784.9000244140625,75.20929718017578,97.2699966430664,1.781999945640564
2022-01-31,17339.849609375,21.950000762939453,4515.5498046875,24.829999923706055,91.20999908447266,1795.0,75.03900146484375,96.54000091552734,1.781999945640564
2022-02-01,17576.849609375,19.979999542236328,4546.5400390625,21.959999084472656,89.16000366210938,1801.5,74.55580139160156,96.38999938964844,1.7999999523162842
2022-02-02,17780.0,18.649999618530273,4589.3798828125,22.09000015258789,89.47000122070312,1810.300048828125,74.74549865722656,95.94000244140625,1.7660000324249268
2022-02-03,17560.19921875,19.15999984741211,4477.43994140625,24.350000381469727,91.11000061035156,1804.0999755859375,74.82240295410156,95.37999725341797,1.8270000219345093
2022-02-04,17516.30078125,18.899999618530273,4500.52978515625,23.219999313354492,93.2699966430664,1807.800048828125,74.6438980102539,95.4800033569336,1.9299999475479126
2022-02-07,17213.599609375,20.440000534057617,4483.8701171875,22.860000610351562,92.69000244140625,1821.800048828125,74.64219665527344,95.4000015258789,1.9160000085830688
2022-02-08,17266.75,19.68000030517578,4521.5400390625,21.440000534057617,90.77999877929688,1827.9000244140625,74.6583023071289,95.63999938964844,1.9539999961853027
2022-02-09,17463.80078125,18.559999465942383,4587.18017578125,19.959999084472656,91.55000305175781,1836.5999755859375,74.69519805908203,95.48999786376953,1.9290000200271606
2022-02-10,17605.849609375,17.709999084472656,4504.080078125,23.90999984741211,91.41000366210938,1837.4000244140625,74.80889892578125,95.55000305175781,2.0309998989105225
2022-02-11,17374.75,18.68000030517578,4418.64013671875,27.360000610351562,94.44000244140625,1842.0999755859375,75.53839874267578,96.08000183105469,1.9550000429153442
2022-02-14,16842.80078125,22.979999542236328,4401.669921875,28.329999923706055,96.4800033569336,1869.4000244140625,75.34100341796875,96.37000274658203,1.996000051498413
2022-02-15,17352.44921875,20.610000610351562,4471.06982421875,25.700000762939453,93.27999877929688,1856.199951171875,75.6854019165039,95.98999786376953,2.0450000762939453
2022-02-16,17322.19921875,20.59000015258789,4475.009765625,24.290000915527344,94.80999755859375,1871.5,75.17479705810547,95.69999694824219,2.046999931335449
2022-02-17,17304.599609375,22.010000228881836,4380.259765625,28.110000610351562,92.97000122070312,1902.0,75.04199981689453,95.80000305175781,1.972000002861023
2022-02-18,17276.30078125,22.170000076293945,4348.8701171875,27.75,93.54000091552734,1899.800048828125,75.06300354003906,96.04000091552734,1.9320000410079956
2022-02-21,17206.650390625,22.899999618530273,,,,,74.68240356445312,,
2022-02-22,17092.19921875,26.65999984741211,4304.759765625,28.809999465942383,96.83999633789062,1907.4000244140625,74.51699829101562,96.02999877929688,1.9479999542236328
2022-02-23,17063.25,24.540000915527344,4225.5,31.020000457763672,96.83999633789062,1910.4000244140625,74.62300109863281,96.19000244140625,1.9769999980926514
2022-02-24,16247.9501953125,31.979999542236328,4288.7001953125,30.31999969482422,99.08000183105469,1926.300048828125,74.63300323486328,97.13999938964844,1.968999981880188
2022-02-25,16658.400390625,26.739999771118164,4384.64990234375,27.59000015258789,97.93000030517578,1887.5999755859375,75.4083023071289,96.62000274658203,1.9859999418258667
2022-02-28,16793.900390625,28.56999969482422,4373.93994140625,30.149999618530273,100.98999786376953,1900.699951171875,75.06800079345703,96.70999908447266,1.8389999866485596
2022-03-01,,,4306.259765625,33.31999969482422,104.97000122070312,1943.800048828125,75.28479766845703,97.41000366210938,1.7070000171661377
2022-03-02,16605.94921875,29.229999542236328,4386.5400390625,30.739999771118164,112.93000030517578,1922.300048828125,75.80120086669922,97.38999938964844,1.8650000095367432
2022-03-03,16498.05078125,28.15999984741211,4363.490234375,30.479999542236328,110.45999908447266,1935.9000244140625,75.63099670410156,97.79000091552734,1.843999981880188
2022-03-04,16245.349609375,27.959999084472656,4328.8701171875,31.979999542236328,118.11000061035156,1966.5999755859375,75.8917007446289,98.6500015258789,1.7239999771118164
2022-03-07,15863.150390625,29.329999923706055,4201.08984375,36.45000076293945,123.20999908447266,1995.9000244140625,76.41799926757812,99.29000091552734,1.7510000467300415
2022-03-08,16013.4501953125,28.59000015258789,4170.7001953125,35.130001068115234,127.9800033569336,2043.300048828125,77.08080291748047,99.05999755859375,1.871999979019165
2022-03-09,16345.349609375,27.469999313354492,4277.8798828125,32.45000076293945,111.13999938964844,1988.199951171875,76.91449737548828,97.97000122070312,1.9479999542236328
2022-03-10,16594.900390625,25.579999923706055,4259.52001953125,30.229999542236328,109.33000183105469,2000.4000244140625,76.13490295410156,98.51000213623047,2.010999917984009
2022-03-11,16630.44921875,25.350000381469727,4204.31005859375,30.75,112.66999816894531,1985.0,76.310302734375,99.12000274658203,2.003999948501587
2022-03-14,16871.30078125,25.68000030517578,4173.10986328125,31.770000457763672,106.9000015258789,1960.800048828125,76.75370025634766,99.05999755859375,2.140000104904175
2022-03-15,16663.0,26.729999542236328,4262.4501953125,29.829999923706055,99.91000366210938,1929.699951171875,76.49009704589844,99.06999969482422,2.1600000858306885
2022-03-16,16975.349609375,24.1200008392334,4357.85986328125,26.670000076293945,98.0199966430664,1909.199951171875,76.26589965820312,98.37999725341797,2.187999963760376
2022-03-17,17287.05078125,22.610000610351562,4411.669921875,25.670000076293945,106.63999938964844,1943.199951171875,76.02420043945312,98.01000213623047,2.191999912261963
2022-03-18,,,4463.1201171875,23.8700008392334,107.93000030517578,1929.300048828125,75.98159790039062,98.2300033569336,2.1480000019073486
2022-03-21,17117.599609375,24.6200008392334,4461.18017578125,23.530000686645508,115.62000274658203,1929.5,75.94640350341797,98.5,2.315000057220459
2022-03-22,17315.5,24.06999969482422,4511.60986328125,22.940000534057617,115.4800033569336,1921.5,76.30709838867188,98.48999786376953,2.372999906539917
2022-03-23,17245.650390625,24.75,4456.240234375,23.56999969482422,121.5999984741211,1937.300048828125,76.10189819335938,98.62000274658203,2.321000099182129
2022-03-24,17222.75,23.93000030517578,4520.16015625,21.670000076293945,119.02999877929688,1962.199951171875,76.55239868164062,98.79000091552734,2.3410000801086426
2022-03-25,17153.0,23.43000030517578,4543.06005859375,20.809999465942383,120.6500015258789,1954.199951171875,76.32350158691406,98.80999755859375,2.492000102996826
2022-03-28,17222.0,22.610000610351562,4575.52001953125,19.6299991607666,112.4800033569336,1939.800048828125,76.27850341796875,99.08999633789062,2.4769999980926514
2022-03-29,17325.30078125,21.299999237060547,4631.60009765625,18.899999618530273,110.2300033569336,1912.199951171875,76.03410339355469,98.4000015258789,2.4000000953674316
2022-03-30,17498.25,20.610000610351562,4602.4501953125,19.329999923706055,113.44999694824219,1933.5,75.66670227050781,97.79000091552734,2.3580000400543213
2022-03-31,17464.75,20.559999465942383,4530.41015625,20.559999465942383,107.91000366210938,1949.199951171875,75.82779693603516,98.30999755859375,2.3269999027252197
2022-04-01,17670.44921875,18.43000030517578,4545.85986328125,19.6299991607666,104.38999938964844,1923.699951171875,75.9092025756836,98.62999725341797,2.377000093460083
2022-04-04,18053.400390625,17.90999984741211,4582.64013671875,18.56999969482422,107.52999877929688,1934.0,75.99479675292969,98.98999786376953,2.4119999408721924
2022-04-05,17957.400390625,18.489999771118164,4525.1201171875,21.030000686645508,106.63999938964844,1927.5,75.47799682617188,99.47000122070312,2.555999994277954
2022-04-06,17807.650390625,19.020000457763672,4481.14990234375,22.100000381469727,101.06999969482422,1923.0999755859375,75.45069885253906,99.5999984741211,2.6089999675750732
2022-04-07,17639.55078125,19.0,4500.2099609375,21.549999237060547,100.58000183105469,1937.800048828125,75.94509887695312,99.75,2.6519999504089355
2022-04-08,17784.349609375,17.690000534057617,4488.27978515625,21.15999984741211,102.77999877929688,1945.5999755859375,75.91320037841797,99.80000305175781,2.7130000591278076
2022-04-11,17674.94921875,18.270000457763672,4412.52978515625,24.3700008392334,98.4800033569336,1948.199951171875,75.91729736328125,99.93000030517578,2.7799999713897705
2022-04-12,17530.30078125,18.15999984741211,4397.4501953125,24.260000228881836,104.63999938964844,1976.0999755859375,75.83699798583984,100.29000091552734,2.7249999046325684
2022-04-13,17475.650390625,17.790000915527344,4446.58984375,21.81999969482422,108.77999877929688,1984.699951171875,76.1498031616211,99.87999725341797,2.687000036239624
2022-04-14,,,4392.58984375,22.700000762939453,111.69999694824219,1974.9000244140625,76.12169647216797,100.31999969482422,2.828000068664551
2022-04-15,,,,,,,76.30879974365234,,
2022-04-18,17173.650390625,19.34000015258789,4391.68994140625,22.170000076293945,113.16000366210938,1986.4000244140625,76.3313980102539,100.77999877929688,2.861999988555908
2022-04-19,16958.650390625,19.770000457763672,4462.2099609375,21.3700008392334,107.25,1959.0,76.28019714355469,100.95999908447266,2.9130001068115234
2022-04-20,17136.55078125,18.670000076293945,4459.4501953125,20.31999969482422,106.80000305175781,1955.5999755859375,76.44539642333984,100.38999938964844,2.8399999141693115
2022-04-21,17392.599609375,17.850000381469727,4393.66015625,22.68000030517578,108.33000183105469,1948.199951171875,76.27619934082031,100.58000183105469,2.9170000553131104
2022-04-22,17171.94921875,18.350000381469727,4271.77978515625,28.209999084472656,106.6500015258789,1934.300048828125,76.28520202636719,101.22000122070312,2.9059998989105225
2022-04-25,16953.94921875,21.260000228881836,4296.1201171875,27.020000457763672,102.31999969482422,1896.0,76.4635009765625,101.75,2.8259999752044678
2022-04-26,17200.80078125,19.190000534057617,4175.2001953125,33.52000045776367,104.98999786376953,1904.0999755859375,76.52780151367188,102.30000305175781,2.7720000743865967
2022-04-27,17038.400390625,20.610000610351562,4183.9599609375,31.600000381469727,105.31999969482422,1888.699951171875,76.79409790039062,102.94999694824219,2.818000078201294
2022-04-28,17245.05078125,19.3799991607666,4287.5,29.989999771118164,107.58999633789062,1891.300048828125,76.47219848632812,103.62000274658203,2.86299991607666
2022-04-29,17102.55078125,19.420000076293945,4131.93017578125,33.400001525878906,109.33999633789062,1911.699951171875,76.58899688720703,102.95999908447266,2.88700008392334
2022-05-02,17069.099609375,20.280000686645508,4155.3798828125,32.34000015258789,107.58000183105469,1863.5999755859375,76.52310180664062,103.73999786376953,2.996000051498413
2022-05-03,,,4175.47998046875,29.25,104.97000122070312,1870.5999755859375,76.52410125732422,103.47000122070312,2.9600000381469727
2022-05-04,16677.599609375,21.8799991607666,4300.169921875,25.420000076293945,110.13999938964844,1868.800048828125,76.46730041503906,102.58999633789062,2.9170000553131104
2022-05-05,16682.650390625,20.290000915527344,4146.8701171875,31.200000762939453,110.9000015258789,1875.699951171875,76.00160217285156,103.75,3.065999984741211
2022-05-06,16411.25,21.25,4123.33984375,30.190000534057617,112.38999938964844,1882.800048828125,76.54180145263672,103.66000366210938,3.122999906539917
2022-05-09,16301.849609375,22.030000686645508,3991.239990234375,34.75,105.94000244140625,1858.5999755859375,76.9574966430664,103.6500015258789,3.0789999961853027
2022-05-10,16240.0498046875,22.299999237060547,4001.050048828125,32.9900016784668,102.45999908447266,1841.0,77.3655014038086,103.91999816894531,2.993000030517578
2022-05-11,16167.099609375,22.799999237060547,3935.179931640625,32.560001373291016,107.51000213623047,1853.699951171875,77.27140045166016,103.8499984741211,2.9210000038146973
2022-05-12,15808.0,24.270000457763672,3930.080078125,31.770000457763672,107.44999694824219,1824.5999755859375,77.41840362548828,104.8499984741211,2.816999912261963
2022-05-13,15782.150390625,23.489999771118164,4023.889892578125,28.8700008392334,111.55000305175781,1808.199951171875,77.44380187988281,104.55999755859375,2.934999942779541
2022-05-16,15842.2998046875,24.530000686645508,4008.010009765625,27.469999313354492,114.23999786376953,1814.0,77.48629760742188,104.19000244140625,2.877000093460083
2022-05-17,16259.2998046875,22.739999771118164,4088.85009765625,26.100000381469727,111.93000030517578,1818.9000244140625,77.8053970336914,103.36000061035156,2.9679999351501465
2022-05-18,16240.2998046875,22.299999237060547,3923.679931640625,30.959999084472656,109.11000061035156,1815.9000244140625,77.37239837646484,103.80999755859375,2.885999917984009
2022-05-19,15809.400390625,24.559999465942383,3900.7900390625,29.350000381469727,112.04000091552734,1841.199951171875,77.81999969482422,102.72000122070312,2.8550000190734863
2022-05-20,16266.150390625,23.100000381469727,3901.360107421875,29.43000030517578,112.55000305175781,1842.0999755859375,77.42109680175781,103.1500015258789,2.7869999408721924
2022-05-23,16214.7001953125,23.399999618530273,3973.75,28.479999542236328,113.41999816894531,1847.800048828125,77.81839752197266,102.08000183105469,2.8589999675750732
2022-05-24,16125.150390625,25.639999389648438,3941.47998046875,29.450000762939453,113.55999755859375,1865.4000244140625,77.52680206298828,101.86000061035156,2.759999990463257
2022-05-25,16025.7998046875,25.280000686645508,3978.72998046875,28.3700008392334,114.02999877929688,1846.300048828125,77.47879791259766,102.05999755859375,2.749000072479248
2022-05-26,16170.150390625,22.719999313354492,4057.840087890625,27.5,117.4000015258789,1847.5999755859375,77.49729919433594,101.83000183105469,2.75600004196167
2022-05-27,16352.4501953125,21.479999542236328,4158.240234375,25.719999313354492,119.43000030517578,1851.300048828125,77.63020324707031,101.66999816894531,2.743000030517578
2022-05-30,16661.400390625,19.979999542236328,,,,,77.69200134277344,,
2022-05-31,16584.55078125,20.479999542236328,4132.14990234375,26.190000534057617,122.83999633789062,1842.699951171875,77.5208969116211,101.75,2.8440001010894775
2022-06-01,16522.75,20.850000381469727,4101.22998046875,25.690000534057617,116.29000091552734,1848.699951171875,77.5989990234375,102.55000305175781,2.930999994277954
2022-06-02,16628.0,20.31999969482422,4176.81982421875,24.719999313354492,117.61000061035156,1871.4000244140625,77.58409881591797,101.7699966430664,2.9130001068115234
2022-06-03,16584.30078125,19.979999542236328,4108.5400390625,24.790000915527344,119.72000122070312,1850.199951171875,77.3604965209961,102.13999938964844,2.9570000171661377
2022-06-06,16569.55078125,20.200000762939453,4121.43017578125,25.06999969482422,119.51000213623047,1843.699951171875,77.69419860839844,102.44000244140625,3.0380001068115234
2022-06-07,16416.349609375,20.43000030517578,4160.68017578125,24.020000457763672,120.56999969482422,1852.0999755859375,77.82099914550781,102.31999969482422,2.9719998836517334
2022-06-08,16356.25,19.84000015258789,4115.77001953125,23.959999084472656,123.58000183105469,1856.5,77.67060089111328,102.54000091552734,3.0290000438690186
2022-06-09,16478.099609375,19.139999389648438,4017.820068359375,26.09000015258789,123.06999969482422,1852.800048828125,77.72429656982422,103.22000122070312,3.0439999103546143
2022-06-10,16201.7998046875,19.579999923706055,3900.860107421875,27.75,122.01000213623047,1875.5,77.8187026977539,104.1500015258789,3.1559998989105225
2022-06-13,15774.400390625,22.3700008392334,3749.6298828125,34.02000045776367,122.2699966430664,1831.800048828125,78.17759704589844,105.08000183105469,3.365999937057495
2022-06-14,15732.099609375,21.889999389648438,3735.47998046875,32.689998626708984,121.16999816894531,1813.5,78.16059875488281,105.5199966430664,3.4830000400543213
2022-06-15,15692.150390625,22.149999618530273,3789.989990234375,29.6200008392334,118.51000213623047,1819.5999755859375,77.9854965209961,105.16000366210938,3.3949999809265137
2022-06-16,15360.599609375,22.8700008392334,3666.77001953125,32.95000076293945,119.80999755859375,1849.9000244140625,77.90019989013672,103.62999725341797,3.306999921798706
2022-06-17,15293.5,22.760000228881836,3674.840087890625,31.1299991607666,113.12000274658203,1840.5999755859375,77.97769927978516,104.69999694824219,3.239000082015991
2022-06-20,15350.150390625,22.40999984741211,,,,,77.9614028930664,,
2022-06-21,15638.7998046875,21.139999389648438,3764.7900390625,30.190000534057617,114.6500015258789,1838.800048828125,77.93399810791016,104.44000244140625,3.306999921798706
2022-06-22,15413.2998046875,21.299999237060547,3759.889892578125,28.950000762939453,111.73999786376953,1838.4000244140625,78.13490295410156,104.19999694824219,3.1559998989105225
2022-06-23,15556.650390625,20.8799991607666,3795.72998046875,29.049999237060547,110.05000305175781,1829.800048828125,78.19309997558594,104.43000030517578,3.068000078201294
2022-06-24,15699.25,20.549999237060547,3911.739990234375,27.229999542236328,113.12000274658203,1830.300048828125,78.14240264892578,104.19000244140625,3.125
2022-06-27,15832.0498046875,21.010000228881836,3900.110107421875,26.950000762939453,115.08999633789062,1824.800048828125,78.2522964477539,103.94000244140625,3.194000005722046
2022-06-28,15850.2001953125,21.450000762939453,3821.550048828125,28.360000610351562,117.9800033569336,1821.199951171875,78.44110107421875,104.51000213623047,3.2060000896453857
2022-06-29,15799.099609375,21.899999618530273,3818.830078125,28.15999984741211,116.26000213623047,1817.5,79.07319641113281,105.11000061035156,3.0929999351501465
2022-06-30,15780.25,21.84000015258789,3785.3798828125,28.709999084472656,114.80999755859375,1807.300048828125,78.89830017089844,104.69000244140625,2.9719998836517334
2022-07-01,15752.0498046875,21.25,3825.330078125,26.700000762939453,111.62999725341797,1801.5,78.96299743652344,105.13999938964844,2.8889999389648438
2022-07-04,15835.349609375,20.969999313354492,,,,,78.95069885253906,,
2022-07-05,15810.849609375,20.790000915527344,3831.389892578125,27.540000915527344,102.7699966430664,1763.9000244140625,78.93949890136719,106.5,2.809000015258789
2022-07-06,15989.7998046875,20.270000457763672,3845.080078125,26.729999542236328,100.69000244140625,1736.5,79.36840057373047,107.0999984741211,2.9130001068115234
2022-07-07,16132.900390625,19.200000762939453,3902.6201171875,26.079999923706055,104.6500015258789,1739.699951171875,79.04389953613281,107.12999725341797,3.007999897003174
2022-07-08,16220.599609375,18.399999618530273,3899.3798828125,24.639999389648438,107.0199966430664,1742.300048828125,79.22160339355469,107.01000213623047,3.1010000705718994
2022-07-11,16216.0,18.3700008392334,3854.429931640625,26.170000076293945,107.0999984741211,1731.699951171875,79.3313980102539,108.0199966430664,2.990999937057495
2022-07-12,16058.2998046875,18.549999237060547,3818.800048828125,27.290000915527344,99.48999786376953,1724.800048828125,79.47779846191406,108.06999969482422,2.9579999446868896
2022-07-13,15966.650390625,18.520000457763672,3801.780029296875,26.81999969482422,99.56999969482422,1735.5,79.47640228271484,107.95999908447266,2.9040000438690186
2022-07-14,15938.650390625,18.34000015258789,3790.3798828125,26.399999618530273,99.0999984741211,1705.800048828125,79.80750274658203,108.54000091552734,2.9600000381469727
2022-07-15,16049.2001953125,17.600000381469727,3863.159912109375,24.229999542236328,101.16000366210938,1703.5999755859375,79.87830352783203,108.05999755859375,2.930000066757202
2022-07-18,16278.5,17.15999984741211,3830.85009765625,25.299999237060547,106.2699966430664,1710.199951171875,79.72049713134766,107.37000274658203,2.9600000381469727
2022-07-19,16340.5498046875,17.200000762939453,3936.68994140625,24.5,107.3499984741211,1710.699951171875,80.0302963256836,106.68000030517578,3.0190000534057617
2022-07-20,16520.849609375,16.81999969482422,3959.89990234375,23.8799991607666,106.91999816894531,1700.199951171875,79.85590362548828,107.08000183105469,3.0360000133514404
2022-07-21,16605.25,16.860000610351562,3998.949951171875,23.110000610351562,103.86000061035156,1713.4000244140625,80.00340270996094,106.91000366210938,2.9100000858306885
2022-07-22,16719.44921875,16.649999618530273,3961.6298828125,23.030000686645508,103.19999694824219,1727.4000244140625,79.7759017944336,106.7300033569336,2.7829999923706055
2022-07-25,16631.0,17.68000030517578,3966.840087890625,23.360000610351562,105.1500015258789,1719.0999755859375,79.87680053710938,106.4800033569336,2.819999933242798
2022-07-26,16483.849609375,18.170000076293945,3921.050048828125,24.690000534057617,104.4000015258789,1717.699951171875,79.72250366210938,107.19000244140625,2.7869999408721924
2022-07-27,16641.80078125,18.1299991607666,4023.610107421875,23.239999771118164,106.62000274658203,1719.0999755859375,79.84120178222656,106.44999694824219,2.7339999675750732
2022-07-28,16929.599609375,17.010000228881836,4072.429931640625,22.329999923706055,107.13999938964844,1750.300048828125,79.84739685058594,106.3499984741211,2.680999994277954
2022-07-29,17158.25,16.549999237060547,4130.2900390625,21.329999923706055,110.01000213623047,1762.9000244140625,79.57150268554688,105.9000015258789,2.6419999599456787
2022-08-01,17340.05078125,17.489999771118164,4118.6298828125,22.84000015258789,100.02999877929688,1787.699951171875,79.1948013305664,105.44999694824219,2.6059999465942383
2022-08-02,17345.44921875,18.530000686645508,4091.18994140625,23.93000030517578,100.54000091552734,1789.699951171875,78.95570373535156,106.23999786376953,2.740999937057495
2022-08-03,17388.150390625,18.450000762939453,4155.169921875,21.950000762939453,96.77999877929688,1776.4000244140625,78.60449981689453,106.51000213623047,2.747999906539917
2022-08-04,17382.0,19.260000228881836,4151.93994140625,21.440000534057617,94.12000274658203,1806.9000244140625,79.11830139160156,105.69000244140625,2.6760001182556152
2022-08-05,17397.5,18.920000076293945,4145.18994140625,21.149999618530273,94.91999816894531,1791.199951171875,79.15489959716797,106.62000274658203,2.8399999141693115
2022-08-08,17525.099609375,19.299999237060547,4140.06005859375,21.290000915527344,96.6500015258789,1805.199951171875,79.41059875488281,106.44000244140625,2.765000104904175
2022-08-09,,,4122.47021484375,21.770000457763672,96.30999755859375,1812.300048828125,79.60189819335938,106.37000274658203,2.796999931335449
2022-08-10,17534.75,19.59000015258789,4210.240234375,19.739999771118164,97.4000015258789,1813.699951171875,79.57839965820312,105.19999694824219,2.7860000133514404
2022-08-11,17659.0,18.360000610351562,4207.27001953125,20.200000762939453,99.5999984741211,1807.199951171875,79.0978012084961,105.08999633789062,2.888000011444092
2022-08-12,17698.150390625,17.610000610351562,4280.14990234375,19.530000686645508,98.1500015258789,1815.5,79.61399841308594,105.62999725341797,2.8489999771118164
2022-08-15,,,4297.14013671875,19.950000762939453,95.0999984741211,1798.0999755859375,79.62760162353516,106.55000305175781,2.7909998893737793
2022-08-16,17825.25,17.68000030517578,4305.2001953125,19.690000534057617,92.33999633789062,1789.699951171875,79.55290222167969,106.5,2.8239998817443848
2022-08-17,17944.25,17.68000030517578,4274.0400390625,19.899999618530273,93.6500015258789,1776.699951171875,79.14600372314453,106.56999969482422,2.8929998874664307
2022-08-18,17956.5,17.350000381469727,4283.740234375,19.559999465942383,96.58999633789062,1771.199951171875,79.35970306396484,107.4800033569336,2.880000114440918
2022-08-19,17758.44921875,18.290000915527344,4228.47998046875,20.600000381469727,96.72000122070312,1762.9000244140625,79.7667007446289,108.16999816894531,2.989000082015991
2022-08-22,17490.69921875,19.040000915527344,4137.990234375,23.799999237060547,96.4800033569336,1748.4000244140625,79.91790008544922,109.05000305175781,3.0369999408721924
2022-08-23,17577.5,19.049999237060547,4128.72998046875,24.110000610351562,100.22000122070312,1761.199951171875,79.88379669189453,108.62000274658203,3.053999900817871
2022-08-24,17604.94921875,18.43000030517578,4140.77001953125,22.81999969482422,101.22000122070312,1761.5,79.85449981689453,108.68000030517578,3.1059999465942383
2022-08-25,17522.44921875,19.56999969482422,4199.1201171875,21.780000686645508,99.33999633789062,1771.4000244140625,79.79679870605469,108.47000122070312,3.0260000228881836
2022-08-26,17558.900390625,18.219999313354492,4057.659912109375,25.559999465942383,100.98999786376953,1749.800048828125,79.88289642333984,108.80000305175781,3.0350000858306885
2022-08-29,17312.900390625,19.81999969482422,4030.610107421875,26.209999084472656,105.08999633789062,1749.699951171875,79.95909881591797,108.83999633789062,3.109999895095825
2022-08-30,17759.30078125,18.700000762939453,3986.159912109375,26.209999084472656,99.30999755859375,1736.300048828125,79.96790313720703,108.7699966430664,3.109999895095825
2022-08-31,,,3955.0,25.8700008392334,96.48999786376953,1726.199951171875,79.68229675292969,108.69999694824219,3.132999897003174
2022-09-01,17542.80078125,19.8700008392334,3966.85009765625,25.559999465942383,92.36000061035156,1709.300048828125,79.54879760742188,109.69000244140625,3.265000104904175
2022-09-02,17539.44921875,19.549999237060547,3924.260009765625,25.469999313354492,93.0199966430664,1722.5999755859375,79.716796875,109.52999877929688,3.193000078201294
2022-09-05,17665.80078125,19.65999984741211,,,,,79.72450256347656,,
2022-09-06,17655.599609375,19.520000457763672,3908.18994140625,26.90999984741211,92.83000183105469,1712.9000244140625,79.78299713134766,110.20999908447266,3.3399999141693115
2022-09-07,17624.400390625,19.3700008392334,3979.8701171875,24.639999389648438,88.0,1727.800048828125,79.89510345458984,109.83999633789062,3.265000104904175
2022-09-08,17798.75,18.309999465942383,4006.179931640625,23.610000610351562,89.1500015258789,1720.199951171875,79.6498031616211,109.70999908447266,3.2920000553131104
2022-09-09,17833.349609375,17.719999313354492,4067.360107421875,22.790000915527344,92.83999633789062,1728.5999755859375,79.706298828125,109.0,3.321000099182129
2022-09-12,17936.349609375,17.940000534057617,4110.41015625,23.8700008392334,94.0,1740.5999755859375,79.65579986572266,108.33000183105469,3.361999988555908
2022-09-13,18070.05078125,17.469999313354492,3932.68994140625,27.270000457763672,93.16999816894531,1717.4000244140625,79.35530090332031,109.81999969482422,3.421999931335449
2022-09-14,18003.75,18.280000686645508,3946.010009765625,26.15999984741211,94.0999984741211,1709.0999755859375,79.60240173339844,109.66000366210938,3.4119999408721924
2022-09-15,17877.400390625,18.389999389648438,3901.35009765625,26.270000457763672,90.83999633789062,1677.300048828125,79.45369720458984,109.73999786376953,3.4590001106262207
2022-09-16,17530.849609375,19.81999969482422,3873.330078125,26.299999237060547,91.3499984741211,1683.5,79.8490982055664,109.76000213623047,3.447999954223633
2022-09-19,17622.25,19.940000534057617,3899.889892578125,25.760000228881836,92.0,1678.199951171875,79.68949890136719,109.73999786376953,3.490000009536743
2022-09-20,17816.25,18.799999237060547,3855.929931640625,27.15999984741211,90.62000274658203,1671.0999755859375,79.7074966430664,110.22000122070312,3.571000099182129
2022-09-21,17718.349609375,19.329999923706055,3789.929931640625,27.989999771118164,89.83000183105469,1675.699951171875,79.76270294189453,110.63999938964844,3.509999990463257
2022-09-22,17629.80078125,18.81999969482422,3757.989990234375,27.350000381469727,90.45999908447266,1681.0999755859375,80.05069732666016,111.3499984741211,3.7079999446868896
2022-09-23,17327.349609375,20.59000015258789,3693.22998046875,29.920000076293945,86.1500015258789,1655.5999755859375,81.06220245361328,113.19000244140625,3.697000026702881
2022-09-26,17016.30078125,21.889999389648438,3655.0400390625,32.2599983215332,84.05999755859375,1633.4000244140625,81.25479888916016,114.0999984741211,3.878000020980835
2022-09-27,17007.400390625,21.56999969482422,3647.2900390625,32.599998474121094,86.2699966430664,1636.199951171875,81.61579895019531,114.11000061035156,3.9639999866485596
2022-09-28,16858.599609375,22.100000381469727,3719.0400390625,30.18000030517578,89.31999969482422,1670.0,81.72460174560547,112.5999984741211,3.7049999237060547
2022-09-29,16818.099609375,21.299999237060547,3640.469970703125,31.84000015258789,88.48999786376953,1668.5999755859375,81.42870330810547,112.25,3.746999979019165
2022-09-30,17094.349609375,19.969999313354492,3585.6201171875,31.6200008392334,87.95999908447266,1672.0,81.48059844970703,112.12000274658203,3.803999900817871
2022-10-03,16887.349609375,21.3700008392334,3678.429931640625,30.100000381469727,88.86000061035156,1702.0,81.52130126953125,111.75,3.6510000228881836
2022-10-04,17274.30078125,19.56999969482422,3790.929931640625,29.06999969482422,91.80000305175781,1730.5,81.49500274658203,110.06999969482422,3.617000102996826
2022-10-05,,,3783.280029296875,28.549999237060547,93.37000274658203,1720.800048828125,81.46549987792969,111.06999969482422,3.759000062942505
2022-10-06,17331.80078125,19.31999969482422,3744.52001953125,30.520000457763672,94.41999816894531,1720.800048828125,81.6488037109375,112.26000213623047,3.8259999752044678
2022-10-07,17314.650390625,18.809999465942383,3639.659912109375,31.360000610351562,97.91999816894531,1709.300048828125,82.3489990234375,112.80000305175781,3.882999897003174
2022-10-10,17241.0,19.6200008392334,3612.389892578125,32.45000076293945,96.19000244140625,1675.199951171875,82.8322982788086,113.13999938964844,3.888000011444092
2022-10-11,16983.55078125,20.489999771118164,3588.840087890625,33.630001068115234,94.29000091552734,1686.0,82.42070007324219,113.22000122070312,3.938999891281128
2022-10-12,17123.599609375,20.18000030517578,3577.030029296875,33.56999969482422,92.44999694824219,1677.5,82.2739028930664,113.31999969482422,3.9019999504089355
2022-10-13,17014.349609375,20.290000915527344,3669.909912109375,31.940000534057617,94.56999969482422,1677.0,82.19999694824219,112.36000061035156,3.9519999027252197
2022-10-14,17185.69921875,18.260000228881836,3583.070068359375,32.02000045776367,91.62999725341797,1648.9000244140625,82.19210052490234,113.30999755859375,4.010000228881836
2022-10-17,17311.80078125,18.420000076293945,3677.949951171875,31.3700008392334,91.62000274658203,1664.0,82.41280364990234,112.04000091552734,4.014999866485596
2022-10-18,17486.94921875,17.450000762939453,3719.97998046875,30.5,90.02999877929688,1655.800048828125,82.1947021484375,112.12999725341797,3.997999906539917
2022-10-19,17512.25,17.489999771118164,3695.159912109375,30.760000228881836,92.41000366210938,1634.199951171875,82.2863998413086,112.9800033569336,4.126999855041504
2022-10-20,17563.94921875,17.229999542236328,3665.780029296875,29.979999542236328,92.37999725341797,1636.800048828125,82.99700164794922,112.87999725341797,4.22599983215332
2022-10-21,17576.30078125,17.280000686645508,3752.75,29.690000534057617,93.5,1656.300048828125,82.82569885253906,112.01000213623047,4.2129998207092285
2022-10-24,17730.75,17.420000076293945,3797.340087890625,29.850000381469727,93.26000213623047,1654.0999755859375,82.54129791259766,111.98999786376953,4.234000205993652
2022-10-25,17656.349609375,16.8799991607666,3859.110107421875,28.459999084472656,93.5199966430664,1658.0,82.7614974975586,110.94999694824219,4.107999801635742
2022-10-26,,,3830.60009765625,27.280000686645508,95.69000244140625,1669.199951171875,82.44529724121094,109.69999694824219,4.014999866485596
2022-10-27,17736.94921875,16.600000381469727,3807.300048828125,27.389999389648438,96.95999908447266,1665.5999755859375,82.04959869384766,110.58999633789062,3.937000036239624
2022-10-28,17786.80078125,15.920000076293945,3901.06005859375,25.75,95.7699966430664,1644.800048828125,82.44249725341797,110.66999816894531,4.010000228881836
2022-10-31,18012.19921875,15.800000190734863,3871.97998046875,25.8799991607666,94.83000183105469,1640.699951171875,82.23919677734375,111.52999877929688,4.077000141143799
2022-11-01,18145.400390625,16.1299991607666,3856.10009765625,25.809999465942383,94.6500015258789,1649.699951171875,82.72899627685547,111.4800033569336,4.052000045776367
2022-11-02,18082.849609375,16.65999984741211,3759.68994140625,25.860000610351562,96.16000366210938,1650.0,82.68450164794922,111.3499984741211,4.059000015258789
2022-11-03,18052.69921875,15.9399995803833,3719.889892578125,25.299999237060547,94.66999816894531,1630.9000244140625,82.88839721679688,112.93000030517578,4.124000072479248
2022-11-04,18117.150390625,15.65999984741211,3770.550048828125,24.549999237060547,98.56999969482422,1676.5999755859375,82.68180084228516,110.87999725341797,4.156000137329102
2022-11-07,18202.80078125,15.59000015258789,3806.800048828125,24.350000381469727,97.91999816894531,1680.5,81.9749984741211,110.12000274658203,4.214000225067139
2022-11-08,,,3828.110107421875,25.540000915527344,95.36000061035156,1716.0,81.82599639892578,109.62000274658203,4.125999927520752
2022-11-09,18157.0,15.920000076293945,3748.570068359375,26.09000015258789,92.6500015258789,1713.699951171875,81.40519714355469,110.55000305175781,4.151000022888184
2022-11-10,18028.19921875,15.569999694824219,3956.3701171875,23.530000686645508,93.66999816894531,1753.699951171875,81.34380340576172,108.20999908447266,3.8289999961853027
2022-11-11,18349.69921875,14.40999984741211,3992.929931640625,22.520000457763672,95.98999786376953,1769.4000244140625,80.48290252685547,106.29000091552734,3.812999963760376
2022-11-14,18329.150390625,14.90999984741211,3957.25,23.729999542236328,93.13999938964844,1776.9000244140625,80.49700164794922,106.66000366210938,3.865000009536743
2022-11-15,18403.400390625,14.640000343322754,3991.72998046875,24.540000915527344,93.86000061035156,1776.800048828125,80.99199676513672,106.4000015258789,3.7990000247955322
2022-11-16,18409.650390625,15.100000381469727,3958.7900390625,24.110000610351562,92.86000061035156,1775.800048828125,81.07140350341797,106.27999877929688,3.691999912261963
2022-11-17,18343.900390625,14.880000114440918,3946.56005859375,23.93000030517578,89.77999877929688,1763.0,81.49530029296875,106.69000244140625,3.7750000953674316
2022-11-18,18307.650390625,14.390000343322754,3965.340087890625,23.1200008392334,87.62000274658203,1754.4000244140625,81.52490234375,106.93000030517578,3.818000078201294
2022-11-21,18159.94921875,14.800000190734863,3949.93994140625,22.360000610351562,87.44999694824219,1739.5999755859375,81.5198974609375,107.83999633789062,3.825000047683716
2022-11-22,18244.19921875,13.84000015258789,4003.580078125,21.290000915527344,88.36000061035156,1739.9000244140625,81.72769927978516,107.22000122070312,3.757999897003174
2022-11-23,18267.25,14.039999961853027,4027.260009765625,20.350000381469727,85.41000366210938,1745.5999755859375,81.71499633789062,106.08000183105469,3.7060000896453857
2022-11-24,18484.099609375,13.479999542236328,,,,,81.63289642333984,,
2022-11-25,18512.75,13.329999923706055,4026.1201171875,20.5,83.62999725341797,1754.0,81.65540313720703,105.95999908447266,3.690999984741211
2022-11-28,18562.75,13.569999694824219,3963.93994140625,22.209999084472656,83.19000244140625,1740.300048828125,81.6697006225586,106.68000030517578,3.703000068664551
2022-11-29,18618.05078125,13.619999885559082,3957.6298828125,21.889999389648438,83.02999877929688,1748.4000244140625,81.65029907226562,106.81999969482422,3.747999906539917
2022-11-30,18758.349609375,13.8100004196167,4080.110107421875,20.579999923706055,85.43000030517578,1746.0,81.63089752197266,105.94999694824219,3.703000068664551
2022-12-01,18812.5,13.359999656677246,4076.570068359375,19.84000015258789,86.87999725341797,1815.199951171875,81.3052978515625,104.7300033569336,3.5290000438690186
2022-12-02,18696.099609375,13.449999809265137,4071.699951171875,19.059999465942383,85.56999969482422,1809.5999755859375,81.16220092773438,104.55000305175781,3.50600004196167
2022-12-05,18701.05078125,13.729999542236328,3998.840087890625,20.75,82.68000030517578,1781.300048828125,81.42250061035156,105.29000091552734,3.5989999771118164
2022-12-06,18642.75,14.039999961853027,3941.260009765625,22.170000076293945,79.3499984741211,1782.4000244140625,81.89900207519531,105.58000183105469,3.513000011444092
2022-12-07,18560.5,14.079999923706055,3933.919921875,22.68000030517578,77.16999816894531,1798.0,82.37220001220703,105.0999984741211,3.4079999923706055
2022-12-08,18609.349609375,13.399999618530273,3963.510009765625,22.290000915527344,76.1500015258789,1801.5,82.25350189208984,104.7699966430664,3.490999937057495
2022-12-09,18496.599609375,13.479999542236328,3934.3798828125,22.829999923706055,76.0999984741211,1810.699951171875,82.2791976928711,104.80999755859375,3.566999912261963
2022-12-12,18497.150390625,13.319999694824219,3990.56005859375,25.0,77.98999786376953,1792.300048828125,82.41300201416016,105.12999725341797,3.6110000610351562
2022-12-13,18608.0,12.880000114440918,4019.64990234375,22.549999237060547,80.68000030517578,1825.5,82.64469909667969,103.9800033569336,3.500999927520752
2022-12-14,18660.30078125,12.890000343322754,3995.320068359375,21.139999389648438,82.69999694824219,1818.699951171875,82.40249633789062,103.7699966430664,3.503000020980835
2022-12-15,18414.900390625,13.729999542236328,3895.75,22.829999923706055,81.20999908447266,1787.800048828125,82.50800323486328,104.55999755859375,3.450000047683716
2022-12-16,18269.0,14.069999694824219,3852.360107421875,22.6200008392334,79.04000091552734,1800.199951171875,82.85790252685547,104.69999694824219,3.4820001125335693
2022-12-19,18420.44921875,13.550000190734863,3817.659912109375,22.420000076293945,79.80000305175781,1797.699951171875,82.72599792480469,104.72000122070312,3.5810000896453857
2022-12-20,18385.30078125,13.779999732971191,3821.6201171875,21.479999542236328,79.98999786376953,1825.4000244140625,82.58190155029297,103.97000122070312,3.684000015258789
2022-12-21,18199.099609375,15.5600004196167,3878.43994140625,20.06999969482422,82.19999694824219,1825.4000244140625,82.63690185546875,104.16000366210938,3.684000015258789
2022-12-22,18127.349609375,15.1899995803833,3822.389892578125,21.969999313354492,80.9800033569336,1795.300048828125,82.87860107421875,104.43000030517578,3.6689999103546143
2022-12-23,17806.80078125,16.15999984741211,3844.820068359375,20.8700008392334,83.91999816894531,1804.199951171875,82.8749008178711,104.30999755859375,3.750999927520752
2022-12-26,18014.599609375,,,,,,82.6041030883789,,
2022-12-27,18132.30078125,15.289999961853027,3829.25,21.649999618530273,84.33000183105469,1823.0999755859375,82.90290069580078,104.18000030517578,3.859999895095825
2022-12-28,18122.5,15.399999618530273,3783.219970703125,22.139999389648438,83.26000213623047,1815.800048828125,82.7761001586914,104.45999908447266,3.88700008392334
2022-12-29,18191.0,14.8100004196167,3849.280029296875,21.440000534057617,82.26000213623047,1826.0,82.85199737548828,103.83999633789062,3.8350000381469727
2022-12-30,18105.30078125,14.869999885559082,3839.5,21.670000076293945,85.91000366210938,1826.199951171875,82.83509826660156,103.5199966430664,3.878999948501587
2023-01-02,18197.44921875,14.6899995803833,,,,,82.74980163574219,,
2023-01-03,18232.55078125,14.390000343322754,3824.139892578125,22.899999618530273,82.0999984741211,1846.0999755859375,82.70600128173828,104.5199966430664,3.7929999828338623
2023-01-04,18042.94921875,15.199999809265137,3852.969970703125,22.010000228881836,77.83999633789062,1859.0,82.78569793701172,104.25,3.7090001106262207
2023-01-05,17992.150390625,14.979999542236328,3808.10009765625,22.459999084472656,78.69000244140625,1840.5999755859375,82.66649627685547,105.04000091552734,3.7200000286102295
2023-01-06,17859.44921875,15.029999732971191,3895.080078125,21.1299991607666,78.56999969482422,1869.699951171875,82.64520263671875,103.87999725341797,3.569000005722046
2023-01-09,18101.19921875,14.649999618530273,3892.090087890625,21.969999313354492,79.6500015258789,1877.800048828125,82.27339935302734,103.0,3.5169999599456787
2023-01-10,17914.150390625,15.510000228881836,3919.25,20.579999923706055,80.0999984741211,1876.5,82.18009948730469,103.23999786376953,3.621000051498413
2023-01-11,17895.69921875,15.4399995803833,3969.610107421875,21.09000015258789,82.66999816894531,1878.9000244140625,81.63739776611328,103.19000244140625,3.553999900817871
2023-01-12,17858.19921875,15.279999732971191,3983.169921875,18.829999923706055,84.02999877929688,1898.800048828125,81.63179779052734,102.25,3.4489998817443848
2023-01-13,17956.599609375,14.460000038146973,3999.090087890625,18.350000381469727,85.27999877929688,1921.699951171875,81.1156005859375,102.19999694824219,3.510999917984009
2023-01-16,17894.849609375,15.020000457763672,,,,,81.27799987792969,,
2023-01-17,18053.30078125,14.59000015258789,3990.969970703125,19.360000610351562,85.91999816894531,1909.9000244140625,81.65260314941406,102.38999938964844,3.5350000858306885
2023-01-18,18165.349609375,14.369999885559082,3928.860107421875,20.34000015258789,84.9800033569336,1907.0,81.52549743652344,102.36000061035156,3.375
2023-01-19,18107.849609375,13.960000038146973,3898.85009765625,20.520000457763672,86.16000366210938,1923.9000244140625,81.43599700927734,102.05999755859375,3.3970000743865967
2023-01-20,18027.650390625,13.789999961853027,3972.610107421875,19.850000381469727,87.62999725341797,1928.199951171875,81.23979949951172,102.01000213623047,3.4839999675750732
2023-01-23,18118.55078125,13.619999885559082,4019.81005859375,19.809999465942383,88.19000244140625,1928.5999755859375,80.97599792480469,102.13999938964844,3.5250000953674316
2023-01-24,18118.30078125,13.65999984741211,4016.949951171875,19.200000762939453,86.12999725341797,1935.4000244140625,81.48799896240234,101.91999816894531,3.4690001010894775
2023-01-25,17891.94921875,14.65999984741211,4016.219970703125,19.079999923706055,86.12000274658203,1942.5999755859375,81.60189819335938,101.63999938964844,3.4619998931884766
2023-01-26,,,4060.429931640625,18.729999542236328,87.47000122070312,1930.0,81.50270080566406,101.83999633789062,3.493000030517578
2023-01-27,17604.349609375,17.31999969482422,4070.56005859375,18.510000228881836,86.66000366210938,1929.4000244140625,81.44509887695312,101.93000030517578,3.5179998874664307
2023-01-30,17648.94921875,17.709999084472656,4017.77001953125,19.940000534057617,84.9000015258789,1922.9000244140625,81.50800323486328,102.27999877929688,3.5510001182556152
2023-01-31,17662.150390625,16.8799991607666,4076.60009765625,19.399999618530273,84.48999786376953,1929.5,81.57990264892578,102.0999984741211,3.5290000438690186
2023-02-01,17616.30078125,16.780000686645508,4119.2099609375,17.8700008392334,82.83999633789062,1942.800048828125,81.76840209960938,101.22000122070312,3.3970000743865967
2023-02-02,17610.400390625,15.729999542236328,4179.759765625,18.729999542236328,82.16999816894531,1930.800048828125,81.71029663085938,101.75,3.3959999084472656
2023-02-03,17854.05078125,14.399999618530273,4136.47998046875,18.329999923706055,79.94000244140625,1876.5999755859375,82.0458984375,102.91999816894531,3.5320000648498535
2023-02-06,17764.599609375,14.6899995803833,4111.080078125,19.43000030517578,80.98999786376953,1879.5,82.22599792480469,103.62000274658203,3.634000062942505
2023-02-07,17721.5,14.130000114440918,4164.0,18.65999984741211,83.69000244140625,1884.800048828125,82.75499725341797,103.43000030517578,3.6740000247955322
2023-02-08,17871.69921875,13.600000381469727,4117.85986328125,19.6299991607666,85.08999633789062,1890.699951171875,82.74189758300781,103.41000366210938,3.6530001163482666
2023-02-09,17893.44921875,13.039999961853027,4081.5,20.709999084472656,84.5,1878.5,82.65950012207031,103.22000122070312,3.683000087738037
2023-02-10,17856.5,12.75,4090.4599609375,20.530000686645508,86.38999938964844,1874.5,82.533203125,103.62999725341797,3.74399995803833
2023-02-13,17770.900390625,13.680000305175781,4137.2900390625,20.34000015258789,86.61000061035156,1863.5,82.51300048828125,103.3499984741211,3.7170000076293945
2023-02-14,17929.849609375,13.449999809265137,4136.1298828125,18.90999984741211,85.58000183105469,1865.4000244140625,82.59739685058594,103.2300033569336,3.760999917984009
2023-02-15,18015.849609375,12.859999656677246,4147.60009765625,18.229999542236328,85.37999725341797,1845.300048828125,82.86759948730469,103.91999816894531,3.809000015258789
2023-02-16,18035.849609375,12.890000343322754,4090.409912109375,20.170000076293945,85.13999938964844,1851.800048828125,82.73770141601562,103.86000061035156,3.8429999351501465
2023-02-17,17944.19921875,13.09000015258789,4079.090087890625,20.020000457763672,83.0,1850.199951171875,82.69529724121094,103.86000061035156,3.828000068664551
2023-02-20,17844.599609375,13.380000114440918,,,,,82.75800323486328,,
2023-02-21,17826.69921875,14.010000228881836,3997.340087890625,22.8700008392334,83.05000305175781,1842.5,82.69750213623047,104.18000030517578,3.9549999237060547
2023-02-22,17554.30078125,15.59000015258789,3991.050048828125,22.290000915527344,80.5999984741211,1841.5,82.86119842529297,104.58999633789062,3.9230000972747803
2023-02-23,17511.25,15.079999923706055,4012.320068359375,21.139999389648438,82.20999908447266,1826.800048828125,82.83529663085938,104.5999984741211,3.878999948501587
2023-02-24,17465.80078125,14.1899995803833,3970.0400390625,21.670000076293945,83.16000366210938,1817.0999755859375,82.6178970336914,105.20999908447266,3.9489998817443848
2023-02-27,17392.69921875,13.880000114440918,3982.239990234375,20.950000762939453,82.44999694824219,1824.9000244140625,82.91799926757812,104.66999816894531,3.921999931335449
2023-02-28,17303.94921875,14.020000457763672,3970.14990234375,20.700000762939453,83.88999938964844,1836.699951171875,82.6520004272461,104.87000274658203,3.9159998893737793
2023-03-01,17450.900390625,13.0,3951.389892578125,20.579999923706055,84.30999755859375,1845.4000244140625,82.6353988647461,104.4800033569336,3.99399995803833
2023-03-02,17321.900390625,12.970000267028809,3981.35009765625,19.59000015258789,84.75,1840.5,82.4198989868164,105.02999877929688,4.072999954223633
2023-03-03,17594.349609375,12.180000305175781,4045.639892578125,18.489999771118164,85.83000183105469,1854.5999755859375,82.35569763183594,104.5199966430664,3.9639999866485596
2023-03-06,17711.44921875,12.270000457763672,4048.419921875,18.610000610351562,86.18000030517578,1854.5999755859375,81.7125015258789,104.3499984741211,3.9830000400543213
2023-03-07,,,3986.3701171875,19.59000015258789,83.29000091552734,1820.0,81.85440063476562,105.62000274658203,3.9749999046325684
2023-03-08,17754.400390625,12.449999809265137,3992.010009765625,19.110000610351562,82.66000366210938,1818.5999755859375,82.07460021972656,105.66000366210938,3.9760000705718994
2023-03-09,17589.599609375,12.729999542236328,3918.320068359375,22.610000610351562,81.58999633789062,1834.5999755859375,81.9645004272461,105.30999755859375,3.924999952316284
2023-03-10,17412.900390625,13.40999984741211,3861.590087890625,24.799999237060547,82.77999877929688,1867.199951171875,82.01840209960938,104.58000183105469,3.694999933242798
2023-03-13,17154.30078125,16.219999313354492,3855.760009765625,26.520000457763672,80.7699966430664,1916.5,81.95800018310547,103.5999984741211,3.515000104904175
2023-03-14,17043.30078125,16.219999313354492,3919.2900390625,23.729999542236328,77.44999694824219,1910.9000244140625,82.41739654541016,103.5999984741211,3.638000011444092
2023-03-15,16972.150390625,16.299999237060547,3891.929931640625,26.139999389648438,73.69000244140625,1931.300048828125,82.30490112304688,104.6500015258789,3.492000102996826
2023-03-16,16985.599609375,16.219999313354492,3960.280029296875,22.989999771118164,74.69999694824219,1923.0,82.7156982421875,104.41999816894531,3.5850000381469727
2023-03-17,17100.05078125,14.770000457763672,3916.639892578125,25.510000228881836,72.97000122070312,1973.5,82.622802734375,103.70999908447266,3.3949999809265137
2023-03-20,16988.400390625,16.010000228881836,3951.570068359375,24.149999618530273,73.79000091552734,1982.800048828125,82.53299713134766,103.27999877929688,3.4809999465942383
2023-03-21,17107.5,15.079999923706055,4002.8701171875,21.3799991607666,75.31999969482422,1941.0999755859375,82.52909851074219,103.26000213623047,3.6059999465942383
2023-03-22,17151.900390625,14.8100004196167,3936.969970703125,22.260000228881836,76.69000244140625,1949.5999755859375,82.677001953125,102.3499984741211,3.5
2023-03-23,17076.900390625,14.489999771118164,3948.719970703125,22.610000610351562,75.91000366210938,1995.9000244140625,82.52580261230469,102.52999877929688,3.4059998989105225
2023-03-24,16945.05078125,15.239999771118164,3970.989990234375,21.739999771118164,74.98999786376953,1983.800048828125,82.26529693603516,103.12000274658203,3.380000114440918
2023-03-27,16985.69921875,15.449999809265137,3977.530029296875,20.600000381469727,78.12000274658203,1953.800048828125,82.33879852294922,102.86000061035156,3.5280001163482666
2023-03-28,16951.69921875,15.100000381469727,3971.27001953125,19.969999313354492,78.6500015258789,1973.5,82.21489715576172,102.43000030517578,3.563999891281128
2023-03-29,17080.69921875,13.630000114440918,4027.81005859375,19.1200008392334,78.27999877929688,1966.9000244140625,82.16429901123047,102.63999938964844,3.565999984741211
2023-03-30,,,4050.830078125,19.020000457763672,79.2699966430664,1980.300048828125,82.25540161132812,102.13999938964844,3.5510001182556152
2023-03-31,17359.75,12.9399995803833,4109.31005859375,18.700000762939453,79.7699966430664,1969.0,82.10050201416016,102.51000213623047,3.49399995803833
2023-04-03,17398.05078125,12.59000015258789,4124.509765625,18.549999237060547,84.93000030517578,2000.4000244140625,82.18479919433594,102.08999633789062,3.430000066757202
2023-04-04,,,4100.60009765625,19.0,84.94000244140625,2038.199951171875,82.14089965820312,101.58999633789062,3.3369998931884766
2023-04-05,17557.05078125,12.40999984741211,4090.3798828125,19.079999923706055,84.98999786376953,2035.5999755859375,82.11479949951172,101.8499984741211,3.2869999408721924
2023-04-06,17599.150390625,11.800000190734863,4105.02001953125,18.399999618530273,85.12000274658203,2026.4000244140625,81.94999694824219,101.81999969482422,3.2880001068115234
2023-04-07,,,,,,,81.831298828125,,
2023-04-10,17624.05078125,12.270000457763672,4109.10986328125,18.969999313354492,84.18000030517578,2003.800048828125,81.88480377197266,102.58000183105469,3.4149999618530273
2023-04-11,17722.30078125,11.979999542236328,4108.93994140625,19.100000381469727,85.61000061035156,2019.0,81.98390197753906,102.19999694824219,3.434000015258789
2023-04-12,17812.400390625,12.270000457763672,4091.949951171875,19.09000015258789,87.33000183105469,2024.9000244140625,82.07009887695312,101.5,3.4210000038146973
2023-04-13,17828.0,11.90999984741211,4146.22021484375,17.799999237060547,86.08999633789062,2055.300048828125,81.96060180664062,101.01000213623047,3.4519999027252197
2023-04-14,,,4137.64013671875,17.06999969482422,86.30999755859375,2015.800048828125,81.68070220947266,101.55000305175781,3.5220000743865967
2023-04-17,17706.849609375,12.270000457763672,4151.31982421875,16.950000762939453,84.76000213623047,2007.0,81.84480285644531,102.0999984741211,3.5910000801086426
2023-04-18,17660.150390625,12.079999923706055,4154.8701171875,16.829999923706055,84.7699966430664,2019.699951171875,82.00370025634766,101.75,3.572000026702881
2023-04-19,17618.75,12.149999618530273,4154.52001953125,16.459999084472656,83.12000274658203,2007.300048828125,82.10790252685547,101.97000122070312,3.6019999980926514
2023-04-20,17624.44921875,11.9399995803833,4129.7900390625,17.170000076293945,81.0999984741211,2019.0999755859375,82.34010314941406,101.83999633789062,3.5450000762939453
2023-04-21,17624.05078125,11.630000114440918,4133.52001953125,16.770000457763672,81.66000366210938,1990.5,82.14089965820312,101.81999969482422,3.569999933242798
2023-04-24,17743.400390625,11.670000076293945,4137.0400390625,16.889999389648438,82.7300033569336,1999.800048828125,82.05480194091797,101.3499984741211,3.515000104904175
2023-04-25,17769.25,11.520000457763672,4071.6298828125,18.760000228881836,80.7699966430664,2004.5,81.85230255126953,101.86000061035156,3.3959999084472656
2023-04-26,17813.599609375,11.649999618530273,4055.989990234375,18.84000015258789,77.69000244140625,1996.0,81.9916000366211,101.47000122070312,3.431999921798706
2023-04-27,17915.05078125,11.430000305175781,4135.35009765625,17.030000686645508,78.37000274658203,1999.0,81.76689910888672,101.5,3.5280001163482666
2023-04-28,18065.0,10.949999809265137,4169.47998046875,15.779999732971191,79.54000091552734,1999.0999755859375,81.76509857177734,101.66999816894531,3.4519999027252197
2023-05-01,,,4167.8701171875,16.079999923706055,79.30999755859375,1992.199951171875,81.74479675292969,102.1500015258789,3.5739998817443848
2023-05-02,18147.650390625,11.899999618530273,4119.580078125,17.780000686645508,75.31999969482422,2023.300048828125,81.77469635009766,101.95999908447266,3.438999891281128
2023-05-03,18089.849609375,11.84000015258789,4090.75,18.34000015258789,72.33000183105469,2037.0,81.77870178222656,101.33999633789062,3.4030001163482666
2023-05-04,18255.80078125,11.729999542236328,4061.219970703125,20.09000015258789,72.5,2055.699951171875,81.77999877929688,101.4000015258789,3.3510000705718994
2023-05-05,18069.0,12.300000190734863,4136.25,17.190000534057617,75.30000305175781,2024.800048828125,81.71610260009766,101.20999908447266,3.446000099182129
2023-05-08,18264.400390625,12.640000343322754,4138.1201171875,16.979999542236328,77.01000213623047,2033.199951171875,81.72979736328125,101.37000274658203,3.5209999084472656
2023-05-09,18265.94921875,12.680000305175781,4119.169921875,17.709999084472656,77.44000244140625,2042.9000244140625,81.78710174560547,101.63999938964844,3.5209999084472656
2023-05-10,18315.099609375,13.079999923706055,4137.64013671875,16.940000534057617,76.41000366210938,2037.0999755859375,82.1050033569336,101.4800033569336,3.438999891281128
2023-05-11,18297.0,13.220000267028809,4130.6201171875,16.93000030517578,74.9800033569336,2020.5,81.9198989868164,102.05999755859375,3.3970000743865967
2023-05-12,18314.80078125,12.850000381469727,4124.080078125,17.030000686645508,74.16999816894531,2019.800048828125,82.10030364990234,102.68000030517578,3.4630000591278076
2023-05-15,18398.849609375,13.170000076293945,4136.27978515625,17.1200008392334,75.2300033569336,2022.699951171875,82.20030212402344,102.43000030517578,3.507999897003174
2023-05-16,18286.5,13.289999961853027,4109.89990234375,17.989999771118164,74.91000366210938,1993.0,82.2667007446289,102.55999755859375,3.5490000247955322
2023-05-17,18181.75,13.109999656677246,4158.77001953125,16.8700008392334,76.95999908447266,1984.9000244140625,82.2959976196289,102.87999725341797,3.5810000896453857
2023-05-18,18129.94921875,12.800000190734863,4198.0498046875,16.049999237060547,75.86000061035156,1959.800048828125,82.45030212402344,103.58000183105469,3.6480000019073486
2023-05-19,18203.400390625,12.300000190734863,4191.97998046875,16.809999465942383,75.58000183105469,1981.5999755859375,82.72509765625,103.19999694824219,3.691999912261963
2023-05-22,18314.400390625,12.569999694824219,4192.6298828125,17.209999084472656,75.98999786376953,1977.199951171875,82.90480041503906,103.19999694824219,3.7190001010894775
2023-05-23,18348.0,12.609999656677246,4145.580078125,18.530000686645508,76.83999633789062,1974.5,82.82499694824219,103.48999786376953,3.697999954223633
2023-05-24,18285.400390625,13.109999656677246,4115.240234375,20.030000686645508,78.36000061035156,1964.5999755859375,82.8906021118164,103.88999938964844,3.7190001010894775
2023-05-25,18321.150390625,12.520000457763672,4151.27978515625,19.139999389648438,76.26000213623047,1943.699951171875,82.71369934082031,104.20999908447266,3.813999891281128
2023-05-26,18499.349609375,11.899999618530273,4205.4501953125,17.950000762939453,76.94999694824219,1944.300048828125,82.74210357666016,104.20999908447266,3.809999942779541
2023-05-29,18598.650390625,12.300000190734863,,,,,82.57479858398438,,
2023-05-30,18633.849609375,12.010000228881836,4205.52001953125,17.459999084472656,73.54000091552734,1958.0,82.57969665527344,104.16999816894531,3.700000047683716
2023-05-31,18534.400390625,11.970000267028809,4179.830078125,17.940000534057617,72.66000366210938,1963.9000244140625,82.68389892578125,104.31999969482422,3.63700008392334
2023-06-01,18487.75,11.600000381469727,4221.02001953125,15.649999618530273,74.27999877929688,1995.5,82.66680145263672,103.55999755859375,3.6080000400543213
2023-06-02,18534.099609375,11.130000114440918,4282.3701171875,14.600000381469727,76.12999725341797,1969.5999755859375,82.27670288085938,104.0199966430664,3.690999984741211
2023-06-05,18593.849609375,11.140000343322754,4273.7900390625,14.729999542236328,76.70999908447266,1974.300048828125,82.40979766845703,104.0,3.693000078201294
2023-06-06,18599.0,11.380000114440918,4283.85009765625,13.960000038146973,76.29000091552734,1981.5,82.51119995117188,104.12999725341797,3.6989998817443848
2023-06-07,18726.400390625,11.4399995803833,4267.52001953125,13.9399995803833,76.94999694824219,1958.4000244140625,82.51719665527344,104.0999984741211,3.7839999198913574
2023-06-08,18634.55078125,11.260000228881836,4293.93017578125,13.649999618530273,75.95999908447266,1978.5999755859375,82.61810302734375,103.33999633789062,3.7139999866485596
2023-06-09,18563.400390625,11.119999885559082,4298.85986328125,13.829999923706055,74.79000091552734,1977.199951171875,82.48829650878906,103.55999755859375,3.744999885559082
2023-06-12,18601.5,11.25,4338.93017578125,15.010000228881836,71.83999633789062,1969.699951171875,82.4448013305664,103.62999725341797,3.765000104904175
2023-06-13,18716.150390625,11.109999656677246,4369.009765625,14.609999656677246,74.29000091552734,1958.5999755859375,82.33719635009766,103.33999633789062,3.8389999866485596
2023-06-14,18755.900390625,11.15999984741211,4372.58984375,13.880000114440918,73.19999694824219,1968.9000244140625,82.29039764404297,103.01000213623047,3.7960000038146973
2023-06-15,18688.099609375,11.079999923706055,4425.83984375,14.5,75.66999816894531,1970.699951171875,82.04499816894531,102.12000274658203,3.7279999256134033
2023-06-16,18826.0,10.84000015258789,4409.58984375,13.539999961853027,76.61000061035156,1971.199951171875,81.9126968383789,102.30000305175781,3.7690000534057617
2023-06-19,18755.44921875,11.229999542236328,,,,,81.91480255126953,,
2023-06-20,18816.69921875,11.130000114440918,4388.7099609375,13.880000114440918,75.9000015258789,1947.699951171875,81.98139953613281,102.54000091552734,3.7290000915527344
2023-06-21,18856.849609375,11.289999961853027,4365.68994140625,13.199999809265137,77.12000274658203,1944.9000244140625,81.9917984008789,102.06999969482422,3.7230000495910645
2023-06-22,18771.25,11.550000190734863,4381.89013671875,12.90999984741211,74.13999938964844,1923.699951171875,81.94149780273438,102.38999938964844,3.7990000247955322
2023-06-23,18665.5,11.239999771118164,4348.330078125,13.4399995803833,73.8499984741211,1929.5999755859375,81.91929626464844,102.9000015258789,3.739000082015991
2023-06-26,18691.19921875,11.399999618530273,4328.81982421875,14.25,74.18000030517578,1933.800048828125,81.98480224609375,102.69000244140625,3.7190001010894775
2023-06-27,18817.400390625,10.779999732971191,4378.41015625,13.739999771118164,72.26000213623047,1923.800048828125,82.00650024414062,102.48999786376953,3.7679998874664307
2023-06-28,18972.099609375,10.890000343322754,4376.85986328125,13.430000305175781,74.02999877929688,1922.199951171875,81.99839782714844,102.91000366210938,3.7100000381469727
2023-06-29,,,4396.43994140625,13.539999961853027,74.33999633789062,1917.9000244140625,82.02649688720703,103.33999633789062,3.8540000915527344
2023-06-30,19189.05078125,10.800000190734863,4450.3798828125,13.59000015258789,74.9000015258789,1929.4000244140625,82.07540130615234,102.91000366210938,3.819000005722046
2023-07-03,19322.55078125,11.539999961853027,4455.58984375,13.569999694824219,74.6500015258789,1929.5,82.09629821777344,102.98999786376953,3.8580000400543213
2023-07-04,19389.0,11.699999809265137,,,,,81.95010375976562,,
2023-07-05,19398.5,11.880000114440918,4446.81982421875,14.180000305175781,76.6500015258789,1927.0999755859375,82.0071029663086,103.37000274658203,3.944999933242798
2023-07-06,19497.30078125,11.84000015258789,4411.58984375,15.4399995803833,76.5199966430664,1915.4000244140625,82.39409637451172,103.16999816894531,4.040999889373779
2023-07-07,19331.80078125,11.529999732971191,4398.9501953125,14.829999923706055,78.47000122070312,1932.5,82.76840209960938,102.2699966430664,4.050000190734863
2023-07-10,19355.900390625,11.460000038146973,4409.52978515625,15.069999694824219,77.69000244140625,1931.0,82.61530303955078,101.97000122070312,4.00600004196167
2023-07-11,19439.400390625,11.010000228881836,4439.259765625,14.84000015258789,79.4000015258789,1937.0999755859375,82.52529907226562,101.7300033569336,3.9800000190734863
2023-07-12,19384.30078125,10.9399995803833,4472.16015625,13.539999961853027,80.11000061035156,1961.699951171875,82.39990234375,100.5199966430664,3.8610000610351562
2023-07-13,19413.75,10.9399995803833,4510.0400390625,13.609999656677246,81.36000061035156,1963.800048828125,82.00180053710938,99.7699966430664,3.760999917984009
2023-07-14,19564.5,10.680000305175781,4505.419921875,13.34000015258789,79.87000274658203,1964.4000244140625,82.03079986572266,99.91000366210938,3.819000005722046
2023-07-17,19711.44921875,11.319999694824219,4522.7900390625,13.479999542236328,78.5,1956.4000244140625,82.07679748535156,99.83999633789062,3.796999931335449
2023-07-18,19749.25,11.710000038146973,4554.97998046875,13.300000190734863,79.62999725341797,1980.800048828125,82.06159973144531,99.94000244140625,3.7890000343322754
2023-07-19,19833.150390625,11.600000381469727,4565.72021484375,13.760000228881836,79.45999908447266,1980.800048828125,82.07540130615234,100.27999877929688,3.742000102996826
2023-07-20,19979.150390625,11.789999961853027,4534.8701171875,13.989999771118164,79.63999938964844,1970.9000244140625,82.06169891357422,100.87999725341797,3.8540000915527344
2023-07-21,19745.0,11.489999771118164,4536.33984375,13.600000381469727,81.06999969482422,1966.5999755859375,82.0823974609375,101.06999969482422,3.8369998931884766
2023-07-24,19672.349609375,11.649999618530273,4554.64013671875,13.90999984741211,82.73999786376953,1962.199951171875,81.99030303955078,101.3499984741211,3.8570001125335693
2023-07-25,19680.599609375,10.239999771118164,4567.4599609375,13.859999656677246,83.63999938964844,1963.699951171875,81.81420135498047,101.3499984741211,3.9119999408721924
2023-07-26,19778.30078125,10.460000038146973,4566.75,13.1899995803833,82.91999816894531,1970.0999755859375,81.95010375976562,100.88999938964844,3.8510000705718994
2023-07-27,19659.900390625,10.510000228881836,4537.41015625,14.40999984741211,84.23999786376953,1945.699951171875,81.97550201416016,101.7699966430664,4.01200008392334
2023-07-28,19646.05078125,10.140000343322754,4582.22998046875,13.329999923706055,84.98999786376953,1960.4000244140625,82.3749008178711,101.62000274658203,3.9690001010894775
2023-07-31,19753.80078125,10.40999984741211,4588.9599609375,13.630000114440918,85.55999755859375,1970.5,82.25279998779297,101.86000061035156,3.9590001106262207
2023-08-01,19733.55078125,10.279999732971191,4576.72998046875,13.930000305175781,84.91000366210938,1978.800048828125,82.2332992553711,102.30000305175781,4.051000118255615
2023-08-02,19526.55078125,11.279999732971191,4513.39013671875,16.09000015258789,83.19999694824219,1975.0,82.30729675292969,102.58999633789062,4.078000068664551
2023-08-03,19381.650390625,11.1899995803833,4501.89013671875,15.920000076293945,85.13999938964844,1968.800048828125,82.7332992553711,102.54000091552734,4.189000129699707
2023-08-04,19517.0,10.569999694824219,4478.02978515625,17.100000381469727,86.23999786376953,1976.0999755859375,82.7843017578125,102.0199966430664,4.059999942779541
2023-08-07,19597.30078125,11.100000381469727,4518.43994140625,15.770000457763672,85.33999633789062,1970.0,82.69529724121094,102.05000305175781,4.078000068664551
2023-08-08,19570.849609375,11.329999923706055,4499.3798828125,15.989999771118164,86.16999816894531,1959.9000244140625,82.74829864501953,102.52999877929688,4.026000022888184
2023-08-09,19632.55078125,11.140000343322754,4467.7099609375,15.960000038146973,87.55000305175781,1950.5999755859375,82.84500122070312,102.48999786376953,4.01200008392334
2023-08-10,19543.099609375,11.399999618530273,4468.830078125,15.850000381469727,86.4000015258789,1948.9000244140625,82.86630249023438,102.5199966430664,4.079999923706055
2023-08-11,19428.30078125,11.520000457763672,4464.0498046875,14.84000015258789,86.80999755859375,1946.5999755859375,82.79989624023438,102.83999633789062,4.168000221252441
2023-08-14,19434.55078125,12.0,4489.72021484375,14.819999694824219,86.20999908447266,1944.0,82.89730072021484,103.19000244140625,4.184000015258789
2023-08-15,,,4437.85986328125,16.459999084472656,84.88999938964844,1935.199951171875,83.2333984375,103.20999908447266,4.2210001945495605
2023-08-16,19465.0,12.130000114440918,4404.330078125,16.780000686645508,83.44999694824219,1928.300048828125,83.19419860839844,103.41999816894531,4.257999897003174
2023-08-17,19365.25,12.239999771118164,4370.35986328125,17.889999389648438,84.12000274658203,1915.199951171875,83.23699951171875,103.44000244140625,4.308000087738037
2023-08-18,19310.150390625,12.140000343322754,4369.7099609375,17.299999237060547,84.80000305175781,1916.5,83.09829711914062,103.37999725341797,4.250999927520752
2023-08-21,19393.599609375,11.960000038146973,4399.77001953125,17.1299991607666,84.45999908447266,1923.0,83.16729736328125,103.33000183105469,4.3420000076293945
2023-08-22,19396.44921875,11.75,4387.5498046875,16.969999313354492,84.02999877929688,1926.0,83.1135025024414,103.55999755859375,4.328000068664551
2023-08-23,19444.0,11.729999542236328,4436.009765625,15.979999542236328,83.20999908447266,1948.0999755859375,83.07330322265625,103.36000061035156,4.197999954223633
2023-08-24,19386.69921875,11.699999809265137,4376.31005859375,17.200000762939453,83.36000061035156,1947.0999755859375,82.5447006225586,103.9800033569336,4.235000133514404
2023-08-25,19265.80078125,12.079999923706055,4405.7099609375,15.680000305175781,84.4800033569336,1939.9000244140625,82.64140319824219,104.08000183105469,4.238999843597412
2023-08-28,19306.05078125,12.399999618530273,4433.31005859375,15.079999923706055,84.41999816894531,1946.800048828125,82.66429901123047,104.05999755859375,4.211999893188477
2023-08-29,19342.650390625,12.229999542236328,4497.6298828125,14.449999809265137,85.48999786376953,1965.0999755859375,82.69149780273438,103.55000305175781,4.122000217437744
2023-08-30,19347.44921875,11.800000190734863,4514.8701171875,13.880000114440918,85.86000061035156,1973.0,82.49469757080078,103.16000366210938,4.118000030517578
2023-08-31,19253.80078125,12.0600004196167,4507.66015625,13.569999694824219,86.86000061035156,1965.9000244140625,82.70040130615234,103.62000274658203,4.0929999351501465
2023-09-01,19435.30078125,11.369999885559082,4515.77001953125,13.09000015258789,88.55000305175781,1967.0999755859375,82.68240356445312,104.23999786376953,4.172999858856201
2023-09-04,19528.80078125,10.960000038146973,,,,,82.6969985961914,,
2023-09-05,19574.900390625,10.819999694824219,4496.830078125,14.010000228881836,90.04000091552734,1952.5999755859375,82.7345962524414,104.80999755859375,4.26800012588501
2023-09-06,19611.05078125,10.680000305175781,4465.47998046875,14.449999809265137,90.5999984741211,1944.199951171875,83.08609771728516,104.86000061035156,4.289999961853027
2023-09-07,19727.05078125,10.869999885559082,4451.14013671875,14.399999618530273,89.91999816894531,1942.5,83.25740051269531,105.05999755859375,4.260000228881836
2023-09-08,19819.94921875,10.779999732971191,4457.490234375,13.84000015258789,90.6500015258789,1942.699951171875,83.24150085449219,105.08999633789062,4.257999897003174
2023-09-11,19996.349609375,11.350000381469727,4487.4599609375,13.800000190734863,90.63999938964844,1947.199951171875,83.03130340576172,104.56999969482422,4.288000106811523
2023-09-12,19993.19921875,11.6899995803833,4461.89990234375,14.229999542236328,92.05999755859375,1935.0999755859375,82.94329833984375,104.70999908447266,4.263999938964844
2023-09-13,20070.0,11.829999923706055,4467.43994140625,13.479999542236328,91.87999725341797,1932.5,82.84300231933594,104.7699966430664,4.249000072479248
2023-09-14,20103.099609375,11.319999694824219,4505.10009765625,12.819999694824219,93.69999694824219,1932.800048828125,82.93679809570312,105.41000366210938,4.288000106811523
2023-09-15,20192.349609375,10.899999618530273,4450.31982421875,13.789999961853027,93.93000030517578,1946.199951171875,83.0282974243164,105.31999969482422,4.322000026702881
2023-09-18,20133.30078125,10.84000015258789,4453.52978515625,14.0,94.43000030517578,1953.4000244140625,83.08580017089844,105.19999694824219,4.318999767303467
2023-09-19,,,4443.9501953125,14.109999656677246,94.33999633789062,1953.699951171875,83.25489807128906,105.19999694824219,4.364999771118164
2023-09-20,19901.400390625,11.130000114440918,4402.2001953125,15.140000343322754,93.52999877929688,1967.0999755859375,83.19499969482422,105.16000366210938,4.348999977111816
2023-09-21,19742.349609375,10.819999694824219,4330.0,17.540000915527344,93.30000305175781,1939.5999755859375,83.08699798583984,105.36000061035156,4.480000019073486
2023-09-22,19674.25,10.65999984741211,4320.06005859375,17.200000762939453,93.2699966430664,1945.5999755859375,82.89129638671875,105.58000183105469,4.438000202178955
2023-09-25,19674.55078125,10.899999618530273,4337.43994140625,16.899999618530273,93.29000091552734,1936.5999755859375,82.97480010986328,106.0,4.541999816894531
2023-09-26,19664.69921875,11.1899995803833,4273.52978515625,18.940000534057617,93.95999908447266,1919.800048828125,83.0282974243164,106.2300033569336,4.558000087738037
2023-09-27,19716.44921875,11.59000015258789,4274.509765625,18.219999313354492,96.55000305175781,1890.9000244140625,83.29869842529297,106.66999816894531,4.625999927520752
2023-09-28,19523.55078125,12.819999694824219,4299.7001953125,17.34000015258789,95.37999725341797,1878.5999755859375,83.22270202636719,106.22000122070312,4.5970001220703125
2023-09-29,19638.30078125,11.449999809265137,4288.0498046875,17.520000457763672,95.30999755859375,1866.0999755859375,83.19300079345703,106.16999816894531,4.572999954223633
2023-10-02,,,4288.39013671875,17.610000610351562,90.70999908447266,1847.199951171875,83.03479766845703,106.9000015258789,4.683000087738037
2023-10-03,19528.75,11.789999961853027,4229.4501953125,19.780000686645508,90.91999816894531,1841.5,83.3593978881836,107.0,4.802000045776367
2023-10-04,19436.099609375,11.65999984741211,4263.75,18.579999923706055,85.80999755859375,1834.800048828125,83.22979736328125,106.80000305175781,4.735000133514404
2023-10-05,19545.75,10.9399995803833,4258.18994140625,18.489999771118164,84.06999969482422,1831.800048828125,83.44979858398438,106.33000183105469,4.7170000076293945
2023-10-06,19653.5,10.300000190734863,4308.5,17.450000762939453,84.58000183105469,1845.199951171875,83.22489929199219,106.04000091552734,4.783999919891357
2023-10-09,19512.349609375,11.399999618530273,4335.66015625,17.700000762939453,88.1500015258789,1864.300048828125,83.12460327148438,106.08000183105469,4.796999931335449
2023-10-10,19689.849609375,11.270000457763672,4358.240234375,17.030000686645508,87.6500015258789,1875.300048828125,83.27030181884766,105.83000183105469,4.65500020980835
2023-10-11,19811.349609375,10.989999771118164,4376.9501953125,16.09000015258789,85.81999969482422,1887.300048828125,83.25029754638672,105.81999969482422,4.59499979019165
2023-10-12,19794.0,10.619999885559082,4349.60986328125,16.690000534057617,86.0,1883.0,83.21800231933594,106.56999969482422,4.711999893188477
2023-10-13,19751.05078125,10.619999885559082,4327.77978515625,19.31999969482422,90.88999938964844,1941.5,83.26239776611328,106.6500015258789,4.629000186920166
2023-10-16,19731.75,11.069999694824219,4373.6298828125,17.209999084472656,89.6500015258789,1934.300048828125,83.28230285644531,106.23999786376953,4.711999893188477
2023-10-17,19811.5,10.699999809265137,4373.2001953125,17.8799991607666,89.9000015258789,1935.699951171875,83.19950103759766,106.25,4.8470001220703125
2023-10-18,19671.099609375,10.970000267028809,4314.60009765625,19.219999313354492,91.5,1968.300048828125,83.26429748535156,106.56999969482422,4.9039998054504395
2023-10-19,19624.69921875,10.899999618530273,4278.0,21.399999618530273,92.37999725341797,1980.5,83.26860046386719,106.25,4.98799991607666
2023-10-20,19542.650390625,10.819999694824219,4224.16015625,21.709999084472656,92.16000366210938,1994.4000244140625,83.12229919433594,106.16000366210938,4.923999786376953
2023-10-23,19281.75,10.90999984741211,4217.0400390625,20.3700008392334,89.83000183105469,1987.800048828125,83.15979766845703,105.54000091552734,4.8379998207092285
2023-10-24,,,4247.68017578125,18.969999313354492,88.06999969482422,1986.0999755859375,83.02940368652344,106.2699966430664,4.840000152587891
2023-10-25,19122.150390625,11.3100004196167,4186.77001953125,20.190000534057617,90.12999725341797,1994.9000244140625,82.98780059814453,106.52999877929688,4.953000068664551
2023-10-26,18857.25,11.729999542236328,4137.22998046875,20.68000030517578,87.93000030517578,1997.4000244140625,83.1709976196289,106.5999984741211,4.84499979019165
2023-10-27,19047.25,10.90999984741211,4117.3701171875,21.270000457763672,90.4800033569336,1998.5,83.28250122070312,106.55999755859375,4.84499979019165
2023-10-30,19140.900390625,11.489999771118164,4166.81982421875,19.75,87.44999694824219,2005.5999755859375,83.41339874267578,106.12000274658203,4.875
2023-10-31,19079.599609375,11.829999923706055,4193.7998046875,18.139999389648438,87.41000366210938,1994.300048828125,83.29650115966797,106.66000366210938,4.875
2023-11-01,18989.150390625,12.050000190734863,4237.85986328125,16.8700008392334,84.62999725341797,1987.5,83.2771987915039,106.87999725341797,4.789000034332275
2023-11-02,19133.25,11.079999923706055,4317.77978515625,15.65999984741211,86.8499984741211,1993.5,85.19400024414062,106.12000274658203,4.669000148773193
2023-11-03,19230.599609375,10.880000114440918,4358.33984375,14.90999984741211,84.88999938964844,1999.199951171875,83.24729919433594,105.0199966430664,4.558000087738037
2023-11-06,19411.75,11.109999656677246,4365.97998046875,14.890000343322754,85.18000030517578,1988.5999755859375,83.15850067138672,105.22000122070312,4.6620001792907715
2023-11-07,19406.69921875,11.1899995803833,4378.3798828125,14.8100004196167,81.61000061035156,1973.5,83.2228012084961,105.54000091552734,4.571000099182129
2023-11-08,19443.5,11.039999961853027,4382.77978515625,14.449999809265137,79.54000091552734,1957.800048828125,83.23269653320312,105.58999633789062,4.5229997634887695
2023-11-09,19395.30078125,10.979999542236328,4347.35009765625,15.289999961853027,80.01000213623047,1969.800048828125,83.21769714355469,105.91000366210938,4.630000114440918
2023-11-10,19425.349609375,11.109999656677246,4415.240234375,14.170000076293945,81.43000030517578,1937.699951171875,83.31939697265625,105.86000061035156,4.627999782562256
2023-11-13,19443.55078125,11.1899995803833,4411.5498046875,14.760000228881836,82.5199966430664,1950.199951171875,83.29889678955078,105.66000366210938,4.631999969482422
2023-11-14,,,4495.7001953125,14.15999984741211,82.47000122070312,1966.5,83.19760131835938,104.11000061035156,4.440999984741211
2023-11-15,19675.44921875,11.140000343322754,4502.8798828125,14.180000305175781,81.18000030517578,1964.300048828125,82.98159790039062,104.38999938964844,4.534999847412109
2023-11-16,19765.19921875,11.649999618530273,4508.240234375,14.319999694824219,77.41999816894531,1987.300048828125,83.18620300292969,104.37000274658203,4.445000171661377
2023-11-17,19731.80078125,11.829999923706055,4514.02001953125,13.800000190734863,80.61000061035156,1984.699951171875,83.12030029296875,103.81999969482422,4.440999984741211
2023-11-20,19694.0,12.149999618530273,4547.3798828125,13.40999984741211,82.31999969482422,1980.300048828125,83.29149627685547,103.47000122070312,4.421999931335449
2023-11-21,19783.400390625,12.229999542236328,4538.18994140625,13.350000381469727,82.44999694824219,2001.5999755859375,83.32219696044922,103.58999633789062,4.418000221252441
2023-11-22,19811.849609375,11.869999885559082,4556.6201171875,12.850000381469727,81.95999908447266,1992.800048828125,83.345703125,103.91999816894531,4.415999889373779
2023-11-23,19802.0,11.319999694824219,,,81.37000274658203,1993.300048828125,83.54830169677734,,
2023-11-24,19794.69921875,11.329999923706055,4559.33984375,12.460000038146973,80.58000183105469,2003.0,83.34400177001953,103.4000015258789,4.4720001220703125
2023-11-27,,,4550.43017578125,12.6899995803833,79.9800033569336,2012.4000244140625,83.31449890136719,103.19999694824219,4.388999938964844
2023-11-28,19889.69921875,12.180000305175781,4554.89013671875,12.6899995803833,81.68000030517578,2040.0,83.364501953125,102.75,4.335999965667725
2023-11-29,20096.599609375,12.710000038146973,4550.580078125,12.979999542236328,83.0999984741211,2047.0999755859375,83.41809844970703,102.7699966430664,4.270999908447266
2023-11-30,20133.150390625,12.6899995803833,4567.7998046875,12.920000076293945,82.83000183105469,2038.0999755859375,83.3302993774414,103.5,4.3520002365112305
2023-12-01,20267.900390625,12.380000114440918,4594.6298828125,12.630000114440918,78.87999725341797,2089.699951171875,83.35269927978516,103.2699966430664,4.22599983215332
2023-12-04,20686.80078125,12.989999771118164,4569.77978515625,13.079999923706055,78.02999877929688,2042.199951171875,83.21859741210938,103.63999938964844,4.288000106811523
2023-12-05,20855.099609375,13.460000038146973,4567.18017578125,12.850000381469727,77.19999694824219,2036.300048828125,83.41709899902344,104.05000305175781,4.171000003814697
2023-12-06,20937.69921875,13.739999771118164,4549.33984375,12.970000267028809,74.30000305175781,2047.9000244140625,83.31590270996094,104.1500015258789,4.120999813079834
2023-12-07,20901.150390625,12.670000076293945,4585.58984375,13.0600004196167,74.05000305175781,2046.4000244140625,83.28959655761719,103.54000091552734,4.129000186920166
2023-12-08,20969.400390625,12.470000267028809,4604.3701171875,12.350000381469727,75.83999633789062,2014.5,83.35489654541016,104.01000213623047,4.244999885559082
2023-12-11,20997.099609375,12.760000228881836,4622.43994140625,12.630000114440918,76.02999877929688,1993.699951171875,83.43009948730469,104.0999984741211,4.238999843597412
2023-12-12,20906.400390625,12.710000038146973,4643.7001953125,12.069999694824219,73.23999786376953,1993.199951171875,83.34349822998047,103.87000274658203,4.205999851226807
2023-12-13,20926.349609375,12.069999694824219,4707.08984375,12.1899995803833,74.26000213623047,1997.300048828125,83.39600372314453,102.87000274658203,4.0329999923706055
2023-12-14,21182.69921875,12.319999694824219,4719.5498046875,12.479999542236328,76.61000061035156,2044.9000244140625,83.2853012084961,101.95999908447266,3.930000066757202
2023-12-15,21456.650390625,13.130000114440918,4719.18994140625,12.279999732971191,76.55000305175781,2035.699951171875,83.29660034179688,102.55000305175781,3.927999973297119
2023-12-18,21418.650390625,13.899999618530273,4740.56005859375,12.5600004196167,77.94999694824219,2040.5,83.04170227050781,102.51000213623047,3.9539999961853027
2023-12-19,21453.099609375,13.869999885559082,4768.3701171875,12.529999732971191,79.2300033569336,2052.10009765625,83.11119842529297,102.16999816894531,3.921999931335449
2023-12-20,21150.150390625,14.449999809265137,4698.35009765625,13.670000076293945,79.69999694824219,2047.699951171875,83.09159851074219,102.41000366210938,3.877000093460083
2023-12-21,21255.05078125,13.760000228881836,4746.75,13.649999618530273,79.38999938964844,2051.300048828125,83.26719665527344,101.83999633789062,3.8940000534057617
2023-12-22,21349.400390625,13.710000038146973,4754.6298828125,13.029999732971191,79.06999969482422,2069.10009765625,83.13159942626953,101.69999694824219,3.9010000228881836
2023-12-25,,,,,,,83.16500091552734,,
2023-12-26,21441.349609375,14.680000305175781,4774.75,12.989999771118164,81.06999969482422,2069.800048828125,83.17230224609375,101.47000122070312,3.885999917984009
2023-12-27,21654.75,15.5600004196167,4781.580078125,12.430000305175781,79.6500015258789,2093.10009765625,83.18280029296875,100.98999786376953,3.7890000343322754
2023-12-28,21778.69921875,15.140000343322754,4783.35009765625,12.470000267028809,78.38999938964844,2083.5,83.26719665527344,101.2300033569336,3.8499999046325684
2023-12-29,21731.400390625,14.5,4769.830078125,12.449999809265137,77.04000091552734,2071.800048828125,82.302001953125,101.33000183105469,3.865999937057495
2024-01-01,21741.900390625,,,,,,83.24859619140625,,
2024-01-02,21665.80078125,14.579999923706055,4742.830078125,13.199999809265137,75.88999938964844,2073.39990234375,83.20259857177734,102.19999694824219,3.946000099182129
2024-01-03,21517.349609375,14.100000381469727,4704.81005859375,14.039999961853027,78.25,2042.800048828125,83.25700378417969,102.45999908447266,3.9070000648498535
2024-01-04,21658.599609375,13.329999923706055,4688.68017578125,14.130000114440918,77.58999633789062,2050.0,83.31809997558594,102.41999816894531,3.990999937057495
2024-01-05,21710.80078125,12.630000114440918,4697.240234375,13.350000381469727,78.76000213623047,2049.800048828125,83.2406005859375,102.41000366210938,4.041999816894531
2024-01-08,21513.0,13.460000038146973,4763.5400390625,13.079999923706055,76.12000274658203,2033.5,83.19110107421875,102.20999908447266,4.001999855041504
2024-01-09,21544.849609375,13.260000228881836,4756.5,12.760000228881836,77.58999633789062,2033.0,83.05069732666016,102.56999969482422,4.019000053405762
2024-01-10,21618.69921875,12.970000267028809,4783.4501953125,12.6899995803833,76.80000305175781,2027.800048828125,83.131103515625,102.36000061035156,4.03000020980835
2024-01-11,21647.19921875,12.770000457763672,4780.240234375,12.4399995803833,77.41000366210938,2019.199951171875,83.02559661865234,102.29000091552734,3.9769999980926514
2024-01-12,21894.55078125,13.100000381469727,4783.830078125,12.699999809265137,78.29000091552734,2051.60009765625,83.07610321044922,102.4000015258789,3.950000047683716
2024-01-15,22097.44921875,13.789999961853027,,,,,82.87210083007812,,
2024-01-16,22032.30078125,13.569999694824219,4765.97998046875,13.84000015258789,78.29000091552734,2030.199951171875,82.8593978881836,103.36000061035156,4.065999984741211
2024-01-17,21571.94921875,15.079999923706055,4739.2099609375,14.789999961853027,77.87999725341797,2006.5,83.08899688720703,103.44999694824219,4.105999946594238
2024-01-18,21462.25,14.069999694824219,4780.93994140625,14.130000114440918,79.0999984741211,2021.5999755859375,83.17759704589844,103.54000091552734,4.144000053405762
2024-01-19,21622.400390625,13.880000114440918,4839.81005859375,13.300000190734863,78.55999755859375,2029.300048828125,83.16059875488281,103.29000091552734,4.145999908447266
2024-01-22,,,4850.43017578125,13.1899995803833,80.05999755859375,2022.199951171875,83.12470245361328,103.33000183105469,4.093999862670898
2024-01-23,21238.80078125,14.850000381469727,4864.60009765625,12.550000190734863,79.55000305175781,2025.800048828125,83.09510040283203,103.62000274658203,4.142000198364258
2024-01-24,21453.94921875,14.380000114440918,4868.5498046875,13.140000343322754,80.04000091552734,2016.0,83.22139739990234,103.23999786376953,4.177999973297119
2024-01-25,21352.599609375,13.869999885559082,4894.16015625,13.449999809265137,82.43000030517578,2017.800048828125,83.09760284423828,103.56999969482422,4.131999969482422
2024-01-26,,,4890.97021484375,13.260000228881836,83.55000305175781,2017.300048828125,83.14610290527344,103.47000122070312,4.159999847412109
2024-01-29,21737.599609375,15.680000305175781,4927.93017578125,13.600000381469727,82.4000015258789,2025.4000244140625,83.12129974365234,103.61000061035156,4.091000080108643
2024-01-30,21522.099609375,16.100000381469727,4924.97021484375,13.3100004196167,82.87000274658203,2031.5,83.1530990600586,103.4000015258789,4.059000015258789
2024-01-31,21725.69921875,16.049999237060547,4845.64990234375,14.350000381469727,81.70999908447266,2048.39990234375,83.10970306396484,103.2699966430664,3.9670000076293945
2024-02-01,21697.44921875,14.460000038146973,4906.18994140625,13.880000114440918,78.69999694824219,2071.10009765625,83.05359649658203,103.05000305175781,3.86299991607666
2024-02-02,21853.80078125,14.699999809265137,4958.60986328125,13.850000381469727,77.33000183105469,2053.699951171875,82.92759704589844,103.91999816894531,4.0329999923706055
2024-02-05,21771.69921875,15.619999885559082,4942.81005859375,13.670000076293945,77.98999786376953,2042.9000244140625,82.99929809570312,104.44999694824219,4.164000034332275
2024-02-06,21929.400390625,15.789999961853027,4954.22998046875,13.0600004196167,78.58999633789062,2051.39990234375,83.10369873046875,104.18000030517578,4.090000152587891
2024-02-07,21930.5,15.510000228881836,4995.06005859375,12.829999923706055,79.20999908447266,2051.699951171875,83.07060241699219,104.04000091552734,4.110000133514404
2024-02-08,21717.94921875,15.829999923706055,4997.91015625,12.789999961853027,81.62999725341797,2047.9000244140625,83.01260375976562,104.1500015258789,4.170000076293945
2024-02-09,21782.5,15.449999809265137,5026.60986328125,12.930000305175781,82.19000244140625,2038.699951171875,82.98529815673828,104.08000183105469,4.186999797821045
2024-02-12,21616.05078125,16.059999465942383,5021.83984375,13.930000305175781,82.0,2033.0,83.0145034790039,104.16999816894531,4.171999931335449
2024-02-13,21743.25,15.8100004196167,4953.169921875,15.850000381469727,82.7699966430664,2007.199951171875,82.99019622802734,104.95999908447266,4.315999984741211
2024-02-14,21840.05078125,15.4399995803833,5000.6201171875,14.380000114440918,81.5999984741211,2004.300048828125,83.07460021972656,104.72000122070312,4.267000198364258
2024-02-15,21910.75,15.229999542236328,5029.72998046875,14.010000228881836,82.86000061035156,2014.9000244140625,83.04309844970703,104.30000305175781,4.239999771118164
2024-02-16,22040.69921875,15.220000267028809,5005.56982421875,14.239999771118164,83.47000122070312,2024.0999755859375,83.00959777832031,104.27999877929688,4.295000076293945
2024-02-19,22122.25,,,,,,83.01599884033203,,
2024-02-20,22196.94921875,16.06999969482422,4975.509765625,15.420000076293945,82.33999633789062,2039.800048828125,83.02100372314453,104.08000183105469,4.275000095367432
2024-02-21,22055.05078125,15.930000305175781,4981.7998046875,15.34000015258789,83.02999877929688,2034.300048828125,82.8291015625,104.01000213623047,4.324999809265137
2024-02-22,22217.44921875,15.199999809265137,5087.02978515625,14.539999961853027,83.66999816894531,2030.699951171875,82.93840026855469,103.95999908447266,4.327000141143799
2024-02-23,22212.69921875,14.970000267028809,5088.7998046875,13.75,81.62000274658203,2049.39990234375,82.87229919433594,103.94000244140625,4.260000228881836
2024-02-26,22122.05078125,15.600000381469727,5069.52978515625,13.739999771118164,82.52999877929688,2038.9000244140625,82.88179779052734,103.83000183105469,4.298999786376953
2024-02-27,22198.349609375,15.729999542236328,5078.18017578125,13.430000305175781,83.6500015258789,2044.0999755859375,82.85199737548828,103.83000183105469,4.315000057220459
2024-02-28,21951.150390625,16.329999923706055,5069.759765625,13.84000015258789,83.68000030517578,2042.699951171875,82.94819641113281,103.9800033569336,4.27400016784668
2024-02-29,21982.80078125,15.569999694824219,5096.27001953125,13.399999618530273,83.62000274658203,2054.699951171875,82.91190338134766,104.16000366210938,4.251999855041504
2024-03-01,22338.75,15.239999771118164,5137.080078125,13.109999656677246,83.55000305175781,2095.699951171875,82.910400390625,103.86000061035156,4.179999828338623
2024-03-04,22405.599609375,14.920000076293945,5130.9501953125,13.489999771118164,82.80000305175781,2126.300048828125,82.84609985351562,103.83000183105469,4.218999862670898
2024-03-05,22356.30078125,14.380000114440918,5078.64990234375,14.460000038146973,82.04000091552734,2141.89990234375,82.9104995727539,103.80000305175781,4.13700008392334
2024-03-06,22474.05078125,14.300000190734863,5104.759765625,14.5,82.95999908447266,2158.199951171875,82.88480377197266,103.37000274658203,4.104000091552734
2024-03-07,22493.55078125,13.609999656677246,5157.35986328125,14.4399995803833,82.95999908447266,2165.199951171875,82.81909942626953,102.81999969482422,4.0920000076293945
2024-03-08,,,5123.68994140625,14.739999771118164,82.08000183105469,2185.5,82.7522964477539,102.73999786376953,4.089000225067139
2024-03-11,22332.650390625,14.0,5117.93994140625,15.220000267028809,82.20999908447266,2188.60009765625,82.7520980834961,102.87000274658203,4.104000091552734
2024-03-12,22335.69921875,13.640000343322754,5175.27001953125,13.84000015258789,81.91999816894531,2166.10009765625,82.7782974243164,102.95999908447266,4.15500020980835
2024-03-13,21997.69921875,14.430000305175781,5165.31005859375,13.75,84.02999877929688,2180.800048828125,82.83509826660156,102.79000091552734,4.191999912261963
2024-03-14,22146.650390625,13.619999885559082,5150.47998046875,14.399999618530273,85.41999816894531,2167.5,82.83110046386719,103.36000061035156,4.297999858856201
2024-03-15,22023.349609375,13.6899995803833,5117.08984375,14.40999984741211,85.33999633789062,2161.5,82.9655990600586,103.43000030517578,4.303999900817871
2024-03-18,22055.69921875,13.899999618530273,5149.419921875,14.329999923706055,86.88999938964844,2164.300048828125,82.88890075683594,103.58000183105469,4.340000152587891
2024-03-19,21817.44921875,14.109999656677246,5178.509765625,13.819999694824219,87.37999725341797,2159.699951171875,82.86360168457031,103.80999755859375,4.296999931335449
2024-03-20,21839.099609375,13.470000267028809,5224.6201171875,13.039999961853027,85.94999694824219,2161.0,83.04239654541016,103.41000366210938,4.2729997634887695
2024-03-21,22011.94921875,12.510000228881836,5241.52978515625,12.920000076293945,85.77999877929688,2184.699951171875,83.05460357666016,104.0,4.270999908447266
2024-03-22,22096.75,12.220000267028809,5234.18017578125,13.0600004196167,85.43000030517578,2160.0,83.22660064697266,104.43000030517578,4.2179999351501465
2024-03-25,,,5218.18994140625,13.1899995803833,86.75,2176.39990234375,83.59359741210938,104.2300033569336,4.252999782562256
2024-03-26,22004.69921875,12.819999694824219,5203.580078125,13.239999771118164,86.25,2177.199951171875,83.41739654541016,104.29000091552734,4.234000205993652
2024-03-27,22123.650390625,12.699999809265137,5248.490234375,12.779999732971191,86.08999633789062,2190.60009765625,83.34549713134766,104.3499984741211,4.196000099182129
2024-03-28,22326.900390625,12.829999923706055,5254.35009765625,13.010000228881836,87.4800033569336,2217.39990234375,83.36499786376953,104.55000305175781,4.205999851226807
2024-03-29,,,,,,,83.39299774169922,,
2024-04-01,22462.0,12.079999923706055,5243.77001953125,13.649999618530273,87.41999816894531,2257.10009765625,83.36479949951172,105.0199966430664,4.328999996185303
2024-04-02,22453.30078125,11.649999618530273,5205.81005859375,14.609999656677246,88.91999816894531,2281.800048828125,83.40969848632812,104.81999969482422,4.364999771118164
2024-04-03,22434.650390625,11.369999885559082,5211.490234375,14.329999923706055,89.3499984741211,2315.0,83.35030364990234,104.25,4.355000019073486
2024-04-04,22514.650390625,11.220000267028809,5147.2099609375,16.350000381469727,90.6500015258789,2308.5,83.37329864501953,104.12000274658203,4.309000015258789
2024-04-05,22513.69921875,11.34000015258789,5204.33984375,16.030000686645508,91.16999816894531,2345.39990234375,83.47779846191406,104.30000305175781,4.377999782562256
2024-04-08,22666.30078125,11.609999656677246,5202.39013671875,15.1899995803833,90.37999725341797,2351.0,83.29679870605469,104.13999938964844,4.423999786376953
2024-04-09,22642.75,11.359999656677246,5209.91015625,14.979999542236328,89.41999816894531,2362.39990234375,83.26959991455078,104.1500015258789,4.366000175476074
2024-04-10,22753.80078125,11.109999656677246,5160.64013671875,15.800000190734863,90.4800033569336,2348.39990234375,83.22429656982422,105.25,4.559999942779541
2024-04-11,,,5199.06005859375,14.90999984741211,89.73999786376953,2372.699951171875,83.4126968383789,105.27999877929688,4.576000213623047
2024-04-12,22519.400390625,11.529999732971191,5123.41015625,17.309999465942383,90.44999694824219,2374.10009765625,83.34929656982422,106.04000091552734,4.499000072479248
2024-04-15,22272.5,12.470000267028809,5061.81982421875,19.229999542236328,90.0999984741211,2383.0,83.61109924316406,106.20999908447266,4.627999782562256
2024-04-16,22147.900390625,12.619999885559082,5051.41015625,18.399999618530273,90.0199966430664,2407.800048828125,83.50599670410156,106.26000213623047,4.658999919891357
2024-04-17,,,5022.2099609375,18.209999084472656,87.29000091552734,2388.39990234375,83.6675033569336,105.94999694824219,4.585000038146973
2024-04-18,21995.849609375,13.039999961853027,5011.1201171875,18.0,87.11000061035156,2398.0,83.5958023071289,106.1500015258789,4.646999835968018
2024-04-19,22147.0,13.460000038146973,4967.22998046875,18.709999084472656,87.29000091552734,2413.800048828125,83.54499816894531,106.1500015258789,4.614999771118164
2024-04-22,22336.400390625,12.699999809265137,5010.60009765625,16.940000534057617,87.0,2346.39990234375,83.38529968261719,106.08000183105469,4.623000144958496
2024-04-23,22368.0,10.199999809265137,5070.5498046875,15.6899995803833,88.41999816894531,2342.10009765625,83.38619995117188,105.69000244140625,4.5980000495910645
2024-04-24,22402.400390625,10.279999732971191,5071.6298828125,15.970000267028809,88.0199966430664,2338.39990234375,83.2833023071289,105.86000061035156,4.6519999504089355
2024-04-25,22570.349609375,10.729999542236328,5048.419921875,15.369999885559082,89.01000213623047,2342.5,83.3405990600586,105.5999984741211,4.705999851226807
2024-04-26,22419.94921875,10.930000305175781,5099.9599609375,15.029999732971191,89.5,2347.199951171875,83.30180358886719,105.94000244140625,4.669000148773193
2024-04-29,22643.400390625,12.239999771118164,5116.169921875,14.670000076293945,88.4000015258789,2357.699951171875,83.40229797363281,105.58000183105469,4.613999843597412
2024-04-30,22604.849609375,12.869999885559082,5035.68994140625,15.649999618530273,87.86000061035156,2302.89990234375,83.45110321044922,106.22000122070312,4.685999870300293
2024-05-01,,,5018.39013671875,15.390000343322754,83.44000244140625,2311.0,83.49839782714844,105.76000213623047,4.59499979019165
2024-05-02,22648.19921875,13.449999809265137,5064.2001953125,14.680000305175781,83.66999816894531,2309.60009765625,83.40640258789062,105.30000305175781,4.571000099182129
2024-05-03,22475.849609375,14.619999885559082,5127.7900390625,13.489999771118164,82.95999908447266,2308.60009765625,83.40630340576172,105.02999877929688,4.5
2024-05-06,22442.69921875,16.600000381469727,5180.740234375,13.489999771118164,83.33000183105469,2331.199951171875,83.37999725341797,105.05000305175781,4.488999843597412
2024-05-07,22302.5,17.010000228881836,5187.7001953125,13.229999542236328,83.16000366210938,2324.199951171875,83.4728012084961,105.41000366210938,4.4629998207092285
2024-05-08,22302.5,17.079999923706055,5187.669921875,13.0,83.58000183105469,2322.300048828125,83.46990203857422,105.55000305175781,4.492000102996826
2024-05-09,21957.5,18.200000762939453,5214.080078125,12.6899995803833,83.87999725341797,2340.300048828125,83.46430206298828,105.2300033569336,4.448999881744385
2024-05-10,22055.19921875,18.469999313354492,5222.68017578125,12.550000190734863,82.79000091552734,2375.0,83.45939636230469,105.30999755859375,4.504000186920166
2024-05-13,22104.05078125,20.600000381469727,5221.419921875,13.600000381469727,83.36000061035156,2343.0,83.5248031616211,105.22000122070312,4.480999946594238
2024-05-14,22217.849609375,20.200000762939453,5246.68017578125,13.420000076293945,82.37999725341797,2359.89990234375,83.50550079345703,105.01000213623047,4.445000171661377
2024-05-15,22200.55078125,20.270000457763672,5308.14990234375,12.449999809265137,82.75,2394.89990234375,83.52420043945312,104.3499984741211,4.355999946594238
2024-05-16,22403.849609375,20.0,5297.10009765625,12.420000076293945,83.2699966430664,2385.5,83.40509796142578,104.45999908447266,4.376999855041504
2024-05-17,22466.099609375,19.799999237060547,5303.27001953125,11.989999771118164,83.9800033569336,2417.39990234375,83.47010040283203,104.44999694824219,4.420000076293945
2024-05-20,,,5308.1298828125,12.149999618530273,83.70999908447266,2438.5,83.30039978027344,104.56999969482422,4.436999797821045
2024-05-21,22529.05078125,21.809999465942383,5321.41015625,11.859999656677246,82.87999725341797,2425.89990234375,83.31500244140625,104.66000366210938,4.414000034332275
2024-05-22,22597.80078125,21.469999313354492,5307.009765625,12.289999961853027,81.9000015258789,2392.89990234375,83.31680297851562,104.94000244140625,4.434000015258789
2024-05-23,22967.650390625,21.3799991607666,5267.83984375,12.770000457763672,81.36000061035156,2337.199951171875,83.26709747314453,105.11000061035156,4.474999904632568
2024-05-24,22957.099609375,21.709999084472656,5304.72021484375,11.930000305175781,82.12000274658203,2334.5,83.2863998413086,104.72000122070312,4.4670000076293945
2024-05-27,22932.44921875,23.190000534057617,,,,,83.05220031738281,,
2024-05-28,22888.150390625,24.200000762939453,5306.0400390625,12.920000076293945,84.22000122070312,2356.5,83.14569854736328,104.61000061035156,4.541999816894531
2024-05-29,22704.69921875,24.18000030517578,5266.9501953125,14.279999732971191,83.5999984741211,2341.199951171875,83.20649719238281,105.0999984741211,4.624000072479248
2024-05-30,22488.650390625,24.18000030517578,5235.47998046875,14.470000267028809,81.86000061035156,2342.89990234375,83.3656005859375,104.72000122070312,4.553999900817871
2024-05-31,22530.69921875,24.600000381469727,5277.509765625,12.920000076293945,81.62000274658203,2322.89990234375,83.3208999633789,104.66999816894531,4.513999938964844
2024-06-03,23263.900390625,20.940000534057617,5283.39990234375,13.109999656677246,78.36000061035156,2369.300048828125,83.45079803466797,104.13999938964844,4.4019999504089355
2024-06-04,21884.5,26.75,5291.33984375,13.15999984741211,77.5199966430664,2347.39990234375,83.09339904785156,104.11000061035156,4.335999965667725
2024-06-05,22620.349609375,18.889999389648438,5354.02978515625,12.630000114440918,78.41000366210938,2375.5,83.62940216064453,104.2699966430664,4.289000034332275
2024-06-06,22821.400390625,16.799999237060547,5352.9599609375,12.579999923706055,79.87000274658203,2390.89990234375,83.38079833984375,104.0999984741211,4.281000137329102
2024-06-07,23290.150390625,16.8799991607666,5346.990234375,12.220000267028809,79.62000274658203,2325.0,83.47309875488281,104.88999938964844,4.429999828338623
2024-06-10,23259.19921875,16.399999618530273,5360.7900390625,12.739999771118164,81.62999725341797,2327.0,83.52760314941406,105.1500015258789,4.468999862670898
2024-06-11,23264.849609375,14.770000457763672,5375.31982421875,12.850000381469727,81.91999816894531,2326.60009765625,83.52980041503906,105.2300033569336,4.4039998054504395
2024-06-12,23322.94921875,14.390000343322754,5421.02978515625,12.039999961853027,82.5999984741211,2354.800048828125,83.5968017578125,104.6500015258789,4.295000076293945
2024-06-13,23398.900390625,13.489999771118164,5433.740234375,11.9399995803833,82.75,2318.0,83.5343017578125,105.19999694824219,4.23799991607666
2024-06-14,23465.599609375,12.819999694824219,5431.60009765625,12.65999984741211,82.62000274658203,2349.10009765625,83.52210235595703,105.55000305175781,4.2129998207092285
2024-06-17,,,5473.22998046875,12.75,84.25,2329.0,83.55180358886719,105.31999969482422,4.2789998054504395
2024-06-18,23557.900390625,12.970000267028809,5487.02978515625,12.300000190734863,85.33000183105469,2346.89990234375,83.51010131835938,105.26000213623047,4.2170000076293945
2024-06-19,23516.0,13.710000038146973,,,,,83.37409973144531,,
2024-06-20,23567.0,13.350000381469727,5473.169921875,13.279999732971191,85.70999908447266,2369.0,83.41950225830078,105.58999633789062,4.254000186920166
2024-06-21,23501.099609375,13.180000305175781,5464.6201171875,13.199999809265137,85.23999786376953,2331.199951171875,83.60160064697266,105.80000305175781,4.256999969482422
2024-06-24,23537.849609375,14.0600004196167,5447.8701171875,13.329999923706055,86.01000213623047,2344.39990234375,83.5625,105.47000122070312,4.248000144958496
2024-06-25,23721.30078125,14.3100004196167,5469.2998046875,12.84000015258789,85.01000213623047,2330.800048828125,83.46040344238281,105.61000061035156,4.23799991607666
2024-06-26,23868.80078125,14.050000190734863,5477.89990234375,12.550000190734863,85.25,2313.199951171875,83.41459655761719,106.05000305175781,4.315999984741211
2024-06-27,24044.5,14.149999618530273,5482.8701171875,12.239999771118164,86.38999938964844,2336.60009765625,83.58039855957031,105.91000366210938,4.288000106811523
2024-06-28,24010.599609375,13.800000190734863,5460.47998046875,12.4399995803833,86.41000366210938,2339.60009765625,83.45089721679688,105.87000274658203,4.3429999351501465
2024-07-01,24141.94921875,13.829999923706055,5475.08984375,12.220000267028809,86.5999984741211,2338.89990234375,83.36750030517578,105.9000015258789,4.479000091552734
2024-07-02,24123.849609375,13.640000343322754,5509.009765625,12.029999732971191,86.23999786376953,2333.39990234375,83.44129943847656,105.72000122070312,4.435999870300293
2024-07-03,24286.5,13.210000038146973,5537.02001953125,12.09000015258789,87.33999633789062,2369.39990234375,83.4791030883789,105.4000015258789,4.355000019073486
2024-07-04,24302.150390625,12.859999656677246,,,,,83.49120330810547,,
2024-07-05,24323.849609375,12.699999809265137,5567.18994140625,12.479999542236328,86.54000091552734,2397.699951171875,83.49340057373047,104.87999725341797,4.271999835968018
2024-07-08,24320.55078125,13.600000381469727,5572.85009765625,12.369999885559082,85.75,2363.5,83.47209930419922,105.01000213623047,4.269000053405762
2024-07-09,24433.19921875,14.279999732971191,5576.97998046875,12.510000228881836,84.66000366210938,2367.89990234375,83.45760345458984,105.12000274658203,4.300000190734863
2024-07-10,24324.44921875,14.430000305175781,5633.91015625,12.850000381469727,85.08000183105469,2379.699951171875,83.49299621582031,105.05000305175781,4.28000020980835
2024-07-11,24315.94921875,14.0,5584.5400390625,12.920000076293945,85.4000015258789,2421.89990234375,83.49590301513672,104.44000244140625,4.192999839782715
2024-07-12,24502.150390625,13.729999542236328,5615.35009765625,12.460000038146973,85.02999877929688,2420.699951171875,83.51850128173828,104.08999633789062,4.189000129699707
2024-07-15,24586.69921875,14.1899995803833,5631.22021484375,13.119999885559082,84.8499984741211,2428.89990234375,83.52030181884766,104.19000244140625,4.229000091552734
2024-07-16,24613.0,14.220000267028809,5667.2001953125,13.1899995803833,83.7300033569336,2467.800048828125,83.58760070800781,104.2699966430664,4.166999816894531
2024-07-17,,,5588.27001953125,14.479999542236328,85.08000183105469,2459.89990234375,83.52960205078125,103.75,4.145999908447266
2024-07-18,24800.849609375,14.510000228881836,5544.58984375,15.930000305175781,85.11000061035156,2456.39990234375,83.57209777832031,104.16999816894531,4.189000129699707
2024-07-19,24530.900390625,14.829999923706055,5505.0,16.520000457763672,82.62999725341797,2399.10009765625,83.67430114746094,104.4000015258789,4.238999843597412
2024-07-22,24509.25,15.4399995803833,5564.41015625,14.90999984741211,82.4000015258789,2394.699951171875,83.73030090332031,104.30999755859375,4.260000228881836
2024-07-23,24479.05078125,12.75,5555.740234375,14.720000267028809,81.01000213623047,2407.300048828125,83.67130279541016,104.44999694824219,4.238999843597412
2024-07-24,24413.5,11.760000228881836,5427.1298828125,18.040000915527344,81.70999908447266,2415.699951171875,83.70680236816406,104.38999938964844,4.285999774932861
2024-07-25,24406.099609375,12.619999885559082,5399.22021484375,18.459999084472656,82.37000274658203,2353.5,83.74299621582031,104.36000061035156,4.25600004196167
2024-07-26,24834.849609375,12.25,5459.10009765625,16.389999389648438,81.12999725341797,2381.0,83.73760223388672,104.31999969482422,4.199999809265137
2024-07-29,24836.099609375,12.949999809265137,5463.5400390625,16.600000381469727,79.77999877929688,2377.800048828125,83.72779846191406,104.55999755859375,4.177999973297119
2024-07-30,24857.30078125,12.880000114440918,5436.43994140625,17.690000534057617,78.62999725341797,2405.0,83.75050354003906,104.55000305175781,4.14300012588501
2024-07-31,24951.150390625,13.25,5522.2998046875,16.360000610351562,80.72000122070312,2426.5,83.73899841308594,104.0999984741211,4.109000205993652
2024-08-01,25010.900390625,12.930000305175781,5446.68017578125,18.59000015258789,79.5199966430664,2480.800048828125,83.7177963256836,104.41999816894531,3.9760000705718994
2024-08-02,24717.69921875,14.319999694824219,5346.56005859375,23.389999389648438,76.80999755859375,2469.800048828125,83.743896484375,103.20999908447266,3.7920000553131104
2024-08-05,24055.599609375,20.3700008392334,5186.330078125,38.56999969482422,76.30000305175781,2444.39990234375,83.73529815673828,102.69000244140625,3.7850000858306885
2024-08-06,23992.55078125,18.739999771118164,5240.02978515625,27.709999084472656,76.4800033569336,2431.60009765625,84.00260162353516,102.97000122070312,3.888000011444092
2024-08-07,24297.5,16.170000076293945,5199.5,27.850000381469727,78.33000183105469,2432.39990234375,83.93489837646484,103.19999694824219,3.9679999351501465
2024-08-08,24117.0,16.600000381469727,5319.31005859375,23.790000915527344,79.16000366210938,2463.300048828125,83.94239807128906,103.20999908447266,3.996999979019165
2024-08-09,24367.5,15.34000015258789,5344.16015625,20.3700008392334,79.66000366210938,2473.39990234375,83.98899841308594,103.13999938964844,3.941999912261963
2024-08-12,24347.0,15.869999885559082,5344.39013671875,20.709999084472656,82.30000305175781,2504.0,83.94979858398438,103.13999938964844,3.9089999198913574
2024-08-13,24139.0,16.170000076293945,5434.43017578125,18.1200008392334,80.69000244140625,2507.800048828125,83.88999938964844,102.55999755859375,3.8519999980926514
2024-08-14,24143.75,15.4399995803833,5455.2099609375,16.190000534057617,79.76000213623047,2479.699951171875,83.88200378417969,102.56999969482422,3.819999933242798
2024-08-15,,,5543.22021484375,15.229999542236328,81.04000091552734,2492.39990234375,83.97149658203125,102.9800033569336,3.9260001182556152
2024-08-16,24541.150390625,14.399999618530273,5554.25,14.800000190734863,79.68000030517578,2537.800048828125,83.94830322265625,102.45999908447266,3.8919999599456787
2024-08-19,24572.650390625,14.319999694824219,5608.25,14.649999618530273,77.66000366210938,2541.300048828125,83.88980102539062,101.88999938964844,3.867000102996826
2024-08-20,24698.849609375,13.819999694824219,5597.1201171875,15.880000114440918,77.19999694824219,2550.60009765625,83.87860107421875,101.44000244140625,3.818000078201294
2024-08-21,24770.19921875,13.329999923706055,5620.85009765625,16.270000457763672,76.05000305175781,2547.5,83.77940368652344,101.04000091552734,3.7780001163482666
2024-08-22,24811.5,13.0,5570.64013671875,17.549999237060547,77.22000122070312,2516.699951171875,83.88860321044922,101.51000213623047,3.861999988555908
2024-08-23,24823.150390625,13.550000190734863,5634.60986328125,15.859999656677246,79.0199966430664,2546.300048828125,83.94059753417969,100.72000122070312,3.806999921798706
2024-08-26,25010.599609375,13.800000190734863,5616.83984375,16.149999618530273,81.43000030517578,2555.199951171875,83.81379699707031,100.8499984741211,3.818000078201294
2024-08-27,25017.75,13.630000114440918,5625.7998046875,15.430000305175781,79.55000305175781,2552.89990234375,83.88369750976562,100.55000305175781,3.8329999446868896
2024-08-28,25052.349609375,13.949999809265137,5592.18017578125,17.110000610351562,78.6500015258789,2537.800048828125,83.92160034179688,101.08999633789062,3.8410000801086426
2024-08-29,25151.94921875,13.789999961853027,5591.9599609375,15.649999618530273,79.94000244140625,2560.300048828125,83.94149780273438,101.33999633789062,3.867000102996826
2024-08-30,25235.900390625,13.390000343322754,5648.39990234375,15.0,78.80000305175781,2527.60009765625,83.89510345458984,101.69999694824219,3.9110000133514404
2024-09-02,25278.69921875,14.0600004196167,,,,,83.86380004882812,,
2024-09-03,25279.849609375,13.84000015258789,5528.93017578125,20.719999313354492,73.75,2523.0,83.92729949951172,101.83000183105469,3.8440001010894775
2024-09-04,25198.69921875,14.380000114440918,5520.06982421875,21.31999969482422,72.69999694824219,2526.0,83.95030212402344,101.36000061035156,3.7679998874664307
2024-09-05,25145.099609375,14.210000038146973,5503.41015625,19.899999618530273,72.69000244140625,2543.10009765625,83.98249816894531,101.11000061035156,3.7309999465942383
2024-09-06,24852.150390625,15.220000267028809,5408.419921875,22.3799991607666,71.05999755859375,2524.60009765625,83.98359680175781,101.18000030517578,3.7100000381469727
2024-09-09,24936.400390625,14.239999771118164,5471.0498046875,19.450000762939453,71.83999633789062,2532.699951171875,83.98259735107422,101.55000305175781,3.697000026702881
2024-09-10,25041.099609375,13.359999656677246,5495.52001953125,19.079999923706055,69.19000244140625,2543.10009765625,83.98090362548828,101.62999725341797,3.6459999084472656
2024-09-11,24918.44921875,13.630000114440918,5554.1298828125,17.690000534057617,70.61000061035156,2542.39990234375,83.98200225830078,101.68000030517578,3.6530001163482666
2024-09-12,25388.900390625,13.180000305175781,5595.759765625,17.06999969482422,71.97000122070312,2580.60009765625,83.99259948730469,101.37000274658203,3.680000066757202
2024-09-13,25356.5,12.550000190734863,5626.02001953125,16.559999465942383,71.61000061035156,2610.699951171875,83.93479919433594,101.11000061035156,3.6500000953674316
2024-09-16,25383.75,12.460000038146973,5633.08984375,17.139999389648438,72.75,2608.89990234375,83.88480377197266,100.76000213623047,3.621000051498413
2024-09-17,25418.55078125,12.59000015258789,5634.580078125,17.610000610351562,73.69999694824219,2592.39990234375,83.88400268554688,100.88999938964844,3.6419999599456787
2024-09-18,25377.55078125,13.369999885559082,5618.259765625,18.229999542236328,73.6500015258789,2598.60009765625,83.77059936523438,100.5999984741211,3.684999942779541
2024-09-19,25415.80078125,12.470000267028809,5713.64013671875,16.329999923706055,74.87999725341797,2614.60009765625,83.69170379638672,100.61000061035156,3.740000009536743
2024-09-20,25790.94921875,12.789999961853027,5702.5498046875,16.149999618530273,74.48999786376953,2646.199951171875,83.61470031738281,100.72000122070312,3.7279999256134033
2024-09-23,25939.05078125,13.789999961853027,5718.56982421875,15.890000343322754,73.9000015258789,2652.5,83.48709869384766,100.91999816894531,3.739000082015991
2024-09-24,25940.400390625,13.390000343322754,5732.93017578125,15.390000343322754,75.16999816894531,2677.0,83.55960083007812,100.37000274658203,3.7360000610351562
2024-09-25,26004.150390625,12.739999771118164,5722.259765625,15.40999984741211,73.45999908447266,2684.699951171875,83.56759643554688,100.91999816894531,3.7809998989105225
2024-09-26,26216.05078125,12.0,5745.3701171875,15.369999885559082,71.5999984741211,2694.89990234375,83.62409973144531,100.55999755859375,3.7909998893737793
2024-09-27,26178.94921875,11.960000038146973,5738.169921875,16.959999084472656,71.9800033569336,2668.10009765625,83.61710357666016,100.41999816894531,3.749000072479248
2024-09-30,25810.849609375,12.789999961853027,5762.47998046875,16.729999542236328,71.7699966430664,2659.39990234375,83.71640014648438,100.77999877929688,3.802000045776367
2024-10-01,25796.900390625,11.989999771118164,5708.75,19.260000228881836,73.55999755859375,2690.300048828125,83.82730102539062,101.19000244140625,3.743000030517578
2024-10-02,,,5709.5400390625,18.899999618530273,73.9000015258789,2669.699951171875,83.87210083007812,101.68000030517578,3.7850000858306885
2024-10-03,25250.099609375,13.170000076293945,5699.93994140625,20.489999771118164,77.62000274658203,2679.199951171875,83.91960144042969,101.98999786376953,3.8499999046325684
2024-10-04,25014.599609375,14.130000114440918,5751.06982421875,19.209999084472656,78.05000305175781,2667.800048828125,84.0093994140625,102.5199966430664,3.9809999465942383
2024-10-07,24795.75,15.079999923706055,5695.93994140625,22.639999389648438,80.93000030517578,2666.0,84.02780151367188,102.54000091552734,4.026000022888184
2024-10-08,25013.150390625,14.59000015258789,5751.1298828125,21.420000076293945,77.18000030517578,2635.39990234375,83.96410369873047,102.55000305175781,4.0329999923706055
2024-10-09,24981.94921875,14.119999885559082,5792.0400390625,20.860000610351562,76.58000183105469,2626.0,83.91459655761719,102.93000030517578,4.066999912261963
2024-10-10,24998.44921875,13.5,5780.0498046875,20.93000030517578,79.4000015258789,2639.300048828125,83.94219970703125,102.98999786376953,4.0960001945495605
2024-10-11,24964.25,13.220000267028809,5815.02978515625,20.459999084472656,79.04000091552734,2676.300048828125,83.94599914550781,102.88999938964844,4.072999954223633
2024-10-14,25127.94921875,13.0,5859.85009765625,19.700000762939453,77.45999908447266,2665.60009765625,84.16829681396484,103.30000305175781,4.0980000495910645
2024-10-15,25057.349609375,13.0,5815.259765625,20.639999389648438,74.25,2678.89990234375,84.04850006103516,103.26000213623047,4.038000106811523
2024-10-16,24971.30078125,13.050000190734863,5842.47021484375,19.579999923706055,74.22000122070312,2691.300048828125,84.05619812011719,103.58999633789062,4.015999794006348
2024-10-17,24749.849609375,13.390000343322754,5841.47021484375,19.110000610351562,74.44999694824219,2707.5,84.03929901123047,103.83000183105469,4.0960001945495605
2024-10-18,24854.05078125,13.039999961853027,5864.669921875,18.030000686645508,73.05999755859375,2730.0,84.05380249023438,103.48999786376953,4.072999954223633
2024-10-21,24781.099609375,13.760000228881836,5853.97998046875,18.3700008392334,74.29000091552734,2738.89990234375,84.0687026977539,104.01000213623047,4.182000160217285
2024-10-22,24472.099609375,14.399999618530273,5851.2001953125,18.200000762939453,76.04000091552734,2759.800048828125,84.07350158691406,104.08000183105469,4.203999996185303
2024-10-23,24435.5,14.619999885559082,5797.419921875,19.239999771118164,74.95999908447266,2729.39990234375,84.08399963378906,104.43000030517578,4.242000102996826
2024-10-24,24399.400390625,13.970000267028809,5809.85986328125,19.079999923706055,74.37999725341797,2748.89990234375,84.06759643554688,104.05999755859375,4.199999809265137
2024-10-25,24180.80078125,14.630000114440918,5808.1201171875,20.329999923706055,76.05000305175781,2754.60009765625,84.08180236816406,104.26000213623047,4.23199987411499
2024-10-28,24339.150390625,14.289999961853027,5823.52001953125,19.799999237060547,71.41999816894531,2755.89990234375,84.10199737548828,104.31999969482422,4.2779998779296875
2024-10-29,24466.849609375,14.520000457763672,5832.919921875,19.34000015258789,71.12000274658203,2781.10009765625,84.10279846191406,104.27999877929688,4.27400016784668
2024-10-30,24340.849609375,15.510000228881836,5813.669921875,20.350000381469727,72.55000305175781,2800.800048828125,84.08930206298828,103.98999786376953,4.265999794006348
2024-10-31,24205.349609375,15.550000190734863,5705.4501953125,23.15999984741211,73.16000366210938,2749.300048828125,84.08910369873047,103.9800033569336,4.283999919891357
2024-11-01,24304.349609375,15.899999618530273,5728.7998046875,21.8799991607666,73.0999984741211,2749.199951171875,84.09149932861328,104.27999877929688,4.361000061035156
2024-11-04,23995.349609375,16.690000534057617,5712.68994140625,21.979999542236328,75.08000183105469,2746.199951171875,84.13359832763672,103.88999938964844,4.309000015258789
2024-11-05,24213.30078125,16.1200008392334,5782.759765625,20.489999771118164,75.52999877929688,2749.699951171875,84.15249633789062,103.41999816894531,4.289000034332275
2024-11-06,24484.05078125,14.869999885559082,5929.0400390625,16.270000457763672,74.91999816894531,2676.300048828125,84.11630249023438,105.08999633789062,4.426000118255615
2024-11-07,24199.349609375,14.9399995803833,5973.10009765625,15.199999809265137,75.62999725341797,2705.800048828125,84.2511978149414,104.51000213623047,4.341000080108643
2024-11-08,24148.19921875,14.470000267028809,5995.5400390625,14.9399995803833,73.87000274658203,2694.800048828125,84.306396484375,105.0,4.306000232696533
2024-11-11,24141.30078125,14.270000457763672,6001.35009765625,14.970000267028809,71.83000183105469,2617.699951171875,84.38289642333984,105.54000091552734,4.308000087738037
2024-11-12,23883.44921875,14.59000015258789,5983.990234375,14.710000038146973,71.88999938964844,2606.300048828125,84.39649963378906,106.0199966430664,4.432000160217285
2024-11-13,23559.05078125,15.4399995803833,5985.3798828125,14.020000457763672,72.27999877929688,2586.5,84.39530181884766,106.4800033569336,4.451000213623047
2024-11-14,23532.69921875,14.779999732971191,5949.169921875,14.3100004196167,72.55999755859375,2572.89990234375,84.4229965209961,106.66999816894531,4.418000221252441
2024-11-15,,,5870.6201171875,16.139999389648438,71.04000091552734,2570.10009765625,84.47380065917969,106.69000244140625,4.427999973297119
2024-11-18,23453.80078125,15.170000076293945,5893.6201171875,15.579999923706055,73.30000305175781,2614.60009765625,84.47750091552734,106.27999877929688,4.414000034332275
2024-11-19,23518.5,15.65999984741211,5916.97998046875,16.350000381469727,73.30999755859375,2631.0,84.39849853515625,106.20999908447266,4.379000186920166
2024-11-20,,,5917.10986328125,17.15999984741211,72.80999755859375,2651.699951171875,84.39759826660156,106.68000030517578,4.406000137329102
2024-11-21,23349.900390625,15.989999771118164,5948.7099609375,16.8700008392334,74.2300033569336,2674.89990234375,84.38310241699219,106.97000122070312,4.432000160217285
2024-11-22,23907.25,16.100000381469727,5969.33984375,15.239999771118164,75.16999816894531,2712.199951171875,84.48829650878906,107.48999786376953,4.409999847412109
2024-11-25,24221.900390625,15.300000190734863,5987.3701171875,14.600000381469727,73.01000213623047,2618.5,84.43599700927734,106.81999969482422,4.264999866485596
2024-11-26,24194.5,15.3100004196167,6021.6298828125,14.100000381469727,72.80999755859375,2621.300048828125,84.37750244140625,107.01000213623047,4.302000045776367
2024-11-27,24274.900390625,14.630000114440918,5998.740234375,14.100000381469727,72.83000183105469,2639.89990234375,84.33910369873047,106.08000183105469,4.242000102996826
2024-11-28,23914.150390625,15.210000038146973,,,,,84.42030334472656,,
2024-11-29,24131.099609375,14.430000305175781,6032.3798828125,13.510000228881836,72.94000244140625,2657.0,84.47160339355469,105.73999786376953,4.177999973297119
2024-12-02,24276.05078125,14.699999809265137,6047.14990234375,13.34000015258789,71.83000183105469,2658.5,84.55699920654297,106.44999694824219,4.196000099182129
2024-12-03,24457.150390625,14.369999885559082,6049.8798828125,13.300000190734863,73.62000274658203,2667.89990234375,84.73709869384766,106.37000274658203,4.2230000495910645
2024-12-04,24467.44921875,14.449999809265137,6086.490234375,13.449999809265137,72.30999755859375,2676.199951171875,84.68309783935547,106.33999633789062,4.179999828338623
2024-12-05,24708.400390625,14.529999732971191,6075.10986328125,13.539999961853027,72.08999633789062,2648.39990234375,84.70700073242188,105.70999908447266,4.179999828338623
2024-12-06,24677.80078125,14.140000343322754,6090.27001953125,12.770000457763672,71.12000274658203,2659.60009765625,84.68379974365234,105.97000122070312,4.151000022888184
2024-12-09,24619.0,14.109999656677246,6052.85009765625,14.1899995803833,72.13999938964844,2685.800048828125,84.66600036621094,106.1500015258789,4.198999881744385
2024-12-10,24610.05078125,13.779999732971191,6034.91015625,14.180000305175781,72.19000244140625,2718.39990234375,84.84729766845703,106.4000015258789,4.2210001945495605
2024-12-11,24641.80078125,13.270000457763672,6084.18994140625,13.579999923706055,73.5199966430664,2756.699951171875,84.8740005493164,106.70999908447266,4.270999908447266
2024-12-12,24548.69921875,13.1899995803833,6051.25,13.920000076293945,73.41000366210938,2709.39990234375,84.85710144042969,106.95999908447266,4.323999881744385
2024-12-13,24768.30078125,13.050000190734863,6051.08984375,13.8100004196167,74.48999786376953,2675.800048828125,84.83920288085938,107.0,4.39900016784668
2024-12-16,24668.25,14.020000457763672,6074.080078125,14.6899995803833,73.91000366210938,2670.0,84.802001953125,106.86000061035156,4.396999835968018
2024-12-17,24336.0,14.489999771118164,6050.60986328125,15.869999885559082,73.19000244140625,2662.0,84.91729736328125,106.95999908447266,4.385000228881836
2024-12-18,24198.849609375,14.369999885559082,5872.16015625,27.6200008392334,73.38999938964844,2653.300048828125,84.91539764404297,108.02999877929688,4.49399995803833
2024-12-19,23951.69921875,14.510000228881836,5867.080078125,24.09000015258789,72.87999725341797,2608.10009765625,85.16549682617188,108.41000366210938,4.570000171661377
2024-12-20,23587.5,15.069999694824219,5930.85009765625,18.360000610351562,72.94000244140625,2645.10009765625,85.27940368652344,107.62000274658203,4.52400016784668
2024-12-23,23753.44921875,13.520000457763672,5974.06982421875,16.780000686645508,72.62999725341797,2628.199951171875,84.94499969482422,108.04000091552734,4.598999977111816
2024-12-24,23727.650390625,13.180000305175781,6040.0400390625,14.270000457763672,73.58000183105469,2635.5,85.0988998413086,108.26000213623047,4.591000080108643
2024-12-25,,,,,,,85.18150329589844,,
2024-12-26,23750.19921875,14.039999961853027,6037.58984375,14.729999542236328,73.26000213623047,2653.89990234375,85.41339874267578,108.12999725341797,4.578999996185303
2024-12-27,23813.400390625,13.239999771118164,5970.83984375,15.949999809265137,74.16999816894531,2631.89990234375,85.26090240478516,108.0,4.61899995803833
2024-12-30,23644.900390625,13.970000267028809,5906.93994140625,17.399999618530273,74.38999938964844,2618.10009765625,85.38600158691406,108.12999725341797,4.545000076293945
2024-12-31,23644.80078125,14.449999809265137,5881.6298828125,17.350000381469727,74.63999938964844,2641.0,85.7865982055664,108.48999786376953,4.572999954223633
2025-01-01,23742.900390625,,,,,,,,
2025-01-02,24188.650390625,13.739999771118164,5868.5498046875,17.93000030517578,75.93000030517578,2669.0,85.78569793701172,109.38999938964844,4.574999809265137
2025-01-03,24004.75,13.539999961853027,5942.47021484375,16.1299991607666,76.51000213623047,2654.699951171875,85.80400085449219,108.94999694824219,4.5960001945495605
2025-01-06,23616.05078125,15.649999618530273,5975.3798828125,16.040000915527344,76.30000305175781,2647.39990234375,85.75900268554688,108.26000213623047,4.618000030517578
2025-01-07,23707.900390625,14.65999984741211,5909.02978515625,17.81999969482422,77.05000305175781,2665.39990234375,85.68070220947266,108.54000091552734,4.683000087738037
2025-01-08,23688.94921875,14.470000267028809,5918.25,17.700000762939453,76.16000366210938,2672.39990234375,85.80650329589844,109.08999633789062,4.692999839782715
2025-01-09,23526.5,14.65999984741211,,,76.91999816894531,2690.800048828125,85.90750122070312,109.18000030517578,
2025-01-10,23431.5,14.920000076293945,5827.0400390625,19.540000915527344,79.76000213623047,2715.0,85.91999816894531,109.6500015258789,4.776000022888184
2025-01-13,23085.94921875,16.0,5836.22021484375,19.190000534057617,81.01000213623047,2678.60009765625,86.18800354003906,109.95999908447266,4.802999973297119
2025-01-14,23176.05078125,15.470000267028809,5842.91015625,18.709999084472656,79.91999816894531,2682.300048828125,86.65059661865234,109.2699966430664,4.788000106811523
2025-01-15,23213.19921875,15.260000228881836,5949.91015625,16.1200008392334,82.02999877929688,2717.800048828125,86.535400390625,109.08999633789062,4.6529998779296875
2025-01-16,23311.80078125,15.470000267028809,5937.33984375,16.600000381469727,81.29000091552734,2750.89990234375,86.43099975585938,108.95999908447266,4.605999946594238
2025-01-17,23203.19921875,15.75,5996.66015625,15.970000267028809,80.79000091552734,2748.699951171875,86.6061019897461,109.3499984741211,4.609000205993652
2025-01-20,23344.75,16.420000076293945,,,,,86.56900024414062,,
2025-01-21,23024.650390625,17.059999465942383,6049.240234375,15.0600004196167,79.29000091552734,2759.199951171875,86.21109771728516,108.05999755859375,4.573999881744385
2025-01-22,23155.349609375,16.770000457763672,6086.3701171875,15.100000381469727,79.0,2770.89990234375,86.45189666748047,108.16999816894531,4.598999977111816
2025-01-23,23205.349609375,16.700000762939453,6118.7099609375,15.020000457763672,78.29000091552734,2765.0,86.47270202636719,108.05000305175781,4.638000011444092
2025-01-24,23092.19921875,16.75,6101.240234375,14.850000381469727,78.5,2778.89990234375,86.44020080566406,107.44000244140625,4.625999927520752
2025-01-27,22829.150390625,18.1299991607666,6012.27978515625,17.899999618530273,77.08000183105469,2738.39990234375,86.2030029296875,107.33999633789062,4.5279998779296875
2025-01-28,22957.25,18.200000762939453,6067.7001953125,16.40999984741211,77.48999786376953,2767.5,86.46839904785156,107.87000274658203,4.551000118255615
2025-01-29,23163.099609375,18.639999389648438,6039.31005859375,16.559999465942383,76.58000183105469,2769.800048828125,86.58460235595703,108.0,4.554999828338623
2025-01-30,23249.5,17.389999389648438,6071.169921875,15.84000015258789,76.87000274658203,2823.0,86.6406021118164,107.80000305175781,4.51200008392334
2025-01-31,23508.400390625,16.25,6040.52978515625,16.43000030517578,76.76000213623047,2812.5,86.64700317382812,108.37000274658203,4.568999767303467
2025-02-01,23482.150390625,,,,,,,,
2025-02-03,23361.05078125,14.350000381469727,5994.56982421875,18.6200008392334,75.95999908447266,2857.10009765625,86.55400085449219,108.98999786376953,4.543000221252441
2025-02-04,23739.25,14.020000457763672,6037.8798828125,17.209999084472656,76.19999694824219,2875.800048828125,86.94339752197266,107.95999908447266,4.513000011444092
2025-02-05,23696.30078125,14.079999923706055,6061.47998046875,15.770000457763672,74.61000061035156,2893.0,87.13009643554688,107.58000183105469,4.421999931335449
2025-02-06,23603.349609375,14.180000305175781,6083.56982421875,15.5,74.29000091552734,2876.699951171875,87.33409881591797,107.69000244140625,4.440000057220459
2025-02-07,23559.94921875,13.6899995803833,6025.990234375,16.540000915527344,74.66000366210938,2887.60009765625,87.58830261230469,108.04000091552734,4.486999988555908
2025-02-10,23381.599609375,14.449999809265137,6066.43994140625,15.8100004196167,75.87000274658203,2934.39990234375,87.51309967041016,108.31999969482422,4.493000030517578
2025-02-11,23071.80078125,14.869999885559082,6068.5,16.020000457763672,77.0,2932.60009765625,87.49009704589844,107.95999908447266,4.5370001792907715
2025-02-12,23045.25,14.899999618530273,6051.97021484375,15.890000343322754,75.18000030517578,2928.699951171875,86.81120300292969,107.94000244140625,4.63700008392334
2025-02-13,23031.400390625,14.960000038146973,6115.06982421875,15.100000381469727,75.0199966430664,2945.39990234375,86.8740005493164,107.30999755859375,4.525000095367432
2025-02-14,22929.25,15.020000457763672,6114.6298828125,14.770000457763672,74.73999786376953,2900.699951171875,86.75409698486328,106.56999969482422,4.4720001220703125
2025-02-17,22959.5,15.720000267028809,,,,,86.43460083007812,,
2025-02-18,22945.30078125,15.670000076293945,6129.580078125,15.350000381469727,75.83999633789062,2949.0,86.85479736328125,107.05000305175781,4.544000148773193
2025-02-19,22932.900390625,15.420000076293945,6144.14990234375,15.270000457763672,76.04000091552734,2936.10009765625,86.88719940185547,107.16999816894531,4.534999847412109
2025-02-20,22913.150390625,14.680000305175781,6117.52001953125,15.65999984741211,76.4800033569336,2956.10009765625,86.872802734375,106.33999633789062,4.5
2025-02-21,22795.900390625,14.529999732971191,6013.1298828125,18.209999084472656,74.43000030517578,2953.199951171875,86.45120239257812,106.61000061035156,4.420000076293945
2025-02-24,22553.349609375,14.4399995803833,5983.25,18.979999542236328,74.77999877929688,2963.199951171875,86.52940368652344,106.5999984741211,4.39300012588501
2025-02-25,22547.55078125,13.720000267028809,5955.25,19.43000030517578,73.0199966430664,2918.800048828125,86.69010162353516,106.30999755859375,4.297999858856201
2025-02-26,,,5956.06005859375,19.100000381469727,72.52999877929688,2930.60009765625,87.0811996459961,106.41999816894531,4.249000072479248
2025-02-27,22545.05078125,13.3100004196167,5861.56982421875,21.1299991607666,74.04000091552734,2895.89990234375,87.16220092773438,107.23999786376953,4.284999847412109
2025-02-28,22124.69921875,13.90999984741211,5954.5,19.6299991607666,73.18000030517578,2848.5,87.3270034790039,107.61000061035156,4.230999946594238
2025-03-03,22119.30078125,13.760000228881836,5849.72021484375,22.780000686645508,71.62000274658203,2901.10009765625,87.46399688720703,106.75,4.179999828338623
2025-03-04,22082.650390625,13.829999923706055,5778.14990234375,23.510000228881836,71.04000091552734,2920.60009765625,87.32959747314453,105.73999786376953,4.210000038146973
2025-03-05,22337.30078125,13.670000076293945,5842.6298828125,21.93000030517578,69.30000305175781,2926.0,87.21700286865234,105.73999786376953,4.264999866485596
2025-03-06,22544.69921875,13.729999542236328,5738.52001953125,24.8700008392334,69.45999908447266,2926.60009765625,86.88929748535156,104.05999755859375,4.285999774932861
2025-03-07,22552.5,13.470000267028809,5770.2001953125,23.3700008392334,70.36000061035156,2914.10009765625,87.12879943847656,103.83999633789062,4.316999912261963
2025-03-10,22460.30078125,13.989999771118164,5614.56005859375,27.860000610351562,69.27999877929688,2899.39990234375,87.07379913330078,103.91000366210938,4.2129998207092285
2025-03-11,22497.900390625,14.069999694824219,5572.06982421875,26.920000076293945,69.55999755859375,2920.89990234375,87.3551025390625,103.44000244140625,4.288000106811523
2025-03-12,22470.5,13.6899995803833,5599.2998046875,24.229999542236328,70.94999694824219,2946.800048828125,87.20010375976562,103.61000061035156,4.317999839782715
2025-03-13,22397.19921875,13.279999732971191,5521.52001953125,24.65999984741211,69.87999725341797,2991.300048828125,87.3405990600586,103.83000183105469,4.27400016784668
2025-03-14,,,5638.93994140625,21.770000457763672,70.58000183105469,3001.10009765625,86.9220962524414,103.72000122070312,4.308000087738037
2025-03-17,22508.75,13.420000076293945,5675.1201171875,20.510000228881836,71.06999969482422,3006.10009765625,86.93900299072266,103.37000274658203,4.306000232696533
2025-03-18,22834.30078125,13.210000038146973,5614.66015625,21.700000762939453,70.55999755859375,3040.800048828125,86.91639709472656,103.23999786376953,4.281000137329102
2025-03-19,22907.599609375,13.300000190734863,5675.2900390625,19.899999618530273,70.77999877929688,3041.199951171875,86.57610321044922,103.43000030517578,4.25600004196167
2025-03-20,23190.650390625,12.600000381469727,5662.89013671875,19.799999237060547,72.0,3043.800048828125,86.33709716796875,103.8499984741211,4.232999801635742
2025-03-21,23350.400390625,12.579999923706055,5667.56005859375,19.280000686645508,72.16000366210938,3021.39990234375,86.33609771728516,104.08999633789062,4.251999855041504
2025-03-24,23658.349609375,13.699999809265137,5767.56982421875,17.479999542236328,73.0,3015.60009765625,85.98699951171875,104.26000213623047,4.330999851226807
2025-03-25,23668.650390625,13.640000343322754,5776.64990234375,17.149999618530273,73.0199966430664,3025.89990234375,85.53209686279297,104.18000030517578,4.307000160217285
2025-03-26,23486.849609375,13.470000267028809,5712.2001953125,18.329999923706055,73.79000091552734,3022.5,85.59040069580078,104.55000305175781,4.3379998207092285
2025-03-27,23591.94921875,13.300000190734863,5693.31005859375,18.690000534057617,74.02999877929688,3061.0,86.09539794921875,104.06999969482422,4.36899995803833
2025-03-28,23519.349609375,12.720000267028809,5580.93994140625,21.649999618530273,73.62999725341797,3086.5,85.69490051269531,104.04000091552734,4.255000114440918
2025-03-31,,,5611.85009765625,22.280000686645508,74.73999786376953,3122.800048828125,85.53880310058594,104.20999908447266,4.245999813079834
2025-04-01,23165.69921875,13.779999732971191,5633.06982421875,21.770000457763672,74.48999786376953,3146.0,85.46810150146484,104.26000213623047,4.156000137329102
2025-04-02,23332.349609375,13.720000267028809,5670.97021484375,21.510000228881836,74.94999694824219,3166.199951171875,85.61009979248047,103.80999755859375,4.196000099182129
2025-04-03,23250.099609375,13.600000381469727,5396.52001953125,30.020000457763672,70.13999938964844,3121.699951171875,85.65119934082031,102.06999969482422,4.054999828338623
2025-04-04,22904.44921875,13.760000228881836,5074.080078125,45.310001373291016,65.58000183105469,3035.39990234375,85.28289794921875,103.0199966430664,3.984999895095825
2025-04-07,22161.599609375,22.790000915527344,5062.25,46.97999954223633,64.20999908447266,2973.60009765625,85.529296875,103.26000213623047,4.15500020980835
2025-04-08,22535.849609375,20.440000534057617,4982.77001953125,52.33000183105469,62.81999969482422,2990.199951171875,86.0270004272461,102.95999908447266,4.26200008392334
2025-04-09,22399.150390625,21.43000030517578,5456.89990234375,33.619998931884766,65.4800033569336,3079.39990234375,86.435302734375,102.9000015258789,4.400000095367432
2025-04-10,,,5268.0498046875,40.720001220703125,63.33000183105469,3177.5,86.20929718017578,100.87000274658203,4.394000053405762
2025-04-11,22828.55078125,20.110000610351562,5363.35986328125,37.560001373291016,64.76000213623047,3244.60009765625,86.2603988647461,99.77999877929688,4.493000030517578
2025-04-14,,,5405.97021484375,30.889999389648438,64.87999725341797,3226.300048828125,86.19300079345703,99.63999938964844,4.363999843597412
2025-04-15,23328.55078125,16.1299991607666,5396.6298828125,30.1200008392334,64.66999816894531,3240.39990234375,86.0447998046875,100.22000122070312,4.322999954223633
2025-04-16,23437.19921875,15.869999885559082,5275.7001953125,32.63999938964844,65.8499984741211,3346.39990234375,85.72669982910156,99.37999725341797,4.2789998054504395
2025-04-17,23851.650390625,15.470000267028809,5282.7001953125,29.649999618530273,67.95999908447266,3328.39990234375,85.62049865722656,99.37999725341797,4.333000183105469
2025-04-21,24125.55078125,15.520000457763672,5158.2001953125,33.81999969482422,66.26000213623047,3425.300048828125,,98.27999877929688,4.40500020980835
2025-04-22,24167.25,15.229999542236328,5287.759765625,30.56999969482422,67.44000244140625,3419.39990234375,85.15889739990234,98.91999816894531,4.388999938964844
2025-04-23,24328.94921875,15.960000038146973,5375.85986328125,28.450000762939453,66.12000274658203,3294.10009765625,85.2323989868164,99.83999633789062,4.38700008392334
2025-04-24,24246.69921875,16.25,5484.77001953125,26.469999313354492,66.55000305175781,3348.60009765625,85.4999008178711,99.29000091552734,4.304999828338623
2025-04-25,24039.349609375,17.15999984741211,5525.2099609375,24.84000015258789,66.87000274658203,3298.39990234375,85.2573013305664,99.47000122070312,4.265999794006348
2025-04-28,24328.5,16.940000534057617,5528.75,25.149999618530273,65.86000061035156,3347.699951171875,85.38490295410156,99.01000213623047,4.216000080108643
2025-04-29,24335.94921875,17.3700008392334,5560.830078125,24.170000076293945,64.25,3333.60009765625,85.1603012084961,99.23999786376953,4.172999858856201
2025-04-30,24334.19921875,18.219999313354492,5569.06005859375,24.700000762939453,63.119998931884766,3319.10009765625,85.1707992553711,99.47000122070312,4.177000045776367
2025-05-01,,,5604.14013671875,24.600000381469727,62.130001068115234,3222.199951171875,84.53119659423828,100.25,4.230999946594238
2025-05-02,24346.69921875,18.260000228881836,5686.669921875,22.68000030517578,61.290000915527344,3243.300048828125,84.69670104980469,100.0,4.322000026702881
2025-05-05,24461.150390625,18.34000015258789,5650.3798828125,23.639999389648438,60.22999954223633,3322.300048828125,84.52629852294922,99.83000183105469,4.3429999351501465
2025-05-06,24379.599609375,19.0,5606.91015625,24.760000228881836,62.150001525878906,3422.800048828125,84.2208023071289,99.23999786376953,4.308000087738037
2025-05-07,24414.400390625,19.059999465942383,5631.27978515625,23.549999237060547,61.119998931884766,3391.89990234375,84.79319763183594,99.61000061035156,4.275000095367432
2025-05-08,24273.80078125,21.010000228881836,5663.93994140625,22.479999542236328,62.84000015258789,3306.0,84.81719970703125,100.63999938964844,4.373000144958496
2025-05-09,24008.0,21.6299991607666,5659.91015625,21.899999618530273,63.90999984741211,3344.0,86.08219909667969,100.33999633789062,4.375
2025-05-12,24924.69921875,18.389999389648438,5844.18994140625,18.389999389648438,64.95999908447266,3228.0,85.4083023071289,101.79000091552734,4.456999778747559
2025-05-13,24578.349609375,18.200000762939453,5886.5498046875,18.219999313354492,66.62999725341797,3247.800048828125,84.9656982421875,101.0,4.499000072479248
2025-05-14,24666.900390625,17.229999542236328,5892.580078125,18.6200008392334,66.08999633789062,3188.300048828125,85.060302734375,101.04000091552734,4.5279998779296875
2025-05-15,25062.099609375,16.889999389648438,5916.93017578125,17.829999923706055,64.52999877929688,3226.60009765625,85.48760223388672,100.87999725341797,4.454999923706055
2025-05-16,25019.80078125,16.549999237060547,5958.3798828125,17.239999771118164,65.41000366210938,3187.199951171875,85.44490051269531,101.08999633789062,4.440999984741211
2025-05-19,24945.44921875,17.360000610351562,5963.60009765625,18.139999389648438,65.54000091552734,3233.5,85.50029754638672,100.43000030517578,4.474999904632568
2025-05-20,24683.900390625,17.389999389648438,5940.4599609375,18.09000015258789,65.37999725341797,3284.60009765625,85.37210083007812,100.12000274658203,4.480999946594238
2025-05-21,24813.44921875,17.549999237060547,5844.60986328125,20.8700008392334,64.91000366210938,3313.5,85.53610229492188,99.55999755859375,4.5960001945495605
2025-05-22,24609.69921875,17.260000228881836,5842.009765625,20.280000686645508,64.44000244140625,3295.0,85.60030364990234,99.95999908447266,4.552999973297119
2025-05-23,24853.150390625,17.280000686645508,5802.81982421875,22.290000915527344,64.77999877929688,3365.800048828125,85.97489929199219,99.11000061035156,4.508999824523926
2025-05-26,25001.150390625,18.020000457763672,,,,,85.19930267333984,98.93000030517578,
2025-05-27,24826.19921875,18.540000915527344,5921.5400390625,18.959999084472656,64.08999633789062,3300.39990234375,85.158203125,99.5199966430664,4.434000015258789
2025-05-28,24752.44921875,18.020000457763672,5888.5498046875,19.309999465942383,64.9000015258789,3294.89990234375,85.3604965209961,99.87999725341797,4.4770002365112305
2025-05-29,24833.599609375,16.420000076293945,5912.169921875,19.18000030517578,64.1500015258789,3317.10009765625,85.38590240478516,99.27999877929688,4.423999786376953
2025-05-30,24750.69921875,16.079999923706055,5911.68994140625,18.56999969482422,63.900001525878906,3288.89990234375,85.36129760742188,99.33000183105469,4.415999889373779
2025-06-02,24716.599609375,17.15999984741211,5935.93994140625,18.360000610351562,64.62999725341797,3397.199951171875,85.52429962158203,98.69999694824219,4.461999893188477
2025-06-03,24542.5,16.559999465942383,5970.3701171875,17.690000534057617,65.62999725341797,3377.10009765625,85.36370086669922,99.25,4.460000038146973
2025-06-04,24620.19921875,15.75,5970.81005859375,17.610000610351562,64.86000061035156,3399.199951171875,85.70880126953125,98.79000091552734,4.364999771118164
2025-06-05,24750.900390625,15.079999923706055,5939.2998046875,18.479999542236328,65.33999633789062,3375.10009765625,85.9041976928711,98.73999786376953,4.394000053405762
2025-06-06,25003.05078125,14.630000114440918,6000.35986328125,16.770000457763672,66.47000122070312,3346.60009765625,85.87750244140625,99.19000244140625,4.510000228881836
2025-06-09,25103.19921875,14.6899995803833,6005.8798828125,17.15999984741211,67.04000091552734,3354.89990234375,85.7853012084961,98.94000244140625,4.48199987411499
2025-06-10,25104.25,14.020000457763672,6038.81005859375,16.950000762939453,66.87000274658203,3343.39990234375,85.75599670410156,99.05000305175781,4.473999977111816
2025-06-11,25141.400390625,13.670000076293945,6022.240234375,17.260000228881836,69.7699966430664,3343.699951171875,85.65280151367188,98.62999725341797,4.4120001792907715
2025-06-12,24888.19921875,14.020000457763672,6045.259765625,18.020000457763672,69.36000061035156,3402.39990234375,85.46980285644531,97.91999816894531,4.35699987411499
2025-06-13,24718.599609375,15.079999923706055,5976.97021484375,20.81999969482422,74.2300033569336,3452.800048828125,85.68840026855469,98.18000030517578,4.423999786376953
2025-06-16,24946.5,14.84000015258789,6033.10986328125,19.110000610351562,73.2300033569336,3417.300048828125,86.24919891357422,98.0,4.452000141143799
2025-06-17,24853.400390625,14.399999618530273,5982.72021484375,21.600000381469727,76.44999694824219,3406.89990234375,86.10420227050781,98.81999969482422,4.39300012588501
2025-06-18,24812.05078125,14.279999732971191,5980.8701171875,20.139999389648438,76.69999694824219,3408.10009765625,86.36270141601562,98.91000366210938,4.396999835968018
2025-06-19,24793.25,14.260000228881836,,,,,86.61360168457031,,
2025-06-20,25112.400390625,13.670000076293945,5967.83984375,20.6200008392334,77.01000213623047,3385.699951171875,86.58380126953125,98.70999908447266,4.375
2025-06-23,24971.900390625,14.050000190734863,6025.169921875,19.829999923706055,71.4800033569336,3395.0,86.5802993774414,98.41999816894531,4.320000171661377
2025-06-24,25044.349609375,13.640000343322754,6092.18017578125,17.479999542236328,67.13999938964844,3333.89990234375,86.23300170898438,97.86000061035156,4.293000221252441
2025-06-25,25244.75,12.960000038146973,6092.16015625,16.760000228881836,67.68000030517578,3343.10009765625,85.90480041503906,97.68000030517578,4.293000221252441
2025-06-26,25549.0,12.59000015258789,6141.02001953125,16.59000015258789,67.7300033569336,3348.0,86.006103515625,97.1500015258789,4.252999782562256
2025-06-27,25637.80078125,12.390000343322754,6173.06982421875,16.31999969482422,67.7699966430664,3287.60009765625,85.66639709472656,97.4000015258789,4.2829999923706055
2025-06-30,25517.05078125,12.789999961853027,6204.9501953125,16.729999542236328,67.61000061035156,3307.699951171875,85.4552993774414,96.87999725341797,4.230000019073486
2025-07-01,25541.80078125,12.529999732971191,6198.009765625,16.829999923706055,67.11000061035156,3349.800048828125,85.71399688720703,96.81999969482422,4.250999927520752
2025-07-02,25453.400390625,12.449999809265137,6227.419921875,16.639999389648438,69.11000061035156,3359.699951171875,85.6427993774414,96.77999877929688,4.293000221252441
2025-07-03,25405.30078125,12.390000343322754,6279.35009765625,16.3799991607666,68.80000305175781,3342.89990234375,85.69409942626953,97.18000030517578,4.3480000495910645
2025-07-04,25461.0,12.319999694824219,,,68.29000091552734,3346.5,85.31909942626953,,
2025-07-07,25461.30078125,12.5600004196167,6229.97998046875,17.790000915527344,69.58000183105469,3342.800048828125,85.49629974365234,97.4800033569336,4.394999980926514
2025-07-08,25522.5,12.199999809265137,6225.52001953125,16.809999465942383,70.1500015258789,3316.89990234375,85.89199829101562,97.51000213623047,4.414999961853027
2025-07-09,25476.099609375,11.9399995803833,6263.259765625,15.9399995803833,70.19000244140625,3321.0,85.7073974609375,97.47000122070312,4.3420000076293945
2025-07-10,25355.25,11.670000076293945,6280.4599609375,15.779999732971191,68.63999938964844,3325.699951171875,85.70850372314453,97.6500015258789,4.3460001945495605
2025-07-11,25149.849609375,11.819999694824219,6259.75,16.399999618530273,70.36000061035156,3364.0,85.73480224609375,97.8499984741211,4.422999858856201
2025-07-14,25082.30078125,11.979999542236328,6268.56005859375,17.200000762939453,69.20999908447266,3359.10009765625,85.82129669189453,98.08000183105469,4.427000045776367
2025-07-15,25195.80078125,11.479999542236328,6243.759765625,17.3799991607666,68.70999908447266,3336.699951171875,85.96839904785156,98.62000274658203,4.488999843597412
2025-07-16,25212.05078125,11.239999771118164,6263.7001953125,17.15999984741211,68.5199966430664,3359.10009765625,85.99310302734375,98.38999938964844,4.454999923706055
2025-07-17,25111.44921875,11.239999771118164,6297.35986328125,16.520000457763672,69.5199966430664,3345.300048828125,85.88520050048828,98.7300033569336,4.4629998207092285
2025-07-18,24968.400390625,11.390000343322754,6296.7900390625,16.40999984741211,69.27999877929688,3358.300048828125,86.04650115966797,98.4800033569336,4.432000160217285
2025-07-21,25090.69921875,11.199999809265137,6305.60009765625,16.649999618530273,69.20999908447266,3406.39990234375,86.14859771728516,97.8499984741211,4.372000217437744
2025-07-22,25060.900390625,10.75,6309.6201171875,16.5,68.58999633789062,3443.699951171875,86.19529724121094,97.38999938964844,4.335999965667725
2025-07-23,25219.900390625,10.520000457763672,6358.91015625,15.369999885559082,68.51000213623047,3397.60009765625,86.3427963256836,97.20999908447266,4.388000011444092
2025-07-24,25062.099609375,10.720000267028809,6363.35009765625,15.390000343322754,69.18000030517578,3373.5,86.39869689941406,97.37999725341797,4.4079999923706055
2025-07-25,24837.0,11.279999732971191,6388.64013671875,14.930000305175781,68.44000244140625,3335.60009765625,86.4302978515625,97.6500015258789,4.386000156402588
2025-07-28,24680.900390625,12.0600004196167,6389.77001953125,15.029999732971191,70.04000091552734,3310.0,86.506103515625,98.66000366210938,4.420000076293945
2025-07-29,24821.099609375,11.529999732971191,6370.85986328125,15.979999542236328,72.51000213623047,3324.0,86.77760314941406,98.91000366210938,4.329999923706055
2025-07-30,24855.05078125,11.210000038146973,6362.89990234375,15.479999542236328,73.23999786376953,3295.800048828125,87.06320190429688,99.94000244140625,4.375999927520752
2025-07-31,24768.349609375,11.539999961853027,6339.39013671875,16.719999313354492,72.52999877929688,3293.199951171875,87.714599609375,100.02999877929688,4.360000133514404
2025-08-01,24565.349609375,11.979999542236328,6238.009765625,20.3799991607666,69.66999816894531,3399.800048828125,87.4894027709961,98.69000244140625,4.21999979019165
2025-08-04,24722.75,11.970000267028809,6329.93994140625,17.520000457763672,68.76000213623047,3426.39990234375,87.24530029296875,98.77999877929688,4.199999809265137
2025-08-05,24649.55078125,11.710000038146973,6299.18994140625,17.850000381469727,67.63999938964844,3434.699951171875,87.89330291748047,98.77999877929688,4.196000099182129
2025-08-06,24574.19921875,11.960000038146973,6345.06005859375,16.770000457763672,66.88999938964844,3433.39990234375,87.72309875488281,98.18000030517578,4.21999979019165
2025-08-07,24596.150390625,11.6899995803833,6340.0,16.56999969482422,66.43000030517578,3453.699951171875,87.76249694824219,98.4000015258789,4.24399995803833
2025-08-08,24363.30078125,12.029999732971191,6389.4501953125,15.149999618530273,66.58999633789062,3491.300048828125,87.43319702148438,98.18000030517578,4.284999847412109
2025-08-11,24585.05078125,12.220000267028809,6373.4501953125,16.25,66.62999725341797,3404.699951171875,87.48829650878906,98.5199966430664,4.2729997634887695
2025-08-12,24487.400390625,12.229999542236328,6445.759765625,14.729999542236328,66.12000274658203,3399.0,87.66449737548828,98.0999984741211,4.293000221252441
2025-08-13,24619.349609375,12.140000343322754,6466.580078125,14.489999771118164,65.62999725341797,3408.300048828125,87.59559631347656,97.83999633789062,4.23799991607666
2025-08-14,24631.30078125,12.359999656677246,6468.5400390625,14.829999923706055,66.83999633789062,3383.199951171875,87.44999694824219,98.25,4.293000221252441
2025-08-15,,,6449.7998046875,15.09000015258789,65.8499984741211,3382.60009765625,87.69180297851562,97.8499984741211,4.328000068664551
2025-08-18,24876.94921875,12.34000015258789,6449.14990234375,14.989999771118164,66.5999984741211,3378.0,87.51280212402344,98.16999816894531,4.341000080108643
2025-08-19,24980.650390625,11.789999961853027,6411.3701171875,15.569999694824219,65.79000091552734,3358.699951171875,87.29509735107422,98.2699966430664,4.302000045776367
2025-08-20,25050.55078125,11.789999961853027,6395.77978515625,15.6899995803833,66.83999633789062,3388.5,87.0791015625,98.22000122070312,4.296000003814697
2025-08-21,25083.75,11.369999885559082,6370.169921875,16.600000381469727,67.66999816894531,3381.60009765625,87.01820373535156,98.62000274658203,4.329999923706055
2025-08-22,24870.099609375,11.729999542236328,6466.91015625,14.220000267028809,67.7300033569336,3418.5,87.29340362548828,97.72000122070312,4.260000228881836
2025-08-25,24967.75,11.760000228881836,6439.31982421875,14.789999961853027,68.80000305175781,3417.5,87.3301010131836,98.43000030517578,4.275000095367432
2025-08-26,24712.05078125,12.1899995803833,6465.93994140625,14.619999885559082,67.22000122070312,3433.0,87.60859680175781,98.2300033569336,4.257999897003174
2025-08-27,,,6481.39990234375,14.850000381469727,68.05000305175781,3448.60009765625,87.60070037841797,98.2300033569336,4.23799991607666
2025-08-28,24500.900390625,12.180000305175781,6501.85986328125,14.430000305175781,68.62000274658203,3474.300048828125,87.65910339355469,97.80999755859375,4.206999778747559
2025-08-29,24426.849609375,11.75,6460.259765625,15.359999656677246,68.12000274658203,3516.10009765625,87.5916976928711,97.7699966430664,4.2270002365112305
2025-09-01,24625.05078125,11.289999961853027,,,,,88.17430114746094,,
2025-09-02,24579.599609375,11.399999618530273,6415.5400390625,17.170000076293945,69.13999938964844,3592.199951171875,88.00140380859375,98.4000015258789,4.2769999504089355
2025-09-03,24715.05078125,10.930000305175781,6448.259765625,16.350000381469727,67.5999984741211,3635.5,87.99829864501953,98.13999938964844,4.210999965667725
2025-09-04,24734.30078125,10.850000381469727,6502.080078125,15.300000190734863,66.98999786376953,3606.699951171875,88.072998046875,98.3499984741211,4.176000118255615
2025-09-05,24741.0,10.779999732971191,6481.5,15.180000305175781,65.5,3653.300048828125,88.19290161132812,97.7699966430664,4.085999965667725
2025-09-08,24773.150390625,10.84000015258789,6495.14990234375,15.109999656677246,66.0199966430664,3677.39990234375,88.1863021850586,97.44999694824219,4.046000003814697
2025-09-09,24868.599609375,10.6899995803833,6512.60986328125,15.039999961853027,66.38999938964844,3682.199951171875,87.98049926757812,97.79000091552734,4.073999881744385
2025-09-10,24973.099609375,10.539999961853027,6532.0400390625,15.350000381469727,67.48999786376953,3682.0,88.21829986572266,97.77999877929688,4.0320000648498535
2025-09-11,25005.5,10.359999656677246,6587.47021484375,14.710000038146973,66.37000274658203,3673.60009765625,88.05339813232422,97.54000091552734,4.011000156402588
2025-09-12,25114.0,10.119999885559082,6584.2900390625,14.760000228881836,66.98999786376953,3686.39990234375,88.2676010131836,97.55000305175781,4.060999870300293
2025-09-15,25069.19921875,10.399999618530273,6615.27978515625,15.6899995803833,67.44000244140625,3719.0,88.27729797363281,97.30000305175781,4.033999919891357
2025-09-16,25239.099609375,10.270000457763672,6606.759765625,16.360000610351562,68.47000122070312,3725.10009765625,88.12349700927734,96.62999725341797,4.026000022888184
2025-09-17,25330.25,10.25,6600.35009765625,15.720000267028809,67.94999694824219,3717.800048828125,87.88459777832031,96.87000274658203,4.076000213623047
2025-09-18,25423.599609375,9.890000343322754,6631.9599609375,15.699999809265137,67.44000244140625,3678.300048828125,87.91069793701172,97.3499984741211,4.104000091552734
2025-09-19,25327.05078125,9.970000267028809,6664.35986328125,15.449999809265137,66.68000030517578,3705.800048828125,88.20690155029297,97.63999938964844,4.138999938964844
2025-09-22,25202.349609375,10.5600004196167,6693.75,16.100000381469727,66.56999969482422,3775.10009765625,88.09919738769531,97.33000183105469,4.14300012588501
2025-09-23,25169.5,10.630000114440918,6656.919921875,16.639999389648438,67.62999725341797,3815.699951171875,88.30439758300781,97.26000213623047,4.119999885559082
2025-09-24,25056.900390625,10.520000457763672,6637.97021484375,16.18000030517578,69.30999755859375,3768.10009765625,88.80799865722656,97.87000274658203,4.146999835968018
2025-09-25,24890.849609375,10.779999732971191,6604.72021484375,16.739999771118164,69.41999816894531,3771.10009765625,88.77860260009766,98.55000305175781,4.171999931335449
2025-09-26,24654.69921875,11.430000305175781,6643.7001953125,15.289999961853027,70.12999725341797,3809.0,88.77310180664062,98.1500015258789,4.186999797821045
2025-09-29,24634.900390625,11.369999885559082,6661.2099609375,16.1200008392334,67.97000122070312,3855.199951171875,88.67680358886719,97.91000366210938,4.140999794006348
2025-09-30,24611.099609375,11.069999694824219,6688.4599609375,16.280000686645508,67.0199966430664,3873.199951171875,88.70449829101562,97.7699966430664,4.1479997634887695
2025-10-01,24836.30078125,10.289999961853027,6711.2001953125,16.290000915527344,65.3499984741211,3897.5,88.8406982421875,97.70999908447266,4.105999946594238
2025-10-02,,,6715.35009765625,16.6299991607666,64.11000061035156,3868.10009765625,88.68299865722656,97.8499984741211,4.0879998207092285
2025-10-03,24894.25,10.0600004196167,6715.7900390625,16.649999618530273,64.52999877929688,3908.89990234375,88.72019958496094,97.72000122070312,4.11899995803833
2025-10-06,25077.650390625,10.1899995803833,6740.27978515625,16.3700008392334,65.47000122070312,3976.300048828125,88.73509979248047,98.11000061035156,4.1620001792907715
2025-10-07,25108.30078125,10.050000190734863,6714.58984375,17.239999771118164,65.44999694824219,4004.39990234375,88.72109985351562,98.58000183105469,4.126999855041504
2025-10-08,25046.150390625,10.3100004196167,6753.72021484375,16.299999237060547,66.25,4070.5,88.74259948730469,98.8499984741211,4.129000186920166
2025-10-09,25181.80078125,10.119999885559082,6735.10986328125,16.43000030517578,65.22000122070312,3972.60009765625,88.7771987915039,99.54000091552734,4.1479997634887695
2025-10-10,25285.349609375,10.100000381469727,6552.509765625,21.65999984741211,62.72999954223633,4000.39990234375,88.86540222167969,98.9800033569336,4.051000118255615
2025-10-13,25227.349609375,11.010000228881836,6654.72021484375,19.030000686645508,63.31999969482422,4133.0,88.7573013305664,99.2699966430664,4.051000118255615
2025-10-14,25145.5,11.15999984741211,6644.31005859375,20.809999465942383,62.38999938964844,4163.39990234375,88.66510009765625,99.05000305175781,4.021999835968018
2025-10-15,25323.55078125,10.529999732971191,6671.06005859375,20.639999389648438,61.90999984741211,4201.60009765625,88.78250122070312,98.79000091552734,4.046000003814697
2025-10-16,25585.30078125,10.869999885559082,6629.06982421875,25.309999465942383,61.060001373291016,4304.60009765625,87.80950164794922,98.38999938964844,3.9760000705718994
2025-10-17,25709.849609375,11.630000114440918,6664.009765625,20.780000686645508,61.290000915527344,4213.2998046875,87.9906997680664,98.43000030517578,4.006999969482422
2025-10-20,25843.150390625,11.359999656677246,6735.1298828125,18.229999542236328,61.0099983215332,4359.39990234375,88.0022964477539,98.58999633789062,3.9860000610351562
2025-10-21,25868.599609375,11.300000190734863,6735.35009765625,17.8700008392334,61.31999969482422,4109.10009765625,87.87999725341797,98.93000030517578,3.9630000591278076
2025-10-22,,,6699.39990234375,18.600000381469727,62.59000015258789,4065.39990234375,88.00160217285156,98.9000015258789,3.953000068664551
2025-10-23,25891.400390625,11.729999542236328,6738.43994140625,17.299999237060547,65.98999786376953,4145.60009765625,87.74030303955078,98.94000244140625,3.990999937057495
2025-10-24,25795.150390625,11.59000015258789,6791.68994140625,16.3700008392334,65.94000244140625,4137.7998046875,87.77899932861328,98.94999694824219,3.996999979019165
2025-10-27,25966.05078125,11.859999656677246,6875.16015625,15.789999961853027,65.62000274658203,4019.699951171875,87.8290023803711,98.77999877929688,3.996999979019165
2025-10-28,25936.19921875,11.949999809265137,6890.89013671875,16.420000076293945,64.4000015258789,3983.10009765625,88.22209930419922,98.69000244140625,3.9830000400543213
2025-10-29,26053.900390625,11.970000267028809,6890.58984375,16.920000076293945,64.91999816894531,4000.699951171875,88.22550201416016,99.22000122070312,4.058000087738037
2025-10-30,25877.849609375,12.069999694824219,6822.33984375,16.90999984741211,65.0,4015.89990234375,88.34559631347656,99.52999877929688,4.0929999351501465
2025-10-31,25722.099609375,12.149999618530273,6840.2001953125,17.440000534057617,65.06999969482422,3996.5,88.6344985961914,99.80000305175781,4.10099983215332
2025-11-03,25763.349609375,12.670000076293945,6851.97021484375,17.170000076293945,64.88999938964844,4014.0,88.77539825439453,99.87000274658203,4.105999946594238
2025-11-04,25597.650390625,12.649999618530273,6771.5498046875,19.0,64.44000244140625,3960.5,88.72339630126953,100.22000122070312,4.089000225067139
2025-11-05,,,6796.2900390625,18.010000228881836,63.52000045776367,3992.89990234375,88.73200225830078,100.19999694824219,4.1570000648498535
2025-11-06,25509.69921875,12.40999984741211,6720.31982421875,19.5,63.380001068115234,3991.0,88.55690002441406,99.7300033569336,4.0929999351501465
2025-11-07,25492.30078125,12.5600004196167,6728.7998046875,19.079999923706055,63.630001068115234,4009.800048828125,88.6729965209961,99.5999984741211,4.0929999351501465
2025-11-10,25574.349609375,12.300000190734863,6832.43017578125,17.600000381469727,64.05999755859375,4122.0,88.65799713134766,99.62000274658203,4.110000133514404
2025-11-11,25694.94921875,12.489999771118164,6846.60986328125,17.280000686645508,65.16000366210938,4116.2998046875,88.70709991455078,99.45999908447266,4.119999885559082
2025-11-12,25875.80078125,12.109999656677246,6850.919921875,17.510000228881836,62.709999084472656,4213.60009765625,88.46649932861328,99.4800033569336,4.065000057220459
2025-11-13,25879.150390625,12.15999984741211,6737.490234375,20.0,63.0099983215332,4194.5,88.59400177001953,99.18000030517578,4.111999988555908
2025-11-14,25910.05078125,11.9399995803833,6734.10986328125,19.829999923706055,64.38999938964844,4094.199951171875,88.81610107421875,99.2699966430664,4.1479997634887695
2025-11-17,26013.44921875,11.789999961853027,6672.41015625,22.3799991607666,64.19999694824219,4074.5,88.68199920654297,99.58999633789062,4.132999897003174
2025-11-18,25910.05078125,12.100000381469727,6617.31982421875,24.690000534057617,64.88999938964844,4066.5,88.63590240478516,99.55000305175781,4.123000144958496
2025-11-19,26052.650390625,11.970000267028809,6642.16015625,23.65999984741211,63.5099983215332,4082.800048828125,88.55680084228516,100.2300033569336,4.132999897003174
2025-11-20,26192.150390625,12.140000343322754,6538.759765625,26.420000076293945,63.380001068115234,4060.0,88.48719787597656,100.16000366210938,4.105999946594238
2025-11-21,26068.150390625,13.630000114440918,6602.990234375,23.43000030517578,62.560001373291016,4079.5,88.69219970703125,100.18000030517578,4.063000202178955
2025-11-24,25959.5,13.239999771118164,6705.1201171875,20.520000457763672,63.369998931884766,4094.199951171875,89.63400268554688,100.13999938964844,4.038000106811523
2025-11-25,25884.80078125,12.239999771118164,6765.8798828125,18.559999465942383,62.47999954223633,4140.0,89.14779663085938,99.66000366210938,4.001999855041504
2025-11-26,26205.30078125,11.970000267028809,6812.60986328125,17.190000534057617,63.130001068115234,4165.2001953125,89.15059661865234,99.5999984741211,3.997999906539917
2025-11-27,26215.55078125,11.789999961853027,,,,,89.16300201416016,,
2025-11-28,26202.94921875,11.619999885559082,6849.08984375,16.350000381469727,63.20000076293945,4254.89990234375,89.36479949951172,99.45999908447266,4.017000198364258
2025-12-01,26175.75,11.630000114440918,6812.6298828125,17.239999771118164,63.16999816894531,4274.7998046875,89.3499984741211,99.41000366210938,4.0960001945495605
2025-12-02,26032.19921875,11.229999542236328,6829.3701171875,16.59000015258789,62.45000076293945,4220.7998046875,89.61270141601562,99.36000061035156,4.085999965667725
2025-12-03,25986.0,11.210000038146973,6849.72021484375,16.079999923706055,62.66999816894531,4232.5,89.91719818115234,98.8499984741211,4.057000160217285
2025-12-04,26033.75,10.819999694824219,6857.1201171875,15.779999732971191,63.2599983215332,4243.0,90.17050170898438,98.98999786376953,4.107999801635742
2025-12-05,26186.44921875,10.319999694824219,6870.39990234375,15.40999984741211,63.75,4243.0,89.8364028930664,98.98999786376953,4.138999938964844
2025-12-08,25960.55078125,11.130000114440918,6846.509765625,16.65999984741211,62.4900016784668,4217.7001953125,89.93800354003906,99.08999633789062,4.171999931335449
2025-12-09,25839.650390625,10.949999809265137,6840.509765625,16.93000030517578,61.939998626708984,4236.2001953125,90.12999725341797,99.22000122070312,4.185999870300293
2025-12-10,25758.0,10.90999984741211,6886.68017578125,15.770000457763672,62.209999084472656,4224.7001953125,89.91690063476562,98.79000091552734,4.164000034332275
2025-12-11,25898.55078125,10.399999618530273,6901.0,14.850000381469727,61.279998779296875,4313.0,89.79299926757812,98.3499984741211,4.140999794006348
2025-12-12,26046.94921875,10.109999656677246,6827.41015625,15.739999771118164,61.119998931884766,4328.2998046875,90.25299835205078,98.4000015258789,4.193999767303467
2025-12-15,26027.30078125,10.25,6816.509765625,16.5,60.560001373291016,4335.2001953125,90.5770034790039,98.1500015258789,4.182000160217285
2025-12-16,25860.099609375,10.0600004196167,6800.259765625,16.479999542236328,58.91999816894531,4332.2998046875,90.77690124511719,98.1500015258789,4.14900016784668
2025-12-17,25818.55078125,9.84000015258789,6721.43017578125,17.6200008392334,59.68000030517578,4373.89990234375,90.94889831542969,98.37000274658203,4.151000022888184
2025-12-18,25815.55078125,9.710000038146973,6774.759765625,16.8700008392334,59.81999969482422,4364.5,90.4136962890625,98.43000030517578,4.116000175476074
2025-12-19,25966.400390625,9.520000457763672,6834.5,14.90999984741211,60.470001220703125,4387.2998046875,90.25579833984375,98.5999984741211,4.151000022888184
2025-12-22,26172.400390625,9.680000305175781,6878.490234375,14.079999923706055,62.06999969482422,4469.39990234375,89.56999969482422,98.29000091552734,4.169000148773193
2025-12-23,26177.150390625,9.380000114440918,6909.7900390625,14.0,62.380001068115234,4505.7001953125,89.60389709472656,97.94000244140625,4.169000148773193
2025-12-24,26142.099609375,9.1899995803833,6932.0498046875,13.470000267028809,62.2400016784668,4502.7998046875,89.50789642333984,97.9800033569336,4.136000156402588
2025-12-26,26042.30078125,9.149999618530273,6929.93994140625,13.600000381469727,60.63999938964844,4552.7001953125,90.10590362548828,98.0199966430664,4.136000156402588
2025-12-29,25942.099609375,9.720000267028809,6905.740234375,14.199999809265137,61.939998626708984,4343.60009765625,89.82929992675781,98.04000091552734,4.116000175476074
2025-12-30,25938.849609375,9.680000305175781,6896.240234375,14.329999923706055,61.91999816894531,4386.2998046875,89.9000015258789,98.23999786376953,4.130000114440918
2025-12-31,26129.599609375,9.479999542236328,6845.5,14.949999809265137,60.849998474121094,4341.10009765625,89.76940155029297,98.27999877929688,4.163000106811523
2026-01-01,26146.55078125,,,,,,,,
2026-01-02,26328.55078125,9.449999809265137,6858.47021484375,14.510000228881836,60.75,4329.60009765625,89.96189880371094,98.41999816894531,4.186999797821045
2026-01-05,26250.30078125,10.020000457763672,6902.0498046875,14.899999618530273,61.7599983215332,4451.5,90.00700378417969,98.2699966430664,4.164999961853027
2026-01-06,26178.69921875,10.020000457763672,6944.81982421875,14.75,60.70000076293945,4496.10009765625,90.23300170898438,98.58000183105469,4.178999900817871
2026-01-07,26140.75,9.949999809265137,6920.93017578125,15.380000114440918,59.959999084472656,4462.5,90.16609954833984,98.68000030517578,4.138000011444092
2026-01-08,25876.849609375,10.600000381469727,6921.4599609375,15.449999809265137,61.9900016784668,4460.7001953125,89.8644027709961,98.93000030517578,4.183000087738037
2026-01-09,25683.30078125,10.930000305175781,6966.27978515625,14.489999771118164,63.34000015258789,4500.89990234375,89.90540313720703,99.12999725341797,4.171000003814697
2026-01-12,25790.25,11.369999885559082,6977.27001953125,15.119999885559082,63.869998931884766,4614.7001953125,90.23600006103516,98.86000061035156,4.186999797821045
2026-01-13,25732.30078125,11.199999809265137,6963.740234375,15.979999542236328,65.47000122070312,4599.10009765625,90.13269805908203,99.12999725341797,4.171000003814697
2026-01-14,25665.599609375,11.319999694824219,6926.60009765625,16.75,66.5199966430664,4635.7001953125,90.27300262451172,99.12999725341797,4.139999866485596
2026-01-15,,,6944.47021484375,15.84000015258789,63.7599983215332,4623.7001953125,90.18319702148438,99.31999969482422,4.159999847412109
2026-01-16,25694.349609375,11.369999885559082,6940.009765625,15.859999656677246,64.12999725341797,4595.39990234375,90.36160278320312,99.38999938964844,4.230999946594238
2026-01-19,25585.5,11.829999923706055,,,,,90.7020034790039,,
2026-01-20,25232.5,12.729999542236328,6796.85986328125,20.09000015258789,64.91999816894531,4765.7998046875,90.90450286865234,98.63999938964844,4.295000076293945
2026-01-21,25157.5,13.779999732971191,6875.6201171875,16.899999618530273,65.23999786376953,4837.5,91.11840057373047,98.76000213623047,4.252999782562256
2026-01-22,25289.900390625,13.350000381469727,6913.35009765625,15.640000343322754,64.05999755859375,4913.39990234375,91.53690338134766,98.36000061035156,4.249000072479248
2026-01-23,25048.650390625,14.1899995803833,6915.60986328125,16.09000015258789,65.87999725341797,4979.7001953125,91.55829620361328,97.5999984741211,4.238999843597412
2026-01-26,,,6950.22998046875,16.149999618530273,65.58999633789062,5082.5,91.5009994506836,97.04000091552734,4.2129998207092285
2026-01-27,25175.400390625,14.449999809265137,6978.60009765625,16.350000381469727,67.56999969482422,5082.60009765625,91.71309661865234,96.22000122070312,4.2230000495910645
2026-01-28,25342.75,13.529999732971191,6978.02978515625,16.350000381469727,68.4000015258789,5303.60009765625,91.5343017578125,96.44999694824219,4.250999927520752
2026-01-29,25418.900390625,13.369999885559082,6969.009765625,16.8799991607666,70.70999908447266,5318.39990234375,92.04080200195312,96.27999877929688,4.2270002365112305
2026-01-30,25320.650390625,13.630000114440918,6939.02978515625,17.440000534057617,70.69000244140625,4745.10009765625,91.78189849853516,96.98999786376953,4.241000175476074
2026-02-02,25088.400390625,13.869999885559082,6976.43994140625,16.34000015258789,66.30000305175781,4652.60009765625,91.68699645996094,97.61000061035156,4.275000095367432
2026-02-03,25727.55078125,12.899999618530273,6917.81005859375,18.0,67.33000183105469,4935.0,90.24559783935547,97.44000244140625,4.27400016784668
2026-02-04,25776.0,12.25,6882.72021484375,18.639999389648438,69.45999908447266,4950.7998046875,90.42289733886719,97.62000274658203,4.275000095367432
2026-02-05,25642.80078125,12.170000076293945,6798.39990234375,21.770000457763672,67.55000305175781,4889.5,90.125,97.81999969482422,4.210000038146973
2026-02-06,25693.69921875,11.9399995803833,6932.2998046875,20.3700008392334,68.05000305175781,4979.7998046875,90.3147964477539,97.62999725341797,4.205999851226807
2026-02-09,25867.30078125,12.1899995803833,6964.81982421875,17.360000610351562,69.04000091552734,5079.39990234375,90.58799743652344,96.81999969482422,4.197999954223633
2026-02-10,25935.150390625,11.670000076293945,6941.81005859375,17.790000915527344,68.80000305175781,5031.0,90.82279968261719,96.80000305175781,4.146999835968018
2026-02-11,25953.849609375,11.550000190734863,6941.47021484375,17.649999618530273,69.4000015258789,5098.5,90.58789825439453,96.83000183105469,4.171999931335449
2026-02-12,25807.19921875,11.729999542236328,6832.759765625,20.81999969482422,67.5199966430664,4948.39990234375,90.73570251464844,96.93000030517578,4.104000091552734
2026-02-13,25471.099609375,13.289999961853027,6836.169921875,20.600000381469727,67.75,5046.2998046875,90.56410217285156,96.87999725341797,4.056000232696533
2026-02-16,25682.75,13.329999923706055,,,,,90.57119750976562,,
2026-02-17,25725.400390625,12.670000076293945,6843.22021484375,20.290000915527344,67.41999816894531,4905.89990234375,90.78299713134766,97.16000366210938,4.052000045776367
2026-02-18,25819.349609375,12.220000267028809,6881.31005859375,19.6200008392334,70.3499984741211,5009.5,90.6261978149414,97.69999694824219,4.078999996185303
2026-02-19,25454.349609375,13.460000038146973,6861.89013671875,20.229999542236328,71.66000366210938,4997.39990234375,90.79350280761719,97.93000030517578,4.074999809265137
2026-02-20,25571.25,14.359999656677246,6909.509765625,19.09000015258789,71.76000213623047,5080.89990234375,91.04109954833984,97.80000305175781,4.085999965667725
2026-02-23,25713.0,14.170000076293945,6837.75,21.010000228881836,71.48999786376953,5225.60009765625,90.72660064697266,97.69999694824219,4.0289998054504395
2026-02-24,25424.650390625,14.149999618530273,6890.06982421875,19.549999237060547,70.7699966430664,5176.2998046875,91.02010345458984,97.87999725341797,4.0329999923706055
2026-02-25,25482.5,13.489999771118164,6946.1298828125,17.93000030517578,70.8499984741211,5226.2001953125,90.91799926757812,97.69999694824219,4.047999858856201
2026-02-26,25496.55078125,13.0600004196167,6908.85986328125,18.6299991607666,70.75,5194.2001953125,90.95099639892578,97.79000091552734,4.017000198364258
2026-02-27,25178.650390625,13.699999809265137,6878.8798828125,19.860000610351562,72.4800033569336,5247.89990234375,91.00740051269531,97.61000061035156,3.9619998931884766
2026-03-02,24865.69921875,17.1299991607666,6881.6201171875,21.440000534057617,77.73999786376953,5311.60009765625,91.07959747314453,98.37999725341797,4.047999858856201
2026-03-03,,,6816.6298828125,23.56999969482422,81.4000015258789,5123.7001953125,91.56340026855469,99.05000305175781,4.056000232696533
2026-03-04,24480.5,21.139999389648438,6869.5,21.149999618530273,81.4000015258789,5134.7001953125,92.00859832763672,98.7699966430664,4.079999923706055
2026-03-05,24765.900390625,17.860000610351562,6830.7099609375,23.75,85.41000366210938,5078.7001953125,92.12300109863281,99.31999969482422,4.145999908447266
2026-03-06,24450.44921875,19.8799991607666,6740.02001953125,29.489999771118164,92.69000244140625,5158.7001953125,91.78690338134766,98.98999786376953,4.132999897003174
2026-03-09,24028.05078125,23.360000610351562,6795.990234375,25.5,98.95999908447266,5103.7001953125,91.93620300292969,99.18000030517578,4.136000156402588
2026-03-10,24261.599609375,18.90999984741211,6781.47998046875,24.93000030517578,87.80000305175781,5242.10009765625,91.220703125,98.83000183105469,4.136000156402588
2026-03-11,23866.849609375,21.059999465942383,6775.7998046875,24.229999542236328,91.9800033569336,5179.10009765625,92.16510009765625,99.2300033569336,4.208000183105469
2026-03-12,23639.150390625,21.520000457763672,6672.6201171875,27.290000915527344,100.45999908447266,5125.7998046875,92.22879791259766,99.73999786376953,4.2729997634887695
2026-03-13,23151.099609375,22.649999618530273,6632.18994140625,27.190000534057617,103.13999938964844,5061.7001953125,92.38990020751953,100.36000061035156,4.284999847412109
2026-03-16,23408.80078125,21.600000381469727,6699.3798828125,23.510000228881836,100.20999908447266,5002.2001953125,92.5635986328125,99.70999908447266,4.21999979019165
2026-03-17,23581.150390625,19.790000915527344,6716.08984375,22.3700008392334,103.41999816894531,5008.2001953125,92.28269958496094,99.58000183105469,4.202000141143799
2026-03-18,23777.80078125,18.719999313354492,6624.7001953125,25.09000015258789,107.37999725341797,4896.2001953125,92.39129638671875,100.08999633789062,4.258999824523926
2026-03-19,23002.150390625,22.799999237060547,6606.490234375,24.059999465942383,108.6500015258789,4605.7001953125,93.24659729003906,99.2300033569336,4.281000137329102
2026-03-20,23114.5,22.809999465942383,6506.47998046875,26.780000686645508,112.19000244140625,4574.89990234375,93.0822982788086,99.6500015258789,4.390999794006348
2026-03-23,22512.650390625,26.729999542236328,6581.0,26.149999618530273,99.94000244140625,4407.2998046875,93.89530181884766,98.94999694824219,4.334000110626221
2026-03-24,22912.400390625,24.739999771118164,6556.3701171875,26.950000762939453,104.48999786376953,4402.0,93.24369812011719,99.43000030517578,4.392000198364258
2026-03-25,23306.44921875,24.639999389648438,6591.89990234375,25.329999923706055,102.22000122070312,4552.2998046875,94.29969787597656,99.5999984741211,4.328000068664551
2026-03-26,,,6477.16015625,27.440000534057617,108.01000213623047,4376.2998046875,94.6937026977539,99.9000015258789,4.415999889373779
2026-03-27,22819.599609375,26.799999237060547,6368.85009765625,31.049999237060547,112.56999969482422,4492.5,94.30950164794922,100.1500015258789,4.440000057220459
2026-03-30,22331.400390625,27.889999389648438,6343.72021484375,30.610000610351562,112.77999877929688,4526.0,94.78179931640625,100.51000213623047,4.3420000076293945
2026-03-31,,,6528.52001953125,25.25,118.3499984741211,4647.60009765625,94.35590362548828,99.95999908447266,4.310999870300293
2026-04-01,22679.400390625,25.010000228881836,6575.31982421875,24.540000915527344,101.16000366210938,4813.10009765625,93.48429870605469,99.6500015258789,4.318999767303467
2026-04-02,22713.099609375,25.520000457763672,6582.68994140625,23.8700008392334,109.02999877929688,4679.7001953125,92.6426010131836,100.02999877929688,4.313000202178955
2026-04-03,,,,,,,92.97360229492188,,
2026-04-06,22968.25,25.469999313354492,6611.830078125,24.170000076293945,109.7699966430664,4684.7001953125,92.97100067138672,99.9800033569336,4.335000038146973
2026-04-07,23123.650390625,24.700000762939453,6616.85009765625,25.780000686645508,109.2699966430664,4684.7001953125,92.81659698486328,99.63999938964844,4.3429999351501465
2026-04-08,23997.349609375,19.700000762939453,6782.81005859375,21.040000915527344,94.75,4777.2001953125,92.86019897460938,99.12999725341797,4.290999889373779
2026-04-09,23775.099609375,20.43000030517578,6824.66015625,19.489999771118164,95.91999816894531,4818.0,92.2748031616211,98.81999969482422,4.293000221252441
2026-04-10,24050.599609375,18.850000381469727,6816.89013671875,19.229999542236328,95.19999694824219,4787.39990234375,92.46980285644531,98.6500015258789,4.316999912261963
2026-04-13,23842.650390625,20.5,6886.240234375,19.1200008392334,99.36000061035156,4767.39990234375,94.50879669189453,98.37000274658203,4.296999931335449
2026-04-14,,,6967.3798828125,18.360000610351562,94.79000091552734,4850.10009765625,94.9468002319336,98.12000274658203,4.25600004196167
2026-04-15,24231.30078125,18.670000076293945,7022.9501953125,18.170000076293945,94.93000030517578,4823.60009765625,93.16539764404297,98.05999755859375,4.2820000648498535
2026-04-16,24196.75,18.09000015258789,7041.27978515625,17.940000534057617,99.38999938964844,4808.2998046875,93.38680267333984,98.22000122070312,4.309000015258789
2026-04-17,24353.55078125,17.209999084472656,7126.06005859375,17.479999542236328,90.37999725341797,4879.60009765625,93.04789733886719,98.0999984741211,4.245999813079834
2026-04-20,24364.849609375,18.790000915527344,7109.14013671875,18.8700008392334,95.4800033569336,4828.7998046875,92.60330200195312,98.05000305175781,4.25
2026-04-21,24576.599609375,17.530000686645508,7064.009765625,19.5,98.4800033569336,4719.60009765625,93.12359619140625,98.41000366210938,4.291999816894531
2026-04-22,24378.099609375,18.299999237060547,7137.89990234375,18.920000076293945,101.91000366210938,4753.0,93.622802734375,98.58999633789062,4.294000148773193
2026-04-23,24173.05078125,18.59000015258789,7108.39990234375,19.309999465942383,105.06999969482422,4724.0,93.80049896240234,98.80000305175781,4.322999954223633
2026-04-24,23897.94921875,19.709999084472656,7165.080078125,18.709999084472656,105.33000183105469,4740.89990234375,94.11289978027344,98.51000213623047,4.309999942779541
2026-04-27,24092.69921875,18.3799991607666,7173.91015625,18.020000457763672,108.2300033569336,4693.7001953125,94.25029754638672,98.4800033569336,4.335999965667725
2026-04-28,23995.69921875,18.049999237060547,7138.7998046875,17.829999923706055,111.26000213623047,4608.39990234375,94.25849914550781,98.62000274658203,4.354000091552734
2026-04-29,24177.650390625,17.440000534057617,7135.9501953125,18.809999465942383,118.02999877929688,4561.5,94.64550018310547,98.91999816894531,4.418000221252441
2026-04-30,23997.55078125,18.459999084472656,7209.009765625,16.889999389648438,114.01000213623047,4629.60009765625,94.9166030883789,98.08000183105469,4.389999866485596
2026-05-01,,,7230.1201171875,16.989999771118164,108.16999816894531,4644.5,94.75910186767578,98.20999908447266,4.377999782562256
2026-05-04,24119.30078125,18.299999237060547,7200.75,18.290000915527344,114.44000244140625,4533.2998046875,94.90299987792969,98.47000122070312,4.446000099182129
2026-05-05,24032.80078125,17.90999984741211,7259.22021484375,17.3799991607666,109.87000274658203,4568.5,95.2593994140625,98.4800033569336,4.415999889373779
2026-05-06,24330.94921875,16.68000030517578,7365.1201171875,17.389999389648438,101.2699966430664,4694.2998046875,95.18299865722656,98.0199966430664,4.355999946594238
2026-05-07,24326.650390625,16.6200008392334,7337.10986328125,17.079999923706055,100.05999755859375,4710.89990234375,94.60800170898438,98.25,4.392000198364258
2026-05-08,24176.150390625,16.84000015258789,7398.93017578125,17.190000534057617,101.29000091552734,4730.7001953125,94.25299835205078,97.83999633789062,4.363999843597412
2026-05-11,23815.849609375,18.549999237060547,7412.83984375,18.3799991607666,104.20999908447266,4728.7001953125,94.42530059814453,97.94000244140625,4.409999847412109
2026-05-12,23379.55078125,19.280000686645508,7400.9599609375,17.989999771118164,107.7699966430664,4686.7001953125,95.39140319824219,98.29000091552734,4.4629998207092285
2026-05-13,23412.599609375,19.43000030517578,7444.25,17.8700008392334,105.62999725341797,4706.7001953125,95.63300323486328,98.4800033569336,4.480999946594238
2026-05-14,23689.599609375,18.610000610351562,7501.240234375,17.260000228881836,105.72000122070312,4685.2998046875,95.69580078125,98.87999725341797,4.460999965667725
2026-05-15,23643.5,18.790000915527344,7408.5,18.43000030517578,109.26000213623047,4561.89990234375,95.70989990234375,99.2699966430664,4.59499979019165
2026-05-18,23649.94921875,19.6299991607666,7403.0498046875,17.81999969482422,112.0999984741211,4558.0,95.97029876708984,98.97000122070312,4.623000144958496
2026-05-19,23618.0,18.68000030517578,7353.60986328125,18.059999465942383,111.27999877929688,4511.2001953125,96.27020263671875,99.30000305175781,4.666999816894531
2026-05-20,23659.0,18.440000534057617,7432.97021484375,17.440000534057617,105.0199966430664,4535.2998046875,96.56580352783203,99.11000061035156,4.572000026702881
2026-05-21,23654.69921875,17.81999969482422,7445.72021484375,16.760000228881836,102.58000183105469,4542.5,96.5282974243164,99.19000244140625,4.585999965667725
2026-05-22,23719.30078125,17.90999984741211,7473.47021484375,16.700000762939453,103.54000091552734,4523.2001953125,96.17389678955078,99.31999969482422,4.558000087738037
2026-05-25,24031.69921875,16.700000762939453,,16.59000015258789,,,95.71949768066406,,
2026-05-26,23913.69921875,16.1299991607666,7519.1201171875,17.010000228881836,99.58000183105469,4502.2998046875,95.25279998779297,99.16999816894531,4.493000030517578
2026-05-27,23907.150390625,14.979999542236328,7520.35986328125,16.290000915527344,94.29000091552734,4448.39990234375,95.90499877929688,99.20999908447266,4.480999946594238
2026-05-28,,,7563.6298828125,15.739999771118164,93.70999908447266,4499.2998046875,96.04889678955078,99.0199966430664,4.454999923706055
2026-05-29,23547.75,16.190000534057617,7580.06005859375,15.319999694824219,92.05000305175781,4593.0,96.04820251464844,98.91000366210938,4.453000068664551
2026-06-01,23382.599609375,16.540000915527344,7599.9599609375,16.049999237060547,94.9800033569336,4506.2998046875,95.00299835205078,99.19999694824219,4.474999904632568
2026-06-02,23483.55078125,15.359999656677246,7609.77978515625,15.770000457763672,96.0,4519.89990234375,95.55139923095703,99.22000122070312,4.454999923706055
2026-06-03,23405.599609375,16.280000686645508,7553.68017578125,16.059999465942383,97.80999755859375,4466.89990234375,95.26300048828125,99.52999877929688,4.491000175476074
2026-06-04,23416.55078125,15.890000343322754,7584.31005859375,15.399999618530273,95.02999877929688,4505.0,96.16449737548828,99.41000366210938,4.4770002365112305
2026-06-05,23366.69921875,15.789999961853027,7383.740234375,21.510000228881836,93.08999633789062,4365.2998046875,95.79029846191406,100.06999969482422,4.535999774932861
2026-06-08,23123.0,17.030000686645508,7405.72998046875,18.920000076293945,94.25,4363.39990234375,94.95030212402344,100.05000305175781,4.552000045776367
2026-06-09,23242.099609375,15.579999923706055,7386.64990234375,19.8700008392334,91.44999694824219,4286.39990234375,95.68830108642578,99.91000366210938,4.5279998779296875
2026-06-10,23214.94921875,15.630000114440918,7266.990234375,22.219999313354492,93.0999984741211,4133.2998046875,95.36029815673828,99.94999694824219,4.541999816894531
2026-06-11,23161.599609375,15.609999656677246,7394.2998046875,19.440000534057617,90.37999725341797,4114.0,95.64450073242188,99.86000061035156,4.4629998207092285
2026-06-12,23622.900390625,14.720000267028809,7431.4599609375,17.68000030517578,87.33000183105469,4238.7998046875,95.76010131835938,99.75,4.486999988555908
2026-06-15,23853.900390625,14.350000381469727,7554.2900390625,16.200000762939453,83.16999816894531,4351.60009765625,95.11029815673828,99.62999725341797,4.468999862670898
2026-06-16,23989.150390625,13.359999656677246,7511.35009765625,16.40999984741211,78.95999908447266,4354.39990234375,94.74169921875,99.54000091552734,4.427999973297119
2026-06-17,24085.69921875,13.1899995803833,7420.10009765625,18.440000534057617,79.55000305175781,4381.39990234375,94.88860321044922,100.08999633789062,4.4629998207092285
2026-06-18,24168.0,12.670000076293945,7500.580078125,16.399999618530273,79.8499984741211,4245.89990234375,94.85890197753906,100.8499984741211,4.451000213623047
2026-06-19,24013.099609375,12.970000267028809,,,,,94.33989715576172,,
2026-06-22,24102.900390625,12.84000015258789,7472.7900390625,17.280000686645508,77.9000015258789,4202.7001953125,94.3302993774414,101.0199966430664,4.508999824523926
2026-06-23,23824.099609375,13.9399995803833,7365.4599609375,19.489999771118164,77.08000183105469,4149.39990234375,94.70059967041016,101.41000366210938,4.493000030517578
2026-06-24,24021.650390625,13.390000343322754,7358.22021484375,18.6299991607666,73.73999786376953,4008.800048828125,95.18370056152344,101.61000061035156,4.4019999504089355
2026-06-25,24056.0,13.050000190734863,7357.490234375,18.889999389648438,75.26000213623047,4047.60009765625,94.4406967163086,101.43000030517578,4.392000198364258
2026-06-26,,,7354.02001953125,18.40999984741211,71.98999786376953,4096.2998046875,94.40039825439453,101.36000061035156,4.372000217437744
2026-06-29,23946.25,13.609999656677246,7440.43017578125,17.649999618530273,73.1500015258789,4038.89990234375,94.36029815673828,101.11000061035156,4.374000072479248
2026-06-30,23865.75,13.600000381469727,7499.35986328125,16.450000762939453,72.91999816894531,4038.5,94.79049682617188,101.19000244140625,4.418000221252441
2026-07-01,24005.849609375,13.239999771118164,7483.22998046875,16.59000015258789,71.56999969482422,4082.39990234375,94.91799926757812,101.38999938964844,4.474999904632568
2026-07-02,24175.69921875,12.289999961853027,7483.240234375,16.149999618530273,71.80000305175781,4125.7001953125,95.4175033569336,100.86000061035156,4.485000133514404
2026-07-03,24270.849609375,11.800000190734863,,,,,95.527099609375,,
2026-07-06,24430.349609375,11.819999694824219,7537.43017578125,15.569999694824219,71.98999786376953,4167.5,95.21479797363281,100.8499984741211,4.479000091552734
2026-07-07,24398.69921875,11.649999618530273,7503.85009765625,16.1299991607666,74.16000366210938,4157.39990234375,95.60350036621094,101.13999938964844,4.5289998054504395
2026-07-08,23882.05078125,14.680000305175781,7482.7099609375,16.899999618530273,78.0199966430664,4082.39990234375,95.59339904785156,101.05000305175781,4.568999767303467
2026-07-09,23962.80078125,13.359999656677246,7543.64013671875,15.84000015258789,76.30000305175781,4140.7998046875,95.86180114746094,100.94000244140625,4.539000034332275
2026-07-10,24206.900390625,12.25,7575.39013671875,15.029999732971191,76.01000213623047,4113.7001953125,95.39019775390625,100.97000122070312,4.568999767303467
2026-07-13,24211.0,13.279999732971191,7515.33984375,17.15999984741211,83.30000305175781,4005.699951171875,95.32499694824219,101.27999877929688,4.609000205993652
2026-07-14,24052.05078125,13.75,7543.58984375,16.5,84.7300033569336,4069.699951171875,96.29889678955078,100.94000244140625,4.585000038146973
2026-07-15,24078.5,13.270000457763672,7572.39990234375,15.670000076293945,84.94999694824219,4051.800048828125,96.42530059814453,100.5,4.545000076293945
2026-07-16,24072.75,12.880000114440918,7533.77001953125,16.729999542236328,84.2300033569336,3992.10009765625,96.49859619140625,100.7300033569336,4.568999767303467
2026-07-17,24334.30078125,13.149999618530273,7457.68994140625,18.770000457763672,88.0999984741211,4018.800048828125,96.6521987915039,100.75,4.540999889373779
2026-07-20,24238.5,12.979999542236328,7443.27978515625,18.649999618530273,89.22000122070312,4015.89990234375,96.28479766845703,100.98999786376953,4.5980000495910645
2026-07-21,24187.69921875,12.600000381469727,7509.2001953125,17.049999237060547,91.01000213623047,4076.39990234375,96.4896011352539,101.18000030517578,4.627999782562256
2026-07-22,23996.25,13.289999961853027,7498.9599609375,16.639999389648438,94.06999969482422,4151.89990234375,96.34089660644531,101.13999938964844,4.6570000648498535
2026-07-23,23869.599609375,13.479999542236328,7408.2998046875,18.700000762939453,100.69000244140625,4050.199951171875,96.55709838867188,101.43000030517578,4.703000068664551
2026-07-24,23767.44921875,14.029999732971191,7411.97998046875,18.579999923706055,96.77999877929688,4070.800048828125,96.87689971923828,101.47000122070312,4.678999900817871
2026-07-27,23995.94921875,12.65999984741211,7413.18017578125,18.670000076293945,88.36000061035156,4077.0,96.56729888916016,101.51000213623047,4.640999794006348
2026-07-28,23985.349609375,12.5600004196167,7428.77978515625,18.209999084472656,84.08999633789062,4038.699951171875,95.77410125732422,101.37999725341797,4.604000091552734
2026-07-29,24250.19921875,12.010000228881836,7316.14990234375,20.65999984741211,90.73999786376953,4036.300048828125,95.59870147705078,100.80000305175781,4.622000217437744
2026-07-30,24317.150390625,12.15999984741211,7437.6298828125,17.09000015258789,89.02999877929688,4100.10009765625,95.72859954833984,100.01000213623047,4.663000106811523
2026-07-31,24383.599609375,11.760000228881836,7489.72021484375,15.989999771118164,90.12000274658203,4107.0,95.68479919433594,99.80000305175781,4.744999885559082
2026-08-03,24774.30078125,11.930000305175781,7600.5,15.859999656677246,83.7699966430664,4090.5,95.4021987915039,99.95999908447266,4.685999870300293
2026-08-04,24614.900390625,12.1899995803833,7736.52001953125,16.5,79.36000061035156,4152.60009765625,95.33159637451172,99.88999938964844,4.626999855041504
2026-08-05,24624.650390625,12.0600004196167,7723.5498046875,15.8100004196167,79.44999694824219,4305.2001953125,95.09719848632812,99.69000244140625,4.617000102996826
2026-08-06,24636.0,12.15999984741211,7709.9599609375,15.149999618530273,82.48999786376953,4299.60009765625,95.07730102539062,99.97000122070312,4.670000076293945
2026-08-07,24570.650390625,12.15999984741211,7757.64013671875,14.899999618530273,83.55000305175781,4399.7001953125,95.31189727783203,99.5999984741211,4.659999847412109
2026-08-10,24583.80078125,12.25,7753.10986328125,15.460000038146973,87.72000122070312,4419.7001953125,95.21029663085938,99.80999755859375,4.698999881744385
2026-08-11,24471.69921875,11.859999656677246,7728.2001953125,15.279999732971191,88.91000366210938,4441.10009765625,95.39669799804688,99.81999969482422,4.684000015258789
2026-08-12,24435.94921875,11.6899995803833,7748.5,14.550000190734863,88.9800033569336,4467.5,95.37989807128906,100.01000213623047,4.682000160217285
2026-08-13,24395.849609375,11.420000076293945,7798.990234375,14.630000114440918,87.06999969482422,4420.39990234375,95.34429931640625,99.95999908447266,4.640999794006348
2026-08-14,24366.0,11.3100004196167,7785.759765625,14.25,88.5199966430664,4437.2998046875,95.40119934082031,99.66999816894531,4.696000099182129
2026-08-17,24287.650390625,11.329999923706055,7745.06005859375,15.1899995803833,90.87000274658203,4473.7001953125,95.45030212402344,99.63999938964844,4.723999977111816
2026-08-18,24154.900390625,11.390000343322754,7691.759765625,15.84000015258789,91.0199966430664,4420.60009765625,95.69409942626953,99.6500015258789,4.705999851226807
2026-08-19,24078.30078125,11.319999694824219,7707.97998046875,14.890000343322754,91.62000274658203,4545.2998046875,95.81639862060547,98.83000183105469,4.6529998779296875
2026-08-20,24231.849609375,10.760000228881836,7641.16015625,16.010000228881836,93.77999877929688,4571.39990234375,95.49600219726562,98.9000015258789,4.696000099182129
2026-08-21,24252.0,11.199999809265137,7674.3701171875,15.130000114440918,94.38999938964844,4680.60009765625,95.77220153808594,98.80000305175781,4.73799991607666
2026-08-24,24219.05078125,11.529999732971191,7652.85986328125,15.850000381469727,92.16999816894531,4697.7998046875,95.70030212402344,99.0,4.703999996185303
2026-08-25,24334.55078125,11.079999923706055,7677.27978515625,15.449999809265137,88.58000183105469,4694.5,95.72309875488281,98.91999816894531,4.638999938964844
2026-08-26,24207.75,10.569999694824219,7675.7001953125,15.210000038146973,87.83999633789062,4653.2998046875,93.54609680175781,99.16999816894531,4.664000034332275
2026-08-27,24090.849609375,11.069999694824219,7730.990234375,14.510000228881836,89.69999694824219,4664.0,95.4302978515625,99.16000366210938,4.671999931335449
2026-08-28,24175.650390625,10.680000305175781,7711.759765625,14.430000305175781,89.30999755859375,4529.89990234375,95.47039794921875,99.69999694824219,4.71999979019165
2026-08-31,24080.400390625,11.1899995803833,7686.14013671875,14.920000076293945,90.48999786376953,4481.5,95.38030242919922,99.43000030517578,4.757999897003174
2026-09-01,24055.80078125,11.489999771118164,7631.47021484375,16.34000015258789,94.6500015258789,4396.39990234375,95.1144027709961,99.66999816894531,4.796000003814697
2026-09-02,23914.44921875,11.59000015258789,7666.60009765625,15.199999809265137,95.62999725341797,4414.60009765625,94.9552001953125,99.55999755859375,4.796000003814697
2026-09-03,23873.44921875,11.34000015258789,7747.7099609375,14.319999694824219,95.5199966430664,4539.89990234375,94.48770141601562,99.0,4.76200008392334
2026-09-04,23897.69921875,10.680000305175781,7718.60009765625,14.529999732971191,96.27999877929688,4476.60009765625,94.49490356445312,99.16000366210938,4.783999919891357
2026-09-07,23779.150390625,11.15999984741211,,15.300000190734863,,,94.4302978515625,,
2026-09-08,23635.099609375,11.229999542236328,7673.52001953125,15.720000267028809,97.91999816894531,4439.0,94.49189758300781,98.83999633789062,4.806000232696533
2026-09-09,23431.5,11.920000076293945,7636.35986328125,16.459999084472656,101.20999908447266,4460.7001953125,94.822998046875,98.7699966430664,4.836999893188477
2026-09-10,23477.80078125,11.800000190734863,7591.7001953125,17.84000015258789,107.62999725341797,4407.2998046875,95.11180114746094,99.08999633789062,4.943999767303467
2026-09-11,23398.099609375,12.289999961853027,7656.97998046875,15.84000015258789,104.61000061035156,4408.89990234375,95.69450378417969,99.12000274658203,4.974999904632568
2026-09-14,,,7619.97998046875,17.100000381469727,105.68000030517578,4351.89990234375,95.03279876708984,99.45999908447266,4.960999965667725
2026-09-15,23118.599609375,13.430000305175781,7585.72998046875,17.200000762939453,108.75,4332.7998046875,95.83540344238281,99.6500015258789,4.995999813079834
2026-09-16,23217.599609375,13.170000076293945,7551.81005859375,17.709999084472656,105.83000183105469,4387.5,95.9926986694336,100.30999755859375,5.00600004196167
2026-09-17,23270.599609375,12.289999961853027,7637.759765625,15.4399995803833,104.81999969482422,4399.7001953125,96.1323013305664,100.22000122070312,4.947000026702881
2026-09-18,23346.400390625,11.390000343322754,7650.5,14.8100004196167,103.87000274658203,4424.89990234375,95.79920196533203,100.22000122070312,4.998000144958496
2026-09-19,,,,,,,95.87999725341797,,
